account_id,first_target_date
ACC0000008,2026-07-13
ACC0000023,2026-07-16
ACC0000027,2026-07-18
ACC0000032,2026-07-23
ACC0000036,2026-07-18
ACC0000041,2026-07-24
ACC0000042,2026-07-08
ACC0000044,2026-07-17
ACC0000050,2026-07-08
ACC0000056,2026-07-15
ACC0000078,2026-07-24
ACC0000081,2026-07-19
ACC0000082,2026-07-25
ACC0000090,2026-07-26
ACC0000095,2026-07-11
ACC0000096,2026-07-12
ACC0000099,2026-07-28
ACC0000103,2026-07-21
ACC0000118,2026-07-14
ACC0000126,2026-07-04
ACC0000135,2026-07-05
ACC0000136,2026-07-05
ACC0000137,2026-07-30
ACC0000140,2026-07-14
ACC0000145,2026-07-20
ACC0000148,2026-07-06
ACC0000150,2026-07-06
ACC0000153,2026-07-23
ACC0000163,2026-07-19
ACC0000166,2026-07-18
ACC0000170,2026-07-09
ACC0000172,2026-07-02
ACC0000174,2026-07-05
ACC0000176,2026-07-03
ACC0000182,2026-07-06
ACC0000186,2026-07-30
ACC0000192,2026-07-02
ACC0000194,2026-07-14
ACC0000197,2026-07-19
ACC0000202,2026-07-01
ACC0000209,2026-07-22
ACC0000213,2026-07-02
ACC0000215,2026-07-31
ACC0000224,2026-07-12
ACC0000227,2026-07-21
ACC0000232,2026-07-02
ACC0000236,2026-07-03
ACC0000249,2026-07-05
ACC0000251,2026-07-04
ACC0000259,2026-07-12
ACC0000261,2026-07-09
ACC0000263,2026-07-27
ACC0000269,2026-07-27
ACC0000270,2026-07-20
ACC0000278,2026-07-30
ACC0000282,2026-07-26
ACC0000285,2026-07-26
ACC0000286,2026-07-02
ACC0000288,2026-07-22
ACC0000289,2026-07-15
ACC0000291,2026-07-14
ACC0000292,2026-07-23
ACC0000294,2026-07-13
ACC0000297,2026-07-04
ACC0000306,2026-07-13
ACC0000312,2026-07-05
ACC0000314,2026-07-11
ACC0000315,2026-07-10
ACC0000317,2026-07-05
ACC0000318,2026-07-06
ACC0000320,2026-07-02
ACC0000326,2026-07-20
ACC0000337,2026-07-11
ACC0000341,2026-07-17
ACC0000345,2026-07-20
ACC0000357,2026-07-18
ACC0000369,2026-07-25
ACC0000372,2026-07-04
ACC0000377,2026-07-15
ACC0000380,2026-07-03
ACC0000381,2026-07-04
ACC0000385,2026-07-05
ACC0000390,2026-07-23
ACC0000392,2026-07-09
ACC0000405,2026-07-09
ACC0000414,2026-07-23
ACC0000423,2026-07-16
ACC0000428,2026-07-20
ACC0000433,2026-07-20
ACC0000439,2026-07-05
ACC0000442,2026-07-01
ACC0000447,2026-07-28
ACC0000450,2026-07-13
ACC0000452,2026-07-30
ACC0000471,2026-07-31
ACC0000473,2026-07-12
ACC0000480,2026-07-12
ACC0000481,2026-07-12
ACC0000484,2026-07-17
ACC0000489,2026-07-10
ACC0000499,2026-07-05
ACC0000501,2026-07-08
ACC0000511,2026-07-29
ACC0000513,2026-07-31
ACC0000517,2026-07-30
ACC0000523,2026-07-19
ACC0000524,2026-07-29
ACC0000535,2026-07-13
ACC0000538,2026-07-03
ACC0000544,2026-07-20
ACC0000552,2026-07-03
ACC0000554,2026-07-16
ACC0000572,2026-07-19
ACC0000577,2026-07-09
ACC0000590,2026-07-16
ACC0000591,2026-07-02
ACC0000598,2026-07-11
ACC0000605,2026-07-14
ACC0000606,2026-07-19
ACC0000610,2026-07-31
ACC0000616,2026-07-25
ACC0000618,2026-07-04
ACC0000619,2026-07-11
ACC0000623,2026-07-16
ACC0000630,2026-07-28
ACC0000632,2026-07-18
ACC0000633,2026-07-04
ACC0000635,2026-07-10
ACC0000646,2026-07-25
ACC0000651,2026-07-12
ACC0000658,2026-07-25
ACC0000660,2026-07-09
ACC0000661,2026-07-01
ACC0000665,2026-07-05
ACC0000666,2026-07-06
ACC0000667,2026-07-07
ACC0000672,2026-07-10
ACC0000673,2026-07-30
ACC0000675,2026-07-27
ACC0000676,2026-07-28
ACC0000685,2026-07-23
ACC0000689,2026-07-19
ACC0000692,2026-07-27
ACC0000700,2026-07-13
ACC0000718,2026-07-29
ACC0000725,2026-07-18
ACC0000728,2026-07-02
ACC0000730,2026-07-06
ACC0000731,2026-07-31
ACC0000748,2026-07-20
ACC0000751,2026-07-23
ACC0000758,2026-07-16
ACC0000759,2026-07-13
ACC0000769,2026-07-16
ACC0000770,2026-07-19
ACC0000774,2026-07-05
ACC0000781,2026-07-29
ACC0000788,2026-07-15
ACC0000790,2026-07-14
ACC0000794,2026-07-31
ACC0000797,2026-07-03
ACC0000802,2026-07-22
ACC0000826,2026-07-11
ACC0000828,2026-07-27
ACC0000835,2026-07-04
ACC0000844,2026-07-16
ACC0000845,2026-07-04
ACC0000855,2026-07-12
ACC0000860,2026-07-02
ACC0000863,2026-07-18
ACC0000864,2026-07-07
ACC0000868,2026-07-02
ACC0000871,2026-07-26
ACC0000876,2026-07-26
ACC0000888,2026-07-04
ACC0000892,2026-07-07
ACC0000893,2026-07-08
ACC0000894,2026-07-09
ACC0000898,2026-07-06
ACC0000904,2026-07-27
ACC0000905,2026-07-10
ACC0000908,2026-07-19
ACC0000909,2026-07-27
ACC0000915,2026-07-03
ACC0000918,2026-07-18
ACC0000921,2026-07-12
ACC0000927,2026-07-12
ACC0000932,2026-07-25
ACC0000936,2026-07-24
ACC0000938,2026-07-10
ACC0000941,2026-07-04
ACC0000948,2026-07-05
ACC0000951,2026-07-09
ACC0000953,2026-07-13
ACC0000978,2026-07-19
ACC0000989,2026-07-27
ACC0000995,2026-07-31
ACC0000998,2026-07-03
ACC0000999,2026-07-07
ACC0001003,2026-07-13
ACC0001008,2026-07-04
ACC0001009,2026-07-16
ACC0001014,2026-07-14
ACC0001016,2026-07-25
ACC0001020,2026-07-27
ACC0001029,2026-07-09
ACC0001031,2026-07-18
ACC0001032,2026-07-29
ACC0001038,2026-07-22
ACC0001044,2026-07-14
ACC0001047,2026-07-14
ACC0001049,2026-07-27
ACC0001055,2026-07-17
ACC0001060,2026-07-30
ACC0001064,2026-07-02
ACC0001068,2026-07-02
ACC0001073,2026-07-03
ACC0001076,2026-07-10
ACC0001079,2026-07-10
ACC0001082,2026-07-07
ACC0001084,2026-07-15
ACC0001085,2026-07-25
ACC0001086,2026-07-05
ACC0001090,2026-07-02
ACC0001099,2026-07-10
ACC0001109,2026-07-31
ACC0001112,2026-07-29
ACC0001125,2026-07-23
ACC0001128,2026-07-10
ACC0001134,2026-07-23
ACC0001137,2026-07-08
ACC0001138,2026-07-21
ACC0001145,2026-07-21
ACC0001149,2026-07-04
ACC0001151,2026-07-20
ACC0001153,2026-07-22
ACC0001157,2026-07-16
ACC0001159,2026-07-20
ACC0001162,2026-07-01
ACC0001167,2026-07-29
ACC0001173,2026-07-14
ACC0001181,2026-07-17
ACC0001188,2026-07-06
ACC0001190,2026-07-27
ACC0001197,2026-07-02
ACC0001198,2026-07-10
ACC0001206,2026-07-29
ACC0001212,2026-07-15
ACC0001214,2026-07-16
ACC0001215,2026-07-01
ACC0001219,2026-07-01
ACC0001222,2026-07-02
ACC0001226,2026-07-08
ACC0001232,2026-07-24
ACC0001236,2026-07-04
ACC0001240,2026-07-20
ACC0001242,2026-07-18
ACC0001243,2026-07-13
ACC0001247,2026-07-01
ACC0001249,2026-07-30
ACC0001250,2026-07-14
ACC0001252,2026-07-13
ACC0001258,2026-07-01
ACC0001260,2026-07-02
ACC0001262,2026-07-26
ACC0001263,2026-07-05
ACC0001266,2026-07-01
ACC0001270,2026-07-25
ACC0001278,2026-07-19
ACC0001279,2026-07-06
ACC0001283,2026-07-05
ACC0001288,2026-07-13
ACC0001303,2026-07-22
ACC0001315,2026-07-16
ACC0001319,2026-07-04
ACC0001327,2026-07-16
ACC0001328,2026-07-21
ACC0001331,2026-07-20
ACC0001338,2026-07-19
ACC0001343,2026-07-31
ACC0001344,2026-07-20
ACC0001361,2026-07-30
ACC0001364,2026-07-30
ACC0001375,2026-07-28
ACC0001380,2026-07-18
ACC0001381,2026-07-16
ACC0001389,2026-07-10
ACC0001399,2026-07-29
ACC0001401,2026-07-05
ACC0001404,2026-07-02
ACC0001406,2026-07-15
ACC0001408,2026-07-20
ACC0001411,2026-07-09
ACC0001420,2026-07-07
ACC0001421,2026-07-30
ACC0001428,2026-07-29
ACC0001439,2026-07-05
ACC0001443,2026-07-13
ACC0001445,2026-07-27
ACC0001450,2026-07-24
ACC0001454,2026-07-03
ACC0001464,2026-07-02
ACC0001480,2026-07-12
ACC0001483,2026-07-16
ACC0001485,2026-07-01
ACC0001486,2026-07-12
ACC0001490,2026-07-20
ACC0001496,2026-07-09
ACC0001497,2026-07-29
ACC0001508,2026-07-11
ACC0001509,2026-07-09
ACC0001510,2026-07-25
ACC0001520,2026-07-05
ACC0001521,2026-07-21
ACC0001525,2026-07-14
ACC0001532,2026-07-10
ACC0001533,2026-07-03
ACC0001535,2026-07-16
ACC0001538,2026-07-07
ACC0001541,2026-07-15
ACC0001542,2026-07-20
ACC0001546,2026-07-21
ACC0001557,2026-07-09
ACC0001558,2026-07-23
ACC0001576,2026-07-08
ACC0001585,2026-07-14
ACC0001588,2026-07-11
ACC0001593,2026-07-24
ACC0001601,2026-07-07
ACC0001607,2026-07-12
ACC0001608,2026-07-20
ACC0001617,2026-07-15
ACC0001620,2026-07-07
ACC0001622,2026-07-22
ACC0001623,2026-07-02
ACC0001635,2026-07-04
ACC0001636,2026-07-03
ACC0001642,2026-07-11
ACC0001643,2026-07-07
ACC0001645,2026-07-26
ACC0001658,2026-07-13
ACC0001667,2026-07-18
ACC0001677,2026-07-11
ACC0001684,2026-07-12
ACC0001691,2026-07-07
ACC0001692,2026-07-25
ACC0001705,2026-07-20
ACC0001707,2026-07-10
ACC0001710,2026-07-14
ACC0001715,2026-07-08
ACC0001728,2026-07-23
ACC0001729,2026-07-19
ACC0001731,2026-07-13
ACC0001732,2026-07-06
ACC0001733,2026-07-12
ACC0001742,2026-07-20
ACC0001745,2026-07-27
ACC0001759,2026-07-09
ACC0001760,2026-07-17
ACC0001762,2026-07-22
ACC0001763,2026-07-01
ACC0001765,2026-07-03
ACC0001768,2026-07-20
ACC0001771,2026-07-25
ACC0001772,2026-07-06
ACC0001775,2026-07-07
ACC0001784,2026-07-01
ACC0001786,2026-07-04
ACC0001791,2026-07-21
ACC0001795,2026-07-14
ACC0001797,2026-07-07
ACC0001798,2026-07-06
ACC0001799,2026-07-02
ACC0001800,2026-07-15
ACC0001805,2026-07-09
ACC0001810,2026-07-11
ACC0001811,2026-07-12
ACC0001813,2026-07-13
ACC0001823,2026-07-21
ACC0001824,2026-07-14
ACC0001830,2026-07-15
ACC0001833,2026-07-23
ACC0001834,2026-07-07
ACC0001838,2026-07-18
ACC0001841,2026-07-20
ACC0001845,2026-07-19
ACC0001852,2026-07-03
ACC0001853,2026-07-17
ACC0001856,2026-07-15
ACC0001864,2026-07-15
ACC0001866,2026-07-26
ACC0001877,2026-07-13
ACC0001880,2026-07-24
ACC0001882,2026-07-29
ACC0001889,2026-07-05
ACC0001890,2026-07-11
ACC0001891,2026-07-30
ACC0001893,2026-07-07
ACC0001897,2026-07-29
ACC0001907,2026-07-17
ACC0001908,2026-07-31
ACC0001910,2026-07-28
ACC0001919,2026-07-07
ACC0001923,2026-07-08
ACC0001929,2026-07-27
ACC0001932,2026-07-25
ACC0001941,2026-07-08
ACC0001943,2026-07-17
ACC0001962,2026-07-07
ACC0001969,2026-07-23
ACC0001974,2026-07-18
ACC0001980,2026-07-02
ACC0001982,2026-07-18
ACC0001987,2026-07-19
ACC0001988,2026-07-19
ACC0001992,2026-07-06
ACC0001993,2026-07-21
ACC0001997,2026-07-28
ACC0002004,2026-07-12
ACC0002007,2026-07-18
ACC0002008,2026-07-13
ACC0002010,2026-07-02
ACC0002020,2026-07-08
ACC0002024,2026-07-14
ACC0002030,2026-07-29
ACC0002044,2026-07-13
ACC0002045,2026-07-05
ACC0002047,2026-07-01
ACC0002058,2026-07-26
ACC0002081,2026-07-12
ACC0002085,2026-07-29
ACC0002088,2026-07-14
ACC0002092,2026-07-23
ACC0002103,2026-07-17
ACC0002105,2026-07-15
ACC0002106,2026-07-26
ACC0002108,2026-07-29
ACC0002110,2026-07-01
ACC0002113,2026-07-27
ACC0002117,2026-07-09
ACC0002118,2026-07-02
ACC0002132,2026-07-29
ACC0002135,2026-07-31
ACC0002142,2026-07-19
ACC0002152,2026-07-12
ACC0002158,2026-07-04
ACC0002171,2026-07-06
ACC0002177,2026-07-07
ACC0002180,2026-07-05
ACC0002185,2026-07-26
ACC0002201,2026-07-14
ACC0002216,2026-07-22
ACC0002217,2026-07-21
ACC0002220,2026-07-02
ACC0002223,2026-07-12
ACC0002228,2026-07-03
ACC0002231,2026-07-16
ACC0002232,2026-07-07
ACC0002234,2026-07-22
ACC0002236,2026-07-10
ACC0002239,2026-07-21
ACC0002241,2026-07-29
ACC0002243,2026-07-19
ACC0002246,2026-07-25
ACC0002251,2026-07-22
ACC0002254,2026-07-20
ACC0002255,2026-07-27
ACC0002258,2026-07-07
ACC0002262,2026-07-06
ACC0002269,2026-07-07
ACC0002275,2026-07-18
ACC0002283,2026-07-11
ACC0002292,2026-07-18
ACC0002293,2026-07-15
ACC0002295,2026-07-04
ACC0002304,2026-07-13
ACC0002309,2026-07-09
ACC0002313,2026-07-15
ACC0002320,2026-07-15
ACC0002324,2026-07-08
ACC0002332,2026-07-01
ACC0002339,2026-07-07
ACC0002357,2026-07-09
ACC0002360,2026-07-09
ACC0002361,2026-07-03
ACC0002362,2026-07-20
ACC0002363,2026-07-16
ACC0002373,2026-07-06
ACC0002374,2026-07-31
ACC0002388,2026-07-14
ACC0002391,2026-07-20
ACC0002408,2026-07-17
ACC0002413,2026-07-05
ACC0002415,2026-07-07
ACC0002426,2026-07-14
ACC0002428,2026-07-13
ACC0002432,2026-07-04
ACC0002438,2026-07-29
ACC0002440,2026-07-06
ACC0002447,2026-07-18
ACC0002459,2026-07-25
ACC0002461,2026-07-17
ACC0002468,2026-07-22
ACC0002473,2026-07-06
ACC0002474,2026-07-06
ACC0002485,2026-07-10
ACC0002499,2026-07-06
ACC0002505,2026-07-28
ACC0002509,2026-07-31
ACC0002518,2026-07-15
ACC0002523,2026-07-15
ACC0002525,2026-07-06
ACC0002538,2026-07-20
ACC0002543,2026-07-10
ACC0002544,2026-07-20
ACC0002551,2026-07-19
ACC0002559,2026-07-05
ACC0002561,2026-07-05
ACC0002562,2026-07-27
ACC0002572,2026-07-18
ACC0002573,2026-07-10
ACC0002574,2026-07-28
ACC0002576,2026-07-02
ACC0002578,2026-07-06
ACC0002582,2026-07-23
ACC0002599,2026-07-27
ACC0002604,2026-07-02
ACC0002619,2026-07-11
ACC0002622,2026-07-28
ACC0002629,2026-07-28
ACC0002635,2026-07-08
ACC0002636,2026-07-14
ACC0002643,2026-07-18
ACC0002644,2026-07-11
ACC0002653,2026-07-02
ACC0002654,2026-07-24
ACC0002656,2026-07-28
ACC0002658,2026-07-13
ACC0002663,2026-07-28
ACC0002664,2026-07-30
ACC0002666,2026-07-06
ACC0002680,2026-07-20
ACC0002681,2026-07-16
ACC0002682,2026-07-16
ACC0002693,2026-07-02
ACC0002706,2026-07-08
ACC0002707,2026-07-13
ACC0002716,2026-07-12
ACC0002722,2026-07-06
ACC0002723,2026-07-21
ACC0002724,2026-07-22
ACC0002726,2026-07-07
ACC0002727,2026-07-22
ACC0002730,2026-07-30
ACC0002732,2026-07-25
ACC0002734,2026-07-13
ACC0002752,2026-07-26
ACC0002754,2026-07-19
ACC0002762,2026-07-08
ACC0002783,2026-07-26
ACC0002784,2026-07-24
ACC0002787,2026-07-14
ACC0002788,2026-07-28
ACC0002792,2026-07-15
ACC0002794,2026-07-07
ACC0002796,2026-07-28
ACC0002810,2026-07-31
ACC0002815,2026-07-23
ACC0002818,2026-07-06
ACC0002819,2026-07-31
ACC0002825,2026-07-13
ACC0002827,2026-07-26
ACC0002829,2026-07-21
ACC0002834,2026-07-16
ACC0002838,2026-07-10
ACC0002845,2026-07-27
ACC0002850,2026-07-11
ACC0002853,2026-07-18
ACC0002864,2026-07-22
ACC0002865,2026-07-07
ACC0002870,2026-07-28
ACC0002876,2026-07-27
ACC0002879,2026-07-09
ACC0002881,2026-07-30
ACC0002886,2026-07-12
ACC0002898,2026-07-12
ACC0002900,2026-07-31
ACC0002903,2026-07-08
ACC0002907,2026-07-05
ACC0002909,2026-07-22
ACC0002913,2026-07-05
ACC0002915,2026-07-15
ACC0002917,2026-07-18
ACC0002920,2026-07-28
ACC0002926,2026-07-28
ACC0002932,2026-07-26
ACC0002950,2026-07-02
ACC0002953,2026-07-16
ACC0002955,2026-07-30
ACC0002957,2026-07-08
ACC0002958,2026-07-17
ACC0002959,2026-07-06
ACC0002963,2026-07-06
ACC0002968,2026-07-14
ACC0002971,2026-07-03
ACC0002975,2026-07-21
ACC0002979,2026-07-30
ACC0002996,2026-07-05
ACC0002997,2026-07-28
ACC0002998,2026-07-02
ACC0003006,2026-07-01
ACC0003007,2026-07-05
ACC0003008,2026-07-18
ACC0003009,2026-07-11
ACC0003011,2026-07-13
ACC0003014,2026-07-22
ACC0003025,2026-07-27
ACC0003032,2026-07-04
ACC0003037,2026-07-11
ACC0003039,2026-07-11
ACC0003045,2026-07-08
ACC0003049,2026-07-22
ACC0003051,2026-07-17
ACC0003055,2026-07-16
ACC0003056,2026-07-01
ACC0003067,2026-07-29
ACC0003069,2026-07-12
ACC0003074,2026-07-16
ACC0003077,2026-07-02
ACC0003084,2026-07-22
ACC0003103,2026-07-02
ACC0003109,2026-07-23
ACC0003122,2026-07-27
ACC0003128,2026-07-26
ACC0003129,2026-07-27
ACC0003130,2026-07-21
ACC0003138,2026-07-09
ACC0003141,2026-07-07
ACC0003142,2026-07-12
ACC0003145,2026-07-25
ACC0003150,2026-07-13
ACC0003152,2026-07-21
ACC0003153,2026-07-26
ACC0003155,2026-07-07
ACC0003159,2026-07-03
ACC0003163,2026-07-03
ACC0003165,2026-07-21
ACC0003181,2026-07-31
ACC0003183,2026-07-17
ACC0003194,2026-07-23
ACC0003195,2026-07-05
ACC0003198,2026-07-16
ACC0003203,2026-07-03
ACC0003215,2026-07-04
ACC0003216,2026-07-10
ACC0003220,2026-07-30
ACC0003228,2026-07-15
ACC0003254,2026-07-31
ACC0003264,2026-07-23
ACC0003270,2026-07-24
ACC0003271,2026-07-14
ACC0003272,2026-07-23
ACC0003274,2026-07-02
ACC0003275,2026-07-29
ACC0003278,2026-07-14
ACC0003279,2026-07-05
ACC0003287,2026-07-15
ACC0003293,2026-07-27
ACC0003295,2026-07-27
ACC0003299,2026-07-19
ACC0003301,2026-07-13
ACC0003303,2026-07-10
ACC0003307,2026-07-29
ACC0003309,2026-07-28
ACC0003319,2026-07-14
ACC0003329,2026-07-20
ACC0003338,2026-07-09
ACC0003349,2026-07-13
ACC0003354,2026-07-03
ACC0003356,2026-07-17
ACC0003359,2026-07-23
ACC0003360,2026-07-03
ACC0003361,2026-07-08
ACC0003365,2026-07-26
ACC0003384,2026-07-07
ACC0003386,2026-07-03
ACC0003389,2026-07-17
ACC0003390,2026-07-17
ACC0003394,2026-07-11
ACC0003395,2026-07-26
ACC0003399,2026-07-12
ACC0003404,2026-07-09
ACC0003405,2026-07-15
ACC0003410,2026-07-07
ACC0003412,2026-07-11
ACC0003420,2026-07-19
ACC0003425,2026-07-23
ACC0003427,2026-07-15
ACC0003428,2026-07-11
ACC0003434,2026-07-06
ACC0003437,2026-07-24
ACC0003441,2026-07-13
ACC0003443,2026-07-26
ACC0003449,2026-07-17
ACC0003452,2026-07-14
ACC0003453,2026-07-25
ACC0003462,2026-07-05
ACC0003463,2026-07-02
ACC0003464,2026-07-15
ACC0003465,2026-07-06
ACC0003468,2026-07-29
ACC0003479,2026-07-09
ACC0003482,2026-07-04
ACC0003483,2026-07-28
ACC0003486,2026-07-22
ACC0003491,2026-07-07
ACC0003492,2026-07-29
ACC0003493,2026-07-11
ACC0003494,2026-07-05
ACC0003498,2026-07-10
ACC0003501,2026-07-09
ACC0003503,2026-07-01
ACC0003505,2026-07-09
ACC0003509,2026-07-03
ACC0003510,2026-07-28
ACC0003514,2026-07-08
ACC0003517,2026-07-22
ACC0003520,2026-07-29
ACC0003522,2026-07-03
ACC0003528,2026-07-21
ACC0003537,2026-07-11
ACC0003548,2026-07-21
ACC0003555,2026-07-19
ACC0003556,2026-07-21
ACC0003561,2026-07-06
ACC0003562,2026-07-14
ACC0003567,2026-07-10
ACC0003568,2026-07-05
ACC0003570,2026-07-05
ACC0003579,2026-07-24
ACC0003580,2026-07-01
ACC0003585,2026-07-20
ACC0003588,2026-07-10
ACC0003589,2026-07-17
ACC0003593,2026-07-09
ACC0003595,2026-07-14
ACC0003604,2026-07-25
ACC0003611,2026-07-04
ACC0003614,2026-07-10
ACC0003618,2026-07-20
ACC0003622,2026-07-25
ACC0003626,2026-07-14
ACC0003633,2026-07-12
ACC0003649,2026-07-11
ACC0003661,2026-07-22
ACC0003667,2026-07-02
ACC0003676,2026-07-27
ACC0003679,2026-07-14
ACC0003680,2026-07-30
ACC0003682,2026-07-29
ACC0003683,2026-07-04
ACC0003684,2026-07-10
ACC0003695,2026-07-31
ACC0003696,2026-07-11
ACC0003697,2026-07-28
ACC0003708,2026-07-13
ACC0003710,2026-07-20
ACC0003718,2026-07-08
ACC0003720,2026-07-21
ACC0003727,2026-07-15
ACC0003733,2026-07-07
ACC0003739,2026-07-16
ACC0003748,2026-07-18
ACC0003750,2026-07-09
ACC0003754,2026-07-07
ACC0003758,2026-07-02
ACC0003760,2026-07-27
ACC0003763,2026-07-08
ACC0003765,2026-07-10
ACC0003770,2026-07-09
ACC0003781,2026-07-11
ACC0003782,2026-07-06
ACC0003784,2026-07-16
ACC0003796,2026-07-02
ACC0003805,2026-07-15
ACC0003807,2026-07-31
ACC0003810,2026-07-13
ACC0003817,2026-07-22
ACC0003818,2026-07-04
ACC0003820,2026-07-31
ACC0003825,2026-07-01
ACC0003832,2026-07-21
ACC0003837,2026-07-04
ACC0003841,2026-07-12
ACC0003849,2026-07-31
ACC0003852,2026-07-26
ACC0003864,2026-07-10
ACC0003866,2026-07-10
ACC0003884,2026-07-15
ACC0003890,2026-07-18
ACC0003891,2026-07-25
ACC0003893,2026-07-11
ACC0003894,2026-07-12
ACC0003896,2026-07-14
ACC0003898,2026-07-28
ACC0003901,2026-07-30
ACC0003903,2026-07-14
ACC0003905,2026-07-25
ACC0003914,2026-07-10
ACC0003932,2026-07-06
ACC0003942,2026-07-15
ACC0003947,2026-07-19
ACC0003948,2026-07-17
ACC0003955,2026-07-14
ACC0003958,2026-07-30
ACC0003962,2026-07-29
ACC0003963,2026-07-21
ACC0003965,2026-07-19
ACC0003970,2026-07-31
ACC0003974,2026-07-10
ACC0003975,2026-07-21
ACC0003983,2026-07-12
ACC0003990,2026-07-31
ACC0004007,2026-07-17
ACC0004008,2026-07-25
ACC0004014,2026-07-26
ACC0004015,2026-07-20
ACC0004016,2026-07-20
ACC0004019,2026-07-04
ACC0004021,2026-07-18
ACC0004022,2026-07-20
ACC0004030,2026-07-31
ACC0004034,2026-07-30
ACC0004038,2026-07-13
ACC0004039,2026-07-11
ACC0004044,2026-07-06
ACC0004060,2026-07-29
ACC0004061,2026-07-13
ACC0004070,2026-07-07
ACC0004072,2026-07-18
ACC0004077,2026-07-12
ACC0004082,2026-07-19
ACC0004093,2026-07-09
ACC0004101,2026-07-03
ACC0004105,2026-07-21
ACC0004111,2026-07-13
ACC0004118,2026-07-16
ACC0004138,2026-07-19
ACC0004146,2026-07-13
ACC0004165,2026-07-22
ACC0004175,2026-07-07
ACC0004181,2026-07-09
ACC0004197,2026-07-30
ACC0004209,2026-07-01
ACC0004210,2026-07-15
ACC0004212,2026-07-09
ACC0004222,2026-07-12
ACC0004228,2026-07-16
ACC0004233,2026-07-16
ACC0004240,2026-07-27
ACC0004245,2026-07-11
ACC0004247,2026-07-02
ACC0004251,2026-07-19
ACC0004257,2026-07-27
ACC0004274,2026-07-14
ACC0004275,2026-07-06
ACC0004276,2026-07-11
ACC0004278,2026-07-12
ACC0004279,2026-07-29
ACC0004282,2026-07-09
ACC0004283,2026-07-17
ACC0004289,2026-07-13
ACC0004290,2026-07-15
ACC0004292,2026-07-01
ACC0004297,2026-07-25
ACC0004302,2026-07-16
ACC0004305,2026-07-08
ACC0004317,2026-07-05
ACC0004322,2026-07-27
ACC0004340,2026-07-31
ACC0004345,2026-07-11
ACC0004363,2026-07-04
ACC0004369,2026-07-29
ACC0004380,2026-07-29
ACC0004383,2026-07-16
ACC0004388,2026-07-06
ACC0004394,2026-07-24
ACC0004395,2026-07-09
ACC0004398,2026-07-14
ACC0004419,2026-07-03
ACC0004426,2026-07-11
ACC0004443,2026-07-01
ACC0004447,2026-07-03
ACC0004459,2026-07-27
ACC0004466,2026-07-15
ACC0004471,2026-07-11
ACC0004472,2026-07-07
ACC0004482,2026-07-14
ACC0004485,2026-07-07
ACC0004492,2026-07-01
ACC0004499,2026-07-01
ACC0004500,2026-07-09
ACC0004505,2026-07-17
ACC0004514,2026-07-14
ACC0004521,2026-07-06
ACC0004522,2026-07-24
ACC0004523,2026-07-14
ACC0004524,2026-07-11
ACC0004525,2026-07-25
ACC0004526,2026-07-12
ACC0004534,2026-07-31
ACC0004535,2026-07-29
ACC0004538,2026-07-30
ACC0004550,2026-07-05
ACC0004554,2026-07-25
ACC0004561,2026-07-08
ACC0004568,2026-07-06
ACC0004576,2026-07-24
ACC0004582,2026-07-30
ACC0004587,2026-07-23
ACC0004593,2026-07-03
ACC0004595,2026-07-31
ACC0004599,2026-07-01
ACC0004602,2026-07-01
ACC0004619,2026-07-03
ACC0004620,2026-07-16
ACC0004623,2026-07-05
ACC0004627,2026-07-29
ACC0004633,2026-07-23
ACC0004643,2026-07-07
ACC0004645,2026-07-26
ACC0004647,2026-07-13
ACC0004650,2026-07-03
ACC0004651,2026-07-30
ACC0004664,2026-07-03
ACC0004674,2026-07-11
ACC0004679,2026-07-15
ACC0004691,2026-07-13
ACC0004697,2026-07-24
ACC0004702,2026-07-24
ACC0004703,2026-07-05
ACC0004713,2026-07-21
ACC0004714,2026-07-05
ACC0004746,2026-07-22
ACC0004753,2026-07-27
ACC0004755,2026-07-31
ACC0004758,2026-07-27
ACC0004761,2026-07-27
ACC0004767,2026-07-06
ACC0004773,2026-07-23
ACC0004779,2026-07-24
ACC0004780,2026-07-06
ACC0004785,2026-07-20
ACC0004789,2026-07-24
ACC0004796,2026-07-27
ACC0004797,2026-07-29
ACC0004807,2026-07-14
ACC0004811,2026-07-23
ACC0004813,2026-07-18
ACC0004815,2026-07-03
ACC0004818,2026-07-18
ACC0004820,2026-07-12
ACC0004831,2026-07-03
ACC0004832,2026-07-17
ACC0004833,2026-07-05
ACC0004834,2026-07-12
ACC0004836,2026-07-24
ACC0004839,2026-07-16
ACC0004844,2026-07-17
ACC0004852,2026-07-06
ACC0004853,2026-07-14
ACC0004859,2026-07-01
ACC0004860,2026-07-19
ACC0004863,2026-07-14
ACC0004868,2026-07-02
ACC0004869,2026-07-22
ACC0004872,2026-07-13
ACC0004874,2026-07-15
ACC0004875,2026-07-02
ACC0004878,2026-07-06
ACC0004891,2026-07-07
ACC0004898,2026-07-10
ACC0004909,2026-07-06
ACC0004914,2026-07-13
ACC0004919,2026-07-15
ACC0004921,2026-07-01
ACC0004934,2026-07-25
ACC0004943,2026-07-29
ACC0004951,2026-07-27
ACC0004954,2026-07-11
ACC0004964,2026-07-12
ACC0004977,2026-07-15
ACC0004996,2026-07-19
ACC0004998,2026-07-04
ACC0005000,2026-07-01
ACC0005008,2026-07-01
ACC0005019,2026-07-06
ACC0005029,2026-07-19
ACC0005035,2026-07-21
ACC0005041,2026-07-25
ACC0005043,2026-07-25
ACC0005044,2026-07-02
ACC0005048,2026-07-12
ACC0005058,2026-07-13
ACC0005059,2026-07-01
ACC0005060,2026-07-19
ACC0005069,2026-07-16
ACC0005072,2026-07-27
ACC0005073,2026-07-14
ACC0005100,2026-07-10
ACC0005103,2026-07-18
ACC0005105,2026-07-08
ACC0005109,2026-07-29
ACC0005113,2026-07-21
ACC0005121,2026-07-27
ACC0005129,2026-07-12
ACC0005133,2026-07-16
ACC0005134,2026-07-31
ACC0005143,2026-07-21
ACC0005149,2026-07-08
ACC0005154,2026-07-02
ACC0005160,2026-07-04
ACC0005162,2026-07-01
ACC0005169,2026-07-02
ACC0005171,2026-07-07
ACC0005183,2026-07-14
ACC0005188,2026-07-14
ACC0005190,2026-07-16
ACC0005192,2026-07-20
ACC0005194,2026-07-06
ACC0005196,2026-07-04
ACC0005198,2026-07-22
ACC0005203,2026-07-26
ACC0005204,2026-07-17
ACC0005205,2026-07-25
ACC0005206,2026-07-13
ACC0005210,2026-07-06
ACC0005216,2026-07-19
ACC0005239,2026-07-13
ACC0005244,2026-07-09
ACC0005245,2026-07-09
ACC0005248,2026-07-20
ACC0005255,2026-07-05
ACC0005257,2026-07-23
ACC0005267,2026-07-20
ACC0005276,2026-07-12
ACC0005278,2026-07-30
ACC0005280,2026-07-02
ACC0005281,2026-07-29
ACC0005292,2026-07-23
ACC0005296,2026-07-28
ACC0005301,2026-07-01
ACC0005302,2026-07-12
ACC0005307,2026-07-10
ACC0005317,2026-07-02
ACC0005323,2026-07-03
ACC0005326,2026-07-09
ACC0005329,2026-07-18
ACC0005333,2026-07-27
ACC0005348,2026-07-12
ACC0005355,2026-07-10
ACC0005356,2026-07-17
ACC0005357,2026-07-30
ACC0005359,2026-07-17
ACC0005365,2026-07-28
ACC0005383,2026-07-01
ACC0005404,2026-07-13
ACC0005407,2026-07-28
ACC0005420,2026-07-28
ACC0005427,2026-07-27
ACC0005430,2026-07-11
ACC0005437,2026-07-21
ACC0005441,2026-07-06
ACC0005445,2026-07-10
ACC0005447,2026-07-31
ACC0005450,2026-07-07
ACC0005451,2026-07-20
ACC0005452,2026-07-04
ACC0005464,2026-07-13
ACC0005465,2026-07-03
ACC0005472,2026-07-06
ACC0005474,2026-07-24
ACC0005486,2026-07-05
ACC0005490,2026-07-11
ACC0005495,2026-07-02
ACC0005497,2026-07-27
ACC0005499,2026-07-14
ACC0005513,2026-07-12
ACC0005516,2026-07-31
ACC0005531,2026-07-08
ACC0005532,2026-07-13
ACC0005534,2026-07-23
ACC0005555,2026-07-26
ACC0005569,2026-07-08
ACC0005574,2026-07-27
ACC0005579,2026-07-25
ACC0005583,2026-07-29
ACC0005599,2026-07-02
ACC0005602,2026-07-02
ACC0005608,2026-07-16
ACC0005609,2026-07-01
ACC0005611,2026-07-29
ACC0005613,2026-07-08
ACC0005622,2026-07-03
ACC0005625,2026-07-29
ACC0005627,2026-07-16
ACC0005630,2026-07-13
ACC0005633,2026-07-05
ACC0005642,2026-07-16
ACC0005651,2026-07-14
ACC0005652,2026-07-30
ACC0005654,2026-07-25
ACC0005656,2026-07-09
ACC0005660,2026-07-17
ACC0005666,2026-07-23
ACC0005673,2026-07-10
ACC0005675,2026-07-26
ACC0005681,2026-07-11
ACC0005686,2026-07-08
ACC0005688,2026-07-08
ACC0005690,2026-07-31
ACC0005691,2026-07-12
ACC0005694,2026-07-04
ACC0005699,2026-07-20
ACC0005701,2026-07-02
ACC0005708,2026-07-16
ACC0005709,2026-07-11
ACC0005719,2026-07-14
ACC0005720,2026-07-01
ACC0005724,2026-07-24
ACC0005726,2026-07-12
ACC0005729,2026-07-19
ACC0005735,2026-07-29
ACC0005738,2026-07-17
ACC0005742,2026-07-06
ACC0005743,2026-07-15
ACC0005763,2026-07-19
ACC0005764,2026-07-21
ACC0005765,2026-07-26
ACC0005767,2026-07-14
ACC0005778,2026-07-27
ACC0005779,2026-07-06
ACC0005781,2026-07-19
ACC0005783,2026-07-04
ACC0005786,2026-07-20
ACC0005790,2026-07-08
ACC0005792,2026-07-17
ACC0005793,2026-07-06
ACC0005804,2026-07-07
ACC0005810,2026-07-10
ACC0005815,2026-07-05
ACC0005816,2026-07-27
ACC0005818,2026-07-16
ACC0005820,2026-07-17
ACC0005828,2026-07-14
ACC0005832,2026-07-07
ACC0005836,2026-07-29
ACC0005856,2026-07-22
ACC0005859,2026-07-15
ACC0005865,2026-07-21
ACC0005866,2026-07-04
ACC0005867,2026-07-31
ACC0005877,2026-07-26
ACC0005882,2026-07-16
ACC0005885,2026-07-21
ACC0005887,2026-07-02
ACC0005890,2026-07-10
ACC0005894,2026-07-06
ACC0005901,2026-07-06
ACC0005903,2026-07-26
ACC0005909,2026-07-06
ACC0005915,2026-07-18
ACC0005924,2026-07-08
ACC0005927,2026-07-23
ACC0005933,2026-07-20
ACC0005934,2026-07-07
ACC0005936,2026-07-24
ACC0005941,2026-07-20
ACC0005945,2026-07-02
ACC0005946,2026-07-13
ACC0005949,2026-07-07
ACC0005953,2026-07-30
ACC0005959,2026-07-03
ACC0005969,2026-07-29
ACC0005990,2026-07-02
ACC0005994,2026-07-26
ACC0006001,2026-07-13
ACC0006004,2026-07-23
ACC0006019,2026-07-06
ACC0006034,2026-07-23
ACC0006035,2026-07-09
ACC0006038,2026-07-10
ACC0006041,2026-07-30
ACC0006044,2026-07-13
ACC0006051,2026-07-02
ACC0006052,2026-07-30
ACC0006057,2026-07-29
ACC0006059,2026-07-12
ACC0006062,2026-07-01
ACC0006065,2026-07-26
ACC0006069,2026-07-17
ACC0006071,2026-07-20
ACC0006073,2026-07-11
ACC0006076,2026-07-02
ACC0006078,2026-07-06
ACC0006084,2026-07-17
ACC0006101,2026-07-24
ACC0006103,2026-07-25
ACC0006106,2026-07-20
ACC0006107,2026-07-30
ACC0006108,2026-07-26
ACC0006109,2026-07-12
ACC0006111,2026-07-03
ACC0006118,2026-07-06
ACC0006119,2026-07-27
ACC0006126,2026-07-20
ACC0006153,2026-07-15
ACC0006167,2026-07-19
ACC0006177,2026-07-11
ACC0006179,2026-07-22
ACC0006191,2026-07-17
ACC0006196,2026-07-16
ACC0006209,2026-07-24
ACC0006210,2026-07-21
ACC0006216,2026-07-26
ACC0006223,2026-07-16
ACC0006224,2026-07-04
ACC0006230,2026-07-09
ACC0006258,2026-07-08
ACC0006262,2026-07-22
ACC0006276,2026-07-13
ACC0006298,2026-07-09
ACC0006299,2026-07-27
ACC0006307,2026-07-04
ACC0006312,2026-07-27
ACC0006332,2026-07-01
ACC0006333,2026-07-06
ACC0006341,2026-07-19
ACC0006347,2026-07-29
ACC0006357,2026-07-28
ACC0006362,2026-07-06
ACC0006381,2026-07-28
ACC0006387,2026-07-24
ACC0006391,2026-07-12
ACC0006392,2026-07-07
ACC0006408,2026-07-07
ACC0006409,2026-07-14
ACC0006418,2026-07-18
ACC0006420,2026-07-04
ACC0006427,2026-07-10
ACC0006439,2026-07-14
ACC0006440,2026-07-27
ACC0006446,2026-07-05
ACC0006464,2026-07-05
ACC0006467,2026-07-07
ACC0006473,2026-07-11
ACC0006477,2026-07-16
ACC0006479,2026-07-22
ACC0006484,2026-07-15
ACC0006487,2026-07-28
ACC0006491,2026-07-02
ACC0006493,2026-07-04
ACC0006495,2026-07-29
ACC0006497,2026-07-08
ACC0006499,2026-07-23
ACC0006501,2026-07-18
ACC0006507,2026-07-12
ACC0006515,2026-07-06
ACC0006516,2026-07-22
ACC0006524,2026-07-12
ACC0006529,2026-07-08
ACC0006532,2026-07-27
ACC0006551,2026-07-23
ACC0006552,2026-07-09
ACC0006555,2026-07-20
ACC0006574,2026-07-09
ACC0006587,2026-07-12
ACC0006592,2026-07-24
ACC0006595,2026-07-06
ACC0006596,2026-07-06
ACC0006602,2026-07-18
ACC0006603,2026-07-06
ACC0006605,2026-07-10
ACC0006606,2026-07-26
ACC0006609,2026-07-19
ACC0006612,2026-07-07
ACC0006627,2026-07-08
ACC0006632,2026-07-29
ACC0006633,2026-07-25
ACC0006634,2026-07-05
ACC0006651,2026-07-10
ACC0006653,2026-07-21
ACC0006658,2026-07-04
ACC0006674,2026-07-15
ACC0006675,2026-07-06
ACC0006694,2026-07-10
ACC0006708,2026-07-05
ACC0006718,2026-07-09
ACC0006719,2026-07-30
ACC0006722,2026-07-15
ACC0006726,2026-07-03
ACC0006727,2026-07-22
ACC0006730,2026-07-01
ACC0006733,2026-07-29
ACC0006749,2026-07-28
ACC0006750,2026-07-10
ACC0006751,2026-07-31
ACC0006758,2026-07-11
ACC0006764,2026-07-21
ACC0006767,2026-07-05
ACC0006772,2026-07-01
ACC0006779,2026-07-14
ACC0006790,2026-07-28
ACC0006794,2026-07-14
ACC0006797,2026-07-06
ACC0006803,2026-07-08
ACC0006805,2026-07-14
ACC0006806,2026-07-12
ACC0006807,2026-07-18
ACC0006810,2026-07-06
ACC0006813,2026-07-12
ACC0006822,2026-07-01
ACC0006823,2026-07-22
ACC0006833,2026-07-07
ACC0006835,2026-07-16
ACC0006836,2026-07-09
ACC0006839,2026-07-04
ACC0006861,2026-07-23
ACC0006863,2026-07-01
ACC0006866,2026-07-27
ACC0006879,2026-07-12
ACC0006885,2026-07-01
ACC0006889,2026-07-20
ACC0006890,2026-07-05
ACC0006894,2026-07-13
ACC0006902,2026-07-13
ACC0006904,2026-07-30
ACC0006916,2026-07-17
ACC0006917,2026-07-28
ACC0006925,2026-07-06
ACC0006926,2026-07-06
ACC0006928,2026-07-17
ACC0006929,2026-07-03
ACC0006932,2026-07-09
ACC0006941,2026-07-05
ACC0006942,2026-07-23
ACC0006959,2026-07-26
ACC0006960,2026-07-16
ACC0006965,2026-07-17
ACC0006966,2026-07-02
ACC0006970,2026-07-18
ACC0006986,2026-07-14
ACC0006987,2026-07-18
ACC0006993,2026-07-10
ACC0007003,2026-07-09
ACC0007011,2026-07-08
ACC0007012,2026-07-03
ACC0007014,2026-07-07
ACC0007019,2026-07-06
ACC0007022,2026-07-12
ACC0007035,2026-07-09
ACC0007036,2026-07-03
ACC0007040,2026-07-03
ACC0007050,2026-07-16
ACC0007051,2026-07-20
ACC0007053,2026-07-08
ACC0007056,2026-07-20
ACC0007060,2026-07-11
ACC0007061,2026-07-12
ACC0007062,2026-07-17
ACC0007064,2026-07-31
ACC0007069,2026-07-24
ACC0007071,2026-07-26
ACC0007072,2026-07-01
ACC0007080,2026-07-29
ACC0007081,2026-07-21
ACC0007083,2026-07-24
ACC0007094,2026-07-26
ACC0007096,2026-07-19
ACC0007097,2026-07-03
ACC0007099,2026-07-21
ACC0007100,2026-07-25
ACC0007106,2026-07-05
ACC0007124,2026-07-27
ACC0007129,2026-07-03
ACC0007138,2026-07-01
ACC0007139,2026-07-21
ACC0007140,2026-07-29
ACC0007143,2026-07-19
ACC0007146,2026-07-14
ACC0007148,2026-07-22
ACC0007161,2026-07-04
ACC0007163,2026-07-20
ACC0007166,2026-07-18
ACC0007175,2026-07-10
ACC0007179,2026-07-24
ACC0007182,2026-07-28
ACC0007184,2026-07-14
ACC0007191,2026-07-04
ACC0007194,2026-07-02
ACC0007196,2026-07-15
ACC0007199,2026-07-29
ACC0007207,2026-07-22
ACC0007211,2026-07-18
ACC0007222,2026-07-06
ACC0007223,2026-07-08
ACC0007224,2026-07-13
ACC0007225,2026-07-08
ACC0007242,2026-07-03
ACC0007244,2026-07-25
ACC0007264,2026-07-22
ACC0007283,2026-07-05
ACC0007288,2026-07-10
ACC0007289,2026-07-13
ACC0007295,2026-07-13
ACC0007298,2026-07-11
ACC0007307,2026-07-19
ACC0007317,2026-07-31
ACC0007325,2026-07-05
ACC0007331,2026-07-02
ACC0007339,2026-07-25
ACC0007344,2026-07-19
ACC0007348,2026-07-14
ACC0007359,2026-07-14
ACC0007361,2026-07-24
ACC0007363,2026-07-14
ACC0007366,2026-07-01
ACC0007370,2026-07-15
ACC0007377,2026-07-10
ACC0007379,2026-07-22
ACC0007385,2026-07-14
ACC0007387,2026-07-31
ACC0007389,2026-07-02
ACC0007390,2026-07-18
ACC0007391,2026-07-11
ACC0007396,2026-07-01
ACC0007401,2026-07-31
ACC0007405,2026-07-02
ACC0007416,2026-07-05
ACC0007418,2026-07-15
ACC0007425,2026-07-16
ACC0007436,2026-07-15
ACC0007438,2026-07-13
ACC0007441,2026-07-16
ACC0007449,2026-07-21
ACC0007450,2026-07-12
ACC0007453,2026-07-08
ACC0007458,2026-07-24
ACC0007464,2026-07-11
ACC0007465,2026-07-30
ACC0007469,2026-07-24
ACC0007471,2026-07-12
ACC0007473,2026-07-24
ACC0007477,2026-07-11
ACC0007485,2026-07-07
ACC0007497,2026-07-09
ACC0007499,2026-07-08
ACC0007512,2026-07-08
ACC0007514,2026-07-04
ACC0007522,2026-07-06
ACC0007526,2026-07-08
ACC0007536,2026-07-20
ACC0007542,2026-07-25
ACC0007546,2026-07-16
ACC0007549,2026-07-03
ACC0007554,2026-07-31
ACC0007560,2026-07-26
ACC0007563,2026-07-03
ACC0007566,2026-07-07
ACC0007569,2026-07-26
ACC0007572,2026-07-07
ACC0007573,2026-07-09
ACC0007576,2026-07-13
ACC0007578,2026-07-05
ACC0007580,2026-07-09
ACC0007583,2026-07-29
ACC0007587,2026-07-13
ACC0007593,2026-07-29
ACC0007594,2026-07-14
ACC0007597,2026-07-29
ACC0007603,2026-07-23
ACC0007604,2026-07-14
ACC0007607,2026-07-25
ACC0007614,2026-07-15
ACC0007616,2026-07-21
ACC0007620,2026-07-14
ACC0007622,2026-07-05
ACC0007632,2026-07-14
ACC0007635,2026-07-21
ACC0007645,2026-07-11
ACC0007655,2026-07-27
ACC0007657,2026-07-15
ACC0007668,2026-07-10
ACC0007678,2026-07-14
ACC0007686,2026-07-15
ACC0007694,2026-07-12
ACC0007695,2026-07-27
ACC0007704,2026-07-20
ACC0007711,2026-07-25
ACC0007720,2026-07-26
ACC0007723,2026-07-29
ACC0007732,2026-07-10
ACC0007736,2026-07-05
ACC0007740,2026-07-07
ACC0007749,2026-07-01
ACC0007753,2026-07-31
ACC0007757,2026-07-31
ACC0007764,2026-07-11
ACC0007767,2026-07-06
ACC0007778,2026-07-14
ACC0007780,2026-07-25
ACC0007781,2026-07-04
ACC0007789,2026-07-17
ACC0007795,2026-07-27
ACC0007805,2026-07-15
ACC0007811,2026-07-27
ACC0007820,2026-07-12
ACC0007826,2026-07-28
ACC0007827,2026-07-19
ACC0007838,2026-07-20
ACC0007839,2026-07-21
ACC0007843,2026-07-29
ACC0007847,2026-07-20
ACC0007849,2026-07-11
ACC0007856,2026-07-23
ACC0007862,2026-07-18
ACC0007882,2026-07-29
ACC0007891,2026-07-26
ACC0007901,2026-07-30
ACC0007906,2026-07-26
ACC0007907,2026-07-04
ACC0007917,2026-07-23
ACC0007918,2026-07-03
ACC0007924,2026-07-21
ACC0007925,2026-07-02
ACC0007928,2026-07-18
ACC0007948,2026-07-13
ACC0007949,2026-07-15
ACC0007960,2026-07-07
ACC0007963,2026-07-20
ACC0007965,2026-07-18
ACC0007967,2026-07-08
ACC0007968,2026-07-14
ACC0007981,2026-07-08
ACC0007982,2026-07-14
ACC0007986,2026-07-24
ACC0007991,2026-07-26
ACC0007993,2026-07-01
ACC0007998,2026-07-21
ACC0007999,2026-07-10
ACC0008007,2026-07-14
ACC0008012,2026-07-21
ACC0008014,2026-07-16
ACC0008016,2026-07-01
ACC0008018,2026-07-28
ACC0008021,2026-07-20
ACC0008036,2026-07-19
ACC0008045,2026-07-29
ACC0008049,2026-07-12
ACC0008050,2026-07-21
ACC0008062,2026-07-08
ACC0008065,2026-07-13
ACC0008066,2026-07-16
ACC0008067,2026-07-29
ACC0008071,2026-07-01
ACC0008076,2026-07-20
ACC0008077,2026-07-22
ACC0008078,2026-07-29
ACC0008079,2026-07-24
ACC0008083,2026-07-17
ACC0008087,2026-07-04
ACC0008088,2026-07-23
ACC0008092,2026-07-03
ACC0008099,2026-07-28
ACC0008101,2026-07-31
ACC0008106,2026-07-06
ACC0008117,2026-07-10
ACC0008118,2026-07-21
ACC0008120,2026-07-10
ACC0008121,2026-07-09
ACC0008138,2026-07-06
ACC0008143,2026-07-09
ACC0008145,2026-07-26
ACC0008153,2026-07-08
ACC0008154,2026-07-22
ACC0008158,2026-07-04
ACC0008167,2026-07-19
ACC0008177,2026-07-30
ACC0008178,2026-07-02
ACC0008190,2026-07-05
ACC0008192,2026-07-08
ACC0008194,2026-07-22
ACC0008204,2026-07-23
ACC0008207,2026-07-08
ACC0008208,2026-07-18
ACC0008216,2026-07-25
ACC0008218,2026-07-06
ACC0008220,2026-07-25
ACC0008221,2026-07-18
ACC0008223,2026-07-05
ACC0008227,2026-07-20
ACC0008240,2026-07-05
ACC0008242,2026-07-06
ACC0008258,2026-07-26
ACC0008266,2026-07-19
ACC0008276,2026-07-29
ACC0008290,2026-07-31
ACC0008292,2026-07-14
ACC0008293,2026-07-03
ACC0008299,2026-07-07
ACC0008312,2026-07-10
ACC0008314,2026-07-04
ACC0008317,2026-07-17
ACC0008325,2026-07-27
ACC0008333,2026-07-20
ACC0008353,2026-07-17
ACC0008355,2026-07-29
ACC0008361,2026-07-03
ACC0008371,2026-07-05
ACC0008372,2026-07-20
ACC0008385,2026-07-15
ACC0008389,2026-07-30
ACC0008394,2026-07-19
ACC0008395,2026-07-16
ACC0008400,2026-07-07
ACC0008404,2026-07-01
ACC0008406,2026-07-28
ACC0008416,2026-07-28
ACC0008422,2026-07-28
ACC0008431,2026-07-17
ACC0008439,2026-07-30
ACC0008449,2026-07-05
ACC0008454,2026-07-14
ACC0008457,2026-07-18
ACC0008460,2026-07-04
ACC0008461,2026-07-30
ACC0008475,2026-07-13
ACC0008479,2026-07-11
ACC0008484,2026-07-18
ACC0008491,2026-07-16
ACC0008492,2026-07-26
ACC0008495,2026-07-18
ACC0008505,2026-07-17
ACC0008508,2026-07-20
ACC0008511,2026-07-29
ACC0008513,2026-07-22
ACC0008516,2026-07-06
ACC0008524,2026-07-23
ACC0008532,2026-07-13
ACC0008533,2026-07-21
ACC0008539,2026-07-09
ACC0008541,2026-07-19
ACC0008546,2026-07-29
ACC0008548,2026-07-04
ACC0008550,2026-07-07
ACC0008555,2026-07-24
ACC0008562,2026-07-05
ACC0008575,2026-07-14
ACC0008576,2026-07-13
ACC0008577,2026-07-01
ACC0008579,2026-07-07
ACC0008582,2026-07-23
ACC0008583,2026-07-29
ACC0008584,2026-07-05
ACC0008589,2026-07-10
ACC0008598,2026-07-07
ACC0008600,2026-07-30
ACC0008602,2026-07-19
ACC0008603,2026-07-29
ACC0008616,2026-07-05
ACC0008617,2026-07-19
ACC0008636,2026-07-26
ACC0008637,2026-07-12
ACC0008639,2026-07-27
ACC0008643,2026-07-22
ACC0008647,2026-07-11
ACC0008650,2026-07-17
ACC0008657,2026-07-03
ACC0008666,2026-07-02
ACC0008674,2026-07-29
ACC0008677,2026-07-03
ACC0008683,2026-07-14
ACC0008693,2026-07-09
ACC0008699,2026-07-09
ACC0008702,2026-07-28
ACC0008704,2026-07-02
ACC0008714,2026-07-29
ACC0008715,2026-07-01
ACC0008718,2026-07-23
ACC0008719,2026-07-05
ACC0008722,2026-07-27
ACC0008724,2026-07-26
ACC0008726,2026-07-06
ACC0008730,2026-07-03
ACC0008747,2026-07-12
ACC0008748,2026-07-25
ACC0008752,2026-07-20
ACC0008763,2026-07-19
ACC0008773,2026-07-01
ACC0008781,2026-07-03
ACC0008783,2026-07-17
ACC0008785,2026-07-07
ACC0008788,2026-07-03
ACC0008811,2026-07-25
ACC0008816,2026-07-19
ACC0008819,2026-07-07
ACC0008828,2026-07-23
ACC0008829,2026-07-01
ACC0008834,2026-07-28
ACC0008835,2026-07-28
ACC0008837,2026-07-02
ACC0008838,2026-07-06
ACC0008844,2026-07-12
ACC0008845,2026-07-22
ACC0008846,2026-07-08
ACC0008855,2026-07-15
ACC0008856,2026-07-25
ACC0008858,2026-07-16
ACC0008868,2026-07-13
ACC0008871,2026-07-31
ACC0008879,2026-07-20
ACC0008883,2026-07-14
ACC0008891,2026-07-31
ACC0008898,2026-07-09
ACC0008925,2026-07-10
ACC0008940,2026-07-27
ACC0008942,2026-07-13
ACC0008948,2026-07-04
ACC0008950,2026-07-08
ACC0008954,2026-07-02
ACC0008955,2026-07-25
ACC0008958,2026-07-09
ACC0008963,2026-07-27
ACC0008964,2026-07-06
ACC0008970,2026-07-06
ACC0008972,2026-07-03
ACC0008985,2026-07-19
ACC0008987,2026-07-03
ACC0008989,2026-07-23
ACC0008999,2026-07-11
ACC0009000,2026-07-05
ACC0009009,2026-07-11
ACC0009014,2026-07-17
ACC0009015,2026-07-01
ACC0009024,2026-07-27
ACC0009033,2026-07-08
ACC0009043,2026-07-22
ACC0009055,2026-07-14
ACC0009058,2026-07-04
ACC0009064,2026-07-02
ACC0009068,2026-07-10
ACC0009070,2026-07-18
ACC0009071,2026-07-20
ACC0009077,2026-07-07
ACC0009084,2026-07-14
ACC0009090,2026-07-07
ACC0009096,2026-07-14
ACC0009102,2026-07-10
ACC0009107,2026-07-10
ACC0009109,2026-07-23
ACC0009111,2026-07-26
ACC0009117,2026-07-31
ACC0009124,2026-07-17
ACC0009130,2026-07-20
ACC0009132,2026-07-05
ACC0009134,2026-07-04
ACC0009139,2026-07-09
ACC0009143,2026-07-07
ACC0009150,2026-07-21
ACC0009158,2026-07-23
ACC0009162,2026-07-02
ACC0009164,2026-07-30
ACC0009174,2026-07-15
ACC0009188,2026-07-15
ACC0009191,2026-07-09
ACC0009193,2026-07-26
ACC0009202,2026-07-02
ACC0009212,2026-07-05
ACC0009218,2026-07-19
ACC0009220,2026-07-17
ACC0009222,2026-07-14
ACC0009225,2026-07-17
ACC0009232,2026-07-11
ACC0009233,2026-07-07
ACC0009240,2026-07-13
ACC0009241,2026-07-10
ACC0009254,2026-07-30
ACC0009259,2026-07-13
ACC0009277,2026-07-29
ACC0009282,2026-07-08
ACC0009290,2026-07-25
ACC0009303,2026-07-04
ACC0009306,2026-07-29
ACC0009314,2026-07-04
ACC0009322,2026-07-17
ACC0009338,2026-07-07
ACC0009344,2026-07-05
ACC0009355,2026-07-19
ACC0009358,2026-07-27
ACC0009361,2026-07-19
ACC0009362,2026-07-23
ACC0009377,2026-07-20
ACC0009386,2026-07-09
ACC0009395,2026-07-02
ACC0009401,2026-07-22
ACC0009402,2026-07-16
ACC0009404,2026-07-23
ACC0009408,2026-07-31
ACC0009411,2026-07-03
ACC0009415,2026-07-23
ACC0009417,2026-07-12
ACC0009425,2026-07-14
ACC0009438,2026-07-31
ACC0009458,2026-07-29
ACC0009462,2026-07-25
ACC0009465,2026-07-21
ACC0009469,2026-07-06
ACC0009472,2026-07-19
ACC0009474,2026-07-26
ACC0009475,2026-07-18
ACC0009478,2026-07-12
ACC0009484,2026-07-06
ACC0009486,2026-07-03
ACC0009494,2026-07-10
ACC0009495,2026-07-19
ACC0009497,2026-07-25
ACC0009501,2026-07-22
ACC0009504,2026-07-22
ACC0009505,2026-07-13
ACC0009509,2026-07-03
ACC0009514,2026-07-17
ACC0009517,2026-07-16
ACC0009533,2026-07-27
ACC0009553,2026-07-16
ACC0009555,2026-07-06
ACC0009564,2026-07-06
ACC0009579,2026-07-10
ACC0009584,2026-07-01
ACC0009596,2026-07-01
ACC0009602,2026-07-10
ACC0009603,2026-07-21
ACC0009609,2026-07-04
ACC0009616,2026-07-31
ACC0009618,2026-07-05
ACC0009644,2026-07-26
ACC0009651,2026-07-08
ACC0009658,2026-07-19
ACC0009680,2026-07-28
ACC0009691,2026-07-28
ACC0009694,2026-07-28
ACC0009696,2026-07-07
ACC0009697,2026-07-20
ACC0009698,2026-07-22
ACC0009709,2026-07-23
ACC0009718,2026-07-17
ACC0009719,2026-07-16
ACC0009725,2026-07-29
ACC0009726,2026-07-27
ACC0009727,2026-07-08
ACC0009736,2026-07-21
ACC0009738,2026-07-01
ACC0009739,2026-07-28
ACC0009742,2026-07-13
ACC0009744,2026-07-20
ACC0009756,2026-07-31
ACC0009762,2026-07-18
ACC0009764,2026-07-04
ACC0009772,2026-07-12
ACC0009791,2026-07-10
ACC0009793,2026-07-28
ACC0009804,2026-07-08
ACC0009808,2026-07-21
ACC0009813,2026-07-26
ACC0009825,2026-07-05
ACC0009827,2026-07-20
ACC0009833,2026-07-07
ACC0009836,2026-07-12
ACC0009843,2026-07-28
ACC0009849,2026-07-21
ACC0009854,2026-07-05
ACC0009855,2026-07-27
ACC0009857,2026-07-31
ACC0009861,2026-07-03
ACC0009863,2026-07-11
ACC0009864,2026-07-04
ACC0009867,2026-07-22
ACC0009869,2026-07-26
ACC0009872,2026-07-15
ACC0009873,2026-07-22
ACC0009881,2026-07-27
ACC0009886,2026-07-08
ACC0009888,2026-07-22
ACC0009902,2026-07-04
ACC0009912,2026-07-06
ACC0009917,2026-07-11
ACC0009919,2026-07-27
ACC0009920,2026-07-16
ACC0009922,2026-07-31
ACC0009924,2026-07-11
ACC0009926,2026-07-18
ACC0009928,2026-07-19
ACC0009929,2026-07-21
ACC0009938,2026-07-27
ACC0009944,2026-07-13
ACC0009948,2026-07-01
ACC0009949,2026-07-20
ACC0009950,2026-07-28
ACC0009951,2026-07-09
ACC0009953,2026-07-28
ACC0009954,2026-07-10
ACC0009956,2026-07-26
ACC0009963,2026-07-15
ACC0009969,2026-07-19
ACC0009975,2026-07-25
ACC0009983,2026-07-28
ACC0009985,2026-07-07
ACC0009989,2026-07-28
ACC0009991,2026-07-01
ACC0009992,2026-07-23
ACC0009995,2026-07-11
ACC0009996,2026-07-01
ACC0009998,2026-07-11
ACC0009999,2026-07-05
ACC0010000,2026-07-23
ACC0010002,2026-07-15
ACC0010011,2026-07-26
ACC0010016,2026-07-10
ACC0010017,2026-07-14
ACC0010023,2026-07-19
ACC0010024,2026-07-25
ACC0010025,2026-07-17
ACC0010028,2026-07-12
ACC0010041,2026-07-30
ACC0010049,2026-07-31
ACC0010066,2026-07-29
ACC0010067,2026-07-22
ACC0010069,2026-07-02
ACC0010071,2026-07-05
ACC0010077,2026-07-06
ACC0010095,2026-07-14
ACC0010099,2026-07-28
ACC0010100,2026-07-15
ACC0010104,2026-07-30
ACC0010115,2026-07-26
ACC0010126,2026-07-30
ACC0010134,2026-07-20
ACC0010142,2026-07-18
ACC0010149,2026-07-21
ACC0010160,2026-07-27
ACC0010172,2026-07-25
ACC0010179,2026-07-24
ACC0010180,2026-07-12
ACC0010181,2026-07-27
ACC0010183,2026-07-02
ACC0010189,2026-07-04
ACC0010198,2026-07-30
ACC0010199,2026-07-09
ACC0010205,2026-07-25
ACC0010208,2026-07-11
ACC0010213,2026-07-24
ACC0010214,2026-07-26
ACC0010215,2026-07-18
ACC0010217,2026-07-18
ACC0010218,2026-07-23
ACC0010232,2026-07-18
ACC0010233,2026-07-18
ACC0010236,2026-07-08
ACC0010237,2026-07-10
ACC0010241,2026-07-07
ACC0010242,2026-07-18
ACC0010245,2026-07-19
ACC0010246,2026-07-04
ACC0010253,2026-07-22
ACC0010256,2026-07-25
ACC0010260,2026-07-03
ACC0010263,2026-07-05
ACC0010277,2026-07-17
ACC0010285,2026-07-23
ACC0010287,2026-07-13
ACC0010288,2026-07-20
ACC0010290,2026-07-04
ACC0010294,2026-07-04
ACC0010296,2026-07-13
ACC0010303,2026-07-27
ACC0010316,2026-07-28
ACC0010324,2026-07-02
ACC0010332,2026-07-28
ACC0010342,2026-07-25
ACC0010346,2026-07-06
ACC0010350,2026-07-23
ACC0010352,2026-07-21
ACC0010354,2026-07-19
ACC0010355,2026-07-04
ACC0010367,2026-07-14
ACC0010379,2026-07-03
ACC0010381,2026-07-11
ACC0010384,2026-07-01
ACC0010387,2026-07-27
ACC0010388,2026-07-31
ACC0010389,2026-07-21
ACC0010392,2026-07-03
ACC0010394,2026-07-11
ACC0010400,2026-07-11
ACC0010407,2026-07-01
ACC0010409,2026-07-07
ACC0010410,2026-07-23
ACC0010412,2026-07-22
ACC0010417,2026-07-05
ACC0010419,2026-07-19
ACC0010422,2026-07-08
ACC0010423,2026-07-20
ACC0010433,2026-07-09
ACC0010437,2026-07-24
ACC0010441,2026-07-10
ACC0010444,2026-07-20
ACC0010452,2026-07-26
ACC0010461,2026-07-03
ACC0010462,2026-07-11
ACC0010463,2026-07-18
ACC0010465,2026-07-08
ACC0010466,2026-07-30
ACC0010472,2026-07-18
ACC0010473,2026-07-29
ACC0010475,2026-07-15
ACC0010476,2026-07-11
ACC0010479,2026-07-25
ACC0010480,2026-07-05
ACC0010481,2026-07-15
ACC0010488,2026-07-10
ACC0010493,2026-07-30
ACC0010496,2026-07-28
ACC0010502,2026-07-29
ACC0010504,2026-07-28
ACC0010507,2026-07-05
ACC0010510,2026-07-25
ACC0010518,2026-07-13
ACC0010528,2026-07-10
ACC0010534,2026-07-07
ACC0010535,2026-07-29
ACC0010536,2026-07-23
ACC0010539,2026-07-17
ACC0010550,2026-07-31
ACC0010555,2026-07-19
ACC0010560,2026-07-12
ACC0010561,2026-07-27
ACC0010566,2026-07-01
ACC0010567,2026-07-17
ACC0010573,2026-07-13
ACC0010581,2026-07-12
ACC0010584,2026-07-19
ACC0010585,2026-07-21
ACC0010591,2026-07-24
ACC0010614,2026-07-09
ACC0010629,2026-07-04
ACC0010636,2026-07-11
ACC0010643,2026-07-16
ACC0010645,2026-07-04
ACC0010649,2026-07-12
ACC0010650,2026-07-02
ACC0010658,2026-07-09
ACC0010666,2026-07-29
ACC0010678,2026-07-30
ACC0010690,2026-07-23
ACC0010694,2026-07-21
ACC0010698,2026-07-19
ACC0010701,2026-07-22
ACC0010702,2026-07-26
ACC0010709,2026-07-06
ACC0010711,2026-07-05
ACC0010725,2026-07-01
ACC0010740,2026-07-02
ACC0010750,2026-07-23
ACC0010764,2026-07-20
ACC0010767,2026-07-30
ACC0010769,2026-07-22
ACC0010774,2026-07-14
ACC0010777,2026-07-09
ACC0010783,2026-07-28
ACC0010784,2026-07-16
ACC0010808,2026-07-29
ACC0010815,2026-07-12
ACC0010818,2026-07-01
ACC0010819,2026-07-01
ACC0010838,2026-07-03
ACC0010842,2026-07-22
ACC0010845,2026-07-24
ACC0010846,2026-07-04
ACC0010848,2026-07-29
ACC0010850,2026-07-31
ACC0010865,2026-07-21
ACC0010867,2026-07-07
ACC0010886,2026-07-18
ACC0010892,2026-07-24
ACC0010897,2026-07-04
ACC0010903,2026-07-19
ACC0010905,2026-07-18
ACC0010906,2026-07-14
ACC0010911,2026-07-22
ACC0010923,2026-07-05
ACC0010925,2026-07-09
ACC0010926,2026-07-22
ACC0010927,2026-07-07
ACC0010929,2026-07-04
ACC0010930,2026-07-07
ACC0010933,2026-07-05
ACC0010935,2026-07-18
ACC0010945,2026-07-07
ACC0010946,2026-07-14
ACC0010954,2026-07-29
ACC0010955,2026-07-09
ACC0010961,2026-07-05
ACC0010966,2026-07-28
ACC0010974,2026-07-30
ACC0010977,2026-07-27
ACC0010980,2026-07-15
ACC0010986,2026-07-07
ACC0010988,2026-07-02
ACC0010989,2026-07-05
ACC0011001,2026-07-05
ACC0011004,2026-07-16
ACC0011009,2026-07-05
ACC0011015,2026-07-11
ACC0011016,2026-07-18
ACC0011020,2026-07-18
ACC0011022,2026-07-25
ACC0011046,2026-07-13
ACC0011047,2026-07-07
ACC0011054,2026-07-22
ACC0011058,2026-07-29
ACC0011065,2026-07-24
ACC0011067,2026-07-22
ACC0011068,2026-07-21
ACC0011073,2026-07-12
ACC0011090,2026-07-08
ACC0011093,2026-07-24
ACC0011099,2026-07-14
ACC0011100,2026-07-15
ACC0011101,2026-07-30
ACC0011102,2026-07-21
ACC0011104,2026-07-16
ACC0011114,2026-07-13
ACC0011123,2026-07-24
ACC0011130,2026-07-26
ACC0011136,2026-07-25
ACC0011139,2026-07-22
ACC0011143,2026-07-17
ACC0011147,2026-07-28
ACC0011148,2026-07-31
ACC0011153,2026-07-01
ACC0011155,2026-07-02
ACC0011160,2026-07-03
ACC0011164,2026-07-23
ACC0011172,2026-07-15
ACC0011173,2026-07-21
ACC0011181,2026-07-22
ACC0011186,2026-07-31
ACC0011187,2026-07-15
ACC0011192,2026-07-23
ACC0011198,2026-07-27
ACC0011202,2026-07-07
ACC0011204,2026-07-22
ACC0011205,2026-07-28
ACC0011214,2026-07-14
ACC0011219,2026-07-27
ACC0011221,2026-07-08
ACC0011225,2026-07-03
ACC0011233,2026-07-30
ACC0011250,2026-07-31
ACC0011252,2026-07-28
ACC0011258,2026-07-24
ACC0011279,2026-07-10
ACC0011289,2026-07-29
ACC0011293,2026-07-28
ACC0011300,2026-07-30
ACC0011301,2026-07-24
ACC0011309,2026-07-14
ACC0011310,2026-07-30
ACC0011326,2026-07-08
ACC0011327,2026-07-28
ACC0011335,2026-07-30
ACC0011340,2026-07-21
ACC0011343,2026-07-19
ACC0011348,2026-07-06
ACC0011356,2026-07-22
ACC0011364,2026-07-14
ACC0011365,2026-07-18
ACC0011368,2026-07-10
ACC0011373,2026-07-18
ACC0011379,2026-07-25
ACC0011383,2026-07-24
ACC0011398,2026-07-21
ACC0011405,2026-07-04
ACC0011409,2026-07-01
ACC0011414,2026-07-01
ACC0011426,2026-07-13
ACC0011431,2026-07-10
ACC0011433,2026-07-10
ACC0011435,2026-07-07
ACC0011438,2026-07-09
ACC0011443,2026-07-19
ACC0011444,2026-07-02
ACC0011447,2026-07-03
ACC0011449,2026-07-11
ACC0011453,2026-07-22
ACC0011456,2026-07-13
ACC0011465,2026-07-20
ACC0011466,2026-07-04
ACC0011470,2026-07-10
ACC0011474,2026-07-21
ACC0011476,2026-07-13
ACC0011478,2026-07-13
ACC0011480,2026-07-23
ACC0011484,2026-07-02
ACC0011488,2026-07-14
ACC0011495,2026-07-09
ACC0011496,2026-07-14
ACC0011506,2026-07-08
ACC0011509,2026-07-06
ACC0011514,2026-07-21
ACC0011516,2026-07-17
ACC0011521,2026-07-18
ACC0011528,2026-07-25
ACC0011530,2026-07-24
ACC0011546,2026-07-10
ACC0011549,2026-07-28
ACC0011554,2026-07-02
ACC0011556,2026-07-24
ACC0011557,2026-07-28
ACC0011568,2026-07-10
ACC0011571,2026-07-28
ACC0011572,2026-07-28
ACC0011573,2026-07-05
ACC0011579,2026-07-15
ACC0011583,2026-07-20
ACC0011587,2026-07-02
ACC0011593,2026-07-09
ACC0011597,2026-07-13
ACC0011601,2026-07-09
ACC0011609,2026-07-01
ACC0011610,2026-07-06
ACC0011614,2026-07-23
ACC0011618,2026-07-10
ACC0011620,2026-07-04
ACC0011621,2026-07-01
ACC0011627,2026-07-24
ACC0011631,2026-07-01
ACC0011635,2026-07-07
ACC0011637,2026-07-26
ACC0011639,2026-07-18
ACC0011642,2026-07-02
ACC0011649,2026-07-22
ACC0011651,2026-07-12
ACC0011652,2026-07-09
ACC0011670,2026-07-21
ACC0011673,2026-07-24
ACC0011684,2026-07-23
ACC0011705,2026-07-11
ACC0011707,2026-07-09
ACC0011713,2026-07-07
ACC0011715,2026-07-29
ACC0011723,2026-07-09
ACC0011730,2026-07-02
ACC0011732,2026-07-05
ACC0011733,2026-07-05
ACC0011736,2026-07-29
ACC0011747,2026-07-03
ACC0011754,2026-07-14
ACC0011755,2026-07-26
ACC0011756,2026-07-03
ACC0011761,2026-07-04
ACC0011765,2026-07-31
ACC0011766,2026-07-14
ACC0011773,2026-07-19
ACC0011784,2026-07-04
ACC0011792,2026-07-13
ACC0011794,2026-07-04
ACC0011796,2026-07-18
ACC0011798,2026-07-17
ACC0011800,2026-07-28
ACC0011814,2026-07-18
ACC0011817,2026-07-07
ACC0011825,2026-07-05
ACC0011826,2026-07-20
ACC0011829,2026-07-08
ACC0011834,2026-07-15
ACC0011836,2026-07-08
ACC0011837,2026-07-26
ACC0011840,2026-07-17
ACC0011842,2026-07-25
ACC0011843,2026-07-04
ACC0011849,2026-07-02
ACC0011858,2026-07-07
ACC0011859,2026-07-11
ACC0011867,2026-07-22
ACC0011869,2026-07-16
ACC0011877,2026-07-16
ACC0011878,2026-07-02
ACC0011879,2026-07-10
ACC0011882,2026-07-15
ACC0011883,2026-07-17
ACC0011887,2026-07-17
ACC0011919,2026-07-24
ACC0011928,2026-07-21
ACC0011937,2026-07-09
ACC0011950,2026-07-11
ACC0011952,2026-07-09
ACC0011955,2026-07-24
ACC0011956,2026-07-25
ACC0011957,2026-07-26
ACC0011961,2026-07-06
ACC0011962,2026-07-14
ACC0011967,2026-07-23
ACC0011968,2026-07-22
ACC0011969,2026-07-01
ACC0011970,2026-07-12
ACC0011972,2026-07-03
ACC0011983,2026-07-16
ACC0011986,2026-07-08
ACC0011987,2026-07-07
ACC0011995,2026-07-21
ACC0012001,2026-07-18
ACC0012004,2026-07-20
ACC0012010,2026-07-20
ACC0012026,2026-07-17
ACC0012034,2026-07-29
ACC0012035,2026-07-18
ACC0012038,2026-07-14
ACC0012043,2026-07-31
ACC0012049,2026-07-07
ACC0012053,2026-07-08
ACC0012054,2026-07-18
ACC0012057,2026-07-14
ACC0012059,2026-07-12
ACC0012060,2026-07-19
ACC0012070,2026-07-25
ACC0012071,2026-07-12
ACC0012072,2026-07-31
ACC0012074,2026-07-16
ACC0012077,2026-07-09
ACC0012099,2026-07-18
ACC0012104,2026-07-21
ACC0012105,2026-07-17
ACC0012111,2026-07-24
ACC0012123,2026-07-29
ACC0012128,2026-07-03
ACC0012135,2026-07-08
ACC0012138,2026-07-05
ACC0012142,2026-07-19
ACC0012144,2026-07-30
ACC0012158,2026-07-06
ACC0012161,2026-07-04
ACC0012162,2026-07-07
ACC0012170,2026-07-08
ACC0012181,2026-07-29
ACC0012184,2026-07-02
ACC0012187,2026-07-17
ACC0012188,2026-07-04
ACC0012196,2026-07-31
ACC0012199,2026-07-02
ACC0012200,2026-07-03
ACC0012203,2026-07-02
ACC0012209,2026-07-16
ACC0012215,2026-07-31
ACC0012217,2026-07-08
ACC0012220,2026-07-07
ACC0012221,2026-07-13
ACC0012224,2026-07-24
ACC0012225,2026-07-25
ACC0012230,2026-07-06
ACC0012235,2026-07-18
ACC0012237,2026-07-11
ACC0012242,2026-07-03
ACC0012251,2026-07-06
ACC0012255,2026-07-28
ACC0012258,2026-07-10
ACC0012259,2026-07-04
ACC0012260,2026-07-02
ACC0012265,2026-07-24
ACC0012271,2026-07-22
ACC0012283,2026-07-10
ACC0012287,2026-07-18
ACC0012290,2026-07-15
ACC0012295,2026-07-27
ACC0012303,2026-07-03
ACC0012309,2026-07-01
ACC0012313,2026-07-10
ACC0012317,2026-07-23
ACC0012318,2026-07-01
ACC0012323,2026-07-27
ACC0012329,2026-07-30
ACC0012332,2026-07-10
ACC0012341,2026-07-07
ACC0012348,2026-07-30
ACC0012352,2026-07-15
ACC0012361,2026-07-13
ACC0012364,2026-07-13
ACC0012369,2026-07-26
ACC0012370,2026-07-23
ACC0012372,2026-07-07
ACC0012388,2026-07-08
ACC0012389,2026-07-25
ACC0012396,2026-07-09
ACC0012398,2026-07-24
ACC0012400,2026-07-06
ACC0012403,2026-07-13
ACC0012406,2026-07-21
ACC0012408,2026-07-24
ACC0012418,2026-07-03
ACC0012428,2026-07-24
ACC0012438,2026-07-27
ACC0012446,2026-07-08
ACC0012455,2026-07-14
ACC0012458,2026-07-15
ACC0012461,2026-07-07
ACC0012465,2026-07-05
ACC0012473,2026-07-26
ACC0012493,2026-07-16
ACC0012511,2026-07-17
ACC0012522,2026-07-25
ACC0012526,2026-07-31
ACC0012527,2026-07-07
ACC0012534,2026-07-09
ACC0012537,2026-07-26
ACC0012549,2026-07-10
ACC0012550,2026-07-07
ACC0012551,2026-07-27
ACC0012555,2026-07-26
ACC0012559,2026-07-01
ACC0012578,2026-07-04
ACC0012581,2026-07-10
ACC0012583,2026-07-10
ACC0012588,2026-07-17
ACC0012598,2026-07-22
ACC0012602,2026-07-18
ACC0012637,2026-07-26
ACC0012639,2026-07-07
ACC0012641,2026-07-05
ACC0012642,2026-07-17
ACC0012649,2026-07-24
ACC0012650,2026-07-31
ACC0012651,2026-07-17
ACC0012663,2026-07-20
ACC0012667,2026-07-01
ACC0012672,2026-07-17
ACC0012673,2026-07-27
ACC0012678,2026-07-20
ACC0012684,2026-07-14
ACC0012686,2026-07-23
ACC0012692,2026-07-22
ACC0012693,2026-07-28
ACC0012700,2026-07-07
ACC0012704,2026-07-26
ACC0012710,2026-07-12
ACC0012715,2026-07-14
ACC0012726,2026-07-03
ACC0012728,2026-07-03
ACC0012740,2026-07-29
ACC0012744,2026-07-13
ACC0012746,2026-07-20
ACC0012747,2026-07-22
ACC0012749,2026-07-15
ACC0012750,2026-07-30
ACC0012755,2026-07-28
ACC0012757,2026-07-30
ACC0012761,2026-07-19
ACC0012776,2026-07-08
ACC0012777,2026-07-03
ACC0012778,2026-07-27
ACC0012783,2026-07-12
ACC0012791,2026-07-17
ACC0012792,2026-07-02
ACC0012798,2026-07-08
ACC0012805,2026-07-05
ACC0012807,2026-07-21
ACC0012811,2026-07-14
ACC0012824,2026-07-04
ACC0012829,2026-07-07
ACC0012830,2026-07-18
ACC0012833,2026-07-10
ACC0012839,2026-07-20
ACC0012842,2026-07-25
ACC0012846,2026-07-17
ACC0012848,2026-07-28
ACC0012850,2026-07-14
ACC0012852,2026-07-23
ACC0012854,2026-07-28
ACC0012856,2026-07-28
ACC0012872,2026-07-10
ACC0012880,2026-07-29
ACC0012882,2026-07-07
ACC0012894,2026-07-31
ACC0012896,2026-07-25
ACC0012897,2026-07-14
ACC0012900,2026-07-02
ACC0012901,2026-07-18
ACC0012915,2026-07-29
ACC0012923,2026-07-11
ACC0012930,2026-07-27
ACC0012933,2026-07-22
ACC0012934,2026-07-04
ACC0012948,2026-07-21
ACC0012951,2026-07-05
ACC0012960,2026-07-13
ACC0012972,2026-07-20
ACC0012973,2026-07-22
ACC0012987,2026-07-11
ACC0012988,2026-07-04
ACC0012991,2026-07-31
ACC0012997,2026-07-25
ACC0012999,2026-07-31
ACC0013006,2026-07-21
ACC0013008,2026-07-10
ACC0013015,2026-07-26
ACC0013017,2026-07-07
ACC0013029,2026-07-01
ACC0013030,2026-07-18
ACC0013035,2026-07-16
ACC0013037,2026-07-22
ACC0013038,2026-07-13
ACC0013039,2026-07-09
ACC0013044,2026-07-01
ACC0013049,2026-07-09
ACC0013052,2026-07-31
ACC0013056,2026-07-06
ACC0013062,2026-07-20
ACC0013068,2026-07-30
ACC0013074,2026-07-17
ACC0013076,2026-07-09
ACC0013083,2026-07-06
ACC0013093,2026-07-04
ACC0013109,2026-07-21
ACC0013124,2026-07-11
ACC0013131,2026-07-11
ACC0013137,2026-07-26
ACC0013140,2026-07-28
ACC0013146,2026-07-30
ACC0013154,2026-07-26
ACC0013157,2026-07-22
ACC0013160,2026-07-03
ACC0013162,2026-07-11
ACC0013163,2026-07-06
ACC0013169,2026-07-30
ACC0013172,2026-07-02
ACC0013186,2026-07-13
ACC0013196,2026-07-21
ACC0013197,2026-07-19
ACC0013199,2026-07-09
ACC0013210,2026-07-22
ACC0013224,2026-07-15
ACC0013229,2026-07-10
ACC0013263,2026-07-21
ACC0013275,2026-07-05
ACC0013276,2026-07-27
ACC0013285,2026-07-28
ACC0013287,2026-07-22
ACC0013291,2026-07-20
ACC0013293,2026-07-23
ACC0013301,2026-07-10
ACC0013302,2026-07-05
ACC0013320,2026-07-03
ACC0013321,2026-07-28
ACC0013333,2026-07-24
ACC0013344,2026-07-29
ACC0013346,2026-07-05
ACC0013358,2026-07-21
ACC0013360,2026-07-28
ACC0013364,2026-07-03
ACC0013369,2026-07-24
ACC0013376,2026-07-30
ACC0013379,2026-07-20
ACC0013382,2026-07-20
ACC0013383,2026-07-22
ACC0013384,2026-07-08
ACC0013389,2026-07-10
ACC0013390,2026-07-02
ACC0013404,2026-07-30
ACC0013409,2026-07-28
ACC0013414,2026-07-07
ACC0013415,2026-07-27
ACC0013419,2026-07-06
ACC0013423,2026-07-19
ACC0013427,2026-07-21
ACC0013429,2026-07-23
ACC0013430,2026-07-01
ACC0013444,2026-07-30
ACC0013449,2026-07-12
ACC0013452,2026-07-23
ACC0013461,2026-07-29
ACC0013467,2026-07-11
ACC0013471,2026-07-05
ACC0013475,2026-07-08
ACC0013484,2026-07-14
ACC0013499,2026-07-19
ACC0013501,2026-07-06
ACC0013503,2026-07-25
ACC0013514,2026-07-13
ACC0013521,2026-07-04
ACC0013531,2026-07-30
ACC0013538,2026-07-19
ACC0013540,2026-07-12
ACC0013542,2026-07-18
ACC0013555,2026-07-31
ACC0013561,2026-07-11
ACC0013566,2026-07-13
ACC0013569,2026-07-23
ACC0013588,2026-07-16
ACC0013599,2026-07-31
ACC0013616,2026-07-06
ACC0013628,2026-07-17
ACC0013630,2026-07-14
ACC0013637,2026-07-05
ACC0013641,2026-07-11
ACC0013651,2026-07-17
ACC0013653,2026-07-02
ACC0013675,2026-07-11
ACC0013676,2026-07-21
ACC0013679,2026-07-01
ACC0013682,2026-07-11
ACC0013687,2026-07-25
ACC0013702,2026-07-22
ACC0013706,2026-07-15
ACC0013716,2026-07-05
ACC0013719,2026-07-08
ACC0013722,2026-07-24
ACC0013726,2026-07-15
ACC0013728,2026-07-13
ACC0013736,2026-07-25
ACC0013738,2026-07-27
ACC0013739,2026-07-07
ACC0013744,2026-07-19
ACC0013756,2026-07-13
ACC0013762,2026-07-06
ACC0013770,2026-07-25
ACC0013771,2026-07-26
ACC0013777,2026-07-14
ACC0013778,2026-07-01
ACC0013779,2026-07-14
ACC0013784,2026-07-26
ACC0013787,2026-07-11
ACC0013793,2026-07-08
ACC0013799,2026-07-08
ACC0013800,2026-07-11
ACC0013801,2026-07-25
ACC0013809,2026-07-22
ACC0013811,2026-07-07
ACC0013815,2026-07-14
ACC0013820,2026-07-23
ACC0013824,2026-07-04
ACC0013835,2026-07-16
ACC0013836,2026-07-28
ACC0013844,2026-07-29
ACC0013845,2026-07-09
ACC0013851,2026-07-07
ACC0013856,2026-07-12
ACC0013864,2026-07-10
ACC0013871,2026-07-04
ACC0013876,2026-07-03
ACC0013877,2026-07-31
ACC0013893,2026-07-06
ACC0013901,2026-07-07
ACC0013902,2026-07-18
ACC0013905,2026-07-16
ACC0013909,2026-07-04
ACC0013911,2026-07-13
ACC0013912,2026-07-13
ACC0013917,2026-07-12
ACC0013918,2026-07-16
ACC0013919,2026-07-16
ACC0013927,2026-07-03
ACC0013936,2026-07-18
ACC0013938,2026-07-27
ACC0013952,2026-07-14
ACC0013953,2026-07-21
ACC0013957,2026-07-12
ACC0013959,2026-07-18
ACC0013966,2026-07-03
ACC0013971,2026-07-11
ACC0013972,2026-07-08
ACC0013976,2026-07-10
ACC0013983,2026-07-22
ACC0013985,2026-07-01
ACC0013988,2026-07-19
ACC0013990,2026-07-20
ACC0013995,2026-07-23
ACC0013996,2026-07-13
ACC0013998,2026-07-18
ACC0013999,2026-07-10
ACC0014000,2026-07-12
ACC0014011,2026-07-28
ACC0014021,2026-07-31
ACC0014022,2026-07-14
ACC0014023,2026-07-27
ACC0014024,2026-07-15
ACC0014030,2026-07-16
ACC0014035,2026-07-22
ACC0014036,2026-07-20
ACC0014037,2026-07-26
ACC0014039,2026-07-19
ACC0014040,2026-07-21
ACC0014045,2026-07-29
ACC0014051,2026-07-02
ACC0014055,2026-07-29
ACC0014067,2026-07-13
ACC0014092,2026-07-29
ACC0014111,2026-07-26
ACC0014118,2026-07-11
ACC0014119,2026-07-19
ACC0014134,2026-07-09
ACC0014150,2026-07-08
ACC0014154,2026-07-25
ACC0014155,2026-07-12
ACC0014156,2026-07-23
ACC0014158,2026-07-01
ACC0014173,2026-07-26
ACC0014176,2026-07-12
ACC0014177,2026-07-23
ACC0014185,2026-07-15
ACC0014192,2026-07-07
ACC0014204,2026-07-13
ACC0014205,2026-07-18
ACC0014219,2026-07-04
ACC0014232,2026-07-18
ACC0014236,2026-07-12
ACC0014249,2026-07-27
ACC0014251,2026-07-03
ACC0014260,2026-07-14
ACC0014268,2026-07-08
ACC0014270,2026-07-15
ACC0014272,2026-07-19
ACC0014286,2026-07-30
ACC0014287,2026-07-30
ACC0014292,2026-07-18
ACC0014293,2026-07-09
ACC0014295,2026-07-23
ACC0014307,2026-07-13
ACC0014308,2026-07-12
ACC0014312,2026-07-24
ACC0014319,2026-07-15
ACC0014326,2026-07-28
ACC0014341,2026-07-11
ACC0014342,2026-07-09
ACC0014343,2026-07-02
ACC0014344,2026-07-10
ACC0014346,2026-07-20
ACC0014355,2026-07-04
ACC0014365,2026-07-01
ACC0014368,2026-07-18
ACC0014369,2026-07-15
ACC0014371,2026-07-11
ACC0014375,2026-07-24
ACC0014383,2026-07-13
ACC0014399,2026-07-20
ACC0014401,2026-07-30
ACC0014405,2026-07-20
ACC0014407,2026-07-05
ACC0014418,2026-07-16
ACC0014420,2026-07-01
ACC0014422,2026-07-23
ACC0014427,2026-07-07
ACC0014428,2026-07-21
ACC0014430,2026-07-22
ACC0014432,2026-07-01
ACC0014435,2026-07-20
ACC0014442,2026-07-13
ACC0014445,2026-07-30
ACC0014447,2026-07-05
ACC0014449,2026-07-26
ACC0014455,2026-07-23
ACC0014468,2026-07-22
ACC0014470,2026-07-16
ACC0014474,2026-07-11
ACC0014482,2026-07-16
ACC0014486,2026-07-16
ACC0014490,2026-07-04
ACC0014492,2026-07-01
ACC0014512,2026-07-01
ACC0014516,2026-07-01
ACC0014517,2026-07-29
ACC0014519,2026-07-02
ACC0014523,2026-07-08
ACC0014524,2026-07-24
ACC0014525,2026-07-03
ACC0014526,2026-07-04
ACC0014537,2026-07-31
ACC0014540,2026-07-15
ACC0014545,2026-07-16
ACC0014553,2026-07-04
ACC0014559,2026-07-29
ACC0014560,2026-07-02
ACC0014564,2026-07-05
ACC0014576,2026-07-05
ACC0014580,2026-07-31
ACC0014585,2026-07-29
ACC0014586,2026-07-27
ACC0014590,2026-07-22
ACC0014591,2026-07-08
ACC0014596,2026-07-02
ACC0014599,2026-07-06
ACC0014610,2026-07-12
ACC0014612,2026-07-20
ACC0014631,2026-07-21
ACC0014633,2026-07-31
ACC0014635,2026-07-08
ACC0014642,2026-07-10
ACC0014648,2026-07-15
ACC0014655,2026-07-04
ACC0014659,2026-07-22
ACC0014667,2026-07-09
ACC0014668,2026-07-21
ACC0014676,2026-07-11
ACC0014680,2026-07-13
ACC0014682,2026-07-11
ACC0014687,2026-07-03
ACC0014690,2026-07-11
ACC0014691,2026-07-20
ACC0014698,2026-07-13
ACC0014703,2026-07-08
ACC0014711,2026-07-21
ACC0014712,2026-07-12
ACC0014724,2026-07-24
ACC0014726,2026-07-10
ACC0014729,2026-07-12
ACC0014739,2026-07-10
ACC0014742,2026-07-09
ACC0014745,2026-07-13
ACC0014746,2026-07-08
ACC0014747,2026-07-13
ACC0014757,2026-07-06
ACC0014771,2026-07-07
ACC0014773,2026-07-15
ACC0014788,2026-07-13
ACC0014790,2026-07-02
ACC0014793,2026-07-30
ACC0014794,2026-07-15
ACC0014795,2026-07-25
ACC0014799,2026-07-08
ACC0014811,2026-07-20
ACC0014817,2026-07-17
ACC0014820,2026-07-03
ACC0014827,2026-07-11
ACC0014832,2026-07-29
ACC0014834,2026-07-09
ACC0014835,2026-07-13
ACC0014837,2026-07-26
ACC0014839,2026-07-19
ACC0014849,2026-07-19
ACC0014852,2026-07-04
ACC0014858,2026-07-25
ACC0014860,2026-07-03
ACC0014870,2026-07-30
ACC0014873,2026-07-01
ACC0014874,2026-07-06
ACC0014887,2026-07-13
ACC0014892,2026-07-18
ACC0014893,2026-07-21
ACC0014900,2026-07-17
ACC0014902,2026-07-01
ACC0014908,2026-07-20
ACC0014910,2026-07-03
ACC0014911,2026-07-16
ACC0014916,2026-07-22
ACC0014917,2026-07-07
ACC0014930,2026-07-22
ACC0014936,2026-07-22
ACC0014938,2026-07-09
ACC0014939,2026-07-09
ACC0014942,2026-07-21
ACC0014949,2026-07-09
ACC0014957,2026-07-15
ACC0014961,2026-07-30
ACC0014964,2026-07-03
ACC0014965,2026-07-29
ACC0014970,2026-07-27
ACC0014971,2026-07-11
ACC0014977,2026-07-21
ACC0015003,2026-07-29
ACC0015005,2026-07-05
ACC0015006,2026-07-07
ACC0015011,2026-07-08
ACC0015015,2026-07-09
ACC0015028,2026-07-29
ACC0015032,2026-07-11
ACC0015043,2026-07-20
ACC0015045,2026-07-13
ACC0015049,2026-07-01
ACC0015050,2026-07-02
ACC0015055,2026-07-13
ACC0015067,2026-07-09
ACC0015071,2026-07-05
ACC0015075,2026-07-17
ACC0015083,2026-07-17
ACC0015087,2026-07-06
ACC0015094,2026-07-11
ACC0015109,2026-07-22
ACC0015111,2026-07-05
ACC0015133,2026-07-29
ACC0015134,2026-07-28
ACC0015142,2026-07-12
ACC0015152,2026-07-08
ACC0015164,2026-07-19
ACC0015169,2026-07-25
ACC0015170,2026-07-09
ACC0015178,2026-07-04
ACC0015180,2026-07-22
ACC0015182,2026-07-13
ACC0015183,2026-07-12
ACC0015191,2026-07-16
ACC0015193,2026-07-05
ACC0015194,2026-07-07
ACC0015199,2026-07-08
ACC0015204,2026-07-22
ACC0015211,2026-07-04
ACC0015222,2026-07-16
ACC0015223,2026-07-03
ACC0015239,2026-07-11
ACC0015243,2026-07-20
ACC0015246,2026-07-20
ACC0015248,2026-07-12
ACC0015249,2026-07-31
ACC0015251,2026-07-02
ACC0015258,2026-07-26
ACC0015268,2026-07-05
ACC0015289,2026-07-18
ACC0015297,2026-07-16
ACC0015298,2026-07-31
ACC0015299,2026-07-19
ACC0015300,2026-07-22
ACC0015301,2026-07-10
ACC0015303,2026-07-31
ACC0015307,2026-07-31
ACC0015309,2026-07-15
ACC0015320,2026-07-13
ACC0015324,2026-07-03
ACC0015326,2026-07-02
ACC0015327,2026-07-29
ACC0015343,2026-07-28
ACC0015351,2026-07-29
ACC0015353,2026-07-19
ACC0015356,2026-07-14
ACC0015361,2026-07-23
ACC0015365,2026-07-15
ACC0015366,2026-07-20
ACC0015370,2026-07-31
ACC0015376,2026-07-22
ACC0015382,2026-07-08
ACC0015400,2026-07-05
ACC0015401,2026-07-29
ACC0015402,2026-07-29
ACC0015409,2026-07-07
ACC0015420,2026-07-29
ACC0015432,2026-07-13
ACC0015434,2026-07-12
ACC0015442,2026-07-19
ACC0015447,2026-07-28
ACC0015448,2026-07-10
ACC0015452,2026-07-23
ACC0015461,2026-07-08
ACC0015463,2026-07-17
ACC0015468,2026-07-28
ACC0015469,2026-07-24
ACC0015478,2026-07-18
ACC0015479,2026-07-05
ACC0015480,2026-07-31
ACC0015483,2026-07-19
ACC0015486,2026-07-21
ACC0015488,2026-07-14
ACC0015494,2026-07-07
ACC0015507,2026-07-26
ACC0015511,2026-07-12
ACC0015514,2026-07-06
ACC0015517,2026-07-20
ACC0015522,2026-07-12
ACC0015525,2026-07-09
ACC0015533,2026-07-25
ACC0015536,2026-07-05
ACC0015539,2026-07-12
ACC0015548,2026-07-15
ACC0015553,2026-07-22
ACC0015554,2026-07-07
ACC0015556,2026-07-13
ACC0015557,2026-07-12
ACC0015568,2026-07-30
ACC0015576,2026-07-25
ACC0015583,2026-07-28
ACC0015586,2026-07-29
ACC0015592,2026-07-20
ACC0015595,2026-07-04
ACC0015596,2026-07-27
ACC0015600,2026-07-10
ACC0015603,2026-07-11
ACC0015607,2026-07-30
ACC0015609,2026-07-28
ACC0015611,2026-07-10
ACC0015612,2026-07-15
ACC0015613,2026-07-14
ACC0015615,2026-07-29
ACC0015626,2026-07-08
ACC0015630,2026-07-01
ACC0015643,2026-07-24
ACC0015662,2026-07-24
ACC0015679,2026-07-18
ACC0015680,2026-07-20
ACC0015684,2026-07-17
ACC0015686,2026-07-27
ACC0015687,2026-07-08
ACC0015689,2026-07-27
ACC0015691,2026-07-20
ACC0015697,2026-07-17
ACC0015706,2026-07-23
ACC0015728,2026-07-23
ACC0015737,2026-07-03
ACC0015738,2026-07-09
ACC0015743,2026-07-25
ACC0015748,2026-07-24
ACC0015751,2026-07-14
ACC0015761,2026-07-10
ACC0015771,2026-07-11
ACC0015773,2026-07-25
ACC0015778,2026-07-12
ACC0015782,2026-07-11
ACC0015783,2026-07-03
ACC0015787,2026-07-02
ACC0015792,2026-07-08
ACC0015798,2026-07-25
ACC0015801,2026-07-20
ACC0015802,2026-07-08
ACC0015806,2026-07-27
ACC0015809,2026-07-31
ACC0015814,2026-07-19
ACC0015818,2026-07-28
ACC0015819,2026-07-05
ACC0015827,2026-07-27
ACC0015832,2026-07-04
ACC0015834,2026-07-13
ACC0015835,2026-07-24
ACC0015844,2026-07-28
ACC0015849,2026-07-16
ACC0015856,2026-07-18
ACC0015859,2026-07-12
ACC0015867,2026-07-24
ACC0015877,2026-07-04
ACC0015884,2026-07-11
ACC0015886,2026-07-08
ACC0015891,2026-07-22
ACC0015896,2026-07-19
ACC0015902,2026-07-14
ACC0015905,2026-07-19
ACC0015916,2026-07-07
ACC0015917,2026-07-29
ACC0015927,2026-07-25
ACC0015928,2026-07-17
ACC0015929,2026-07-08
ACC0015931,2026-07-11
ACC0015932,2026-07-08
ACC0015933,2026-07-08
ACC0015945,2026-07-23
ACC0015946,2026-07-04
ACC0015959,2026-07-31
ACC0015962,2026-07-05
ACC0015963,2026-07-25
ACC0015968,2026-07-14
ACC0015974,2026-07-10
ACC0015976,2026-07-18
ACC0015985,2026-07-10
ACC0015988,2026-07-14
ACC0015993,2026-07-21
ACC0015999,2026-07-13
ACC0016000,2026-07-05
ACC0016001,2026-07-24
ACC0016008,2026-07-31
ACC0016015,2026-07-14
ACC0016021,2026-07-14
ACC0016030,2026-07-27
ACC0016037,2026-07-25
ACC0016045,2026-07-22
ACC0016046,2026-07-31
ACC0016048,2026-07-15
ACC0016054,2026-07-02
ACC0016057,2026-07-14
ACC0016061,2026-07-19
ACC0016064,2026-07-01
ACC0016066,2026-07-07
ACC0016072,2026-07-12
ACC0016073,2026-07-13
ACC0016084,2026-07-17
ACC0016096,2026-07-12
ACC0016105,2026-07-09
ACC0016111,2026-07-21
ACC0016117,2026-07-04
ACC0016136,2026-07-29
ACC0016137,2026-07-18
ACC0016142,2026-07-24
ACC0016143,2026-07-31
ACC0016146,2026-07-08
ACC0016148,2026-07-05
ACC0016151,2026-07-18
ACC0016159,2026-07-21
ACC0016161,2026-07-28
ACC0016165,2026-07-26
ACC0016167,2026-07-26
ACC0016181,2026-07-26
ACC0016182,2026-07-13
ACC0016184,2026-07-07
ACC0016190,2026-07-16
ACC0016195,2026-07-05
ACC0016200,2026-07-05
ACC0016221,2026-07-09
ACC0016234,2026-07-04
ACC0016235,2026-07-02
ACC0016243,2026-07-07
ACC0016259,2026-07-16
ACC0016273,2026-07-10
ACC0016276,2026-07-06
ACC0016288,2026-07-09
ACC0016312,2026-07-12
ACC0016316,2026-07-20
ACC0016319,2026-07-04
ACC0016322,2026-07-27
ACC0016336,2026-07-12
ACC0016340,2026-07-04
ACC0016341,2026-07-02
ACC0016345,2026-07-04
ACC0016352,2026-07-28
ACC0016353,2026-07-23
ACC0016358,2026-07-06
ACC0016362,2026-07-18
ACC0016365,2026-07-26
ACC0016370,2026-07-07
ACC0016372,2026-07-21
ACC0016374,2026-07-26
ACC0016375,2026-07-29
ACC0016376,2026-07-11
ACC0016384,2026-07-01
ACC0016385,2026-07-18
ACC0016390,2026-07-16
ACC0016393,2026-07-06
ACC0016397,2026-07-20
ACC0016398,2026-07-10
ACC0016405,2026-07-07
ACC0016408,2026-07-07
ACC0016414,2026-07-15
ACC0016415,2026-07-15
ACC0016420,2026-07-18
ACC0016426,2026-07-10
ACC0016427,2026-07-25
ACC0016445,2026-07-08
ACC0016451,2026-07-01
ACC0016455,2026-07-26
ACC0016460,2026-07-09
ACC0016468,2026-07-11
ACC0016469,2026-07-08
ACC0016471,2026-07-31
ACC0016472,2026-07-03
ACC0016475,2026-07-19
ACC0016476,2026-07-30
ACC0016477,2026-07-06
ACC0016480,2026-07-17
ACC0016483,2026-07-29
ACC0016484,2026-07-19
ACC0016486,2026-07-15
ACC0016487,2026-07-04
ACC0016490,2026-07-23
ACC0016496,2026-07-09
ACC0016499,2026-07-13
ACC0016507,2026-07-25
ACC0016512,2026-07-24
ACC0016517,2026-07-31
ACC0016520,2026-07-18
ACC0016523,2026-07-31
ACC0016525,2026-07-10
ACC0016529,2026-07-01
ACC0016531,2026-07-28
ACC0016533,2026-07-22
ACC0016534,2026-07-01
ACC0016539,2026-07-28
ACC0016542,2026-07-28
ACC0016545,2026-07-15
ACC0016570,2026-07-26
ACC0016578,2026-07-15
ACC0016581,2026-07-29
ACC0016585,2026-07-05
ACC0016586,2026-07-04
ACC0016592,2026-07-29
ACC0016594,2026-07-30
ACC0016600,2026-07-31
ACC0016601,2026-07-28
ACC0016618,2026-07-19
ACC0016620,2026-07-10
ACC0016622,2026-07-31
ACC0016631,2026-07-13
ACC0016632,2026-07-28
ACC0016642,2026-07-08
ACC0016643,2026-07-21
ACC0016646,2026-07-02
ACC0016651,2026-07-29
ACC0016652,2026-07-19
ACC0016658,2026-07-17
ACC0016666,2026-07-09
ACC0016677,2026-07-17
ACC0016683,2026-07-31
ACC0016686,2026-07-08
ACC0016687,2026-07-24
ACC0016689,2026-07-04
ACC0016700,2026-07-25
ACC0016713,2026-07-03
ACC0016720,2026-07-25
ACC0016732,2026-07-06
ACC0016735,2026-07-17
ACC0016737,2026-07-06
ACC0016745,2026-07-02
ACC0016752,2026-07-25
ACC0016765,2026-07-05
ACC0016766,2026-07-21
ACC0016771,2026-07-18
ACC0016774,2026-07-16
ACC0016782,2026-07-08
ACC0016795,2026-07-31
ACC0016808,2026-07-26
ACC0016815,2026-07-14
ACC0016818,2026-07-28
ACC0016819,2026-07-15
ACC0016826,2026-07-19
ACC0016828,2026-07-27
ACC0016835,2026-07-07
ACC0016852,2026-07-13
ACC0016857,2026-07-07
ACC0016860,2026-07-10
ACC0016861,2026-07-18
ACC0016862,2026-07-16
ACC0016867,2026-07-18
ACC0016874,2026-07-24
ACC0016879,2026-07-27
ACC0016882,2026-07-21
ACC0016885,2026-07-18
ACC0016888,2026-07-07
ACC0016891,2026-07-15
ACC0016895,2026-07-07
ACC0016904,2026-07-07
ACC0016905,2026-07-10
ACC0016909,2026-07-03
ACC0016913,2026-07-11
ACC0016915,2026-07-27
ACC0016919,2026-07-29
ACC0016922,2026-07-03
ACC0016925,2026-07-04
ACC0016942,2026-07-18
ACC0016943,2026-07-10
ACC0016950,2026-07-04
ACC0016955,2026-07-03
ACC0016964,2026-07-08
ACC0016968,2026-07-28
ACC0016972,2026-07-13
ACC0016974,2026-07-02
ACC0016979,2026-07-22
ACC0016988,2026-07-04
ACC0016999,2026-07-23
ACC0017002,2026-07-22
ACC0017003,2026-07-09
ACC0017014,2026-07-01
ACC0017021,2026-07-31
ACC0017026,2026-07-04
ACC0017032,2026-07-15
ACC0017037,2026-07-06
ACC0017042,2026-07-18
ACC0017045,2026-07-23
ACC0017055,2026-07-11
ACC0017058,2026-07-18
ACC0017062,2026-07-02
ACC0017072,2026-07-17
ACC0017075,2026-07-26
ACC0017077,2026-07-13
ACC0017080,2026-07-28
ACC0017082,2026-07-30
ACC0017084,2026-07-29
ACC0017100,2026-07-12
ACC0017101,2026-07-04
ACC0017104,2026-07-09
ACC0017107,2026-07-16
ACC0017110,2026-07-01
ACC0017111,2026-07-24
ACC0017112,2026-07-18
ACC0017118,2026-07-24
ACC0017123,2026-07-22
ACC0017126,2026-07-27
ACC0017127,2026-07-13
ACC0017132,2026-07-20
ACC0017134,2026-07-23
ACC0017138,2026-07-26
ACC0017140,2026-07-08
ACC0017146,2026-07-24
ACC0017156,2026-07-02
ACC0017157,2026-07-03
ACC0017169,2026-07-20
ACC0017172,2026-07-31
ACC0017175,2026-07-15
ACC0017190,2026-07-18
ACC0017194,2026-07-05
ACC0017207,2026-07-11
ACC0017210,2026-07-24
ACC0017219,2026-07-04
ACC0017223,2026-07-27
ACC0017231,2026-07-15
ACC0017248,2026-07-10
ACC0017253,2026-07-08
ACC0017267,2026-07-16
ACC0017269,2026-07-26
ACC0017271,2026-07-17
ACC0017275,2026-07-22
ACC0017279,2026-07-20
ACC0017281,2026-07-29
ACC0017297,2026-07-19
ACC0017303,2026-07-18
ACC0017306,2026-07-11
ACC0017319,2026-07-15
ACC0017326,2026-07-24
ACC0017338,2026-07-29
ACC0017345,2026-07-05
ACC0017347,2026-07-19
ACC0017351,2026-07-14
ACC0017360,2026-07-31
ACC0017361,2026-07-31
ACC0017366,2026-07-02
ACC0017376,2026-07-25
ACC0017395,2026-07-22
ACC0017400,2026-07-20
ACC0017402,2026-07-29
ACC0017404,2026-07-12
ACC0017408,2026-07-28
ACC0017427,2026-07-08
ACC0017434,2026-07-26
ACC0017436,2026-07-18
ACC0017459,2026-07-03
ACC0017463,2026-07-20
ACC0017464,2026-07-02
ACC0017469,2026-07-26
ACC0017475,2026-07-03
ACC0017476,2026-07-25
ACC0017477,2026-07-09
ACC0017480,2026-07-23
ACC0017485,2026-07-01
ACC0017487,2026-07-09
ACC0017490,2026-07-08
ACC0017495,2026-07-22
ACC0017502,2026-07-10
ACC0017520,2026-07-16
ACC0017524,2026-07-09
ACC0017527,2026-07-03
ACC0017531,2026-07-13
ACC0017535,2026-07-08
ACC0017540,2026-07-07
ACC0017545,2026-07-08
ACC0017546,2026-07-05
ACC0017547,2026-07-05
ACC0017553,2026-07-25
ACC0017556,2026-07-05
ACC0017561,2026-07-07
ACC0017566,2026-07-28
ACC0017574,2026-07-30
ACC0017576,2026-07-19
ACC0017578,2026-07-31
ACC0017579,2026-07-01
ACC0017583,2026-07-03
ACC0017587,2026-07-16
ACC0017595,2026-07-26
ACC0017607,2026-07-13
ACC0017608,2026-07-01
ACC0017614,2026-07-20
ACC0017619,2026-07-18
ACC0017620,2026-07-09
ACC0017622,2026-07-17
ACC0017627,2026-07-03
ACC0017631,2026-07-22
ACC0017634,2026-07-02
ACC0017641,2026-07-15
ACC0017645,2026-07-31
ACC0017660,2026-07-06
ACC0017664,2026-07-23
ACC0017667,2026-07-15
ACC0017672,2026-07-03
ACC0017678,2026-07-07
ACC0017693,2026-07-16
ACC0017694,2026-07-19
ACC0017702,2026-07-09
ACC0017706,2026-07-20
ACC0017709,2026-07-08
ACC0017713,2026-07-03
ACC0017718,2026-07-19
ACC0017722,2026-07-25
ACC0017724,2026-07-22
ACC0017727,2026-07-23
ACC0017730,2026-07-24
ACC0017742,2026-07-11
ACC0017747,2026-07-30
ACC0017755,2026-07-12
ACC0017757,2026-07-23
ACC0017759,2026-07-11
ACC0017775,2026-07-12
ACC0017794,2026-07-17
ACC0017797,2026-07-09
ACC0017820,2026-07-15
ACC0017827,2026-07-13
ACC0017830,2026-07-04
ACC0017837,2026-07-21
ACC0017841,2026-07-08
ACC0017844,2026-07-29
ACC0017850,2026-07-18
ACC0017853,2026-07-12
ACC0017865,2026-07-29
ACC0017868,2026-07-25
ACC0017869,2026-07-31
ACC0017874,2026-07-13
ACC0017876,2026-07-13
ACC0017880,2026-07-12
ACC0017884,2026-07-08
ACC0017885,2026-07-29
ACC0017890,2026-07-01
ACC0017896,2026-07-17
ACC0017897,2026-07-15
ACC0017898,2026-07-05
ACC0017899,2026-07-14
ACC0017901,2026-07-27
ACC0017902,2026-07-28
ACC0017903,2026-07-05
ACC0017911,2026-07-17
ACC0017919,2026-07-23
ACC0017925,2026-07-06
ACC0017927,2026-07-14
ACC0017947,2026-07-16
ACC0017951,2026-07-25
ACC0017960,2026-07-04
ACC0017973,2026-07-03
ACC0017974,2026-07-03
ACC0017975,2026-07-04
ACC0017982,2026-07-31
ACC0017984,2026-07-05
ACC0017989,2026-07-28
ACC0017993,2026-07-20
ACC0017994,2026-07-17
ACC0018000,2026-07-27
ACC0018002,2026-07-01
ACC0018005,2026-07-18
ACC0018008,2026-07-13
ACC0018014,2026-07-15
ACC0018020,2026-07-15
ACC0018024,2026-07-16
ACC0018028,2026-07-25
ACC0018035,2026-07-15
ACC0018036,2026-07-19
ACC0018047,2026-07-09
ACC0018048,2026-07-18
ACC0018049,2026-07-25
ACC0018052,2026-07-07
ACC0018057,2026-07-10
ACC0018068,2026-07-13
ACC0018072,2026-07-08
ACC0018073,2026-07-13
ACC0018083,2026-07-11
ACC0018084,2026-07-27
ACC0018086,2026-07-08
ACC0018100,2026-07-23
ACC0018102,2026-07-31
ACC0018105,2026-07-04
ACC0018107,2026-07-28
ACC0018123,2026-07-25
ACC0018133,2026-07-08
ACC0018134,2026-07-04
ACC0018136,2026-07-06
ACC0018147,2026-07-19
ACC0018158,2026-07-10
ACC0018165,2026-07-12
ACC0018168,2026-07-11
ACC0018169,2026-07-11
ACC0018171,2026-07-16
ACC0018175,2026-07-15
ACC0018176,2026-07-24
ACC0018178,2026-07-25
ACC0018183,2026-07-15
ACC0018184,2026-07-18
ACC0018185,2026-07-09
ACC0018187,2026-07-29
ACC0018190,2026-07-19
ACC0018191,2026-07-09
ACC0018194,2026-07-01
ACC0018195,2026-07-06
ACC0018197,2026-07-27
ACC0018209,2026-07-19
ACC0018215,2026-07-20
ACC0018216,2026-07-20
ACC0018228,2026-07-25
ACC0018237,2026-07-31
ACC0018238,2026-07-07
ACC0018248,2026-07-26
ACC0018260,2026-07-19
ACC0018266,2026-07-05
ACC0018277,2026-07-29
ACC0018280,2026-07-09
ACC0018294,2026-07-06
ACC0018300,2026-07-03
ACC0018307,2026-07-18
ACC0018319,2026-07-22
ACC0018321,2026-07-07
ACC0018327,2026-07-16
ACC0018345,2026-07-12
ACC0018353,2026-07-11
ACC0018354,2026-07-28
ACC0018357,2026-07-14
ACC0018369,2026-07-09
ACC0018373,2026-07-07
ACC0018384,2026-07-19
ACC0018387,2026-07-10
ACC0018388,2026-07-22
ACC0018391,2026-07-26
ACC0018394,2026-07-26
ACC0018395,2026-07-16
ACC0018396,2026-07-10
ACC0018401,2026-07-12
ACC0018402,2026-07-20
ACC0018406,2026-07-31
ACC0018407,2026-07-27
ACC0018430,2026-07-20
ACC0018431,2026-07-07
ACC0018437,2026-07-28
ACC0018438,2026-07-07
ACC0018441,2026-07-21
ACC0018451,2026-07-05
ACC0018453,2026-07-04
ACC0018456,2026-07-05
ACC0018460,2026-07-29
ACC0018467,2026-07-23
ACC0018470,2026-07-13
ACC0018478,2026-07-11
ACC0018479,2026-07-05
ACC0018491,2026-07-28
ACC0018502,2026-07-12
ACC0018508,2026-07-30
ACC0018510,2026-07-01
ACC0018513,2026-07-16
ACC0018516,2026-07-08
ACC0018522,2026-07-12
ACC0018525,2026-07-22
ACC0018529,2026-07-14
ACC0018533,2026-07-22
ACC0018538,2026-07-18
ACC0018547,2026-07-08
ACC0018549,2026-07-09
ACC0018551,2026-07-23
ACC0018568,2026-07-25
ACC0018573,2026-07-07
ACC0018579,2026-07-07
ACC0018582,2026-07-08
ACC0018588,2026-07-17
ACC0018591,2026-07-31
ACC0018594,2026-07-04
ACC0018595,2026-07-13
ACC0018598,2026-07-25
ACC0018607,2026-07-22
ACC0018609,2026-07-24
ACC0018610,2026-07-06
ACC0018615,2026-07-14
ACC0018622,2026-07-20
ACC0018645,2026-07-16
ACC0018656,2026-07-03
ACC0018662,2026-07-04
ACC0018667,2026-07-17
ACC0018684,2026-07-18
ACC0018694,2026-07-23
ACC0018695,2026-07-31
ACC0018700,2026-07-29
ACC0018713,2026-07-07
ACC0018721,2026-07-28
ACC0018734,2026-07-02
ACC0018739,2026-07-06
ACC0018740,2026-07-04
ACC0018743,2026-07-14
ACC0018759,2026-07-15
ACC0018771,2026-07-03
ACC0018774,2026-07-29
ACC0018776,2026-07-25
ACC0018788,2026-07-18
ACC0018792,2026-07-13
ACC0018807,2026-07-29
ACC0018812,2026-07-21
ACC0018815,2026-07-11
ACC0018817,2026-07-30
ACC0018818,2026-07-20
ACC0018826,2026-07-04
ACC0018833,2026-07-12
ACC0018837,2026-07-05
ACC0018848,2026-07-02
ACC0018849,2026-07-15
ACC0018855,2026-07-17
ACC0018858,2026-07-20
ACC0018859,2026-07-22
ACC0018864,2026-07-22
ACC0018871,2026-07-11
ACC0018877,2026-07-23
ACC0018879,2026-07-22
ACC0018894,2026-07-26
ACC0018896,2026-07-29
ACC0018904,2026-07-03
ACC0018913,2026-07-28
ACC0018927,2026-07-15
ACC0018936,2026-07-10
ACC0018939,2026-07-17
ACC0018940,2026-07-25
ACC0018952,2026-07-13
ACC0018956,2026-07-03
ACC0018959,2026-07-04
ACC0018962,2026-07-26
ACC0018971,2026-07-18
ACC0018976,2026-07-11
ACC0018986,2026-07-19
ACC0018992,2026-07-31
ACC0018999,2026-07-07
ACC0019007,2026-07-18
ACC0019018,2026-07-21
ACC0019029,2026-07-26
ACC0019032,2026-07-12
ACC0019033,2026-07-29
ACC0019036,2026-07-16
ACC0019038,2026-07-23
ACC0019049,2026-07-20
ACC0019058,2026-07-29
ACC0019069,2026-07-30
ACC0019071,2026-07-18
ACC0019079,2026-07-21
ACC0019093,2026-07-07
ACC0019094,2026-07-22
ACC0019095,2026-07-12
ACC0019102,2026-07-22
ACC0019103,2026-07-30
ACC0019108,2026-07-14
ACC0019112,2026-07-14
ACC0019114,2026-07-26
ACC0019115,2026-07-16
ACC0019120,2026-07-14
ACC0019147,2026-07-09
ACC0019148,2026-07-10
ACC0019151,2026-07-02
ACC0019157,2026-07-15
ACC0019162,2026-07-31
ACC0019166,2026-07-11
ACC0019181,2026-07-21
ACC0019199,2026-07-28
ACC0019204,2026-07-27
ACC0019207,2026-07-18
ACC0019211,2026-07-17
ACC0019223,2026-07-09
ACC0019224,2026-07-22
ACC0019228,2026-07-12
ACC0019229,2026-07-05
ACC0019231,2026-07-16
ACC0019235,2026-07-09
ACC0019238,2026-07-20
ACC0019243,2026-07-10
ACC0019244,2026-07-03
ACC0019245,2026-07-19
ACC0019261,2026-07-30
ACC0019267,2026-07-12
ACC0019280,2026-07-01
ACC0019281,2026-07-22
ACC0019283,2026-07-23
ACC0019288,2026-07-27
ACC0019291,2026-07-08
ACC0019302,2026-07-08
ACC0019303,2026-07-03
ACC0019306,2026-07-08
ACC0019308,2026-07-11
ACC0019311,2026-07-08
ACC0019314,2026-07-15
ACC0019318,2026-07-11
ACC0019332,2026-07-09
ACC0019335,2026-07-21
ACC0019338,2026-07-16
ACC0019339,2026-07-14
ACC0019342,2026-07-17
ACC0019345,2026-07-14
ACC0019348,2026-07-29
ACC0019363,2026-07-06
ACC0019364,2026-07-06
ACC0019366,2026-07-04
ACC0019368,2026-07-01
ACC0019373,2026-07-23
ACC0019374,2026-07-26
ACC0019377,2026-07-06
ACC0019382,2026-07-22
ACC0019383,2026-07-15
ACC0019386,2026-07-01
ACC0019391,2026-07-24
ACC0019393,2026-07-25
ACC0019394,2026-07-11
ACC0019395,2026-07-09
ACC0019408,2026-07-06
ACC0019418,2026-07-01
ACC0019422,2026-07-16
ACC0019429,2026-07-22
ACC0019439,2026-07-19
ACC0019441,2026-07-09
ACC0019443,2026-07-06
ACC0019452,2026-07-26
ACC0019455,2026-07-30
ACC0019464,2026-07-29
ACC0019473,2026-07-21
ACC0019487,2026-07-30
ACC0019504,2026-07-01
ACC0019506,2026-07-18
ACC0019508,2026-07-09
ACC0019515,2026-07-13
ACC0019518,2026-07-21
ACC0019519,2026-07-02
ACC0019522,2026-07-03
ACC0019523,2026-07-05
ACC0019538,2026-07-12
ACC0019539,2026-07-12
ACC0019540,2026-07-18
ACC0019543,2026-07-09
ACC0019546,2026-07-15
ACC0019557,2026-07-13
ACC0019559,2026-07-08
ACC0019564,2026-07-20
ACC0019568,2026-07-04
ACC0019576,2026-07-31
ACC0019581,2026-07-07
ACC0019588,2026-07-18
ACC0019594,2026-07-26
ACC0019604,2026-07-31
ACC0019605,2026-07-24
ACC0019606,2026-07-29
ACC0019609,2026-07-21
ACC0019613,2026-07-17
ACC0019614,2026-07-04
ACC0019617,2026-07-10
ACC0019623,2026-07-21
ACC0019635,2026-07-23
ACC0019636,2026-07-19
ACC0019637,2026-07-11
ACC0019642,2026-07-14
ACC0019647,2026-07-30
ACC0019650,2026-07-16
ACC0019653,2026-07-24
ACC0019678,2026-07-20
ACC0019679,2026-07-04
ACC0019680,2026-07-23
ACC0019685,2026-07-13
ACC0019689,2026-07-10
ACC0019691,2026-07-04
ACC0019696,2026-07-08
ACC0019698,2026-07-09
ACC0019700,2026-07-24
ACC0019707,2026-07-09
ACC0019708,2026-07-09
ACC0019713,2026-07-09
ACC0019727,2026-07-11
ACC0019728,2026-07-16
ACC0019730,2026-07-01
ACC0019732,2026-07-19
ACC0019735,2026-07-29
ACC0019736,2026-07-22
ACC0019741,2026-07-31
ACC0019749,2026-07-21
ACC0019752,2026-07-01
ACC0019760,2026-07-09
ACC0019761,2026-07-04
ACC0019771,2026-07-26
ACC0019775,2026-07-14
ACC0019780,2026-07-11
ACC0019782,2026-07-28
ACC0019790,2026-07-28
ACC0019791,2026-07-08
ACC0019794,2026-07-29
ACC0019824,2026-07-21
ACC0019828,2026-07-13
ACC0019832,2026-07-17
ACC0019852,2026-07-09
ACC0019856,2026-07-11
ACC0019858,2026-07-26
ACC0019866,2026-07-27
ACC0019867,2026-07-09
ACC0019870,2026-07-02
ACC0019871,2026-07-06
ACC0019874,2026-07-14
ACC0019875,2026-07-04
ACC0019880,2026-07-09
ACC0019883,2026-07-22
ACC0019884,2026-07-31
ACC0019891,2026-07-31
ACC0019892,2026-07-15
ACC0019894,2026-07-03
ACC0019897,2026-07-16
ACC0019900,2026-07-18
ACC0019901,2026-07-08
ACC0019902,2026-07-05
ACC0019904,2026-07-18
ACC0019909,2026-07-17
ACC0019910,2026-07-27
ACC0019916,2026-07-18
ACC0019927,2026-07-06
ACC0019939,2026-07-20
ACC0019943,2026-07-10
ACC0019946,2026-07-15
ACC0019955,2026-07-31
ACC0019970,2026-07-18
ACC0019981,2026-07-23
ACC0019985,2026-07-11
ACC0019986,2026-07-04
ACC0019988,2026-07-01
ACC0019989,2026-07-02
ACC0019994,2026-07-20
ACC0020000,2026-07-14
ACC0020011,2026-07-03
ACC0020019,2026-07-30
ACC0020023,2026-07-08
ACC0020032,2026-07-15
ACC0020034,2026-07-26
ACC0020035,2026-07-25
ACC0020047,2026-07-15
ACC0020048,2026-07-26
ACC0020050,2026-07-29
ACC0020052,2026-07-29
ACC0020053,2026-07-10
ACC0020055,2026-07-18
ACC0020060,2026-07-11
ACC0020062,2026-07-08
ACC0020069,2026-07-15
ACC0020078,2026-07-28
ACC0020087,2026-07-09
ACC0020104,2026-07-13
ACC0020110,2026-07-05
ACC0020115,2026-07-12
ACC0020120,2026-07-06
ACC0020122,2026-07-21
ACC0020128,2026-07-07
ACC0020132,2026-07-31
ACC0020144,2026-07-12
ACC0020149,2026-07-04
ACC0020154,2026-07-18
ACC0020156,2026-07-03
ACC0020157,2026-07-04
ACC0020160,2026-07-22
ACC0020175,2026-07-20
ACC0020177,2026-07-28
ACC0020187,2026-07-11
ACC0020188,2026-07-25
ACC0020192,2026-07-14
ACC0020205,2026-07-26
ACC0020207,2026-07-10
ACC0020210,2026-07-30
ACC0020217,2026-07-13
ACC0020220,2026-07-02
ACC0020224,2026-07-06
ACC0020225,2026-07-19
ACC0020230,2026-07-03
ACC0020234,2026-07-22
ACC0020251,2026-07-22
ACC0020256,2026-07-18
ACC0020260,2026-07-31
ACC0020264,2026-07-25
ACC0020265,2026-07-28
ACC0020268,2026-07-21
ACC0020270,2026-07-01
ACC0020272,2026-07-24
ACC0020273,2026-07-26
ACC0020278,2026-07-17
ACC0020279,2026-07-14
ACC0020281,2026-07-11
ACC0020283,2026-07-12
ACC0020300,2026-07-20
ACC0020307,2026-07-21
ACC0020311,2026-07-12
ACC0020322,2026-07-03
ACC0020325,2026-07-07
ACC0020333,2026-07-12
ACC0020341,2026-07-29
ACC0020343,2026-07-29
ACC0020349,2026-07-05
ACC0020354,2026-07-10
ACC0020357,2026-07-31
ACC0020358,2026-07-17
ACC0020370,2026-07-13
ACC0020371,2026-07-26
ACC0020379,2026-07-04
ACC0020392,2026-07-11
ACC0020393,2026-07-20
ACC0020410,2026-07-12
ACC0020418,2026-07-10
ACC0020431,2026-07-16
ACC0020439,2026-07-12
ACC0020445,2026-07-25
ACC0020449,2026-07-05
ACC0020456,2026-07-19
ACC0020461,2026-07-13
ACC0020466,2026-07-26
ACC0020474,2026-07-31
ACC0020476,2026-07-06
ACC0020482,2026-07-28
ACC0020488,2026-07-14
ACC0020493,2026-07-04
ACC0020496,2026-07-18
ACC0020508,2026-07-04
ACC0020518,2026-07-29
ACC0020521,2026-07-18
ACC0020526,2026-07-12
ACC0020527,2026-07-09
ACC0020528,2026-07-08
ACC0020548,2026-07-12
ACC0020549,2026-07-05
ACC0020552,2026-07-16
ACC0020557,2026-07-26
ACC0020560,2026-07-22
ACC0020569,2026-07-09
ACC0020572,2026-07-27
ACC0020573,2026-07-09
ACC0020579,2026-07-15
ACC0020582,2026-07-09
ACC0020589,2026-07-10
ACC0020592,2026-07-21
ACC0020594,2026-07-15
ACC0020605,2026-07-19
ACC0020606,2026-07-14
ACC0020608,2026-07-29
ACC0020609,2026-07-14
ACC0020622,2026-07-05
ACC0020625,2026-07-03
ACC0020634,2026-07-18
ACC0020636,2026-07-13
ACC0020640,2026-07-18
ACC0020641,2026-07-08
ACC0020649,2026-07-05
ACC0020657,2026-07-17
ACC0020664,2026-07-17
ACC0020668,2026-07-04
ACC0020670,2026-07-12
ACC0020674,2026-07-10
ACC0020678,2026-07-18
ACC0020681,2026-07-21
ACC0020686,2026-07-18
ACC0020696,2026-07-04
ACC0020708,2026-07-12
ACC0020712,2026-07-22
ACC0020718,2026-07-14
ACC0020723,2026-07-21
ACC0020724,2026-07-15
ACC0020745,2026-07-07
ACC0020748,2026-07-25
ACC0020751,2026-07-30
ACC0020777,2026-07-10
ACC0020781,2026-07-16
ACC0020790,2026-07-21
ACC0020798,2026-07-22
ACC0020807,2026-07-04
ACC0020809,2026-07-05
ACC0020838,2026-07-14
ACC0020839,2026-07-25
ACC0020840,2026-07-24
ACC0020841,2026-07-29
ACC0020842,2026-07-23
ACC0020846,2026-07-19
ACC0020848,2026-07-28
ACC0020854,2026-07-06
ACC0020856,2026-07-25
ACC0020861,2026-07-12
ACC0020872,2026-07-22
ACC0020876,2026-07-13
ACC0020882,2026-07-29
ACC0020884,2026-07-28
ACC0020894,2026-07-06
ACC0020896,2026-07-10
ACC0020899,2026-07-14
ACC0020908,2026-07-19
ACC0020909,2026-07-26
ACC0020911,2026-07-09
ACC0020912,2026-07-28
ACC0020920,2026-07-04
ACC0020921,2026-07-24
ACC0020922,2026-07-25
ACC0020942,2026-07-27
ACC0020951,2026-07-20
ACC0020955,2026-07-18
ACC0020957,2026-07-17
ACC0020958,2026-07-31
ACC0020961,2026-07-04
ACC0020962,2026-07-04
ACC0020973,2026-07-30
ACC0020976,2026-07-17
ACC0020977,2026-07-26
ACC0020978,2026-07-21
ACC0020982,2026-07-23
ACC0020986,2026-07-13
ACC0020995,2026-07-22
ACC0020996,2026-07-10
ACC0020999,2026-07-22
ACC0021006,2026-07-12
ACC0021016,2026-07-08
ACC0021018,2026-07-01
ACC0021024,2026-07-09
ACC0021040,2026-07-31
ACC0021049,2026-07-18
ACC0021052,2026-07-13
ACC0021058,2026-07-11
ACC0021061,2026-07-20
ACC0021064,2026-07-08
ACC0021066,2026-07-20
ACC0021067,2026-07-23
ACC0021072,2026-07-22
ACC0021093,2026-07-21
ACC0021097,2026-07-07
ACC0021110,2026-07-12
ACC0021114,2026-07-29
ACC0021115,2026-07-08
ACC0021119,2026-07-02
ACC0021128,2026-07-20
ACC0021133,2026-07-22
ACC0021137,2026-07-09
ACC0021140,2026-07-11
ACC0021144,2026-07-04
ACC0021145,2026-07-19
ACC0021151,2026-07-03
ACC0021154,2026-07-26
ACC0021161,2026-07-02
ACC0021165,2026-07-16
ACC0021169,2026-07-20
ACC0021183,2026-07-11
ACC0021190,2026-07-03
ACC0021192,2026-07-12
ACC0021194,2026-07-21
ACC0021196,2026-07-18
ACC0021197,2026-07-29
ACC0021207,2026-07-23
ACC0021213,2026-07-10
ACC0021214,2026-07-04
ACC0021220,2026-07-22
ACC0021225,2026-07-22
ACC0021236,2026-07-11
ACC0021244,2026-07-16
ACC0021245,2026-07-10
ACC0021249,2026-07-25
ACC0021251,2026-07-18
ACC0021255,2026-07-23
ACC0021260,2026-07-29
ACC0021262,2026-07-01
ACC0021268,2026-07-29
ACC0021270,2026-07-07
ACC0021275,2026-07-29
ACC0021277,2026-07-06
ACC0021281,2026-07-04
ACC0021287,2026-07-15
ACC0021289,2026-07-12
ACC0021292,2026-07-02
ACC0021296,2026-07-16
ACC0021297,2026-07-16
ACC0021306,2026-07-25
ACC0021312,2026-07-05
ACC0021314,2026-07-14
ACC0021320,2026-07-16
ACC0021322,2026-07-12
ACC0021328,2026-07-09
ACC0021329,2026-07-27
ACC0021334,2026-07-07
ACC0021335,2026-07-19
ACC0021342,2026-07-20
ACC0021343,2026-07-13
ACC0021346,2026-07-26
ACC0021348,2026-07-09
ACC0021359,2026-07-28
ACC0021361,2026-07-26
ACC0021367,2026-07-02
ACC0021372,2026-07-25
ACC0021396,2026-07-23
ACC0021399,2026-07-11
ACC0021401,2026-07-29
ACC0021403,2026-07-16
ACC0021410,2026-07-09
ACC0021412,2026-07-30
ACC0021413,2026-07-03
ACC0021414,2026-07-17
ACC0021417,2026-07-28
ACC0021418,2026-07-17
ACC0021428,2026-07-07
ACC0021471,2026-07-26
ACC0021479,2026-07-19
ACC0021481,2026-07-31
ACC0021494,2026-07-30
ACC0021496,2026-07-11
ACC0021510,2026-07-06
ACC0021511,2026-07-17
ACC0021517,2026-07-25
ACC0021522,2026-07-06
ACC0021523,2026-07-23
ACC0021533,2026-07-23
ACC0021537,2026-07-09
ACC0021538,2026-07-15
ACC0021540,2026-07-04
ACC0021541,2026-07-21
ACC0021546,2026-07-06
ACC0021548,2026-07-20
ACC0021553,2026-07-03
ACC0021565,2026-07-28
ACC0021567,2026-07-04
ACC0021568,2026-07-16
ACC0021586,2026-07-17
ACC0021587,2026-07-26
ACC0021601,2026-07-17
ACC0021606,2026-07-15
ACC0021607,2026-07-14
ACC0021608,2026-07-28
ACC0021610,2026-07-01
ACC0021629,2026-07-28
ACC0021639,2026-07-20
ACC0021642,2026-07-31
ACC0021649,2026-07-13
ACC0021651,2026-07-27
ACC0021667,2026-07-24
ACC0021671,2026-07-15
ACC0021677,2026-07-06
ACC0021680,2026-07-07
ACC0021682,2026-07-20
ACC0021683,2026-07-28
ACC0021688,2026-07-29
ACC0021691,2026-07-12
ACC0021695,2026-07-14
ACC0021705,2026-07-09
ACC0021717,2026-07-09
ACC0021719,2026-07-12
ACC0021728,2026-07-08
ACC0021733,2026-07-25
ACC0021734,2026-07-02
ACC0021739,2026-07-29
ACC0021741,2026-07-06
ACC0021742,2026-07-31
ACC0021743,2026-07-15
ACC0021749,2026-07-25
ACC0021767,2026-07-14
ACC0021770,2026-07-21
ACC0021793,2026-07-28
ACC0021802,2026-07-24
ACC0021803,2026-07-30
ACC0021814,2026-07-05
ACC0021817,2026-07-16
ACC0021821,2026-07-01
ACC0021822,2026-07-16
ACC0021826,2026-07-17
ACC0021834,2026-07-11
ACC0021835,2026-07-02
ACC0021841,2026-07-25
ACC0021844,2026-07-16
ACC0021849,2026-07-30
ACC0021853,2026-07-26
ACC0021855,2026-07-31
ACC0021859,2026-07-29
ACC0021863,2026-07-28
ACC0021873,2026-07-02
ACC0021879,2026-07-28
ACC0021891,2026-07-13
ACC0021894,2026-07-08
ACC0021895,2026-07-23
ACC0021903,2026-07-03
ACC0021912,2026-07-22
ACC0021913,2026-07-14
ACC0021920,2026-07-14
ACC0021921,2026-07-10
ACC0021933,2026-07-18
ACC0021936,2026-07-25
ACC0021937,2026-07-02
ACC0021942,2026-07-18
ACC0021964,2026-07-28
ACC0021970,2026-07-12
ACC0021972,2026-07-02
ACC0021978,2026-07-26
ACC0021981,2026-07-15
ACC0021983,2026-07-12
ACC0021988,2026-07-04
ACC0021991,2026-07-19
ACC0022005,2026-07-09
ACC0022006,2026-07-05
ACC0022007,2026-07-30
ACC0022008,2026-07-28
ACC0022010,2026-07-25
ACC0022011,2026-07-06
ACC0022020,2026-07-05
ACC0022029,2026-07-19
ACC0022034,2026-07-01
ACC0022051,2026-07-11
ACC0022052,2026-07-21
ACC0022057,2026-07-26
ACC0022064,2026-07-12
ACC0022068,2026-07-28
ACC0022073,2026-07-07
ACC0022080,2026-07-31
ACC0022082,2026-07-13
ACC0022086,2026-07-21
ACC0022090,2026-07-11
ACC0022098,2026-07-23
ACC0022110,2026-07-09
ACC0022116,2026-07-19
ACC0022122,2026-07-31
ACC0022128,2026-07-23
ACC0022135,2026-07-05
ACC0022161,2026-07-31
ACC0022163,2026-07-18
ACC0022166,2026-07-05
ACC0022169,2026-07-20
ACC0022176,2026-07-06
ACC0022178,2026-07-02
ACC0022187,2026-07-17
ACC0022189,2026-07-26
ACC0022194,2026-07-08
ACC0022201,2026-07-05
ACC0022209,2026-07-07
ACC0022223,2026-07-02
ACC0022226,2026-07-31
ACC0022228,2026-07-01
ACC0022233,2026-07-03
ACC0022235,2026-07-05
ACC0022236,2026-07-18
ACC0022238,2026-07-13
ACC0022250,2026-07-07
ACC0022254,2026-07-10
ACC0022257,2026-07-02
ACC0022268,2026-07-02
ACC0022278,2026-07-14
ACC0022279,2026-07-26
ACC0022286,2026-07-17
ACC0022288,2026-07-02
ACC0022295,2026-07-10
ACC0022299,2026-07-20
ACC0022301,2026-07-18
ACC0022307,2026-07-15
ACC0022310,2026-07-01
ACC0022317,2026-07-06
ACC0022330,2026-07-30
ACC0022333,2026-07-12
ACC0022334,2026-07-08
ACC0022336,2026-07-09
ACC0022337,2026-07-02
ACC0022340,2026-07-09
ACC0022347,2026-07-22
ACC0022349,2026-07-17
ACC0022356,2026-07-19
ACC0022359,2026-07-15
ACC0022365,2026-07-09
ACC0022366,2026-07-23
ACC0022370,2026-07-16
ACC0022374,2026-07-29
ACC0022384,2026-07-09
ACC0022391,2026-07-10
ACC0022393,2026-07-07
ACC0022396,2026-07-12
ACC0022402,2026-07-30
ACC0022403,2026-07-10
ACC0022407,2026-07-03
ACC0022411,2026-07-21
ACC0022419,2026-07-29
ACC0022445,2026-07-18
ACC0022452,2026-07-25
ACC0022456,2026-07-26
ACC0022458,2026-07-11
ACC0022460,2026-07-20
ACC0022461,2026-07-03
ACC0022462,2026-07-24
ACC0022463,2026-07-26
ACC0022467,2026-07-31
ACC0022470,2026-07-08
ACC0022484,2026-07-07
ACC0022488,2026-07-28
ACC0022490,2026-07-09
ACC0022496,2026-07-28
ACC0022498,2026-07-26
ACC0022502,2026-07-19
ACC0022506,2026-07-21
ACC0022507,2026-07-23
ACC0022516,2026-07-18
ACC0022524,2026-07-16
ACC0022526,2026-07-01
ACC0022529,2026-07-14
ACC0022543,2026-07-10
ACC0022557,2026-07-25
ACC0022558,2026-07-27
ACC0022559,2026-07-12
ACC0022564,2026-07-02
ACC0022565,2026-07-03
ACC0022573,2026-07-15
ACC0022576,2026-07-27
ACC0022577,2026-07-17
ACC0022578,2026-07-15
ACC0022584,2026-07-15
ACC0022586,2026-07-15
ACC0022625,2026-07-02
ACC0022626,2026-07-11
ACC0022628,2026-07-23
ACC0022640,2026-07-10
ACC0022649,2026-07-04
ACC0022660,2026-07-21
ACC0022664,2026-07-21
ACC0022665,2026-07-15
ACC0022668,2026-07-06
ACC0022672,2026-07-05
ACC0022680,2026-07-28
ACC0022682,2026-07-21
ACC0022688,2026-07-22
ACC0022692,2026-07-19
ACC0022698,2026-07-31
ACC0022701,2026-07-07
ACC0022708,2026-07-21
ACC0022711,2026-07-10
ACC0022714,2026-07-01
ACC0022718,2026-07-08
ACC0022722,2026-07-20
ACC0022723,2026-07-10
ACC0022724,2026-07-23
ACC0022731,2026-07-26
ACC0022732,2026-07-04
ACC0022735,2026-07-08
ACC0022748,2026-07-03
ACC0022759,2026-07-26
ACC0022760,2026-07-28
ACC0022762,2026-07-06
ACC0022763,2026-07-29
ACC0022772,2026-07-04
ACC0022774,2026-07-29
ACC0022779,2026-07-11
ACC0022780,2026-07-21
ACC0022793,2026-07-19
ACC0022796,2026-07-11
ACC0022800,2026-07-18
ACC0022821,2026-07-14
ACC0022843,2026-07-21
ACC0022847,2026-07-11
ACC0022851,2026-07-16
ACC0022853,2026-07-17
ACC0022860,2026-07-28
ACC0022866,2026-07-14
ACC0022885,2026-07-04
ACC0022890,2026-07-27
ACC0022892,2026-07-25
ACC0022900,2026-07-19
ACC0022903,2026-07-08
ACC0022908,2026-07-29
ACC0022917,2026-07-30
ACC0022918,2026-07-11
ACC0022919,2026-07-08
ACC0022928,2026-07-02
ACC0022936,2026-07-17
ACC0022940,2026-07-02
ACC0022943,2026-07-14
ACC0022944,2026-07-06
ACC0022946,2026-07-03
ACC0022949,2026-07-07
ACC0022959,2026-07-30
ACC0022974,2026-07-11
ACC0022975,2026-07-14
ACC0022976,2026-07-02
ACC0022980,2026-07-08
ACC0022989,2026-07-15
ACC0023001,2026-07-31
ACC0023002,2026-07-21
ACC0023007,2026-07-23
ACC0023011,2026-07-31
ACC0023013,2026-07-21
ACC0023023,2026-07-13
ACC0023028,2026-07-14
ACC0023037,2026-07-04
ACC0023040,2026-07-04
ACC0023054,2026-07-15
ACC0023057,2026-07-03
ACC0023060,2026-07-01
ACC0023061,2026-07-02
ACC0023066,2026-07-30
ACC0023079,2026-07-04
ACC0023096,2026-07-14
ACC0023102,2026-07-12
ACC0023116,2026-07-22
ACC0023121,2026-07-10
ACC0023124,2026-07-08
ACC0023125,2026-07-11
ACC0023126,2026-07-31
ACC0023129,2026-07-06
ACC0023139,2026-07-21
ACC0023141,2026-07-11
ACC0023147,2026-07-12
ACC0023148,2026-07-23
ACC0023151,2026-07-25
ACC0023156,2026-07-04
ACC0023157,2026-07-25
ACC0023158,2026-07-01
ACC0023159,2026-07-03
ACC0023163,2026-07-19
ACC0023164,2026-07-01
ACC0023165,2026-07-02
ACC0023166,2026-07-07
ACC0023169,2026-07-31
ACC0023178,2026-07-06
ACC0023181,2026-07-30
ACC0023185,2026-07-05
ACC0023187,2026-07-14
ACC0023194,2026-07-04
ACC0023207,2026-07-29
ACC0023211,2026-07-26
ACC0023213,2026-07-03
ACC0023215,2026-07-05
ACC0023220,2026-07-13
ACC0023221,2026-07-03
ACC0023227,2026-07-15
ACC0023232,2026-07-15
ACC0023233,2026-07-30
ACC0023234,2026-07-04
ACC0023242,2026-07-08
ACC0023247,2026-07-31
ACC0023249,2026-07-21
ACC0023258,2026-07-06
ACC0023273,2026-07-27
ACC0023278,2026-07-01
ACC0023289,2026-07-08
ACC0023293,2026-07-30
ACC0023295,2026-07-20
ACC0023296,2026-07-12
ACC0023304,2026-07-01
ACC0023307,2026-07-10
ACC0023308,2026-07-11
ACC0023318,2026-07-23
ACC0023322,2026-07-09
ACC0023326,2026-07-18
ACC0023345,2026-07-07
ACC0023347,2026-07-16
ACC0023352,2026-07-09
ACC0023372,2026-07-24
ACC0023378,2026-07-31
ACC0023385,2026-07-01
ACC0023390,2026-07-05
ACC0023393,2026-07-05
ACC0023396,2026-07-16
ACC0023401,2026-07-23
ACC0023408,2026-07-04
ACC0023412,2026-07-10
ACC0023414,2026-07-07
ACC0023415,2026-07-04
ACC0023416,2026-07-17
ACC0023422,2026-07-25
ACC0023439,2026-07-25
ACC0023445,2026-07-08
ACC0023448,2026-07-16
ACC0023454,2026-07-23
ACC0023461,2026-07-03
ACC0023462,2026-07-11
ACC0023464,2026-07-07
ACC0023466,2026-07-05
ACC0023467,2026-07-22
ACC0023468,2026-07-27
ACC0023474,2026-07-11
ACC0023478,2026-07-19
ACC0023485,2026-07-10
ACC0023488,2026-07-26
ACC0023492,2026-07-14
ACC0023495,2026-07-09
ACC0023496,2026-07-14
ACC0023505,2026-07-25
ACC0023506,2026-07-03
ACC0023513,2026-07-25
ACC0023516,2026-07-10
ACC0023518,2026-07-16
ACC0023520,2026-07-02
ACC0023524,2026-07-04
ACC0023526,2026-07-26
ACC0023527,2026-07-31
ACC0023537,2026-07-23
ACC0023538,2026-07-11
ACC0023540,2026-07-03
ACC0023542,2026-07-29
ACC0023546,2026-07-19
ACC0023569,2026-07-20
ACC0023570,2026-07-26
ACC0023580,2026-07-20
ACC0023590,2026-07-22
ACC0023593,2026-07-18
ACC0023600,2026-07-24
ACC0023604,2026-07-05
ACC0023605,2026-07-28
ACC0023608,2026-07-10
ACC0023612,2026-07-23
ACC0023619,2026-07-27
ACC0023622,2026-07-16
ACC0023625,2026-07-28
ACC0023628,2026-07-05
ACC0023629,2026-07-28
ACC0023630,2026-07-03
ACC0023632,2026-07-05
ACC0023651,2026-07-22
ACC0023655,2026-07-27
ACC0023660,2026-07-24
ACC0023664,2026-07-21
ACC0023676,2026-07-11
ACC0023677,2026-07-24
ACC0023681,2026-07-09
ACC0023684,2026-07-02
ACC0023690,2026-07-01
ACC0023691,2026-07-30
ACC0023693,2026-07-13
ACC0023698,2026-07-09
ACC0023701,2026-07-31
ACC0023702,2026-07-17
ACC0023705,2026-07-08
ACC0023707,2026-07-17
ACC0023732,2026-07-18
ACC0023734,2026-07-18
ACC0023735,2026-07-07
ACC0023744,2026-07-15
ACC0023746,2026-07-20
ACC0023749,2026-07-02
ACC0023750,2026-07-26
ACC0023760,2026-07-14
ACC0023763,2026-07-06
ACC0023764,2026-07-27
ACC0023765,2026-07-18
ACC0023767,2026-07-09
ACC0023769,2026-07-10
ACC0023771,2026-07-23
ACC0023779,2026-07-02
ACC0023791,2026-07-15
ACC0023794,2026-07-02
ACC0023795,2026-07-29
ACC0023799,2026-07-29
ACC0023806,2026-07-11
ACC0023812,2026-07-24
ACC0023821,2026-07-01
ACC0023822,2026-07-26
ACC0023829,2026-07-17
ACC0023831,2026-07-19
ACC0023838,2026-07-13
ACC0023843,2026-07-22
ACC0023850,2026-07-07
ACC0023851,2026-07-25
ACC0023854,2026-07-11
ACC0023859,2026-07-27
ACC0023869,2026-07-03
ACC0023881,2026-07-15
ACC0023884,2026-07-27
ACC0023901,2026-07-28
ACC0023902,2026-07-05
ACC0023906,2026-07-07
ACC0023907,2026-07-01
ACC0023929,2026-07-30
ACC0023930,2026-07-29
ACC0023965,2026-07-29
ACC0023969,2026-07-17
ACC0023985,2026-07-11
ACC0023991,2026-07-23
ACC0024000,2026-07-07
ACC0024002,2026-07-08
ACC0024003,2026-07-21
ACC0024007,2026-07-25
ACC0024032,2026-07-15
ACC0024038,2026-07-23
ACC0024039,2026-07-16
ACC0024042,2026-07-29
ACC0024043,2026-07-11
ACC0024053,2026-07-20
ACC0024055,2026-07-07
ACC0024061,2026-07-26
ACC0024068,2026-07-10
ACC0024080,2026-07-03
ACC0024086,2026-07-24
ACC0024111,2026-07-09
ACC0024112,2026-07-26
ACC0024121,2026-07-04
ACC0024130,2026-07-31
ACC0024137,2026-07-29
ACC0024140,2026-07-18
ACC0024141,2026-07-21
ACC0024142,2026-07-27
ACC0024145,2026-07-27
ACC0024147,2026-07-05
ACC0024148,2026-07-19
ACC0024152,2026-07-12
ACC0024168,2026-07-21
ACC0024173,2026-07-01
ACC0024175,2026-07-12
ACC0024180,2026-07-12
ACC0024184,2026-07-18
ACC0024186,2026-07-31
ACC0024201,2026-07-28
ACC0024205,2026-07-30
ACC0024208,2026-07-05
ACC0024214,2026-07-06
ACC0024218,2026-07-16
ACC0024219,2026-07-10
ACC0024223,2026-07-04
ACC0024230,2026-07-05
ACC0024236,2026-07-13
ACC0024239,2026-07-27
ACC0024255,2026-07-03
ACC0024261,2026-07-11
ACC0024273,2026-07-16
ACC0024280,2026-07-26
ACC0024283,2026-07-13
ACC0024293,2026-07-01
ACC0024300,2026-07-27
ACC0024302,2026-07-26
ACC0024303,2026-07-22
ACC0024306,2026-07-20
ACC0024314,2026-07-06
ACC0024315,2026-07-08
ACC0024322,2026-07-06
ACC0024324,2026-07-10
ACC0024331,2026-07-14
ACC0024335,2026-07-07
ACC0024344,2026-07-01
ACC0024345,2026-07-20
ACC0024348,2026-07-11
ACC0024357,2026-07-30
ACC0024364,2026-07-27
ACC0024375,2026-07-23
ACC0024385,2026-07-30
ACC0024389,2026-07-12
ACC0024392,2026-07-25
ACC0024393,2026-07-12
ACC0024409,2026-07-09
ACC0024416,2026-07-06
ACC0024421,2026-07-04
ACC0024424,2026-07-31
ACC0024425,2026-07-07
ACC0024431,2026-07-20
ACC0024436,2026-07-05
ACC0024458,2026-07-16
ACC0024463,2026-07-29
ACC0024464,2026-07-06
ACC0024471,2026-07-01
ACC0024473,2026-07-04
ACC0024501,2026-07-11
ACC0024506,2026-07-09
ACC0024514,2026-07-25
ACC0024518,2026-07-10
ACC0024526,2026-07-28
ACC0024531,2026-07-21
ACC0024538,2026-07-23
ACC0024539,2026-07-16
ACC0024540,2026-07-07
ACC0024548,2026-07-20
ACC0024550,2026-07-05
ACC0024563,2026-07-14
ACC0024569,2026-07-25
ACC0024579,2026-07-28
ACC0024583,2026-07-11
ACC0024592,2026-07-12
ACC0024604,2026-07-17
ACC0024608,2026-07-27
ACC0024623,2026-07-06
ACC0024625,2026-07-19
ACC0024627,2026-07-05
ACC0024628,2026-07-09
ACC0024634,2026-07-18
ACC0024641,2026-07-21
ACC0024659,2026-07-07
ACC0024666,2026-07-27
ACC0024668,2026-07-09
ACC0024674,2026-07-31
ACC0024690,2026-07-01
ACC0024696,2026-07-08
ACC0024703,2026-07-06
ACC0024706,2026-07-23
ACC0024730,2026-07-25
ACC0024733,2026-07-19
ACC0024740,2026-07-07
ACC0024743,2026-07-01
ACC0024744,2026-07-22
ACC0024757,2026-07-19
ACC0024759,2026-07-12
ACC0024760,2026-07-30
ACC0024771,2026-07-22
ACC0024773,2026-07-05
ACC0024776,2026-07-08
ACC0024778,2026-07-17
ACC0024783,2026-07-23
ACC0024789,2026-07-03
ACC0024792,2026-07-07
ACC0024793,2026-07-30
ACC0024796,2026-07-23
ACC0024800,2026-07-19
ACC0024804,2026-07-28
ACC0024808,2026-07-11
ACC0024829,2026-07-24
ACC0024837,2026-07-24
ACC0024838,2026-07-31
ACC0024839,2026-07-11
ACC0024848,2026-07-17
ACC0024854,2026-07-04
ACC0024867,2026-07-09
ACC0024870,2026-07-17
ACC0024874,2026-07-08
ACC0024882,2026-07-09
ACC0024885,2026-07-22
ACC0024888,2026-07-04
ACC0024901,2026-07-26
ACC0024905,2026-07-06
ACC0024908,2026-07-14
ACC0024909,2026-07-08
ACC0024910,2026-07-11
ACC0024924,2026-07-02
ACC0024925,2026-07-13
ACC0024926,2026-07-25
ACC0024929,2026-07-08
ACC0024934,2026-07-21
ACC0024945,2026-07-01
ACC0024952,2026-07-16
ACC0024965,2026-07-13
ACC0024973,2026-07-19
ACC0024978,2026-07-30
ACC0024987,2026-07-16
ACC0024988,2026-07-08
ACC0024993,2026-07-20
ACC0024994,2026-07-07
ACC0024995,2026-07-16
ACC0025001,2026-07-24
ACC0025007,2026-07-22
ACC0025010,2026-07-12
ACC0025015,2026-07-12
ACC0025016,2026-07-13
ACC0025025,2026-07-16
ACC0025026,2026-07-18
ACC0025041,2026-07-27
ACC0025042,2026-07-30
ACC0025043,2026-07-26
ACC0025047,2026-07-18
ACC0025049,2026-07-13
ACC0025056,2026-07-07
ACC0025069,2026-07-26
ACC0025081,2026-07-07
ACC0025085,2026-07-09
ACC0025086,2026-07-18
ACC0025089,2026-07-12
ACC0025093,2026-07-10
ACC0025094,2026-07-16
ACC0025096,2026-07-11
ACC0025101,2026-07-24
ACC0025107,2026-07-05
ACC0025116,2026-07-27
ACC0025122,2026-07-06
ACC0025123,2026-07-28
ACC0025126,2026-07-20
ACC0025129,2026-07-08
ACC0025136,2026-07-30
ACC0025144,2026-07-06
ACC0025148,2026-07-03
ACC0025150,2026-07-18
ACC0025167,2026-07-27
ACC0025174,2026-07-10
ACC0025182,2026-07-10
ACC0025191,2026-07-29
ACC0025195,2026-07-24
ACC0025196,2026-07-06
ACC0025198,2026-07-21
ACC0025209,2026-07-09
ACC0025210,2026-07-07
ACC0025212,2026-07-25
ACC0025217,2026-07-24
ACC0025218,2026-07-27
ACC0025226,2026-07-29
ACC0025227,2026-07-08
ACC0025231,2026-07-07
ACC0025236,2026-07-18
ACC0025237,2026-07-11
ACC0025246,2026-07-18
ACC0025248,2026-07-03
ACC0025253,2026-07-15
ACC0025274,2026-07-31
ACC0025276,2026-07-11
ACC0025278,2026-07-18
ACC0025281,2026-07-31
ACC0025285,2026-07-21
ACC0025287,2026-07-30
ACC0025295,2026-07-05
ACC0025299,2026-07-23
ACC0025301,2026-07-28
ACC0025303,2026-07-13
ACC0025304,2026-07-14
ACC0025308,2026-07-12
ACC0025314,2026-07-23
ACC0025316,2026-07-29
ACC0025322,2026-07-11
ACC0025324,2026-07-31
ACC0025331,2026-07-29
ACC0025344,2026-07-17
ACC0025351,2026-07-27
ACC0025355,2026-07-11
ACC0025359,2026-07-07
ACC0025368,2026-07-23
ACC0025377,2026-07-06
ACC0025378,2026-07-07
ACC0025379,2026-07-22
ACC0025381,2026-07-14
ACC0025383,2026-07-11
ACC0025393,2026-07-30
ACC0025395,2026-07-24
ACC0025400,2026-07-04
ACC0025411,2026-07-03
ACC0025424,2026-07-11
ACC0025426,2026-07-15
ACC0025428,2026-07-17
ACC0025429,2026-07-05
ACC0025432,2026-07-17
ACC0025433,2026-07-20
ACC0025436,2026-07-10
ACC0025437,2026-07-13
ACC0025442,2026-07-02
ACC0025444,2026-07-24
ACC0025452,2026-07-12
ACC0025457,2026-07-29
ACC0025467,2026-07-30
ACC0025471,2026-07-22
ACC0025474,2026-07-10
ACC0025475,2026-07-29
ACC0025478,2026-07-20
ACC0025479,2026-07-07
ACC0025491,2026-07-18
ACC0025506,2026-07-15
ACC0025508,2026-07-04
ACC0025514,2026-07-07
ACC0025515,2026-07-13
ACC0025524,2026-07-02
ACC0025525,2026-07-24
ACC0025527,2026-07-27
ACC0025528,2026-07-18
ACC0025531,2026-07-16
ACC0025533,2026-07-22
ACC0025537,2026-07-08
ACC0025543,2026-07-05
ACC0025545,2026-07-22
ACC0025552,2026-07-12
ACC0025553,2026-07-28
ACC0025554,2026-07-29
ACC0025559,2026-07-17
ACC0025570,2026-07-09
ACC0025571,2026-07-14
ACC0025575,2026-07-25
ACC0025576,2026-07-29
ACC0025578,2026-07-05
ACC0025586,2026-07-15
ACC0025597,2026-07-31
ACC0025599,2026-07-27
ACC0025602,2026-07-31
ACC0025603,2026-07-20
ACC0025613,2026-07-15
ACC0025618,2026-07-13
ACC0025621,2026-07-23
ACC0025633,2026-07-05
ACC0025638,2026-07-24
ACC0025644,2026-07-14
ACC0025648,2026-07-20
ACC0025649,2026-07-30
ACC0025653,2026-07-30
ACC0025661,2026-07-17
ACC0025664,2026-07-07
ACC0025668,2026-07-10
ACC0025671,2026-07-04
ACC0025675,2026-07-31
ACC0025684,2026-07-03
ACC0025690,2026-07-31
ACC0025698,2026-07-12
ACC0025701,2026-07-15
ACC0025703,2026-07-19
ACC0025704,2026-07-19
ACC0025709,2026-07-13
ACC0025712,2026-07-09
ACC0025714,2026-07-21
ACC0025715,2026-07-23
ACC0025721,2026-07-01
ACC0025722,2026-07-02
ACC0025732,2026-07-05
ACC0025739,2026-07-31
ACC0025740,2026-07-16
ACC0025741,2026-07-23
ACC0025744,2026-07-12
ACC0025756,2026-07-09
ACC0025762,2026-07-29
ACC0025769,2026-07-11
ACC0025770,2026-07-19
ACC0025771,2026-07-20
ACC0025775,2026-07-08
ACC0025782,2026-07-22
ACC0025784,2026-07-09
ACC0025791,2026-07-25
ACC0025802,2026-07-19
ACC0025805,2026-07-18
ACC0025815,2026-07-27
ACC0025816,2026-07-18
ACC0025819,2026-07-03
ACC0025829,2026-07-28
ACC0025831,2026-07-13
ACC0025832,2026-07-12
ACC0025833,2026-07-31
ACC0025835,2026-07-30
ACC0025837,2026-07-19
ACC0025839,2026-07-12
ACC0025840,2026-07-11
ACC0025845,2026-07-21
ACC0025846,2026-07-09
ACC0025847,2026-07-03
ACC0025879,2026-07-12
ACC0025883,2026-07-17
ACC0025891,2026-07-19
ACC0025895,2026-07-05
ACC0025905,2026-07-21
ACC0025910,2026-07-11
ACC0025913,2026-07-25
ACC0025914,2026-07-19
ACC0025919,2026-07-01
ACC0025921,2026-07-13
ACC0025925,2026-07-19
ACC0025926,2026-07-18
ACC0025929,2026-07-30
ACC0025930,2026-07-29
ACC0025935,2026-07-11
ACC0025941,2026-07-29
ACC0025949,2026-07-06
ACC0025955,2026-07-03
ACC0025956,2026-07-10
ACC0025958,2026-07-19
ACC0025960,2026-07-19
ACC0025970,2026-07-21
ACC0025975,2026-07-28
ACC0025990,2026-07-16
ACC0025991,2026-07-14
ACC0025996,2026-07-17
ACC0026002,2026-07-07
ACC0026004,2026-07-04
ACC0026012,2026-07-25
ACC0026016,2026-07-25
ACC0026023,2026-07-10
ACC0026028,2026-07-14
ACC0026035,2026-07-31
ACC0026037,2026-07-14
ACC0026038,2026-07-02
ACC0026046,2026-07-29
ACC0026047,2026-07-07
ACC0026050,2026-07-20
ACC0026057,2026-07-13
ACC0026060,2026-07-03
ACC0026063,2026-07-12
ACC0026081,2026-07-19
ACC0026084,2026-07-22
ACC0026095,2026-07-11
ACC0026103,2026-07-23
ACC0026105,2026-07-19
ACC0026111,2026-07-22
ACC0026121,2026-07-21
ACC0026125,2026-07-16
ACC0026127,2026-07-17
ACC0026137,2026-07-13
ACC0026145,2026-07-20
ACC0026153,2026-07-23
ACC0026156,2026-07-02
ACC0026165,2026-07-15
ACC0026169,2026-07-28
ACC0026179,2026-07-30
ACC0026189,2026-07-08
ACC0026197,2026-07-30
ACC0026198,2026-07-07
ACC0026199,2026-07-13
ACC0026200,2026-07-07
ACC0026209,2026-07-09
ACC0026218,2026-07-13
ACC0026219,2026-07-10
ACC0026222,2026-07-18
ACC0026226,2026-07-24
ACC0026238,2026-07-09
ACC0026243,2026-07-08
ACC0026246,2026-07-21
ACC0026249,2026-07-21
ACC0026258,2026-07-13
ACC0026262,2026-07-26
ACC0026275,2026-07-21
ACC0026284,2026-07-08
ACC0026287,2026-07-03
ACC0026288,2026-07-18
ACC0026289,2026-07-09
ACC0026290,2026-07-29
ACC0026310,2026-07-15
ACC0026314,2026-07-04
ACC0026317,2026-07-19
ACC0026321,2026-07-12
ACC0026323,2026-07-20
ACC0026325,2026-07-05
ACC0026327,2026-07-13
ACC0026328,2026-07-29
ACC0026329,2026-07-02
ACC0026331,2026-07-04
ACC0026333,2026-07-19
ACC0026338,2026-07-06
ACC0026341,2026-07-31
ACC0026349,2026-07-25
ACC0026355,2026-07-13
ACC0026360,2026-07-11
ACC0026363,2026-07-30
ACC0026367,2026-07-01
ACC0026380,2026-07-23
ACC0026385,2026-07-30
ACC0026392,2026-07-26
ACC0026394,2026-07-28
ACC0026396,2026-07-04
ACC0026398,2026-07-12
ACC0026399,2026-07-30
ACC0026401,2026-07-26
ACC0026402,2026-07-10
ACC0026403,2026-07-29
ACC0026406,2026-07-28
ACC0026416,2026-07-26
ACC0026420,2026-07-19
ACC0026423,2026-07-28
ACC0026428,2026-07-09
ACC0026430,2026-07-26
ACC0026437,2026-07-20
ACC0026441,2026-07-09
ACC0026443,2026-07-19
ACC0026444,2026-07-24
ACC0026447,2026-07-27
ACC0026459,2026-07-18
ACC0026469,2026-07-20
ACC0026470,2026-07-21
ACC0026480,2026-07-07
ACC0026484,2026-07-06
ACC0026486,2026-07-09
ACC0026488,2026-07-08
ACC0026503,2026-07-05
ACC0026506,2026-07-17
ACC0026509,2026-07-07
ACC0026510,2026-07-26
ACC0026514,2026-07-14
ACC0026523,2026-07-27
ACC0026528,2026-07-17
ACC0026531,2026-07-19
ACC0026535,2026-07-22
ACC0026539,2026-07-23
ACC0026540,2026-07-25
ACC0026544,2026-07-11
ACC0026545,2026-07-14
ACC0026553,2026-07-29
ACC0026556,2026-07-13
ACC0026558,2026-07-03
ACC0026559,2026-07-18
ACC0026562,2026-07-24
ACC0026564,2026-07-29
ACC0026567,2026-07-28
ACC0026572,2026-07-10
ACC0026574,2026-07-19
ACC0026575,2026-07-30
ACC0026589,2026-07-18
ACC0026596,2026-07-24
ACC0026600,2026-07-31
ACC0026603,2026-07-02
ACC0026616,2026-07-27
ACC0026619,2026-07-24
ACC0026620,2026-07-04
ACC0026632,2026-07-29
ACC0026636,2026-07-18
ACC0026640,2026-07-24
ACC0026642,2026-07-17
ACC0026650,2026-07-23
ACC0026651,2026-07-12
ACC0026655,2026-07-07
ACC0026656,2026-07-10
ACC0026663,2026-07-06
ACC0026664,2026-07-13
ACC0026666,2026-07-02
ACC0026668,2026-07-25
ACC0026669,2026-07-01
ACC0026673,2026-07-08
ACC0026693,2026-07-05
ACC0026694,2026-07-06
ACC0026702,2026-07-19
ACC0026703,2026-07-22
ACC0026704,2026-07-08
ACC0026708,2026-07-08
ACC0026713,2026-07-20
ACC0026714,2026-07-23
ACC0026718,2026-07-18
ACC0026729,2026-07-19
ACC0026730,2026-07-28
ACC0026732,2026-07-17
ACC0026740,2026-07-16
ACC0026760,2026-07-16
ACC0026767,2026-07-30
ACC0026771,2026-07-24
ACC0026774,2026-07-22
ACC0026783,2026-07-15
ACC0026797,2026-07-23
ACC0026801,2026-07-04
ACC0026808,2026-07-02
ACC0026821,2026-07-30
ACC0026823,2026-07-04
ACC0026827,2026-07-11
ACC0026829,2026-07-18
ACC0026831,2026-07-18
ACC0026834,2026-07-11
ACC0026838,2026-07-02
ACC0026843,2026-07-17
ACC0026849,2026-07-15
ACC0026852,2026-07-01
ACC0026855,2026-07-18
ACC0026860,2026-07-10
ACC0026870,2026-07-20
ACC0026871,2026-07-15
ACC0026879,2026-07-06
ACC0026886,2026-07-03
ACC0026888,2026-07-09
ACC0026889,2026-07-04
ACC0026893,2026-07-14
ACC0026901,2026-07-14
ACC0026902,2026-07-12
ACC0026904,2026-07-06
ACC0026909,2026-07-29
ACC0026921,2026-07-28
ACC0026926,2026-07-12
ACC0026933,2026-07-17
ACC0026936,2026-07-02
ACC0026939,2026-07-10
ACC0026944,2026-07-18
ACC0026952,2026-07-10
ACC0026954,2026-07-16
ACC0026957,2026-07-02
ACC0026960,2026-07-16
ACC0026965,2026-07-23
ACC0026967,2026-07-23
ACC0026971,2026-07-13
ACC0026989,2026-07-27
ACC0026997,2026-07-31
ACC0027002,2026-07-23
ACC0027008,2026-07-04
ACC0027011,2026-07-13
ACC0027013,2026-07-06
ACC0027014,2026-07-24
ACC0027016,2026-07-09
ACC0027024,2026-07-09
ACC0027025,2026-07-01
ACC0027026,2026-07-05
ACC0027030,2026-07-08
ACC0027036,2026-07-03
ACC0027038,2026-07-10
ACC0027039,2026-07-14
ACC0027041,2026-07-30
ACC0027044,2026-07-01
ACC0027045,2026-07-12
ACC0027047,2026-07-10
ACC0027049,2026-07-25
ACC0027050,2026-07-05
ACC0027051,2026-07-02
ACC0027055,2026-07-31
ACC0027062,2026-07-16
ACC0027064,2026-07-04
ACC0027071,2026-07-11
ACC0027075,2026-07-05
ACC0027079,2026-07-10
ACC0027082,2026-07-09
ACC0027089,2026-07-31
ACC0027094,2026-07-31
ACC0027097,2026-07-25
ACC0027105,2026-07-04
ACC0027109,2026-07-25
ACC0027110,2026-07-18
ACC0027121,2026-07-09
ACC0027122,2026-07-01
ACC0027125,2026-07-20
ACC0027126,2026-07-05
ACC0027132,2026-07-30
ACC0027134,2026-07-08
ACC0027147,2026-07-07
ACC0027150,2026-07-21
ACC0027152,2026-07-29
ACC0027155,2026-07-03
ACC0027156,2026-07-22
ACC0027166,2026-07-23
ACC0027167,2026-07-07
ACC0027172,2026-07-21
ACC0027181,2026-07-26
ACC0027183,2026-07-26
ACC0027185,2026-07-27
ACC0027198,2026-07-15
ACC0027202,2026-07-06
ACC0027212,2026-07-02
ACC0027217,2026-07-08
ACC0027225,2026-07-13
ACC0027229,2026-07-29
ACC0027232,2026-07-31
ACC0027234,2026-07-06
ACC0027236,2026-07-13
ACC0027240,2026-07-28
ACC0027255,2026-07-25
ACC0027268,2026-07-22
ACC0027274,2026-07-07
ACC0027283,2026-07-24
ACC0027301,2026-07-31
ACC0027306,2026-07-31
ACC0027311,2026-07-24
ACC0027312,2026-07-01
ACC0027313,2026-07-28
ACC0027321,2026-07-22
ACC0027329,2026-07-12
ACC0027334,2026-07-10
ACC0027343,2026-07-06
ACC0027352,2026-07-09
ACC0027353,2026-07-23
ACC0027355,2026-07-12
ACC0027359,2026-07-29
ACC0027367,2026-07-25
ACC0027369,2026-07-27
ACC0027383,2026-07-11
ACC0027388,2026-07-11
ACC0027401,2026-07-31
ACC0027402,2026-07-17
ACC0027404,2026-07-07
ACC0027407,2026-07-06
ACC0027408,2026-07-11
ACC0027416,2026-07-08
ACC0027421,2026-07-26
ACC0027422,2026-07-15
ACC0027428,2026-07-18
ACC0027434,2026-07-15
ACC0027440,2026-07-14
ACC0027459,2026-07-18
ACC0027469,2026-07-06
ACC0027479,2026-07-28
ACC0027482,2026-07-30
ACC0027484,2026-07-14
ACC0027489,2026-07-10
ACC0027490,2026-07-06
ACC0027493,2026-07-02
ACC0027496,2026-07-09
ACC0027498,2026-07-31
ACC0027500,2026-07-07
ACC0027505,2026-07-07
ACC0027506,2026-07-14
ACC0027510,2026-07-26
ACC0027521,2026-07-24
ACC0027528,2026-07-18
ACC0027531,2026-07-14
ACC0027535,2026-07-07
ACC0027543,2026-07-18
ACC0027544,2026-07-06
ACC0027566,2026-07-08
ACC0027568,2026-07-06
ACC0027571,2026-07-30
ACC0027578,2026-07-05
ACC0027580,2026-07-14
ACC0027582,2026-07-23
ACC0027586,2026-07-25
ACC0027592,2026-07-08
ACC0027594,2026-07-12
ACC0027603,2026-07-09
ACC0027606,2026-07-12
ACC0027615,2026-07-29
ACC0027617,2026-07-06
ACC0027618,2026-07-09
ACC0027626,2026-07-17
ACC0027629,2026-07-18
ACC0027630,2026-07-20
ACC0027632,2026-07-02
ACC0027635,2026-07-24
ACC0027637,2026-07-14
ACC0027642,2026-07-10
ACC0027656,2026-07-09
ACC0027660,2026-07-10
ACC0027661,2026-07-14
ACC0027662,2026-07-17
ACC0027668,2026-07-23
ACC0027670,2026-07-06
ACC0027680,2026-07-30
ACC0027685,2026-07-04
ACC0027698,2026-07-19
ACC0027699,2026-07-25
ACC0027702,2026-07-03
ACC0027703,2026-07-30
ACC0027704,2026-07-17
ACC0027705,2026-07-07
ACC0027715,2026-07-01
ACC0027721,2026-07-26
ACC0027722,2026-07-01
ACC0027723,2026-07-14
ACC0027727,2026-07-26
ACC0027738,2026-07-22
ACC0027742,2026-07-18
ACC0027744,2026-07-12
ACC0027746,2026-07-23
ACC0027747,2026-07-09
ACC0027748,2026-07-06
ACC0027766,2026-07-24
ACC0027770,2026-07-13
ACC0027771,2026-07-23
ACC0027775,2026-07-25
ACC0027777,2026-07-05
ACC0027788,2026-07-18
ACC0027810,2026-07-22
ACC0027813,2026-07-11
ACC0027816,2026-07-15
ACC0027832,2026-07-29
ACC0027837,2026-07-11
ACC0027838,2026-07-26
ACC0027842,2026-07-07
ACC0027850,2026-07-30
ACC0027855,2026-07-20
ACC0027858,2026-07-31
ACC0027862,2026-07-15
ACC0027868,2026-07-29
ACC0027869,2026-07-26
ACC0027872,2026-07-12
ACC0027884,2026-07-05
ACC0027885,2026-07-12
ACC0027893,2026-07-03
ACC0027896,2026-07-30
ACC0027901,2026-07-18
ACC0027904,2026-07-06
ACC0027907,2026-07-25
ACC0027918,2026-07-08
ACC0027926,2026-07-02
ACC0027927,2026-07-15
ACC0027928,2026-07-05
ACC0027929,2026-07-14
ACC0027937,2026-07-02
ACC0027946,2026-07-03
ACC0027971,2026-07-29
ACC0027972,2026-07-21
ACC0027973,2026-07-31
ACC0027981,2026-07-23
ACC0027983,2026-07-05
ACC0027985,2026-07-07
ACC0027987,2026-07-23
ACC0027989,2026-07-27
ACC0027999,2026-07-11
ACC0028000,2026-07-03
ACC0028002,2026-07-30
ACC0028014,2026-07-16
ACC0028015,2026-07-19
ACC0028022,2026-07-01
ACC0028025,2026-07-20
ACC0028036,2026-07-24
ACC0028042,2026-07-17
ACC0028060,2026-07-08
ACC0028064,2026-07-07
ACC0028066,2026-07-06
ACC0028067,2026-07-21
ACC0028071,2026-07-13
ACC0028073,2026-07-12
ACC0028075,2026-07-31
ACC0028081,2026-07-21
ACC0028085,2026-07-05
ACC0028090,2026-07-28
ACC0028092,2026-07-18
ACC0028099,2026-07-12
ACC0028100,2026-07-24
ACC0028103,2026-07-24
ACC0028109,2026-07-03
ACC0028130,2026-07-31
ACC0028131,2026-07-14
ACC0028135,2026-07-18
ACC0028153,2026-07-29
ACC0028154,2026-07-21
ACC0028155,2026-07-22
ACC0028159,2026-07-30
ACC0028160,2026-07-10
ACC0028163,2026-07-17
ACC0028170,2026-07-13
ACC0028174,2026-07-05
ACC0028200,2026-07-25
ACC0028207,2026-07-30
ACC0028216,2026-07-17
ACC0028219,2026-07-03
ACC0028220,2026-07-10
ACC0028222,2026-07-04
ACC0028231,2026-07-11
ACC0028241,2026-07-28
ACC0028246,2026-07-07
ACC0028259,2026-07-11
ACC0028265,2026-07-22
ACC0028275,2026-07-18
ACC0028277,2026-07-11
ACC0028288,2026-07-08
ACC0028290,2026-07-14
ACC0028303,2026-07-18
ACC0028307,2026-07-01
ACC0028308,2026-07-14
ACC0028325,2026-07-01
ACC0028328,2026-07-23
ACC0028333,2026-07-24
ACC0028341,2026-07-20
ACC0028352,2026-07-06
ACC0028361,2026-07-21
ACC0028367,2026-07-20
ACC0028370,2026-07-02
ACC0028378,2026-07-15
ACC0028381,2026-07-25
ACC0028382,2026-07-25
ACC0028387,2026-07-14
ACC0028410,2026-07-29
ACC0028416,2026-07-11
ACC0028417,2026-07-23
ACC0028425,2026-07-30
ACC0028428,2026-07-04
ACC0028430,2026-07-31
ACC0028434,2026-07-09
ACC0028437,2026-07-21
ACC0028442,2026-07-13
ACC0028449,2026-07-26
ACC0028458,2026-07-11
ACC0028459,2026-07-14
ACC0028484,2026-07-08
ACC0028488,2026-07-04
ACC0028495,2026-07-21
ACC0028511,2026-07-18
ACC0028535,2026-07-12
ACC0028539,2026-07-08
ACC0028540,2026-07-12
ACC0028563,2026-07-23
ACC0028571,2026-07-08
ACC0028574,2026-07-20
ACC0028580,2026-07-05
ACC0028588,2026-07-20
ACC0028604,2026-07-08
ACC0028612,2026-07-25
ACC0028613,2026-07-21
ACC0028615,2026-07-28
ACC0028620,2026-07-14
ACC0028630,2026-07-27
ACC0028636,2026-07-05
ACC0028637,2026-07-02
ACC0028658,2026-07-08
ACC0028659,2026-07-07
ACC0028662,2026-07-20
ACC0028669,2026-07-01
ACC0028678,2026-07-14
ACC0028680,2026-07-06
ACC0028695,2026-07-24
ACC0028700,2026-07-11
ACC0028702,2026-07-28
ACC0028707,2026-07-02
ACC0028710,2026-07-29
ACC0028719,2026-07-24
ACC0028720,2026-07-11
ACC0028722,2026-07-09
ACC0028727,2026-07-15
ACC0028728,2026-07-26
ACC0028730,2026-07-23
ACC0028738,2026-07-05
ACC0028742,2026-07-14
ACC0028760,2026-07-25
ACC0028765,2026-07-30
ACC0028774,2026-07-02
ACC0028781,2026-07-28
ACC0028784,2026-07-22
ACC0028788,2026-07-24
ACC0028797,2026-07-11
ACC0028801,2026-07-24
ACC0028803,2026-07-11
ACC0028810,2026-07-13
ACC0028816,2026-07-23
ACC0028819,2026-07-22
ACC0028828,2026-07-25
ACC0028829,2026-07-01
ACC0028831,2026-07-13
ACC0028834,2026-07-03
ACC0028838,2026-07-31
ACC0028841,2026-07-10
ACC0028846,2026-07-16
ACC0028851,2026-07-07
ACC0028854,2026-07-26
ACC0028862,2026-07-07
ACC0028863,2026-07-09
ACC0028864,2026-07-12
ACC0028870,2026-07-27
ACC0028873,2026-07-05
ACC0028889,2026-07-24
ACC0028893,2026-07-08
ACC0028896,2026-07-05
ACC0028898,2026-07-22
ACC0028902,2026-07-14
ACC0028910,2026-07-31
ACC0028919,2026-07-25
ACC0028923,2026-07-27
ACC0028924,2026-07-12
ACC0028935,2026-07-07
ACC0028943,2026-07-02
ACC0028954,2026-07-14
ACC0028970,2026-07-07
ACC0028971,2026-07-19
ACC0028976,2026-07-26
ACC0028977,2026-07-07
ACC0028980,2026-07-01
ACC0028985,2026-07-19
ACC0028993,2026-07-02
ACC0028995,2026-07-11
ACC0028996,2026-07-02
ACC0028999,2026-07-05
ACC0029002,2026-07-05
ACC0029012,2026-07-20
ACC0029013,2026-07-06
ACC0029017,2026-07-27
ACC0029020,2026-07-17
ACC0029023,2026-07-22
ACC0029024,2026-07-23
ACC0029027,2026-07-31
ACC0029028,2026-07-18
ACC0029031,2026-07-31
ACC0029039,2026-07-01
ACC0029044,2026-07-12
ACC0029050,2026-07-13
ACC0029051,2026-07-30
ACC0029054,2026-07-05
ACC0029055,2026-07-28
ACC0029066,2026-07-02
ACC0029074,2026-07-24
ACC0029083,2026-07-04
ACC0029090,2026-07-10
ACC0029092,2026-07-30
ACC0029093,2026-07-31
ACC0029094,2026-07-07
ACC0029106,2026-07-12
ACC0029120,2026-07-16
ACC0029126,2026-07-21
ACC0029128,2026-07-05
ACC0029130,2026-07-06
ACC0029133,2026-07-18
ACC0029140,2026-07-11
ACC0029153,2026-07-26
ACC0029156,2026-07-28
ACC0029161,2026-07-20
ACC0029162,2026-07-10
ACC0029164,2026-07-27
ACC0029171,2026-07-18
ACC0029174,2026-07-26
ACC0029181,2026-07-13
ACC0029186,2026-07-12
ACC0029188,2026-07-25
ACC0029189,2026-07-08
ACC0029194,2026-07-21
ACC0029200,2026-07-11
ACC0029201,2026-07-02
ACC0029206,2026-07-18
ACC0029209,2026-07-25
ACC0029210,2026-07-26
ACC0029215,2026-07-07
ACC0029216,2026-07-07
ACC0029225,2026-07-14
ACC0029228,2026-07-19
ACC0029230,2026-07-30
ACC0029235,2026-07-09
ACC0029244,2026-07-10
ACC0029245,2026-07-13
ACC0029246,2026-07-20
ACC0029248,2026-07-16
ACC0029253,2026-07-18
ACC0029254,2026-07-22
ACC0029262,2026-07-19
ACC0029265,2026-07-01
ACC0029272,2026-07-26
ACC0029274,2026-07-24
ACC0029280,2026-07-23
ACC0029319,2026-07-25
ACC0029341,2026-07-03
ACC0029347,2026-07-14
ACC0029356,2026-07-31
ACC0029366,2026-07-08
ACC0029371,2026-07-20
ACC0029390,2026-07-16
ACC0029397,2026-07-03
ACC0029398,2026-07-02
ACC0029402,2026-07-24
ACC0029406,2026-07-01
ACC0029411,2026-07-04
ACC0029421,2026-07-18
ACC0029423,2026-07-30
ACC0029428,2026-07-02
ACC0029446,2026-07-20
ACC0029450,2026-07-16
ACC0029454,2026-07-30
ACC0029462,2026-07-20
ACC0029471,2026-07-21
ACC0029472,2026-07-17
ACC0029476,2026-07-28
ACC0029484,2026-07-13
ACC0029492,2026-07-08
ACC0029497,2026-07-17
ACC0029498,2026-07-11
ACC0029499,2026-07-25
ACC0029501,2026-07-04
ACC0029510,2026-07-06
ACC0029512,2026-07-16
ACC0029514,2026-07-05
ACC0029515,2026-07-02
ACC0029525,2026-07-30
ACC0029526,2026-07-23
ACC0029543,2026-07-09
ACC0029547,2026-07-24
ACC0029554,2026-07-28
ACC0029565,2026-07-23
ACC0029572,2026-07-11
ACC0029577,2026-07-08
ACC0029579,2026-07-10
ACC0029596,2026-07-11
ACC0029599,2026-07-05
ACC0029601,2026-07-03
ACC0029602,2026-07-25
ACC0029606,2026-07-03
ACC0029623,2026-07-17
ACC0029630,2026-07-25
ACC0029638,2026-07-04
ACC0029641,2026-07-03
ACC0029672,2026-07-22
ACC0029676,2026-07-23
ACC0029677,2026-07-03
ACC0029682,2026-07-11
ACC0029683,2026-07-23
ACC0029697,2026-07-20
ACC0029700,2026-07-11
ACC0029702,2026-07-18
ACC0029711,2026-07-05
ACC0029719,2026-07-22
ACC0029729,2026-07-21
ACC0029731,2026-07-15
ACC0029748,2026-07-14
ACC0029754,2026-07-02
ACC0029755,2026-07-19
ACC0029756,2026-07-01
ACC0029766,2026-07-23
ACC0029767,2026-07-11
ACC0029775,2026-07-02
ACC0029777,2026-07-28
ACC0029779,2026-07-20
ACC0029787,2026-07-02
ACC0029789,2026-07-07
ACC0029796,2026-07-22
ACC0029800,2026-07-28
ACC0029801,2026-07-25
ACC0029802,2026-07-24
ACC0029803,2026-07-15
ACC0029805,2026-07-31
ACC0029808,2026-07-21
ACC0029809,2026-07-21
ACC0029811,2026-07-07
ACC0029816,2026-07-10
ACC0029824,2026-07-05
ACC0029831,2026-07-18
ACC0029832,2026-07-01
ACC0029834,2026-07-18
ACC0029836,2026-07-21
ACC0029840,2026-07-19
ACC0029843,2026-07-27
ACC0029849,2026-07-16
ACC0029855,2026-07-29
ACC0029858,2026-07-12
ACC0029870,2026-07-04
ACC0029871,2026-07-02
ACC0029877,2026-07-13
ACC0029890,2026-07-03
ACC0029901,2026-07-20
ACC0029912,2026-07-05
ACC0029919,2026-07-25
ACC0029928,2026-07-05
ACC0029929,2026-07-23
ACC0029931,2026-07-12
ACC0029933,2026-07-29
ACC0029934,2026-07-31
ACC0029941,2026-07-06
ACC0029945,2026-07-22
ACC0029949,2026-07-02
ACC0029967,2026-07-09
ACC0029975,2026-07-01
ACC0029978,2026-07-10
ACC0029990,2026-07-20
ACC0029994,2026-07-20
ACC0029997,2026-07-11
ACC0029998,2026-07-31
