payment_id,account_id,payment_event_at,amount,last_touch_channel,last_touch_event_at
PAYMENT0008675,ACC0014142,2026-01-01 00:14:40,99867.36,,
PAYMENT0024821,ACC0018361,2026-01-01 00:50:36,87906.8,,
PAYMENT0011191,ACC0004322,2026-01-01 01:02:22,94150.2,,
PAYMENT0017955,ACC0016208,2026-01-01 02:12:07,130720.85,,
PAYMENT0002337,ACC0028378,2026-01-01 03:56:34,33260.86,,
PAYMENT0011989,ACC0001265,2026-01-01 04:45:10,130617.76,,
PAYMENT0018768,ACC0022220,2026-01-01 04:55:12,115484.68,,
PAYMENT0011789,ACC0024193,2026-01-01 05:06:19,6597.34,,
PAYMENT0007525,ACC0014215,2026-01-01 05:13:47,97172.71,,
PAYMENT0022916,ACC0001808,2026-01-01 05:16:02,108795.38,,
PAYMENT0012797,ACC0023695,2026-01-01 06:12:13,136829.44,,
PAYMENT0020245,ACC0022961,2026-01-01 06:35:40,110026.44,,
PAYMENT0024358,ACC0002954,2026-01-01 06:43:43,27166.2,,
PAYMENT0020470,ACC0007291,2026-01-01 08:34:35,128160.45,,
PAYMENT0011695,ACC0021096,2026-01-01 08:43:33,23268.25,,
PAYMENT0020866,ACC0013922,2026-01-01 09:58:12,66690.5,,
PAYMENT0012745,ACC0013866,2026-01-01 10:09:52,30216.91,,
PAYMENT0004244,ACC0000168,2026-01-01 10:21:57,64084.31,,
PAYMENT0019645,ACC0022917,2026-01-01 11:05:56,32723.19,,
PAYMENT0016471,ACC0020018,2026-01-01 11:34:57,3351.45,,
PAYMENT0002690,ACC0021732,2026-01-01 11:39:38,100979.96,,
PAYMENT0002605,ACC0002040,2026-01-01 11:52:54,113222.64,,
PAYMENT0016001,ACC0027018,2026-01-01 12:11:48,22215.67,,
PAYMENT0000647,ACC0009017,2026-01-01 12:13:58,13363.71,,
PAYMENT0024180,ACC0027521,2026-01-01 12:29:20,66343.48,,
PAYMENT0003065,ACC0028362,2026-01-01 12:47:59,44142.69,,
PAYMENT0011734,ACC0009161,2026-01-01 12:48:02,56932.08,,
PAYMENT0018271,ACC0000736,2026-01-01 13:16:59,143439.11,,
PAYMENT0012774,ACC0017081,2026-01-01 14:00:03,119184.22,,
PAYMENT0018178,ACC0013152,2026-01-01 14:01:55,94534.53,,
PAYMENT0007414,ACC0001756,2026-01-01 14:14:38,32129.14,,
PAYMENT0001422,ACC0003965,2026-01-01 14:29:57,110446.86,,
PAYMENT0011515,ACC0014675,2026-01-01 14:45:54,119041.98,,
PAYMENT0023823,ACC0013283,2026-01-01 14:58:01,137414.4,,
PAYMENT0019466,ACC0017402,2026-01-01 15:22:39,48897.15,,
PAYMENT0022745,ACC0002082,2026-01-01 15:41:55,58157.07,,
PAYMENT0019761,ACC0007198,2026-01-01 16:27:51,113123.81,,
PAYMENT0007797,ACC0011639,2026-01-01 17:31:37,85320.74,,
PAYMENT0015480,ACC0023922,2026-01-01 18:32:37,39964.23,,
PAYMENT0000906,ACC0008349,2026-01-01 18:33:12,125235.38,,
PAYMENT0019779,ACC0026493,2026-01-01 18:42:49,52598.28,,
PAYMENT0018445,ACC0010118,2026-01-01 19:40:09,67391.44,SMS,2026-01-01 18:49:31
PAYMENT0007059,ACC0028551,2026-01-01 20:45:50,44863.58,,
PAYMENT0018014,ACC0017729,2026-01-01 21:01:04,130148.09,,
PAYMENT0024825,ACC0009088,2026-01-01 21:38:46,94204.7,,
PAYMENT0008923,ACC0022994,2026-01-01 21:41:49,44511.78,,
PAYMENT0014584,ACC0004000,2026-01-01 22:07:59,70502.1,,
PAYMENT0000521,ACC0022601,2026-01-01 22:38:43,106284.61,,
PAYMENT0018634,ACC0005826,2026-01-01 23:32:25,30418.55,,
PAYMENT0013634,ACC0012540,2026-01-02 00:03:14,121080.87,,
PAYMENT0009853,ACC0026010,2026-01-02 00:56:25,70128.43,SMS,2026-01-01 22:02:48
PAYMENT0012751,ACC0026610,2026-01-02 01:19:14,63703.03,,
PAYMENT0003621,ACC0006545,2026-01-02 02:22:13,80334.93,,
PAYMENT0018383,ACC0018592,2026-01-02 02:34:22,73373.09,,
PAYMENT0015971,ACC0029487,2026-01-02 02:42:12,118288.16,,
PAYMENT0008324,ACC0016043,2026-01-02 03:08:45,36022.29,,
PAYMENT0007281,ACC0003049,2026-01-02 03:18:07,45575.75,WHATSAPP,2026-01-01 00:10:07
PAYMENT0011927,ACC0015525,2026-01-02 03:25:30,110320.47,,
PAYMENT0009991,ACC0015716,2026-01-02 03:36:00,141290.34,,
PAYMENT0000175,ACC0010258,2026-01-02 04:13:39,112476.01,,
PAYMENT0007469,ACC0029820,2026-01-02 04:58:09,32707.16,,
PAYMENT0015551,ACC0015186,2026-01-02 05:15:01,108080.9,,
PAYMENT0005950,ACC0015876,2026-01-02 05:19:06,51178.47,,
PAYMENT0002882,ACC0027880,2026-01-02 05:43:59,45612.71,SMS,2026-01-01 04:35:26
PAYMENT0011448,ACC0013177,2026-01-02 06:21:32,54405.2,,
PAYMENT0023743,ACC0001293,2026-01-02 07:23:45,145114.08,,
PAYMENT0021059,ACC0029580,2026-01-02 07:58:35,46302.13,,
PAYMENT0003365,ACC0026543,2026-01-02 08:40:55,133173.06,,
PAYMENT0010647,ACC0006570,2026-01-02 08:42:23,142229.97,,
PAYMENT0023232,ACC0005435,2026-01-02 08:55:29,134166.66,,
PAYMENT0009902,ACC0008087,2026-01-02 09:15:39,26111.1,,
PAYMENT0023131,ACC0000590,2026-01-02 09:19:00,6425.95,,
PAYMENT0013794,ACC0009973,2026-01-02 09:20:19,41024.99,,
PAYMENT0010498,ACC0011710,2026-01-02 09:23:33,106821.52,,
PAYMENT0013760,ACC0025525,2026-01-02 10:17:30,90012.96,,
PAYMENT0021376,ACC0004891,2026-01-02 10:31:12,109965.63,,
PAYMENT0000510,ACC0014434,2026-01-02 12:21:49,127662.72,,
PAYMENT0005304,ACC0018503,2026-01-02 12:53:22,122226.1,,
PAYMENT0022947,ACC0001508,2026-01-02 13:01:11,121980.04,,
PAYMENT0017842,ACC0008747,2026-01-02 13:18:14,63090.61,SMS,2026-01-02 07:11:27
PAYMENT0000614,ACC0026142,2026-01-02 13:19:45,49066.19,,
PAYMENT0019477,ACC0003045,2026-01-02 13:40:26,98554.38,,
PAYMENT0015342,ACC0028198,2026-01-02 13:52:44,118416.66,,
PAYMENT0010884,ACC0026455,2026-01-02 14:31:59,121084.36,,
PAYMENT0020052,ACC0009962,2026-01-02 14:38:06,46552.81,,
PAYMENT0002336,ACC0014941,2026-01-02 14:56:36,8823.33,,
PAYMENT0017639,ACC0019285,2026-01-02 15:12:33,36079.39,,
PAYMENT0015280,ACC0006770,2026-01-02 15:31:36,32597.33,,
PAYMENT0010216,ACC0022569,2026-01-02 15:45:26,141452.14,,
PAYMENT0010400,ACC0027375,2026-01-02 15:59:21,110541.75,,
PAYMENT0021260,ACC0013747,2026-01-02 16:32:52,34090.99,,
PAYMENT0014804,ACC0008919,2026-01-02 16:33:44,10318.23,,
PAYMENT0003048,ACC0028223,2026-01-02 17:05:34,122259.08,,
PAYMENT0022315,ACC0006069,2026-01-02 17:25:36,60225.8,,
PAYMENT0001952,ACC0014535,2026-01-02 17:29:41,133856.31,,
PAYMENT0003970,ACC0005927,2026-01-02 17:53:30,79730.85,,
PAYMENT0012276,ACC0020237,2026-01-02 18:07:36,115963.08,,
PAYMENT0011021,ACC0026314,2026-01-02 18:10:43,47868.03,FIELD,2026-01-02 05:42:25
PAYMENT0001358,ACC0009399,2026-01-02 21:07:36,129643.56,,
PAYMENT0001818,ACC0005952,2026-01-02 21:23:51,3871.33,,
PAYMENT0014564,ACC0021521,2026-01-02 21:46:51,143141.22,,
PAYMENT0022903,ACC0017563,2026-01-02 21:52:01,73109.57,,
PAYMENT0011771,ACC0022408,2026-01-02 22:25:15,83650.11,,
PAYMENT0008740,ACC0023602,2026-01-02 22:35:54,50848.49,,
PAYMENT0019451,ACC0001433,2026-01-02 22:52:29,128044.89,,
PAYMENT0022813,ACC0024860,2026-01-02 22:52:56,45834.16,,
PAYMENT0019574,ACC0012513,2026-01-02 23:09:39,506.68,,
PAYMENT0020106,ACC0017282,2026-01-02 23:53:20,124736.04,,
PAYMENT0015883,ACC0008768,2026-01-03 00:20:09,149407.71,,
PAYMENT0001045,ACC0012170,2026-01-03 00:24:09,149766.02,,
PAYMENT0004369,ACC0015572,2026-01-03 00:31:39,9281.85,,
PAYMENT0002366,ACC0021032,2026-01-03 00:51:50,21234.63,,
PAYMENT0004063,ACC0029831,2026-01-03 01:31:44,71950.96,,
PAYMENT0001623,ACC0027477,2026-01-03 01:58:09,12054.78,WHATSAPP,2026-01-02 10:37:34
PAYMENT0006275,ACC0027911,2026-01-03 03:15:49,24636.94,,
PAYMENT0006582,ACC0028748,2026-01-03 03:51:10,19989.11,,
PAYMENT0003563,ACC0026223,2026-01-03 05:40:37,68759.92,,
PAYMENT0000564,ACC0024923,2026-01-03 07:06:13,136296.8,,
PAYMENT0017663,ACC0000548,2026-01-03 07:13:06,68986.9,,
PAYMENT0023674,ACC0002947,2026-01-03 07:13:26,54470.82,,
PAYMENT0017767,ACC0009205,2026-01-03 07:30:11,146756.65,,
PAYMENT0022716,ACC0029551,2026-01-03 07:31:50,7440.49,VOICE,2026-01-02 10:19:24
PAYMENT0002069,ACC0003823,2026-01-03 08:04:25,18407.52,,
PAYMENT0007901,ACC0013781,2026-01-03 08:34:15,94805.57,,
PAYMENT0023746,ACC0006948,2026-01-03 08:58:54,499.81,,
PAYMENT0000413,ACC0023459,2026-01-03 09:53:08,97671.5,,
PAYMENT0007805,ACC0006975,2026-01-03 10:00:06,142673.22,,
PAYMENT0017616,ACC0026253,2026-01-03 10:02:22,65911.24,,
PAYMENT0010140,ACC0020804,2026-01-03 10:20:26,139517.67,,
PAYMENT0004418,ACC0026796,2026-01-03 10:44:00,102523.61,,
PAYMENT0004856,ACC0021266,2026-01-03 11:02:57,130783.72,,
PAYMENT0020282,ACC0026714,2026-01-03 11:05:23,127570.49,,
PAYMENT0017168,ACC0021107,2026-01-03 11:31:54,117238.71,,
PAYMENT0000718,ACC0004827,2026-01-03 11:49:32,121719.79,,
PAYMENT0024083,ACC0001640,2026-01-03 11:50:35,39930.06,,
PAYMENT0022435,ACC0029560,2026-01-03 12:04:30,43887.48,VOICE,2026-01-02 15:18:22
PAYMENT0020797,ACC0022359,2026-01-03 12:22:37,61673.29,,
PAYMENT0018355,ACC0016444,2026-01-03 14:33:51,12724.79,,
PAYMENT0019342,ACC0010415,2026-01-03 15:03:37,9890.46,,
PAYMENT0022958,ACC0014187,2026-01-03 15:18:00,69070.8,,
PAYMENT0006647,ACC0010118,2026-01-03 15:36:45,30011.08,SMS,2026-01-01 22:13:17
PAYMENT0005060,ACC0017466,2026-01-03 15:39:05,21060.79,,
PAYMENT0002620,ACC0008725,2026-01-03 16:07:11,104104.37,,
PAYMENT0012850,ACC0009278,2026-01-03 16:17:34,20097.68,,
PAYMENT0017300,ACC0020493,2026-01-03 17:26:49,58586.86,,
PAYMENT0016566,ACC0006524,2026-01-03 18:30:07,40558.21,,
PAYMENT0016461,ACC0008194,2026-01-03 19:50:19,122480.76,,
PAYMENT0014195,ACC0023301,2026-01-03 20:24:23,127302.8,,
PAYMENT0024197,ACC0004609,2026-01-03 20:47:11,42061.55,,
PAYMENT0023480,ACC0015684,2026-01-03 20:47:35,106472.34,,
PAYMENT0005422,ACC0017576,2026-01-03 21:18:19,128759.45,,
PAYMENT0015277,ACC0027598,2026-01-03 21:39:00,59114.28,,
PAYMENT0007803,ACC0020136,2026-01-03 21:54:56,35286.98,FIELD,2026-01-02 13:15:44
PAYMENT0017301,ACC0019819,2026-01-03 22:46:45,27571.11,WHATSAPP,2026-01-01 18:33:58
PAYMENT0001934,ACC0003063,2026-01-03 23:04:28,63047.0,,
PAYMENT0003386,ACC0027347,2026-01-03 23:11:06,144885.68,,
PAYMENT0022143,ACC0018087,2026-01-03 23:19:10,121335.41,,
PAYMENT0000395,ACC0008447,2026-01-03 23:22:54,40835.48,,
PAYMENT0018793,ACC0022620,2026-01-04 00:08:10,101205.16,,
PAYMENT0015258,ACC0003850,2026-01-04 00:19:13,132961.01,,
PAYMENT0021405,ACC0009577,2026-01-04 00:26:20,17621.96,,
PAYMENT0007705,ACC0015578,2026-01-04 01:04:19,56344.87,,
PAYMENT0019103,ACC0021545,2026-01-04 02:02:07,25466.38,,
PAYMENT0001551,ACC0018531,2026-01-04 02:22:48,50566.21,,
PAYMENT0015207,ACC0009707,2026-01-04 02:52:25,99115.05,,
PAYMENT0021012,ACC0020450,2026-01-04 02:53:19,74518.77,,
PAYMENT0024186,ACC0009097,2026-01-04 03:02:11,73424.18,,
PAYMENT0022888,ACC0014362,2026-01-04 03:30:16,148463.45,VOICE,2026-01-01 05:30:15
PAYMENT0007372,ACC0020779,2026-01-04 05:24:10,51522.27,,
PAYMENT0021148,ACC0029158,2026-01-04 06:11:08,30313.2,,
PAYMENT0010544,ACC0020694,2026-01-04 06:33:40,128732.97,,
PAYMENT0018371,ACC0022059,2026-01-04 07:34:11,30813.23,,
PAYMENT0011242,ACC0009564,2026-01-04 08:36:49,68830.75,,
PAYMENT0011074,ACC0024692,2026-01-04 09:46:32,128175.91,,
PAYMENT0019980,ACC0018434,2026-01-04 10:32:43,27772.72,FIELD,2026-01-03 09:55:20
PAYMENT0004344,ACC0027151,2026-01-04 10:44:31,7067.62,,
PAYMENT0021876,ACC0025783,2026-01-04 12:27:04,147701.81,,
PAYMENT0010769,ACC0027404,2026-01-04 12:40:06,20070.63,,
PAYMENT0005461,ACC0026181,2026-01-04 13:13:08,125484.73,,
PAYMENT0019629,ACC0005232,2026-01-04 13:39:31,56424.49,,
PAYMENT0023856,ACC0019301,2026-01-04 14:53:23,75031.53,,
PAYMENT0015608,ACC0013358,2026-01-04 15:05:48,28156.25,,
PAYMENT0024498,ACC0004872,2026-01-04 15:45:54,74879.07,,
PAYMENT0010252,ACC0004563,2026-01-04 16:54:02,60787.01,,
PAYMENT0007973,ACC0010164,2026-01-04 17:19:58,94087.39,VOICE,2026-01-01 20:04:59
PAYMENT0011158,ACC0001918,2026-01-04 17:24:49,75639.51,,
PAYMENT0006655,ACC0017591,2026-01-04 17:37:12,132748.82,,
PAYMENT0002557,ACC0016827,2026-01-04 18:22:51,112011.92,,
PAYMENT0000589,ACC0022945,2026-01-04 18:34:14,131069.21,,
PAYMENT0023283,ACC0002638,2026-01-04 18:39:08,16973.78,,
PAYMENT0014616,ACC0027883,2026-01-04 19:01:07,2108.74,,
PAYMENT0023724,ACC0012173,2026-01-04 19:17:27,104267.65,,
PAYMENT0009417,ACC0022271,2026-01-04 19:20:34,123946.29,,
PAYMENT0010094,ACC0029673,2026-01-04 19:26:22,88396.2,,
PAYMENT0013114,ACC0018245,2026-01-04 20:02:57,46244.07,,
PAYMENT0009995,ACC0024017,2026-01-04 20:36:25,7876.63,SMS,2026-01-01 07:07:07
PAYMENT0003085,ACC0017796,2026-01-04 21:20:28,88923.2,,
PAYMENT0020850,ACC0011594,2026-01-04 22:05:24,125103.28,,
PAYMENT0016249,ACC0012717,2026-01-04 22:38:55,24199.06,,
PAYMENT0010488,ACC0017120,2026-01-04 23:25:37,73070.92,,
PAYMENT0011121,ACC0026659,2026-01-04 23:29:23,43320.0,,
PAYMENT0017447,ACC0007655,2026-01-04 23:30:55,34931.06,FIELD,2026-01-01 04:27:28
PAYMENT0000382,ACC0009266,2026-01-04 23:40:33,64852.77,,
PAYMENT0010106,ACC0026567,2026-01-05 00:33:26,90124.55,,
PAYMENT0005494,ACC0007687,2026-01-05 02:14:32,148646.55,,
PAYMENT0001069,ACC0009473,2026-01-05 02:31:27,123357.89,,
PAYMENT0019380,ACC0004918,2026-01-05 02:36:38,125724.91,,
PAYMENT0007383,ACC0000243,2026-01-05 03:13:47,95483.52,,
PAYMENT0010185,ACC0005945,2026-01-05 03:31:19,62796.57,VOICE,2026-01-01 14:21:36
PAYMENT0011017,ACC0023889,2026-01-05 03:55:05,29542.52,VOICE,2026-01-01 10:43:17
PAYMENT0019007,ACC0006809,2026-01-05 03:59:02,66456.51,,
PAYMENT0013462,ACC0019634,2026-01-05 04:04:20,118022.95,,
PAYMENT0022501,ACC0011396,2026-01-05 05:51:34,109184.63,SMS,2026-01-02 06:56:07
PAYMENT0016064,ACC0022791,2026-01-05 05:55:36,47278.0,,
PAYMENT0010090,ACC0015274,2026-01-05 06:45:40,26315.31,,
PAYMENT0015683,ACC0015908,2026-01-05 07:11:29,51695.7,FIELD,2026-01-01 18:47:18
PAYMENT0001118,ACC0026632,2026-01-05 07:37:39,107112.28,,
PAYMENT0008695,ACC0027600,2026-01-05 07:57:33,98828.0,,
PAYMENT0007497,ACC0022743,2026-01-05 08:26:35,88279.19,,
PAYMENT0008518,ACC0023868,2026-01-05 08:41:25,48751.0,,
PAYMENT0003932,ACC0019371,2026-01-05 09:31:02,30880.22,,
PAYMENT0014824,ACC0005337,2026-01-05 09:37:22,19791.87,,
PAYMENT0020928,ACC0018862,2026-01-05 09:39:24,130553.72,VOICE,2026-01-03 19:47:00
PAYMENT0022679,ACC0027034,2026-01-05 10:02:11,144790.2,,
PAYMENT0015849,ACC0009767,2026-01-05 10:34:09,142365.44,,
PAYMENT0005555,ACC0019512,2026-01-05 10:42:26,55733.51,,
PAYMENT0022784,ACC0003241,2026-01-05 11:22:10,29479.01,,
PAYMENT0015809,ACC0007132,2026-01-05 11:30:46,74250.99,,
PAYMENT0010850,ACC0022257,2026-01-05 11:38:12,18392.27,,
PAYMENT0023185,ACC0015363,2026-01-05 11:38:33,106175.85,,
PAYMENT0013018,ACC0025302,2026-01-05 12:18:03,18581.49,,
PAYMENT0006996,ACC0006492,2026-01-05 12:43:24,127739.78,,
PAYMENT0013116,ACC0007107,2026-01-05 13:13:45,10149.66,VOICE,2026-01-05 12:48:00
PAYMENT0021734,ACC0010569,2026-01-05 13:30:18,48099.25,,
PAYMENT0013909,ACC0002404,2026-01-05 13:32:00,142702.75,,
PAYMENT0024379,ACC0005239,2026-01-05 13:37:16,94832.39,,
PAYMENT0014890,ACC0007227,2026-01-05 13:56:47,63245.91,,
PAYMENT0003833,ACC0027925,2026-01-05 13:58:38,53000.37,SMS,2026-01-02 11:26:10
PAYMENT0002582,ACC0009274,2026-01-05 14:09:54,125900.13,,
PAYMENT0005896,ACC0007315,2026-01-05 14:22:40,94005.81,,
PAYMENT0017158,ACC0025756,2026-01-05 14:22:53,121264.35,,
PAYMENT0009176,ACC0023169,2026-01-05 14:23:44,40126.66,,
PAYMENT0004543,ACC0011936,2026-01-05 14:24:10,114819.78,,
PAYMENT0008226,ACC0009225,2026-01-05 14:59:05,127020.42,,
PAYMENT0023648,ACC0018644,2026-01-05 15:10:37,120072.39,,
PAYMENT0018775,ACC0002354,2026-01-05 15:24:20,45163.95,,
PAYMENT0013314,ACC0009653,2026-01-05 16:05:11,135590.5,,
PAYMENT0020179,ACC0003871,2026-01-05 17:19:27,131965.58,,
PAYMENT0020967,ACC0022175,2026-01-05 17:20:19,3060.39,VOICE,2026-01-03 13:54:27
PAYMENT0020665,ACC0019292,2026-01-05 17:28:39,25358.96,,
PAYMENT0017171,ACC0007161,2026-01-05 17:44:05,41956.94,,
PAYMENT0001797,ACC0005091,2026-01-05 17:55:02,12156.87,,
PAYMENT0009009,ACC0024000,2026-01-05 18:00:34,16444.65,,
PAYMENT0014303,ACC0011931,2026-01-05 18:07:03,82668.59,,
PAYMENT0024318,ACC0004585,2026-01-05 18:30:45,55956.16,VOICE,2026-01-02 15:12:52
PAYMENT0016644,ACC0024804,2026-01-05 18:41:34,116517.45,,
PAYMENT0003954,ACC0009029,2026-01-05 18:52:32,102704.28,,
PAYMENT0005446,ACC0007205,2026-01-05 19:18:26,48848.16,,
PAYMENT0014260,ACC0000224,2026-01-05 19:51:25,6088.02,,
PAYMENT0016744,ACC0017533,2026-01-05 20:04:29,39795.17,,
PAYMENT0021166,ACC0000357,2026-01-05 20:10:59,128466.94,,
PAYMENT0021817,ACC0018431,2026-01-05 20:12:26,106297.79,,
PAYMENT0013898,ACC0022417,2026-01-05 20:24:24,77100.93,,
PAYMENT0009420,ACC0021679,2026-01-05 21:13:21,142115.57,,
PAYMENT0018397,ACC0021706,2026-01-05 21:18:28,27172.33,WHATSAPP,2026-01-04 10:36:40
PAYMENT0009806,ACC0022460,2026-01-05 21:44:35,84083.92,,
PAYMENT0010557,ACC0004715,2026-01-05 21:55:32,91482.01,,
PAYMENT0004805,ACC0007980,2026-01-05 21:58:52,101948.61,,
PAYMENT0018313,ACC0010165,2026-01-05 22:26:47,67932.21,,
PAYMENT0023575,ACC0014779,2026-01-05 22:46:35,66525.39,,
PAYMENT0013879,ACC0002507,2026-01-05 23:58:53,42868.34,,
PAYMENT0024573,ACC0022280,2026-01-06 00:08:54,16782.12,,
PAYMENT0019675,ACC0021349,2026-01-06 00:14:33,94628.76,,
PAYMENT0023837,ACC0013515,2026-01-06 02:05:14,19785.82,WHATSAPP,2026-01-03 20:18:58
PAYMENT0011990,ACC0022770,2026-01-06 02:06:06,133360.0,,
PAYMENT0022819,ACC0007580,2026-01-06 02:13:48,67445.94,,
PAYMENT0001555,ACC0013896,2026-01-06 02:18:53,97737.68,,
PAYMENT0012198,ACC0017028,2026-01-06 03:03:21,12000.57,,
PAYMENT0021711,ACC0025034,2026-01-06 03:18:59,42205.1,,
PAYMENT0018973,ACC0025287,2026-01-06 03:22:55,134747.95,,
PAYMENT0012338,ACC0014571,2026-01-06 03:40:38,2076.51,,
PAYMENT0017239,ACC0022115,2026-01-06 04:02:02,28618.31,,
PAYMENT0004257,ACC0019576,2026-01-06 04:22:55,88873.05,,
PAYMENT0002288,ACC0002392,2026-01-06 04:41:36,82834.31,,
PAYMENT0009070,ACC0006356,2026-01-06 05:55:07,31262.91,,
PAYMENT0020767,ACC0014336,2026-01-06 06:17:31,31915.17,WHATSAPP,2026-01-04 18:48:42
PAYMENT0022171,ACC0013193,2026-01-06 07:16:07,25754.08,,
PAYMENT0014524,ACC0021745,2026-01-06 08:14:18,106135.08,,
PAYMENT0006378,ACC0027507,2026-01-06 08:15:24,82009.68,VOICE,2026-01-03 21:31:08
PAYMENT0023423,ACC0007235,2026-01-06 09:21:08,72927.4,,
PAYMENT0010598,ACC0018135,2026-01-06 10:03:28,83658.6,FIELD,2026-01-02 02:21:42
PAYMENT0016531,ACC0003486,2026-01-06 10:30:28,117533.24,,
PAYMENT0002647,ACC0019256,2026-01-06 10:53:03,45164.21,,
PAYMENT0017414,ACC0018311,2026-01-06 10:56:25,125756.87,,
PAYMENT0000827,ACC0017888,2026-01-06 11:18:49,120070.76,,
PAYMENT0009267,ACC0026693,2026-01-06 11:35:30,23962.83,,
PAYMENT0008043,ACC0013263,2026-01-06 11:53:49,89704.64,,
PAYMENT0020022,ACC0026292,2026-01-06 11:56:59,71881.6,WHATSAPP,2026-01-06 03:54:06
PAYMENT0018172,ACC0027459,2026-01-06 11:57:43,139621.27,,
PAYMENT0011880,ACC0014670,2026-01-06 12:26:43,123316.75,,
PAYMENT0022763,ACC0001370,2026-01-06 13:04:31,89006.86,,
PAYMENT0014130,ACC0003781,2026-01-06 14:13:05,72370.55,,
PAYMENT0018265,ACC0015770,2026-01-06 14:20:27,79332.78,,
PAYMENT0016958,ACC0004304,2026-01-06 14:36:57,7462.53,,
PAYMENT0018646,ACC0026429,2026-01-06 16:41:12,7456.63,,
PAYMENT0007691,ACC0004958,2026-01-06 16:47:46,64486.31,,
PAYMENT0022391,ACC0020802,2026-01-06 16:59:48,21022.61,,
PAYMENT0019127,ACC0026745,2026-01-06 17:01:17,27834.78,VOICE,2026-01-03 10:17:32
PAYMENT0024247,ACC0000315,2026-01-06 17:34:51,19387.92,,
PAYMENT0004927,ACC0027976,2026-01-06 17:46:46,137965.58,,
PAYMENT0016083,ACC0021496,2026-01-06 18:25:10,42204.73,,
PAYMENT0010968,ACC0022661,2026-01-06 18:25:28,46754.63,,
PAYMENT0016487,ACC0000040,2026-01-06 18:58:27,24427.78,,
PAYMENT0000524,ACC0006035,2026-01-06 19:37:34,106381.74,,
PAYMENT0022665,ACC0021629,2026-01-06 21:21:25,89717.52,,
PAYMENT0009774,ACC0009110,2026-01-06 21:22:57,83417.02,,
PAYMENT0022365,ACC0011000,2026-01-06 21:53:14,45998.68,VOICE,2026-01-05 10:09:33
PAYMENT0014970,ACC0026694,2026-01-06 22:01:36,41290.32,,
PAYMENT0000498,ACC0029180,2026-01-06 22:14:25,51112.77,,
PAYMENT0014886,ACC0005821,2026-01-06 22:48:21,89519.63,,
PAYMENT0019178,ACC0026022,2026-01-06 23:47:03,147869.89,,
PAYMENT0017141,ACC0020164,2026-01-07 00:04:13,84955.18,,
PAYMENT0010765,ACC0009034,2026-01-07 01:30:47,118302.66,,
PAYMENT0011276,ACC0016325,2026-01-07 01:49:44,133886.97,,
PAYMENT0007256,ACC0014886,2026-01-07 01:51:13,12893.98,,
PAYMENT0017481,ACC0015986,2026-01-07 01:51:52,12769.15,,
PAYMENT0017898,ACC0025652,2026-01-07 03:16:45,141306.11,,
PAYMENT0017735,ACC0001359,2026-01-07 03:18:59,33111.99,,
PAYMENT0014903,ACC0004394,2026-01-07 03:33:14,52263.56,,
PAYMENT0002499,ACC0024552,2026-01-07 03:54:23,66518.74,FIELD,2026-01-03 02:30:47
PAYMENT0018505,ACC0028647,2026-01-07 04:17:39,112437.74,,
PAYMENT0015543,ACC0006646,2026-01-07 04:35:51,52376.72,,
PAYMENT0020709,ACC0002755,2026-01-07 07:17:25,47570.41,,
PAYMENT0023166,ACC0008489,2026-01-07 07:57:32,112604.27,,
PAYMENT0020221,ACC0012416,2026-01-07 08:00:08,93188.73,,
PAYMENT0012116,ACC0021957,2026-01-07 09:07:01,19290.1,WHATSAPP,2026-01-05 12:14:04
PAYMENT0014742,ACC0014722,2026-01-07 09:41:24,125377.12,VOICE,2026-01-04 03:59:06
PAYMENT0010618,ACC0015188,2026-01-07 09:44:51,126662.46,,
PAYMENT0019199,ACC0020814,2026-01-07 10:01:38,43515.34,,
PAYMENT0014341,ACC0003049,2026-01-07 11:16:13,113314.0,WHATSAPP,2026-01-01 00:10:07
PAYMENT0014166,ACC0025255,2026-01-07 11:19:28,59303.41,,
PAYMENT0014161,ACC0023517,2026-01-07 11:43:44,147852.86,,
PAYMENT0002080,ACC0014272,2026-01-07 11:52:50,133706.43,,
PAYMENT0015000,ACC0028556,2026-01-07 11:58:51,28672.13,,
PAYMENT0020761,ACC0021222,2026-01-07 12:40:51,108830.32,,
PAYMENT0001960,ACC0021935,2026-01-07 13:32:04,95480.41,,
PAYMENT0016571,ACC0004335,2026-01-07 13:32:34,134541.65,,
PAYMENT0017245,ACC0018081,2026-01-07 13:42:53,50078.7,SMS,2026-01-02 23:22:37
PAYMENT0020487,ACC0009055,2026-01-07 14:31:55,95184.07,SMS,2026-01-03 05:57:40
PAYMENT0006355,ACC0012070,2026-01-07 14:58:05,126809.63,WHATSAPP,2026-01-02 15:05:34
PAYMENT0014448,ACC0018666,2026-01-07 15:57:54,86894.68,,
PAYMENT0017823,ACC0002647,2026-01-07 16:05:00,99325.7,,
PAYMENT0007600,ACC0004699,2026-01-07 16:32:05,25961.81,,
PAYMENT0007397,ACC0006816,2026-01-07 16:44:26,18539.34,SMS,2026-01-04 02:59:43
PAYMENT0021503,ACC0001296,2026-01-07 16:47:08,3326.54,,
PAYMENT0016216,ACC0011740,2026-01-07 17:01:30,83399.26,,
PAYMENT0006316,ACC0013224,2026-01-07 17:57:42,97020.26,WHATSAPP,2026-01-04 21:56:51
PAYMENT0000800,ACC0024679,2026-01-07 18:16:47,133275.46,,
PAYMENT0005509,ACC0022710,2026-01-07 18:38:52,27730.19,WHATSAPP,2026-01-02 15:52:41
PAYMENT0009843,ACC0008215,2026-01-07 19:10:36,57632.66,,
PAYMENT0005692,ACC0018273,2026-01-07 19:21:57,6991.66,,
PAYMENT0019797,ACC0005292,2026-01-07 19:24:59,102388.06,,
PAYMENT0003785,ACC0008267,2026-01-07 20:27:42,20435.47,,
PAYMENT0001580,ACC0015958,2026-01-07 20:51:09,74095.73,,
PAYMENT0011020,ACC0001581,2026-01-07 21:03:57,130520.27,,
PAYMENT0015057,ACC0024207,2026-01-07 21:08:56,84373.54,,
PAYMENT0013907,ACC0012290,2026-01-07 21:51:56,42404.77,,
PAYMENT0009303,ACC0002520,2026-01-07 21:52:09,34070.84,,
PAYMENT0000925,ACC0005996,2026-01-07 22:24:35,93385.28,,
PAYMENT0008144,ACC0014968,2026-01-07 22:43:48,121682.71,SMS,2026-01-02 21:33:55
PAYMENT0022084,ACC0019620,2026-01-07 22:45:09,90294.58,,
PAYMENT0009629,ACC0028466,2026-01-07 23:31:47,3571.54,,
PAYMENT0004445,ACC0001089,2026-01-07 23:47:54,9854.27,,
PAYMENT0008531,ACC0021916,2026-01-07 23:53:55,1740.2,,
PAYMENT0005790,ACC0023389,2026-01-08 00:07:50,11306.73,,
PAYMENT0023070,ACC0007158,2026-01-08 00:16:00,120410.28,,
PAYMENT0006083,ACC0018988,2026-01-08 01:24:47,110044.54,,
PAYMENT0015490,ACC0021176,2026-01-08 01:25:07,88233.16,VOICE,2026-01-03 20:05:49
PAYMENT0017382,ACC0017605,2026-01-08 01:25:50,119008.58,,
PAYMENT0017505,ACC0006785,2026-01-08 01:32:06,70210.19,FIELD,2026-01-06 04:11:24
PAYMENT0023386,ACC0005091,2026-01-08 01:49:45,52158.85,SMS,2026-01-06 14:11:23
PAYMENT0013049,ACC0015873,2026-01-08 02:10:19,59639.46,FIELD,2026-01-05 05:35:25
PAYMENT0009148,ACC0021918,2026-01-08 02:17:03,142466.85,,
PAYMENT0020176,ACC0012284,2026-01-08 02:38:33,27367.36,,
PAYMENT0003952,ACC0026111,2026-01-08 03:22:48,98879.71,,
PAYMENT0010548,ACC0004689,2026-01-08 03:36:27,10319.8,,
PAYMENT0019713,ACC0017852,2026-01-08 04:09:17,89858.1,,
PAYMENT0009924,ACC0014369,2026-01-08 04:31:49,109003.52,,
PAYMENT0013641,ACC0015219,2026-01-08 04:41:37,118822.05,SMS,2026-01-02 22:24:44
PAYMENT0014354,ACC0012448,2026-01-08 05:02:08,114466.11,,
PAYMENT0014994,ACC0021576,2026-01-08 05:17:22,99624.7,,
PAYMENT0010778,ACC0027740,2026-01-08 05:54:44,97569.2,SMS,2026-01-06 04:10:51
PAYMENT0015666,ACC0027166,2026-01-08 05:59:48,117878.42,WHATSAPP,2026-01-07 09:42:04
PAYMENT0007789,ACC0027902,2026-01-08 06:02:51,54788.83,,
PAYMENT0021513,ACC0017901,2026-01-08 06:05:41,141193.95,,
PAYMENT0024377,ACC0019858,2026-01-08 06:09:37,81698.71,,
PAYMENT0024109,ACC0013444,2026-01-08 06:26:13,44792.06,,
PAYMENT0005640,ACC0023954,2026-01-08 06:30:49,93103.75,,
PAYMENT0023702,ACC0018650,2026-01-08 06:33:09,98959.5,,
PAYMENT0018948,ACC0029976,2026-01-08 06:38:11,54620.15,,
PAYMENT0012183,ACC0022377,2026-01-08 06:51:59,130191.95,,
PAYMENT0015648,ACC0002247,2026-01-08 06:57:07,47118.03,,
PAYMENT0009476,ACC0014175,2026-01-08 07:30:42,117780.62,,
PAYMENT0018722,ACC0018869,2026-01-08 07:42:29,89247.24,,
PAYMENT0013829,ACC0015523,2026-01-08 08:53:14,43345.3,,
PAYMENT0002154,ACC0026125,2026-01-08 09:29:06,55409.26,,
PAYMENT0015929,ACC0002685,2026-01-08 09:36:51,115732.14,WHATSAPP,2026-01-02 05:33:26
PAYMENT0005615,ACC0029303,2026-01-08 09:40:23,53752.39,,
PAYMENT0013902,ACC0004375,2026-01-08 10:38:46,106693.8,,
PAYMENT0024644,ACC0014749,2026-01-08 12:24:49,7032.45,,
PAYMENT0009264,ACC0020460,2026-01-08 12:32:36,110741.89,VOICE,2026-01-05 14:40:21
PAYMENT0020087,ACC0017013,2026-01-08 12:44:26,91431.61,,
PAYMENT0021538,ACC0007861,2026-01-08 12:57:08,101520.52,,
PAYMENT0016275,ACC0012793,2026-01-08 13:24:24,66001.92,,
PAYMENT0007538,ACC0010025,2026-01-08 13:29:12,134116.57,VOICE,2026-01-06 05:07:56
PAYMENT0014878,ACC0003811,2026-01-08 13:40:09,31482.45,,
PAYMENT0006104,ACC0017882,2026-01-08 13:40:14,77319.04,,
PAYMENT0024986,ACC0017691,2026-01-08 14:02:34,70172.14,,
PAYMENT0024714,ACC0023677,2026-01-08 14:55:09,119425.32,,
PAYMENT0017150,ACC0022009,2026-01-08 15:27:31,139520.76,,
PAYMENT0017180,ACC0016193,2026-01-08 15:28:49,2419.17,,
PAYMENT0002056,ACC0026424,2026-01-08 15:39:45,3878.37,,
PAYMENT0023252,ACC0012756,2026-01-08 15:47:45,63964.25,,
PAYMENT0003829,ACC0001676,2026-01-08 15:53:25,112379.54,,
PAYMENT0011795,ACC0010744,2026-01-08 16:06:30,91800.6,,
PAYMENT0016237,ACC0022421,2026-01-08 16:16:09,97136.43,VOICE,2026-01-08 11:34:39
PAYMENT0002348,ACC0023545,2026-01-08 16:55:53,65342.43,,
PAYMENT0016875,ACC0022735,2026-01-08 16:59:16,95336.51,,
PAYMENT0021770,ACC0000641,2026-01-08 19:25:58,41461.21,,
PAYMENT0006263,ACC0024769,2026-01-08 19:30:08,83255.16,,
PAYMENT0007195,ACC0028949,2026-01-08 20:40:07,76887.63,VOICE,2026-01-08 18:30:00
PAYMENT0005758,ACC0022119,2026-01-08 20:42:27,53263.76,,
PAYMENT0016681,ACC0001741,2026-01-08 20:46:45,77924.27,,
PAYMENT0009518,ACC0016428,2026-01-08 20:49:06,57989.63,,
PAYMENT0018677,ACC0007314,2026-01-08 21:02:08,133507.55,,
PAYMENT0022946,ACC0016189,2026-01-08 21:10:08,83026.36,WHATSAPP,2026-01-08 13:34:28
PAYMENT0000854,ACC0003335,2026-01-08 21:47:20,42732.46,,
PAYMENT0015565,ACC0019132,2026-01-08 21:59:14,96343.37,,
PAYMENT0002652,ACC0011043,2026-01-08 22:12:41,143948.02,WHATSAPP,2026-01-01 05:33:38
PAYMENT0013346,ACC0007877,2026-01-08 22:40:16,70803.57,,
PAYMENT0023155,ACC0015663,2026-01-08 23:29:59,86172.07,,
PAYMENT0016240,ACC0011683,2026-01-08 23:42:05,59089.91,,
PAYMENT0023114,ACC0004062,2026-01-08 23:44:16,55827.29,,
PAYMENT0009365,ACC0015778,2026-01-09 00:08:09,82622.98,,
PAYMENT0006936,ACC0019677,2026-01-09 00:23:10,105783.39,,
PAYMENT0012428,ACC0007288,2026-01-09 01:37:39,123652.62,,
PAYMENT0005449,ACC0013028,2026-01-09 01:39:23,28135.87,,
PAYMENT0014500,ACC0026781,2026-01-09 01:43:37,16910.97,,
PAYMENT0020971,ACC0011326,2026-01-09 01:49:29,36197.59,VOICE,2026-01-09 00:50:42
PAYMENT0020911,ACC0010100,2026-01-09 02:05:26,97763.1,,
PAYMENT0002872,ACC0005052,2026-01-09 02:30:27,75113.29,,
PAYMENT0002551,ACC0002520,2026-01-09 03:34:56,130383.98,,
PAYMENT0016966,ACC0016770,2026-01-09 03:39:19,80275.89,,
PAYMENT0023996,ACC0024721,2026-01-09 03:39:38,60334.84,,
PAYMENT0022866,ACC0014173,2026-01-09 04:03:52,38553.93,VOICE,2026-01-07 13:46:15
PAYMENT0006651,ACC0025951,2026-01-09 04:14:13,14688.66,,
PAYMENT0022568,ACC0021176,2026-01-09 04:16:17,81045.06,VOICE,2026-01-03 20:05:49
PAYMENT0021803,ACC0029916,2026-01-09 04:18:30,34823.08,,
PAYMENT0014600,ACC0018861,2026-01-09 04:47:04,123555.83,SMS,2026-01-01 03:32:08
PAYMENT0019333,ACC0029230,2026-01-09 04:54:05,111532.54,VOICE,2026-01-07 00:19:02
PAYMENT0016812,ACC0013409,2026-01-09 05:10:21,21283.07,,
PAYMENT0009063,ACC0020756,2026-01-09 05:46:38,130057.52,,
PAYMENT0002491,ACC0008129,2026-01-09 06:16:08,108474.07,,
PAYMENT0010534,ACC0002602,2026-01-09 06:17:45,52666.62,,
PAYMENT0013874,ACC0000497,2026-01-09 06:47:11,23200.74,SMS,2026-01-05 08:44:32
PAYMENT0000230,ACC0026540,2026-01-09 06:52:32,129162.31,WHATSAPP,2026-01-05 00:14:39
PAYMENT0017104,ACC0010597,2026-01-09 08:11:25,5223.25,,
PAYMENT0020187,ACC0015142,2026-01-09 08:28:46,144250.03,,
PAYMENT0022204,ACC0015769,2026-01-09 09:00:07,63330.61,,
PAYMENT0015046,ACC0000796,2026-01-09 09:34:03,90756.28,,
PAYMENT0001636,ACC0024355,2026-01-09 09:57:47,147499.29,,
PAYMENT0021928,ACC0000242,2026-01-09 09:57:48,24827.03,,
PAYMENT0019102,ACC0020224,2026-01-09 10:04:52,34596.77,,
PAYMENT0004810,ACC0023670,2026-01-09 10:07:30,131012.31,,
PAYMENT0009121,ACC0026306,2026-01-09 10:42:45,63606.86,,
PAYMENT0008472,ACC0000040,2026-01-09 11:53:37,75424.76,,
PAYMENT0022091,ACC0026454,2026-01-09 11:57:52,29269.52,,
PAYMENT0006805,ACC0006646,2026-01-09 12:20:12,85915.77,,
PAYMENT0015143,ACC0019018,2026-01-09 13:23:39,16220.79,WHATSAPP,2026-01-07 15:34:17
PAYMENT0003179,ACC0005071,2026-01-09 13:55:47,44096.22,,
PAYMENT0014151,ACC0001547,2026-01-09 14:51:58,145144.6,,
PAYMENT0012502,ACC0018480,2026-01-09 15:45:03,105075.45,,
PAYMENT0019519,ACC0011606,2026-01-09 16:56:43,2736.79,FIELD,2026-01-03 10:25:45
PAYMENT0016054,ACC0018525,2026-01-09 16:58:47,23028.52,FIELD,2026-01-01 12:13:54
PAYMENT0016922,ACC0029590,2026-01-09 17:24:19,86203.8,,
PAYMENT0000225,ACC0016205,2026-01-09 18:08:08,9535.35,FIELD,2026-01-05 22:50:12
PAYMENT0020213,ACC0018758,2026-01-09 18:10:40,9909.23,VOICE,2026-01-06 16:48:43
PAYMENT0022267,ACC0023847,2026-01-09 18:24:28,43917.01,WHATSAPP,2026-01-08 14:34:07
PAYMENT0001432,ACC0025452,2026-01-09 19:19:32,47515.82,,
PAYMENT0000798,ACC0015783,2026-01-09 19:24:07,119460.33,WHATSAPP,2026-01-08 09:29:59
PAYMENT0018675,ACC0026285,2026-01-09 19:29:57,148559.6,VOICE,2026-01-08 09:15:59
PAYMENT0010867,ACC0007576,2026-01-09 20:03:53,102137.45,,
PAYMENT0002395,ACC0011553,2026-01-09 20:04:37,67297.08,,
PAYMENT0004867,ACC0023284,2026-01-09 21:00:24,112402.39,FIELD,2026-01-02 18:29:15
PAYMENT0004347,ACC0016245,2026-01-09 21:13:23,141941.82,,
PAYMENT0015990,ACC0000932,2026-01-09 21:17:50,132905.66,,
PAYMENT0010846,ACC0026096,2026-01-09 21:34:12,7888.48,SMS,2026-01-05 18:10:54
PAYMENT0006792,ACC0018500,2026-01-09 22:20:04,51693.26,WHATSAPP,2026-01-06 17:03:04
PAYMENT0023982,ACC0004084,2026-01-09 23:27:40,78005.34,,
PAYMENT0003863,ACC0009784,2026-01-09 23:29:07,111520.01,,
PAYMENT0008419,ACC0003863,2026-01-09 23:43:48,137307.25,,
PAYMENT0015286,ACC0019109,2026-01-10 00:24:15,104129.01,,
PAYMENT0006616,ACC0006462,2026-01-10 00:26:07,127047.13,,
PAYMENT0002969,ACC0017867,2026-01-10 00:45:05,45118.17,WHATSAPP,2026-01-01 11:00:53
PAYMENT0010813,ACC0029865,2026-01-10 01:04:29,71269.84,,
PAYMENT0008636,ACC0020548,2026-01-10 01:19:10,130479.84,WHATSAPP,2026-01-06 04:07:31
PAYMENT0023019,ACC0017895,2026-01-10 01:38:40,80531.02,,
PAYMENT0008681,ACC0018649,2026-01-10 01:39:43,17934.73,,
PAYMENT0023535,ACC0003231,2026-01-10 01:39:59,72694.6,,
PAYMENT0011774,ACC0002278,2026-01-10 01:48:12,76809.8,,
PAYMENT0000109,ACC0021322,2026-01-10 02:09:17,78035.0,,
PAYMENT0019879,ACC0021846,2026-01-10 02:26:47,110438.94,,
PAYMENT0022358,ACC0029376,2026-01-10 02:33:07,71722.91,,
PAYMENT0017636,ACC0016479,2026-01-10 02:50:10,118902.9,,
PAYMENT0002884,ACC0016434,2026-01-10 02:59:21,2138.69,VOICE,2026-01-08 16:45:59
PAYMENT0014831,ACC0009249,2026-01-10 03:11:11,51663.02,,
PAYMENT0004982,ACC0013848,2026-01-10 03:15:43,108758.41,,
PAYMENT0004417,ACC0021984,2026-01-10 03:33:01,148751.18,,
PAYMENT0014784,ACC0029379,2026-01-10 05:38:10,40049.25,,
PAYMENT0012508,ACC0013255,2026-01-10 05:42:42,32251.16,WHATSAPP,2026-01-02 03:05:36
PAYMENT0014585,ACC0028356,2026-01-10 06:00:26,47000.48,,
PAYMENT0024661,ACC0007413,2026-01-10 06:41:16,143289.07,,
PAYMENT0021566,ACC0003615,2026-01-10 06:48:20,72876.48,,
PAYMENT0012072,ACC0006393,2026-01-10 06:48:41,1764.19,,
PAYMENT0010300,ACC0001176,2026-01-10 07:02:26,60780.4,,
PAYMENT0019904,ACC0009412,2026-01-10 07:09:44,55542.74,SMS,2026-01-08 20:04:35
PAYMENT0014642,ACC0015930,2026-01-10 07:26:13,24820.71,,
PAYMENT0009933,ACC0026992,2026-01-10 07:46:43,109686.41,,
PAYMENT0002040,ACC0002911,2026-01-10 08:23:50,126231.11,VOICE,2026-01-09 14:44:22
PAYMENT0010608,ACC0009248,2026-01-10 08:31:25,78694.75,,
PAYMENT0010536,ACC0012949,2026-01-10 09:13:25,64663.44,,
PAYMENT0012257,ACC0006790,2026-01-10 10:16:51,121265.45,FIELD,2026-01-08 07:33:31
PAYMENT0017950,ACC0028611,2026-01-10 10:30:02,61348.16,,
PAYMENT0012440,ACC0027349,2026-01-10 11:16:28,15207.62,,
PAYMENT0008432,ACC0015394,2026-01-10 11:35:10,130007.0,,
PAYMENT0014006,ACC0028579,2026-01-10 11:43:58,53233.64,,
PAYMENT0020651,ACC0005588,2026-01-10 12:01:03,14684.0,,
PAYMENT0003501,ACC0025927,2026-01-10 12:07:49,129519.82,,
PAYMENT0019422,ACC0007028,2026-01-10 12:08:07,1160.37,FIELD,2026-01-05 11:05:54
PAYMENT0005018,ACC0016771,2026-01-10 12:36:09,127838.63,,
PAYMENT0003714,ACC0020200,2026-01-10 12:37:00,17014.84,VOICE,2026-01-10 07:17:00
PAYMENT0003138,ACC0012876,2026-01-10 12:55:48,3547.21,,
PAYMENT0005204,ACC0020547,2026-01-10 12:55:53,18569.42,,
PAYMENT0013427,ACC0001113,2026-01-10 12:58:02,30191.76,VOICE,2026-01-04 16:08:10
PAYMENT0004459,ACC0017594,2026-01-10 14:23:06,145217.71,FIELD,2026-01-08 22:16:22
PAYMENT0006914,ACC0022359,2026-01-10 15:29:05,79692.39,SMS,2026-01-08 20:27:07
PAYMENT0002339,ACC0027409,2026-01-10 15:52:27,113479.66,,
PAYMENT0017287,ACC0017825,2026-01-10 15:58:21,57552.45,,
PAYMENT0012219,ACC0018987,2026-01-10 16:16:31,145237.71,FIELD,2026-01-06 16:17:34
PAYMENT0005782,ACC0022535,2026-01-10 16:16:53,104553.77,,
PAYMENT0012848,ACC0002846,2026-01-10 16:49:09,71424.79,,
PAYMENT0008006,ACC0028180,2026-01-10 17:05:48,65131.71,FIELD,2026-01-08 12:08:04
PAYMENT0017833,ACC0016086,2026-01-10 17:10:13,13300.13,,
PAYMENT0020989,ACC0025986,2026-01-10 17:31:17,23800.43,,
PAYMENT0022108,ACC0026978,2026-01-10 18:39:52,34367.66,,
PAYMENT0021521,ACC0005120,2026-01-10 19:00:08,120993.53,,
PAYMENT0007498,ACC0029079,2026-01-10 19:01:26,26555.76,SMS,2026-01-10 00:31:48
PAYMENT0024067,ACC0000520,2026-01-10 19:25:41,16380.96,,
PAYMENT0017487,ACC0020533,2026-01-10 19:31:13,101627.83,,
PAYMENT0016084,ACC0006256,2026-01-10 19:34:10,130934.1,WHATSAPP,2026-01-03 07:08:01
PAYMENT0020540,ACC0028917,2026-01-10 19:37:44,115442.57,,
PAYMENT0020889,ACC0014777,2026-01-10 19:46:35,140166.41,,
PAYMENT0024047,ACC0023951,2026-01-10 20:00:28,16368.34,,
PAYMENT0007412,ACC0008699,2026-01-10 20:14:15,44601.19,,
PAYMENT0016021,ACC0004302,2026-01-10 20:34:07,34829.25,,
PAYMENT0024818,ACC0012086,2026-01-10 20:35:27,92118.63,,
PAYMENT0009057,ACC0020446,2026-01-10 21:15:42,25579.88,,
PAYMENT0012527,ACC0010946,2026-01-10 21:18:01,75321.91,,
PAYMENT0021727,ACC0023045,2026-01-10 21:20:57,128878.63,WHATSAPP,2026-01-08 23:05:14
PAYMENT0019913,ACC0004646,2026-01-10 21:23:52,81054.3,SMS,2026-01-07 15:47:09
PAYMENT0005970,ACC0001972,2026-01-10 21:38:57,133888.1,,
PAYMENT0019313,ACC0012578,2026-01-10 21:45:09,6573.85,,
PAYMENT0018051,ACC0012796,2026-01-10 21:51:40,130999.62,,
PAYMENT0000645,ACC0011458,2026-01-10 21:56:23,24347.97,FIELD,2026-01-01 23:49:19
PAYMENT0008835,ACC0020227,2026-01-10 22:18:49,83478.11,,
PAYMENT0003045,ACC0013040,2026-01-10 22:37:58,16080.29,WHATSAPP,2026-01-03 23:48:30
PAYMENT0020415,ACC0027291,2026-01-10 22:42:10,7095.39,WHATSAPP,2026-01-10 06:09:20
PAYMENT0011683,ACC0019749,2026-01-11 00:00:13,93161.41,,
PAYMENT0000276,ACC0024936,2026-01-11 00:59:06,138771.08,VOICE,2026-01-09 11:50:30
PAYMENT0009784,ACC0006328,2026-01-11 01:17:47,77053.9,,
PAYMENT0015676,ACC0010700,2026-01-11 01:27:31,67601.41,,
PAYMENT0015867,ACC0021678,2026-01-11 02:18:02,39070.53,,
PAYMENT0006466,ACC0012528,2026-01-11 02:38:27,76249.48,,
PAYMENT0018252,ACC0019646,2026-01-11 03:21:53,81715.83,VOICE,2026-01-04 21:50:53
PAYMENT0006672,ACC0009628,2026-01-11 03:28:43,71279.76,,
PAYMENT0015406,ACC0000988,2026-01-11 03:55:25,111597.41,,
PAYMENT0007410,ACC0016363,2026-01-11 04:16:35,133740.08,,
PAYMENT0004333,ACC0014248,2026-01-11 04:19:17,138882.51,,
PAYMENT0000948,ACC0002078,2026-01-11 04:49:46,42479.99,SMS,2026-01-05 20:03:59
PAYMENT0024745,ACC0024001,2026-01-11 05:16:06,122171.36,,
PAYMENT0012569,ACC0018777,2026-01-11 05:21:15,52229.3,,
PAYMENT0021708,ACC0020098,2026-01-11 06:08:25,140100.5,VOICE,2026-01-09 13:06:14
PAYMENT0002564,ACC0007010,2026-01-11 07:14:06,55109.35,FIELD,2026-01-05 18:23:05
PAYMENT0010833,ACC0002574,2026-01-11 08:22:08,3487.93,,
PAYMENT0023672,ACC0024559,2026-01-11 08:42:19,17374.63,,
PAYMENT0015759,ACC0011715,2026-01-11 08:57:54,101388.66,,
PAYMENT0017706,ACC0026470,2026-01-11 10:39:19,126071.84,,
PAYMENT0013148,ACC0022859,2026-01-11 13:02:50,8892.16,WHATSAPP,2026-01-06 07:27:01
PAYMENT0017025,ACC0013502,2026-01-11 15:32:20,28910.74,,
PAYMENT0016961,ACC0010117,2026-01-11 16:27:45,41774.7,,
PAYMENT0002815,ACC0016626,2026-01-11 16:59:08,103671.36,,
PAYMENT0002678,ACC0026123,2026-01-11 17:25:15,145764.47,,
PAYMENT0014252,ACC0021417,2026-01-11 18:42:46,92503.88,FIELD,2026-01-09 03:49:35
PAYMENT0008754,ACC0006793,2026-01-11 18:52:20,81288.39,,
PAYMENT0018738,ACC0015009,2026-01-11 19:04:32,106754.34,VOICE,2026-01-08 12:52:40
PAYMENT0002222,ACC0003912,2026-01-11 19:19:54,125642.32,,
PAYMENT0024905,ACC0021013,2026-01-11 19:59:58,113078.34,SMS,2026-01-01 09:55:39
PAYMENT0012043,ACC0013002,2026-01-11 20:00:42,42050.86,SMS,2026-01-03 04:28:26
PAYMENT0012311,ACC0004260,2026-01-11 20:24:31,113477.0,,
PAYMENT0015700,ACC0024985,2026-01-11 21:01:21,90310.69,WHATSAPP,2026-01-11 15:20:05
PAYMENT0021134,ACC0004458,2026-01-11 21:54:17,94578.97,,
PAYMENT0008415,ACC0012195,2026-01-11 21:57:09,123849.53,,
PAYMENT0018745,ACC0018130,2026-01-11 23:52:23,40738.05,,
PAYMENT0001836,ACC0014814,2026-01-11 23:56:31,95659.89,SMS,2026-01-10 04:34:25
PAYMENT0005214,ACC0023951,2026-01-11 23:57:06,46925.23,,
PAYMENT0006365,ACC0007022,2026-01-12 00:25:37,22514.86,WHATSAPP,2026-01-07 16:10:47
PAYMENT0022885,ACC0002620,2026-01-12 00:27:46,141136.79,,
PAYMENT0008488,ACC0006004,2026-01-12 00:38:43,77377.17,,
PAYMENT0019641,ACC0028488,2026-01-12 00:51:58,113774.08,WHATSAPP,2026-01-04 19:21:08
PAYMENT0007292,ACC0026226,2026-01-12 01:03:18,94254.2,,
PAYMENT0013654,ACC0010760,2026-01-12 01:11:27,10769.65,,
PAYMENT0016859,ACC0009261,2026-01-12 02:07:03,85357.09,,
PAYMENT0016628,ACC0009684,2026-01-12 02:15:30,40411.05,,
PAYMENT0015987,ACC0011354,2026-01-12 02:17:52,88305.49,,
PAYMENT0008663,ACC0002429,2026-01-12 02:20:05,70088.06,,
PAYMENT0003993,ACC0008104,2026-01-12 02:24:56,117537.58,SMS,2026-01-05 00:12:28
PAYMENT0012103,ACC0013571,2026-01-12 02:30:45,42369.85,,
PAYMENT0017424,ACC0023180,2026-01-12 02:35:36,95449.98,,
PAYMENT0022003,ACC0007013,2026-01-12 02:37:34,95736.28,,
PAYMENT0019382,ACC0010640,2026-01-12 02:49:21,71122.16,,
PAYMENT0016189,ACC0029509,2026-01-12 03:07:05,76444.96,,
PAYMENT0015687,ACC0001121,2026-01-12 03:35:42,34128.42,,
PAYMENT0008210,ACC0018441,2026-01-12 03:58:53,147192.68,,
PAYMENT0000068,ACC0024968,2026-01-12 05:31:41,147594.13,,
PAYMENT0005697,ACC0009776,2026-01-12 05:38:23,44057.19,,
PAYMENT0020468,ACC0010828,2026-01-12 05:54:13,9941.01,,
PAYMENT0006419,ACC0006103,2026-01-12 06:28:54,113598.81,VOICE,2026-01-04 13:47:09
PAYMENT0019942,ACC0011704,2026-01-12 06:31:12,124382.37,,
PAYMENT0004323,ACC0028178,2026-01-12 07:19:07,87985.57,,
PAYMENT0022690,ACC0020421,2026-01-12 07:23:47,116949.0,,
PAYMENT0012222,ACC0003683,2026-01-12 07:32:20,104131.04,WHATSAPP,2026-01-05 00:05:58
PAYMENT0002428,ACC0024787,2026-01-12 07:47:51,9249.2,VOICE,2026-01-04 01:20:34
PAYMENT0001071,ACC0009520,2026-01-12 08:28:29,142515.99,,
PAYMENT0020408,ACC0014822,2026-01-12 09:09:51,127949.03,WHATSAPP,2026-01-02 04:53:41
PAYMENT0012539,ACC0027193,2026-01-12 09:16:07,34377.8,,
PAYMENT0004989,ACC0010309,2026-01-12 09:49:24,96269.43,,
PAYMENT0005040,ACC0026474,2026-01-12 10:04:28,130850.94,WHATSAPP,2026-01-03 11:21:23
PAYMENT0011107,ACC0021188,2026-01-12 10:08:13,6960.1,,
PAYMENT0019676,ACC0004587,2026-01-12 10:31:48,131020.58,,
PAYMENT0003137,ACC0006359,2026-01-12 10:33:43,110909.25,,
PAYMENT0010980,ACC0024622,2026-01-12 11:24:24,89241.34,,
PAYMENT0017658,ACC0016021,2026-01-12 12:16:52,91534.56,,
PAYMENT0000984,ACC0023601,2026-01-12 12:44:39,61299.42,,
PAYMENT0005529,ACC0003945,2026-01-12 13:07:31,55671.48,,
PAYMENT0013358,ACC0007863,2026-01-12 13:26:59,118082.04,FIELD,2026-01-03 05:18:03
PAYMENT0009655,ACC0002453,2026-01-12 14:00:23,103054.41,WHATSAPP,2026-01-04 12:52:48
PAYMENT0007723,ACC0027743,2026-01-12 14:14:11,78531.18,VOICE,2026-01-01 02:37:53
PAYMENT0021462,ACC0028904,2026-01-12 14:21:45,39118.77,,
PAYMENT0017484,ACC0002720,2026-01-12 14:30:55,11909.18,,
PAYMENT0012235,ACC0029746,2026-01-12 14:38:10,20793.53,WHATSAPP,2026-01-02 12:25:43
PAYMENT0018936,ACC0019183,2026-01-12 15:22:48,11695.73,,
PAYMENT0005128,ACC0005086,2026-01-12 15:40:46,25303.37,,
PAYMENT0021846,ACC0007400,2026-01-12 15:44:06,94762.45,,
PAYMENT0007603,ACC0022376,2026-01-12 15:48:08,24304.67,VOICE,2026-01-10 12:20:21
PAYMENT0016972,ACC0020113,2026-01-12 15:50:49,37339.89,SMS,2026-01-02 05:04:45
PAYMENT0019484,ACC0006104,2026-01-12 16:09:55,104043.07,,
PAYMENT0024465,ACC0028710,2026-01-12 16:15:55,37113.5,,
PAYMENT0024361,ACC0027030,2026-01-12 17:08:50,9025.71,VOICE,2026-01-05 23:43:17
PAYMENT0013499,ACC0012928,2026-01-12 17:20:08,40784.36,FIELD,2026-01-05 06:49:58
PAYMENT0006060,ACC0019303,2026-01-12 17:23:18,113699.1,,
PAYMENT0020708,ACC0021885,2026-01-12 19:06:00,91298.51,,
PAYMENT0002113,ACC0020097,2026-01-12 19:45:00,66997.2,,
PAYMENT0002701,ACC0028540,2026-01-12 19:46:52,141540.82,,
PAYMENT0021860,ACC0015062,2026-01-12 20:09:09,116827.34,,
PAYMENT0016372,ACC0017874,2026-01-12 20:22:34,138748.33,,
PAYMENT0015281,ACC0025469,2026-01-12 20:35:10,50606.04,,
PAYMENT0023876,ACC0023764,2026-01-12 20:48:48,101121.12,WHATSAPP,2026-01-05 03:22:09
PAYMENT0010545,ACC0005074,2026-01-12 20:55:59,39558.17,,
PAYMENT0007696,ACC0006226,2026-01-12 22:03:11,14108.62,,
PAYMENT0015240,ACC0019710,2026-01-12 23:33:59,119369.8,SMS,2026-01-12 20:36:58
PAYMENT0023677,ACC0027803,2026-01-12 23:44:58,103968.64,,
PAYMENT0017409,ACC0011565,2026-01-12 23:55:51,5932.2,FIELD,2026-01-07 01:35:35
PAYMENT0017974,ACC0012794,2026-01-13 00:25:54,24313.02,,
PAYMENT0003280,ACC0016648,2026-01-13 02:08:05,13071.46,,
PAYMENT0006404,ACC0019423,2026-01-13 02:09:48,104673.93,,
PAYMENT0024847,ACC0020663,2026-01-13 02:53:56,58928.28,WHATSAPP,2026-01-10 01:49:31
PAYMENT0024912,ACC0006998,2026-01-13 03:07:13,111644.29,,
PAYMENT0024435,ACC0011262,2026-01-13 03:11:43,7963.66,,
PAYMENT0001512,ACC0026392,2026-01-13 03:45:56,89352.55,,
PAYMENT0010704,ACC0021791,2026-01-13 03:49:27,57005.3,,
PAYMENT0002246,ACC0012531,2026-01-13 04:49:28,80873.8,,
PAYMENT0017585,ACC0020022,2026-01-13 05:00:56,129744.65,VOICE,2026-01-03 11:01:03
PAYMENT0007026,ACC0021413,2026-01-13 05:35:46,4763.0,,
PAYMENT0016331,ACC0028131,2026-01-13 06:03:00,131657.2,VOICE,2026-01-02 00:14:50
PAYMENT0022522,ACC0013184,2026-01-13 06:15:55,25067.58,,
PAYMENT0003518,ACC0023989,2026-01-13 06:52:32,128454.93,FIELD,2026-01-04 07:45:53
PAYMENT0013063,ACC0003371,2026-01-13 06:52:43,46881.02,VOICE,2026-01-02 03:33:46
PAYMENT0018347,ACC0005559,2026-01-13 07:26:33,149128.7,,
PAYMENT0005154,ACC0025842,2026-01-13 07:39:40,5491.71,,
PAYMENT0005601,ACC0008790,2026-01-13 08:00:52,125001.79,,
PAYMENT0001993,ACC0003725,2026-01-13 08:28:47,21046.88,,
PAYMENT0003553,ACC0027383,2026-01-13 09:09:42,14789.45,,
PAYMENT0014299,ACC0006757,2026-01-13 09:19:21,56976.23,,
PAYMENT0017238,ACC0023862,2026-01-13 09:32:36,36146.08,WHATSAPP,2026-01-12 08:27:39
PAYMENT0006728,ACC0014549,2026-01-13 10:26:55,115327.42,,
PAYMENT0016128,ACC0002862,2026-01-13 10:49:45,40217.02,,
PAYMENT0012254,ACC0005162,2026-01-13 11:23:07,142959.01,,
PAYMENT0010434,ACC0017457,2026-01-13 11:31:21,29793.27,,
PAYMENT0007606,ACC0017674,2026-01-13 11:33:03,148333.92,,
PAYMENT0007988,ACC0023639,2026-01-13 11:49:24,123223.03,,
PAYMENT0008096,ACC0005338,2026-01-13 11:53:38,134505.47,FIELD,2026-01-08 10:45:55
PAYMENT0005083,ACC0019686,2026-01-13 12:23:49,1668.18,,
PAYMENT0004649,ACC0003652,2026-01-13 14:09:38,100636.12,,
PAYMENT0024627,ACC0009894,2026-01-13 14:58:53,83349.99,,
PAYMENT0014066,ACC0002951,2026-01-13 15:12:08,139126.55,WHATSAPP,2026-01-01 04:20:36
PAYMENT0008487,ACC0028547,2026-01-13 15:32:59,60556.86,WHATSAPP,2026-01-02 04:12:32
PAYMENT0013989,ACC0019706,2026-01-13 15:59:28,36513.23,SMS,2026-01-06 21:57:03
PAYMENT0016099,ACC0026325,2026-01-13 16:40:13,42725.87,WHATSAPP,2026-01-05 17:43:21
PAYMENT0011817,ACC0009411,2026-01-13 16:59:28,142086.67,,
PAYMENT0023147,ACC0003571,2026-01-13 17:06:07,126119.19,,
PAYMENT0000670,ACC0009218,2026-01-13 17:26:19,102797.72,,
PAYMENT0017284,ACC0008193,2026-01-13 17:32:20,119410.74,,
PAYMENT0000933,ACC0001441,2026-01-13 17:38:47,88081.99,WHATSAPP,2026-01-05 21:53:09
PAYMENT0001768,ACC0013727,2026-01-13 17:43:59,113517.02,SMS,2026-01-01 20:33:09
PAYMENT0004530,ACC0013945,2026-01-13 17:48:10,4846.88,,
PAYMENT0023762,ACC0025722,2026-01-13 17:52:02,16174.85,,
PAYMENT0020153,ACC0019997,2026-01-13 18:14:24,66979.5,,
PAYMENT0016905,ACC0005546,2026-01-13 18:32:56,60918.06,,
PAYMENT0011779,ACC0021631,2026-01-13 18:35:53,20571.29,,
PAYMENT0019523,ACC0023495,2026-01-13 19:04:42,143128.54,VOICE,2026-01-03 16:05:10
PAYMENT0015034,ACC0002494,2026-01-13 19:29:16,122677.52,,
PAYMENT0014310,ACC0026029,2026-01-13 19:34:18,62350.45,FIELD,2026-01-12 08:25:20
PAYMENT0014987,ACC0006007,2026-01-13 20:23:55,71051.13,WHATSAPP,2026-01-10 09:22:18
PAYMENT0017862,ACC0005528,2026-01-13 20:52:50,3257.04,,
PAYMENT0003074,ACC0009879,2026-01-13 21:16:32,138911.02,SMS,2026-01-13 07:00:06
PAYMENT0012101,ACC0009070,2026-01-13 21:34:53,86104.92,SMS,2026-01-06 22:58:06
PAYMENT0013036,ACC0019743,2026-01-13 22:34:34,91827.66,,
PAYMENT0002785,ACC0021144,2026-01-13 23:33:32,146266.64,SMS,2026-01-06 21:08:33
PAYMENT0004169,ACC0010664,2026-01-14 00:18:45,85263.85,VOICE,2026-01-01 05:19:57
PAYMENT0014032,ACC0029287,2026-01-14 00:20:54,14222.25,VOICE,2026-01-04 08:36:58
PAYMENT0010931,ACC0026012,2026-01-14 00:28:18,57385.87,,
PAYMENT0014849,ACC0005151,2026-01-14 00:28:51,121421.83,WHATSAPP,2026-01-12 18:09:57
PAYMENT0024276,ACC0013362,2026-01-14 00:29:26,85743.7,,
PAYMENT0003168,ACC0013052,2026-01-14 00:35:07,73908.15,,
PAYMENT0016847,ACC0027196,2026-01-14 01:57:45,7979.83,FIELD,2026-01-08 06:42:06
PAYMENT0007688,ACC0025895,2026-01-14 02:16:30,145190.1,,
PAYMENT0000754,ACC0008721,2026-01-14 02:18:52,90333.05,,
PAYMENT0000998,ACC0022612,2026-01-14 03:05:06,136012.13,,
PAYMENT0020083,ACC0010633,2026-01-14 03:05:14,90539.14,SMS,2026-01-02 19:33:12
PAYMENT0018778,ACC0017512,2026-01-14 03:30:57,108877.69,WHATSAPP,2026-01-06 05:25:36
PAYMENT0001310,ACC0019083,2026-01-14 04:00:56,30127.66,,
PAYMENT0021205,ACC0029112,2026-01-14 05:45:42,123935.11,VOICE,2026-01-07 05:07:51
PAYMENT0004958,ACC0017572,2026-01-14 06:01:49,140021.23,,
PAYMENT0016730,ACC0001856,2026-01-14 06:02:55,114258.81,,
PAYMENT0013821,ACC0019110,2026-01-14 06:06:26,3333.32,,
PAYMENT0006058,ACC0002154,2026-01-14 06:22:46,115133.02,,
PAYMENT0018040,ACC0014438,2026-01-14 06:41:56,120701.58,FIELD,2026-01-04 18:17:05
PAYMENT0007063,ACC0013694,2026-01-14 06:55:14,37069.6,SMS,2026-01-13 10:37:23
PAYMENT0021895,ACC0009559,2026-01-14 07:03:40,146267.07,,
PAYMENT0019868,ACC0013954,2026-01-14 07:50:40,58559.31,,
PAYMENT0014605,ACC0000671,2026-01-14 07:51:50,143216.69,VOICE,2026-01-11 01:49:55
PAYMENT0022278,ACC0026241,2026-01-14 07:56:00,117291.63,,
PAYMENT0002159,ACC0002596,2026-01-14 08:52:03,12758.49,,
PAYMENT0021311,ACC0001475,2026-01-14 10:00:42,73613.34,,
PAYMENT0006932,ACC0008628,2026-01-14 10:51:25,113296.76,,
PAYMENT0016715,ACC0009476,2026-01-14 11:38:14,41806.98,VOICE,2026-01-05 20:32:27
PAYMENT0015828,ACC0014931,2026-01-14 11:43:12,137695.91,WHATSAPP,2026-01-08 21:32:43
PAYMENT0002394,ACC0027532,2026-01-14 11:44:17,104426.14,SMS,2026-01-03 08:21:46
PAYMENT0016565,ACC0023545,2026-01-14 13:12:22,84174.43,,
PAYMENT0023091,ACC0001859,2026-01-14 13:22:13,14125.76,FIELD,2026-01-03 03:51:19
PAYMENT0014234,ACC0029450,2026-01-14 14:59:27,109452.93,VOICE,2026-01-07 11:18:20
PAYMENT0002830,ACC0010440,2026-01-14 15:01:23,20410.23,,
PAYMENT0000161,ACC0026964,2026-01-14 15:06:04,114117.92,,
PAYMENT0011921,ACC0004193,2026-01-14 15:22:12,119831.46,VOICE,2026-01-11 19:48:49
PAYMENT0009192,ACC0020314,2026-01-14 15:22:50,143550.69,VOICE,2026-01-05 21:49:00
PAYMENT0006721,ACC0024540,2026-01-14 15:28:32,25145.16,,
PAYMENT0001508,ACC0022475,2026-01-14 15:42:34,10451.72,,
PAYMENT0024211,ACC0009965,2026-01-14 15:53:50,1604.76,,
PAYMENT0022471,ACC0021961,2026-01-14 16:53:34,92219.45,FIELD,2026-01-09 02:04:02
PAYMENT0007013,ACC0029692,2026-01-14 16:57:28,43762.16,,
PAYMENT0018242,ACC0013135,2026-01-14 17:00:50,568.36,,
PAYMENT0017615,ACC0022186,2026-01-14 17:28:15,100977.47,,
PAYMENT0018049,ACC0006528,2026-01-14 18:02:01,65616.59,SMS,2026-01-02 13:38:00
PAYMENT0013897,ACC0014732,2026-01-14 18:28:23,37073.81,,
PAYMENT0005699,ACC0012644,2026-01-14 18:37:08,5230.26,,
PAYMENT0012331,ACC0009896,2026-01-14 20:01:39,7795.03,VOICE,2026-01-01 03:00:51
PAYMENT0011524,ACC0007288,2026-01-14 20:17:59,142982.13,,
PAYMENT0004593,ACC0018359,2026-01-14 20:31:18,15829.12,,
PAYMENT0014177,ACC0005289,2026-01-14 20:32:50,84254.78,,
PAYMENT0004647,ACC0026325,2026-01-14 20:38:31,141802.16,WHATSAPP,2026-01-05 17:43:21
PAYMENT0014874,ACC0001948,2026-01-14 21:23:13,82935.71,,
PAYMENT0021621,ACC0027515,2026-01-14 21:24:04,88972.04,,
PAYMENT0006811,ACC0018532,2026-01-14 21:30:54,62930.11,,
PAYMENT0015437,ACC0016882,2026-01-14 21:45:58,73492.57,SMS,2026-01-08 14:15:18
PAYMENT0010342,ACC0014656,2026-01-14 21:46:17,42617.09,,
PAYMENT0014951,ACC0017666,2026-01-14 21:52:26,17629.65,,
PAYMENT0019458,ACC0015797,2026-01-14 22:13:11,147520.64,WHATSAPP,2026-01-13 23:34:17
PAYMENT0014900,ACC0011821,2026-01-14 22:31:46,66759.21,VOICE,2026-01-07 03:09:22
PAYMENT0005447,ACC0019651,2026-01-14 22:42:09,48745.04,,
PAYMENT0018653,ACC0025502,2026-01-14 23:04:23,65912.22,SMS,2026-01-05 13:39:45
PAYMENT0002715,ACC0028528,2026-01-14 23:06:21,38102.07,WHATSAPP,2026-01-05 14:02:10
PAYMENT0015107,ACC0011148,2026-01-14 23:45:19,24718.59,,
PAYMENT0010508,ACC0017262,2026-01-14 23:51:09,52738.14,,
PAYMENT0000497,ACC0027640,2026-01-14 23:52:10,115134.1,SMS,2026-01-11 10:00:39
PAYMENT0016973,ACC0006312,2026-01-14 23:57:54,128419.91,,
PAYMENT0012155,ACC0005042,2026-01-15 00:06:33,42065.3,,
PAYMENT0003562,ACC0014928,2026-01-15 00:26:45,80936.13,,
PAYMENT0019827,ACC0022722,2026-01-15 01:29:49,57755.08,VOICE,2026-01-02 19:16:47
PAYMENT0024514,ACC0028019,2026-01-15 01:50:19,45230.53,,
PAYMENT0001703,ACC0023479,2026-01-15 02:27:41,59709.8,,
PAYMENT0022603,ACC0016967,2026-01-15 02:36:20,42784.78,,
PAYMENT0013015,ACC0017257,2026-01-15 02:55:37,64698.34,WHATSAPP,2026-01-14 00:46:27
PAYMENT0008635,ACC0011244,2026-01-15 03:14:27,108328.5,WHATSAPP,2026-01-06 04:27:08
PAYMENT0004616,ACC0024774,2026-01-15 03:19:08,33812.21,,
PAYMENT0000801,ACC0000777,2026-01-15 03:32:38,44989.54,,
PAYMENT0023373,ACC0006271,2026-01-15 05:20:00,55614.14,,
PAYMENT0014615,ACC0004003,2026-01-15 06:00:37,3791.67,WHATSAPP,2026-01-10 13:58:55
PAYMENT0013825,ACC0020396,2026-01-15 06:30:57,68340.13,,
PAYMENT0018199,ACC0026747,2026-01-15 07:00:04,145059.24,,
PAYMENT0006732,ACC0010047,2026-01-15 07:14:37,105673.29,,
PAYMENT0016548,ACC0018419,2026-01-15 07:50:29,1393.2,FIELD,2026-01-02 21:01:10
PAYMENT0000270,ACC0020190,2026-01-15 09:06:23,41325.83,VOICE,2026-01-13 08:23:16
PAYMENT0009274,ACC0010498,2026-01-15 09:08:33,7118.17,,
PAYMENT0018835,ACC0009685,2026-01-15 09:29:31,60416.94,,
PAYMENT0011427,ACC0001534,2026-01-15 12:06:36,137758.73,,
PAYMENT0012031,ACC0019021,2026-01-15 12:42:35,88494.69,FIELD,2026-01-06 08:46:23
PAYMENT0013192,ACC0007491,2026-01-15 12:55:47,98196.62,,
PAYMENT0001145,ACC0027148,2026-01-15 13:09:49,124042.88,FIELD,2026-01-12 01:08:46
PAYMENT0007765,ACC0017911,2026-01-15 14:04:34,84969.12,,
PAYMENT0011546,ACC0012002,2026-01-15 14:55:24,145304.87,VOICE,2026-01-12 23:25:20
PAYMENT0018237,ACC0019516,2026-01-15 15:23:02,27891.09,,
PAYMENT0004116,ACC0015211,2026-01-15 15:38:22,102986.95,,
PAYMENT0019111,ACC0002151,2026-01-15 16:18:54,33384.11,,
PAYMENT0000414,ACC0029253,2026-01-15 16:40:04,131125.68,WHATSAPP,2026-01-06 19:49:25
PAYMENT0020443,ACC0029340,2026-01-15 16:45:24,6034.24,,
PAYMENT0014780,ACC0019045,2026-01-15 17:02:05,70547.15,,
PAYMENT0014144,ACC0011963,2026-01-15 17:14:03,20159.9,VOICE,2026-01-07 01:41:16
PAYMENT0009396,ACC0006521,2026-01-15 17:34:50,133113.06,,
PAYMENT0006167,ACC0014676,2026-01-15 17:49:54,105586.22,,
PAYMENT0017633,ACC0001644,2026-01-15 18:04:44,136546.09,,
PAYMENT0019912,ACC0007372,2026-01-15 18:27:53,24146.24,,
PAYMENT0015811,ACC0002691,2026-01-15 18:59:44,64638.42,,
PAYMENT0009275,ACC0025626,2026-01-15 19:34:51,7359.61,,
PAYMENT0004052,ACC0017329,2026-01-15 19:45:11,4940.59,VOICE,2026-01-07 22:00:00
PAYMENT0002145,ACC0014917,2026-01-15 19:54:32,90754.45,WHATSAPP,2026-01-13 05:35:40
PAYMENT0018858,ACC0014577,2026-01-15 22:03:48,58809.84,,
PAYMENT0005828,ACC0001464,2026-01-15 22:32:54,119614.17,,
PAYMENT0011314,ACC0013665,2026-01-15 23:26:43,111751.4,,
PAYMENT0004337,ACC0003759,2026-01-15 23:53:08,142480.38,,
PAYMENT0018626,ACC0027202,2026-01-15 23:54:25,81132.84,,
PAYMENT0022210,ACC0018327,2026-01-16 00:12:17,79384.7,,
PAYMENT0019854,ACC0004298,2026-01-16 00:25:03,135051.51,VOICE,2026-01-14 23:25:35
PAYMENT0008507,ACC0020027,2026-01-16 00:46:52,92013.59,,
PAYMENT0004935,ACC0025665,2026-01-16 00:53:38,130514.27,SMS,2026-01-13 23:18:36
PAYMENT0023490,ACC0027416,2026-01-16 01:36:52,116852.64,SMS,2026-01-08 18:42:08
PAYMENT0013396,ACC0002695,2026-01-16 02:28:10,67566.1,,
PAYMENT0004533,ACC0024586,2026-01-16 02:41:58,99220.79,,
PAYMENT0005079,ACC0010248,2026-01-16 03:07:08,82805.05,,
PAYMENT0024567,ACC0024565,2026-01-16 03:15:24,130874.14,,
PAYMENT0008845,ACC0024809,2026-01-16 03:42:00,58521.33,,
PAYMENT0006626,ACC0022032,2026-01-16 04:13:15,10670.72,SMS,2026-01-12 10:06:22
PAYMENT0011531,ACC0027841,2026-01-16 04:34:57,49436.67,,
PAYMENT0016722,ACC0007896,2026-01-16 04:44:31,39776.98,VOICE,2026-01-03 06:25:48
PAYMENT0020581,ACC0012399,2026-01-16 04:52:36,104421.36,,
PAYMENT0021993,ACC0025207,2026-01-16 04:54:19,75577.81,WHATSAPP,2026-01-11 13:56:36
PAYMENT0006666,ACC0019226,2026-01-16 05:36:45,133524.55,SMS,2026-01-09 15:28:57
PAYMENT0018411,ACC0004988,2026-01-16 06:10:16,82659.32,,
PAYMENT0019197,ACC0010258,2026-01-16 07:45:54,26539.86,,
PAYMENT0000586,ACC0012769,2026-01-16 07:54:17,65629.0,,
PAYMENT0005901,ACC0005939,2026-01-16 08:03:44,71790.07,,
PAYMENT0021607,ACC0008886,2026-01-16 08:16:15,26788.58,,
PAYMENT0010596,ACC0002484,2026-01-16 08:25:17,71293.09,VOICE,2026-01-11 21:06:55
PAYMENT0011185,ACC0021437,2026-01-16 08:44:29,30908.35,WHATSAPP,2026-01-13 01:26:43
PAYMENT0009310,ACC0029668,2026-01-16 08:46:12,49026.98,,
PAYMENT0008512,ACC0025065,2026-01-16 08:58:43,80941.18,VOICE,2026-01-14 00:21:59
PAYMENT0023151,ACC0007798,2026-01-16 09:33:44,52897.85,,
PAYMENT0007798,ACC0002336,2026-01-16 09:37:52,98210.18,VOICE,2026-01-13 23:57:26
PAYMENT0008642,ACC0009699,2026-01-16 10:16:17,57265.53,,
PAYMENT0012795,ACC0029068,2026-01-16 10:34:04,64419.68,,
PAYMENT0012560,ACC0026350,2026-01-16 11:37:22,62516.7,WHATSAPP,2026-01-13 12:34:46
PAYMENT0022974,ACC0006996,2026-01-16 11:38:14,2639.17,,
PAYMENT0015052,ACC0018871,2026-01-16 11:44:15,41483.02,WHATSAPP,2026-01-05 03:39:38
PAYMENT0012202,ACC0005844,2026-01-16 12:01:06,27358.95,,
PAYMENT0010860,ACC0014735,2026-01-16 13:04:02,122582.5,,
PAYMENT0012966,ACC0016293,2026-01-16 13:33:27,87694.59,,
PAYMENT0006379,ACC0000305,2026-01-16 13:40:23,29262.39,VOICE,2026-01-04 12:03:41
PAYMENT0022908,ACC0028484,2026-01-16 13:59:42,129451.91,,
PAYMENT0017757,ACC0016292,2026-01-16 14:52:00,19538.68,,
PAYMENT0006071,ACC0000822,2026-01-16 14:56:52,117124.82,SMS,2026-01-01 09:48:09
PAYMENT0012525,ACC0018291,2026-01-16 15:08:41,139272.95,,
PAYMENT0001236,ACC0016978,2026-01-16 16:12:57,98337.27,,
PAYMENT0000766,ACC0027209,2026-01-16 17:05:40,68149.52,WHATSAPP,2026-01-09 20:40:41
PAYMENT0023253,ACC0024126,2026-01-16 17:50:36,133693.96,,
PAYMENT0017254,ACC0005060,2026-01-16 18:30:02,76443.74,,
PAYMENT0017577,ACC0029824,2026-01-16 20:30:09,132720.66,,
PAYMENT0011343,ACC0019020,2026-01-16 20:47:58,130188.59,WHATSAPP,2026-01-15 06:42:46
PAYMENT0022162,ACC0013278,2026-01-16 20:57:36,46158.36,FIELD,2026-01-15 11:26:02
PAYMENT0012150,ACC0018125,2026-01-16 21:16:55,51682.43,,
PAYMENT0001543,ACC0003102,2026-01-16 21:25:26,37085.13,WHATSAPP,2026-01-01 21:54:18
PAYMENT0017004,ACC0021815,2026-01-16 21:44:06,148349.18,,
PAYMENT0019746,ACC0001407,2026-01-16 21:55:59,44395.95,,
PAYMENT0008614,ACC0019080,2026-01-16 22:00:25,12998.73,,
PAYMENT0021190,ACC0013089,2026-01-16 22:34:24,79000.1,VOICE,2026-01-13 23:41:42
PAYMENT0006971,ACC0008712,2026-01-16 22:58:44,32430.57,,
PAYMENT0002537,ACC0002681,2026-01-16 23:20:10,79959.32,VOICE,2026-01-01 19:44:44
PAYMENT0002699,ACC0009975,2026-01-16 23:51:53,128777.76,,
PAYMENT0020035,ACC0019712,2026-01-17 00:01:48,148696.16,,
PAYMENT0007720,ACC0002434,2026-01-17 00:04:55,138604.55,VOICE,2026-01-15 12:50:12
PAYMENT0007067,ACC0014718,2026-01-17 01:28:01,74393.94,,
PAYMENT0020103,ACC0007610,2026-01-17 02:10:13,61054.56,,
PAYMENT0009540,ACC0029913,2026-01-17 03:23:47,15766.09,,
PAYMENT0008912,ACC0028471,2026-01-17 03:42:16,40859.2,,
PAYMENT0006198,ACC0010769,2026-01-17 03:51:15,54019.58,FIELD,2026-01-06 00:50:56
PAYMENT0005855,ACC0010250,2026-01-17 04:10:46,78202.62,,
PAYMENT0014121,ACC0005572,2026-01-17 04:42:55,124107.42,,
PAYMENT0002514,ACC0001328,2026-01-17 04:56:14,147841.05,,
PAYMENT0008242,ACC0019422,2026-01-17 05:26:57,72552.64,,
PAYMENT0004652,ACC0023482,2026-01-17 05:42:51,10117.1,VOICE,2026-01-16 19:49:16
PAYMENT0017839,ACC0020308,2026-01-17 05:46:36,41063.95,,
PAYMENT0017834,ACC0023132,2026-01-17 05:46:43,26090.91,,
PAYMENT0004605,ACC0000896,2026-01-17 05:54:05,31695.16,FIELD,2026-01-09 17:50:59
PAYMENT0021236,ACC0006668,2026-01-17 06:31:19,92005.95,VOICE,2026-01-05 00:08:44
PAYMENT0020305,ACC0014663,2026-01-17 07:09:12,26936.98,SMS,2026-01-02 08:15:45
PAYMENT0004782,ACC0016278,2026-01-17 07:10:21,141555.38,VOICE,2026-01-16 01:06:56
PAYMENT0001259,ACC0023538,2026-01-17 07:24:16,24894.2,,
PAYMENT0019331,ACC0025557,2026-01-17 07:49:56,27260.84,,
PAYMENT0001101,ACC0015551,2026-01-17 08:31:30,138838.93,SMS,2026-01-07 14:51:18
PAYMENT0005674,ACC0024629,2026-01-17 08:32:44,52422.61,VOICE,2026-01-07 09:03:39
PAYMENT0024693,ACC0009485,2026-01-17 09:08:45,65629.96,WHATSAPP,2026-01-07 20:00:37
PAYMENT0006477,ACC0019908,2026-01-17 10:03:59,48386.2,,
PAYMENT0002962,ACC0025045,2026-01-17 10:07:03,144406.49,,
PAYMENT0003576,ACC0015122,2026-01-17 10:27:35,22553.55,,
PAYMENT0011210,ACC0022443,2026-01-17 11:33:42,97878.21,,
PAYMENT0018988,ACC0008320,2026-01-17 11:55:05,19902.37,VOICE,2026-01-02 05:24:05
PAYMENT0024030,ACC0019740,2026-01-17 12:43:00,39596.42,,
PAYMENT0010195,ACC0017962,2026-01-17 12:47:39,79280.47,,
PAYMENT0013842,ACC0008613,2026-01-17 12:57:13,38635.51,VOICE,2026-01-15 19:49:02
PAYMENT0000194,ACC0027806,2026-01-17 13:12:28,138924.73,,
PAYMENT0001865,ACC0029596,2026-01-17 13:48:31,71511.7,,
PAYMENT0006617,ACC0008926,2026-01-17 14:11:50,148171.3,FIELD,2026-01-09 12:36:37
PAYMENT0008333,ACC0007548,2026-01-17 14:38:30,139413.52,VOICE,2026-01-12 18:37:34
PAYMENT0024333,ACC0004896,2026-01-17 15:34:57,62513.66,WHATSAPP,2026-01-06 00:24:42
PAYMENT0024093,ACC0000166,2026-01-17 16:54:33,73965.67,,
PAYMENT0008863,ACC0021493,2026-01-17 17:00:29,85019.45,,
PAYMENT0018481,ACC0001846,2026-01-17 17:08:28,15914.05,SMS,2026-01-06 01:46:54
PAYMENT0023472,ACC0018830,2026-01-17 17:16:17,101785.27,,
PAYMENT0022062,ACC0021886,2026-01-17 17:31:48,12080.26,,
PAYMENT0007888,ACC0028561,2026-01-17 18:02:05,7084.58,,
PAYMENT0020263,ACC0008605,2026-01-17 19:14:51,38921.43,,
PAYMENT0013657,ACC0010857,2026-01-17 19:25:30,146872.91,,
PAYMENT0023412,ACC0004602,2026-01-17 19:33:53,30527.76,,
PAYMENT0005572,ACC0018548,2026-01-17 19:49:53,43376.17,,
PAYMENT0004534,ACC0020101,2026-01-17 20:04:45,48869.85,,
PAYMENT0021641,ACC0024516,2026-01-17 20:22:50,146216.33,VOICE,2026-01-04 10:10:39
PAYMENT0020894,ACC0009316,2026-01-17 21:49:02,134033.95,VOICE,2026-01-13 17:20:13
PAYMENT0010724,ACC0011916,2026-01-17 22:32:05,98692.83,,
PAYMENT0023834,ACC0006143,2026-01-17 23:39:21,88028.24,,
PAYMENT0022597,ACC0023321,2026-01-17 23:51:17,126251.7,,
PAYMENT0011876,ACC0000891,2026-01-17 23:56:24,28279.46,WHATSAPP,2026-01-01 08:14:15
PAYMENT0012564,ACC0006785,2026-01-18 00:11:43,136738.01,FIELD,2026-01-06 04:11:24
PAYMENT0016568,ACC0013061,2026-01-18 00:17:36,97004.84,FIELD,2026-01-14 01:49:26
PAYMENT0007744,ACC0003728,2026-01-18 00:18:41,121918.99,WHATSAPP,2026-01-14 09:18:01
PAYMENT0017933,ACC0020929,2026-01-18 00:26:19,45703.4,,
PAYMENT0023918,ACC0002776,2026-01-18 00:45:30,37907.75,,
PAYMENT0009270,ACC0006620,2026-01-18 01:06:49,139847.68,,
PAYMENT0017235,ACC0016919,2026-01-18 01:27:23,132738.39,VOICE,2026-01-03 15:08:09
PAYMENT0024371,ACC0026150,2026-01-18 01:31:11,78762.85,,
PAYMENT0006185,ACC0005297,2026-01-18 01:34:21,52854.18,,
PAYMENT0012141,ACC0017801,2026-01-18 01:34:53,80527.54,VOICE,2026-01-16 20:39:04
PAYMENT0005501,ACC0001971,2026-01-18 01:35:24,79627.98,SMS,2026-01-12 10:19:01
PAYMENT0019372,ACC0001273,2026-01-18 01:56:52,88191.97,WHATSAPP,2026-01-15 18:54:57
PAYMENT0023568,ACC0002702,2026-01-18 02:06:29,42713.5,,
PAYMENT0015157,ACC0020037,2026-01-18 02:52:17,106100.42,VOICE,2026-01-09 18:24:48
PAYMENT0019122,ACC0015907,2026-01-18 02:59:19,121522.76,,
PAYMENT0021696,ACC0007357,2026-01-18 02:59:25,95728.22,VOICE,2026-01-07 08:49:30
PAYMENT0002250,ACC0008959,2026-01-18 04:14:21,122980.02,,
PAYMENT0003027,ACC0022340,2026-01-18 04:24:43,28288.83,,
PAYMENT0016444,ACC0005751,2026-01-18 05:33:08,85395.83,,
PAYMENT0014509,ACC0015241,2026-01-18 05:36:04,84063.42,,
PAYMENT0021547,ACC0014582,2026-01-18 06:07:22,37584.76,,
PAYMENT0000214,ACC0008295,2026-01-18 06:12:22,127401.83,VOICE,2026-01-10 12:34:50
PAYMENT0003390,ACC0015470,2026-01-18 06:15:09,19484.09,,
PAYMENT0023818,ACC0028607,2026-01-18 06:56:20,68975.96,,
PAYMENT0001335,ACC0008166,2026-01-18 07:04:28,101783.5,VOICE,2026-01-04 20:41:01
PAYMENT0015901,ACC0027770,2026-01-18 07:04:35,62203.94,,
PAYMENT0009368,ACC0021820,2026-01-18 07:32:41,47166.92,,
PAYMENT0006692,ACC0007977,2026-01-18 07:49:37,4190.0,FIELD,2026-01-08 00:35:12
PAYMENT0024503,ACC0022744,2026-01-18 08:48:03,10160.41,WHATSAPP,2026-01-11 14:11:27
PAYMENT0019311,ACC0020068,2026-01-18 09:14:37,3746.41,,
PAYMENT0015328,ACC0012306,2026-01-18 09:34:22,10731.38,,
PAYMENT0021120,ACC0022083,2026-01-18 09:35:14,113788.29,,
PAYMENT0013618,ACC0015131,2026-01-18 10:31:55,117521.45,,
PAYMENT0012377,ACC0010225,2026-01-18 10:59:38,47733.5,,
PAYMENT0015085,ACC0013687,2026-01-18 11:36:53,5573.13,,
PAYMENT0000224,ACC0001594,2026-01-18 12:25:17,78000.75,,
PAYMENT0007611,ACC0000048,2026-01-18 12:35:04,72852.11,,
PAYMENT0010187,ACC0016635,2026-01-18 12:35:46,99694.36,VOICE,2026-01-10 14:49:14
PAYMENT0020268,ACC0009059,2026-01-18 12:41:54,40166.02,FIELD,2026-01-12 03:03:38
PAYMENT0022416,ACC0020385,2026-01-18 12:43:15,131998.88,WHATSAPP,2026-01-09 01:53:08
PAYMENT0022849,ACC0008098,2026-01-18 13:06:30,18335.99,FIELD,2026-01-17 00:42:04
PAYMENT0005689,ACC0027653,2026-01-18 13:06:55,141710.1,,
PAYMENT0024275,ACC0026842,2026-01-18 13:31:16,52987.38,WHATSAPP,2026-01-16 19:03:23
PAYMENT0004251,ACC0008431,2026-01-18 14:01:41,21272.17,WHATSAPP,2026-01-01 14:04:06
PAYMENT0016581,ACC0018200,2026-01-18 14:04:07,52342.04,,
PAYMENT0018758,ACC0014953,2026-01-18 14:18:54,75123.35,,
PAYMENT0020410,ACC0014138,2026-01-18 14:35:43,89600.66,WHATSAPP,2026-01-15 10:21:48
PAYMENT0010670,ACC0004394,2026-01-18 15:25:54,89005.81,FIELD,2026-01-17 23:01:35
PAYMENT0018183,ACC0005363,2026-01-18 15:58:01,116019.4,VOICE,2026-01-16 05:53:11
PAYMENT0001144,ACC0017267,2026-01-18 16:10:59,13984.79,,
PAYMENT0010741,ACC0029974,2026-01-18 17:00:08,105739.85,WHATSAPP,2026-01-14 11:30:03
PAYMENT0012868,ACC0027864,2026-01-18 17:47:37,148471.59,VOICE,2026-01-03 17:14:10
PAYMENT0008366,ACC0024131,2026-01-18 18:14:40,146068.93,WHATSAPP,2026-01-14 10:50:09
PAYMENT0010914,ACC0003809,2026-01-18 18:32:17,13293.87,VOICE,2026-01-11 04:30:57
PAYMENT0019180,ACC0007649,2026-01-18 19:05:18,68664.43,FIELD,2026-01-12 04:31:51
PAYMENT0002639,ACC0020584,2026-01-18 20:01:23,3110.55,,
PAYMENT0018500,ACC0005978,2026-01-18 20:43:14,122871.73,SMS,2026-01-01 05:03:31
PAYMENT0024069,ACC0011762,2026-01-18 21:12:22,120937.13,FIELD,2026-01-10 14:51:02
PAYMENT0011840,ACC0024519,2026-01-18 21:38:35,93159.59,VOICE,2026-01-18 02:21:00
PAYMENT0000949,ACC0004459,2026-01-18 22:40:19,13613.79,VOICE,2026-01-08 06:52:44
PAYMENT0007429,ACC0013071,2026-01-18 23:09:11,138829.46,SMS,2026-01-11 03:29:43
PAYMENT0020657,ACC0022688,2026-01-18 23:23:23,8713.88,,
PAYMENT0024900,ACC0022911,2026-01-19 00:50:34,88608.61,,
PAYMENT0002834,ACC0027709,2026-01-19 00:54:53,72042.08,SMS,2026-01-03 09:55:15
PAYMENT0020641,ACC0015126,2026-01-19 01:03:28,32796.34,,
PAYMENT0008489,ACC0022980,2026-01-19 02:05:28,102826.68,WHATSAPP,2026-01-17 07:51:39
PAYMENT0014728,ACC0026330,2026-01-19 02:26:11,67986.69,VOICE,2026-01-07 09:29:11
PAYMENT0022541,ACC0002290,2026-01-19 02:27:22,132833.99,,
PAYMENT0008734,ACC0001456,2026-01-19 02:41:35,78001.4,WHATSAPP,2026-01-03 16:33:18
PAYMENT0001369,ACC0025668,2026-01-19 02:57:52,56347.35,FIELD,2026-01-14 22:17:40
PAYMENT0022203,ACC0018474,2026-01-19 02:59:06,61662.94,,
PAYMENT0024832,ACC0014579,2026-01-19 03:09:40,91153.8,,
PAYMENT0016745,ACC0006209,2026-01-19 04:08:45,8022.82,SMS,2026-01-08 18:45:37
PAYMENT0021299,ACC0022853,2026-01-19 04:50:57,73782.97,SMS,2026-01-03 17:15:48
PAYMENT0007827,ACC0011446,2026-01-19 05:30:25,126359.11,,
PAYMENT0008587,ACC0023800,2026-01-19 07:21:30,46005.02,,
PAYMENT0010454,ACC0002062,2026-01-19 07:31:39,33992.46,,
PAYMENT0009125,ACC0025178,2026-01-19 07:46:08,144732.18,VOICE,2026-01-15 21:45:09
PAYMENT0015262,ACC0004468,2026-01-19 08:04:15,62683.14,WHATSAPP,2026-01-02 21:47:58
PAYMENT0018361,ACC0002604,2026-01-19 08:04:47,132549.86,,
PAYMENT0001056,ACC0018042,2026-01-19 08:28:33,148805.09,,
PAYMENT0004252,ACC0001764,2026-01-19 08:50:12,10548.28,,
PAYMENT0007530,ACC0013644,2026-01-19 09:08:21,132546.77,,
PAYMENT0018557,ACC0018235,2026-01-19 09:36:23,11254.8,,
PAYMENT0023160,ACC0022997,2026-01-19 11:26:25,15522.13,,
PAYMENT0005052,ACC0003855,2026-01-19 11:53:37,29300.9,,
PAYMENT0011501,ACC0013635,2026-01-19 12:06:30,63465.45,,
PAYMENT0023759,ACC0006462,2026-01-19 12:09:48,68249.31,,
PAYMENT0000457,ACC0027513,2026-01-19 12:12:00,35843.37,,
PAYMENT0000080,ACC0023085,2026-01-19 12:28:30,17072.15,,
PAYMENT0000783,ACC0016025,2026-01-19 12:51:01,143580.93,,
PAYMENT0017396,ACC0004965,2026-01-19 13:01:17,38746.27,,
PAYMENT0009205,ACC0023183,2026-01-19 13:08:53,120259.37,,
PAYMENT0007980,ACC0029000,2026-01-19 13:10:56,26606.5,,
PAYMENT0021859,ACC0027589,2026-01-19 13:51:19,103128.41,WHATSAPP,2026-01-10 01:03:33
PAYMENT0021750,ACC0001511,2026-01-19 14:00:34,60423.5,WHATSAPP,2026-01-15 08:22:05
PAYMENT0011402,ACC0024221,2026-01-19 14:15:41,35727.67,,
PAYMENT0022723,ACC0029043,2026-01-19 14:27:35,705.89,,
PAYMENT0020746,ACC0023815,2026-01-19 14:55:16,137455.73,,
PAYMENT0015189,ACC0005271,2026-01-19 15:04:06,136951.62,VOICE,2026-01-06 08:18:37
PAYMENT0023284,ACC0015004,2026-01-19 15:08:21,133547.63,,
PAYMENT0014035,ACC0019680,2026-01-19 15:15:01,73189.31,WHATSAPP,2026-01-16 03:26:54
PAYMENT0009375,ACC0016032,2026-01-19 16:25:59,100030.16,,
PAYMENT0015068,ACC0004804,2026-01-19 16:48:12,19516.81,,
PAYMENT0003801,ACC0001533,2026-01-19 17:11:52,77556.3,,
PAYMENT0015089,ACC0014597,2026-01-19 18:16:37,11696.2,VOICE,2026-01-15 08:26:03
PAYMENT0015794,ACC0020718,2026-01-19 18:52:55,126415.19,,
PAYMENT0023082,ACC0022949,2026-01-19 19:26:10,9823.92,,
PAYMENT0006697,ACC0005712,2026-01-19 19:53:23,95211.83,VOICE,2026-01-15 14:36:53
PAYMENT0023866,ACC0009197,2026-01-19 20:41:47,14175.71,,
PAYMENT0023396,ACC0018458,2026-01-19 21:04:00,14617.59,,
PAYMENT0013247,ACC0025265,2026-01-19 21:05:34,29218.06,,
PAYMENT0019336,ACC0012056,2026-01-19 21:11:45,62643.72,,
PAYMENT0020948,ACC0023853,2026-01-19 21:11:49,20092.32,,
PAYMENT0008119,ACC0014908,2026-01-19 21:33:39,110446.58,,
PAYMENT0004866,ACC0014294,2026-01-19 21:56:43,140187.73,VOICE,2026-01-15 19:36:27
PAYMENT0019507,ACC0020728,2026-01-19 22:06:55,35229.96,,
PAYMENT0012224,ACC0008594,2026-01-19 22:17:09,127846.71,VOICE,2026-01-12 19:42:12
PAYMENT0006866,ACC0023078,2026-01-19 22:44:01,93906.46,WHATSAPP,2026-01-11 22:31:27
PAYMENT0024420,ACC0025603,2026-01-19 23:52:30,68888.39,WHATSAPP,2026-01-16 19:29:57
PAYMENT0023466,ACC0028272,2026-01-20 00:01:31,127708.7,SMS,2026-01-13 02:58:22
PAYMENT0018327,ACC0008756,2026-01-20 00:15:54,21130.38,WHATSAPP,2026-01-14 03:10:11
PAYMENT0004035,ACC0019253,2026-01-20 00:18:51,147144.36,,
PAYMENT0000146,ACC0007539,2026-01-20 00:31:41,69234.71,WHATSAPP,2026-01-16 15:30:08
PAYMENT0003626,ACC0007822,2026-01-20 01:37:43,126532.73,,
PAYMENT0007122,ACC0019048,2026-01-20 02:31:29,144384.62,VOICE,2026-01-07 06:38:54
PAYMENT0008973,ACC0013478,2026-01-20 02:40:14,74943.63,VOICE,2026-01-11 10:41:49
PAYMENT0000831,ACC0003838,2026-01-20 03:37:21,3540.13,,
PAYMENT0019729,ACC0009462,2026-01-20 03:48:13,149725.78,,
PAYMENT0007665,ACC0010910,2026-01-20 04:17:37,46071.15,,
PAYMENT0021191,ACC0022928,2026-01-20 04:52:55,138258.93,,
PAYMENT0006161,ACC0024040,2026-01-20 05:12:51,61576.43,SMS,2026-01-14 03:07:54
PAYMENT0023403,ACC0019532,2026-01-20 05:38:49,65439.84,,
PAYMENT0018214,ACC0024092,2026-01-20 05:43:17,94814.54,VOICE,2026-01-17 04:39:37
PAYMENT0024835,ACC0003471,2026-01-20 06:24:36,103667.9,SMS,2026-01-09 16:44:10
PAYMENT0005657,ACC0017694,2026-01-20 06:31:20,24088.23,VOICE,2026-01-19 00:37:16
PAYMENT0007069,ACC0009483,2026-01-20 06:40:35,8867.99,,
PAYMENT0020647,ACC0012585,2026-01-20 07:10:06,117637.06,FIELD,2026-01-07 04:32:17
PAYMENT0020019,ACC0023393,2026-01-20 07:23:58,1739.58,,
PAYMENT0017703,ACC0022132,2026-01-20 07:27:14,99431.54,,
PAYMENT0020479,ACC0002550,2026-01-20 07:48:22,6141.19,WHATSAPP,2026-01-01 12:31:10
PAYMENT0007460,ACC0008626,2026-01-20 08:42:18,140995.12,FIELD,2026-01-14 18:08:31
PAYMENT0024942,ACC0020191,2026-01-20 08:59:16,27918.34,,
PAYMENT0009560,ACC0020280,2026-01-20 09:16:11,41277.1,,
PAYMENT0015035,ACC0014508,2026-01-20 09:26:15,37052.71,,
PAYMENT0014435,ACC0029376,2026-01-20 10:52:13,71077.63,WHATSAPP,2026-01-14 03:51:49
PAYMENT0012691,ACC0000046,2026-01-20 11:06:42,45021.98,,
PAYMENT0013207,ACC0009204,2026-01-20 11:09:23,44285.81,SMS,2026-01-01 01:53:34
PAYMENT0002448,ACC0022123,2026-01-20 11:13:41,51737.57,,
PAYMENT0017866,ACC0008754,2026-01-20 11:17:38,35037.57,,
PAYMENT0020729,ACC0002542,2026-01-20 11:28:47,22400.42,WHATSAPP,2026-01-05 22:37:16
PAYMENT0018477,ACC0019920,2026-01-20 11:49:50,50302.91,VOICE,2026-01-09 09:13:36
PAYMENT0017118,ACC0025281,2026-01-20 11:56:34,129009.37,,
PAYMENT0014537,ACC0007527,2026-01-20 12:01:21,102699.98,FIELD,2026-01-19 20:09:41
PAYMENT0017657,ACC0021124,2026-01-20 12:11:15,25423.53,VOICE,2026-01-12 05:46:30
PAYMENT0016604,ACC0026635,2026-01-20 13:06:51,128936.02,,
PAYMENT0015816,ACC0011940,2026-01-20 13:19:01,132987.96,,
PAYMENT0010808,ACC0004683,2026-01-20 13:26:58,62669.42,WHATSAPP,2026-01-07 04:00:09
PAYMENT0009410,ACC0025322,2026-01-20 14:19:22,66470.07,,
PAYMENT0022082,ACC0012464,2026-01-20 14:39:50,105678.04,WHATSAPP,2026-01-09 18:00:47
PAYMENT0006101,ACC0009401,2026-01-20 15:05:24,49425.41,WHATSAPP,2026-01-17 21:15:43
PAYMENT0008190,ACC0020583,2026-01-20 15:40:05,154.1,,
PAYMENT0008582,ACC0017202,2026-01-20 15:42:41,20057.94,,
PAYMENT0004650,ACC0000111,2026-01-20 16:03:01,129024.18,SMS,2026-01-10 20:10:08
PAYMENT0018256,ACC0027585,2026-01-20 16:47:44,92501.49,,
PAYMENT0006591,ACC0016573,2026-01-20 16:50:59,118257.35,,
PAYMENT0002542,ACC0015043,2026-01-20 16:59:18,131974.55,,
PAYMENT0006324,ACC0014335,2026-01-20 17:05:11,13981.77,FIELD,2026-01-03 17:29:06
PAYMENT0018635,ACC0010222,2026-01-20 17:43:00,110019.61,,
PAYMENT0013558,ACC0019671,2026-01-20 17:57:03,132557.88,,
PAYMENT0022865,ACC0028118,2026-01-20 18:21:02,64292.35,,
PAYMENT0006572,ACC0023752,2026-01-20 19:06:24,20362.68,,
PAYMENT0008160,ACC0001689,2026-01-20 19:06:55,84873.28,,
PAYMENT0009984,ACC0017416,2026-01-20 19:31:45,19199.64,,
PAYMENT0003710,ACC0022156,2026-01-20 19:33:02,144850.1,FIELD,2026-01-07 01:01:52
PAYMENT0013675,ACC0014770,2026-01-20 19:33:22,42041.95,VOICE,2026-01-18 23:06:55
PAYMENT0013984,ACC0001025,2026-01-20 20:40:49,78908.77,,
PAYMENT0003187,ACC0000975,2026-01-20 20:45:48,10895.12,,
PAYMENT0024708,ACC0004024,2026-01-20 22:23:35,66436.7,,
PAYMENT0024945,ACC0010447,2026-01-20 22:52:16,141605.68,VOICE,2026-01-09 21:20:00
PAYMENT0002309,ACC0015150,2026-01-20 23:53:55,80901.36,,
PAYMENT0020355,ACC0027369,2026-01-20 23:58:49,111386.13,SMS,2026-01-15 04:12:19
PAYMENT0000489,ACC0000750,2026-01-21 00:27:48,34680.03,,
PAYMENT0009438,ACC0019284,2026-01-21 00:32:05,61162.07,,
PAYMENT0013533,ACC0025955,2026-01-21 00:48:33,41598.89,,
PAYMENT0009941,ACC0000582,2026-01-21 00:58:54,55803.3,,
PAYMENT0001394,ACC0012948,2026-01-21 01:15:58,53073.36,,
PAYMENT0010776,ACC0009480,2026-01-21 01:30:58,120844.43,VOICE,2026-01-13 17:48:15
PAYMENT0007996,ACC0022191,2026-01-21 02:28:22,30415.99,VOICE,2026-01-08 19:25:36
PAYMENT0021488,ACC0001990,2026-01-21 02:45:51,120588.73,,
PAYMENT0005316,ACC0004402,2026-01-21 03:11:03,50136.41,VOICE,2026-01-11 07:50:56
PAYMENT0007105,ACC0023928,2026-01-21 04:03:57,142759.47,,
PAYMENT0005445,ACC0001103,2026-01-21 04:09:01,139414.11,SMS,2026-01-19 13:43:29
PAYMENT0005522,ACC0009230,2026-01-21 04:33:46,144403.76,,
PAYMENT0011971,ACC0016774,2026-01-21 04:49:19,97848.56,VOICE,2026-01-15 01:22:31
PAYMENT0010109,ACC0005100,2026-01-21 04:52:45,25639.92,VOICE,2026-01-19 20:10:25
PAYMENT0001312,ACC0017016,2026-01-21 05:41:59,49791.55,VOICE,2026-01-11 14:41:28
PAYMENT0000258,ACC0000548,2026-01-21 05:53:15,130790.16,,
PAYMENT0010934,ACC0012977,2026-01-21 06:02:38,64720.53,SMS,2026-01-04 10:48:44
PAYMENT0001093,ACC0022206,2026-01-21 07:00:01,110971.92,VOICE,2026-01-09 11:57:32
PAYMENT0006612,ACC0021226,2026-01-21 07:52:22,142799.97,VOICE,2026-01-09 02:16:44
PAYMENT0021294,ACC0010799,2026-01-21 08:20:59,41995.25,,
PAYMENT0009625,ACC0027390,2026-01-21 08:44:13,84055.57,,
PAYMENT0019330,ACC0016246,2026-01-21 09:04:04,83551.93,,
PAYMENT0000421,ACC0004512,2026-01-21 09:42:18,120805.24,WHATSAPP,2026-01-13 11:09:09
PAYMENT0024283,ACC0017511,2026-01-21 11:04:58,75856.92,,
PAYMENT0024862,ACC0005917,2026-01-21 11:44:24,135162.74,VOICE,2026-01-10 03:29:40
PAYMENT0003821,ACC0022466,2026-01-21 12:23:55,138374.16,WHATSAPP,2026-01-15 07:34:37
PAYMENT0014196,ACC0011159,2026-01-21 12:26:46,71344.94,SMS,2026-01-19 05:24:33
PAYMENT0022378,ACC0004847,2026-01-21 12:30:08,57010.79,,
PAYMENT0000747,ACC0012013,2026-01-21 12:58:41,126905.73,,
PAYMENT0013732,ACC0001508,2026-01-21 13:15:31,70735.55,,
PAYMENT0023585,ACC0027447,2026-01-21 13:35:47,73447.3,,
PAYMENT0022094,ACC0013802,2026-01-21 14:19:03,485.99,,
PAYMENT0014216,ACC0005942,2026-01-21 14:48:01,39639.37,SMS,2026-01-09 06:21:37
PAYMENT0021922,ACC0010207,2026-01-21 15:07:53,101092.66,,
PAYMENT0005169,ACC0023036,2026-01-21 16:13:01,61786.33,,
PAYMENT0011455,ACC0014058,2026-01-21 16:36:52,73235.59,,
PAYMENT0014090,ACC0017510,2026-01-21 16:38:09,125601.15,,
PAYMENT0017801,ACC0015910,2026-01-21 16:48:09,38265.06,,
PAYMENT0021649,ACC0018220,2026-01-21 16:56:59,57029.51,,
PAYMENT0008945,ACC0027336,2026-01-21 16:58:35,45520.11,WHATSAPP,2026-01-02 06:48:32
PAYMENT0012039,ACC0011147,2026-01-21 17:01:54,23490.53,,
PAYMENT0020464,ACC0018494,2026-01-21 17:21:21,86038.37,,
PAYMENT0002643,ACC0003742,2026-01-21 18:19:38,60518.19,,
PAYMENT0022788,ACC0012649,2026-01-21 18:31:57,15351.54,VOICE,2026-01-17 02:12:14
PAYMENT0021174,ACC0022849,2026-01-21 18:48:07,56158.07,,
PAYMENT0010214,ACC0027105,2026-01-21 19:04:00,97125.19,VOICE,2026-01-07 04:36:53
PAYMENT0005860,ACC0021080,2026-01-21 19:13:22,90047.64,,
PAYMENT0006677,ACC0010975,2026-01-21 19:13:31,88759.2,,
PAYMENT0005241,ACC0002326,2026-01-21 19:38:29,112919.63,VOICE,2026-01-19 17:27:06
PAYMENT0012543,ACC0001843,2026-01-21 19:55:34,69338.05,,
PAYMENT0003242,ACC0024824,2026-01-21 20:03:16,29260.95,VOICE,2026-01-12 09:33:04
PAYMENT0002173,ACC0025314,2026-01-21 20:22:51,121046.03,,
PAYMENT0023172,ACC0007183,2026-01-21 21:19:28,139037.93,VOICE,2026-01-20 04:37:35
PAYMENT0023364,ACC0006089,2026-01-21 21:24:31,123747.54,VOICE,2026-01-13 11:51:11
PAYMENT0008220,ACC0004155,2026-01-21 21:27:55,17227.56,WHATSAPP,2026-01-19 12:58:15
PAYMENT0004381,ACC0016880,2026-01-21 21:33:19,63767.07,,
PAYMENT0015810,ACC0000574,2026-01-21 21:59:16,102248.03,FIELD,2026-01-19 20:01:36
PAYMENT0004646,ACC0021914,2026-01-21 22:06:04,120525.13,,
PAYMENT0016185,ACC0012403,2026-01-21 22:40:18,127121.27,FIELD,2026-01-10 06:54:18
PAYMENT0025000,ACC0025945,2026-01-21 23:14:32,93807.41,,
PAYMENT0009122,ACC0024067,2026-01-21 23:36:46,99569.44,VOICE,2026-01-16 14:40:22
PAYMENT0002898,ACC0008329,2026-01-22 00:30:00,88035.12,WHATSAPP,2026-01-12 04:27:45
PAYMENT0022876,ACC0017457,2026-01-22 00:41:36,93243.78,,
PAYMENT0002945,ACC0010324,2026-01-22 01:07:41,81184.39,,
PAYMENT0010156,ACC0009060,2026-01-22 01:31:37,111345.91,WHATSAPP,2026-01-05 21:46:50
PAYMENT0002994,ACC0022185,2026-01-22 02:50:22,104689.83,,
PAYMENT0019396,ACC0003168,2026-01-22 03:22:23,102887.36,SMS,2026-01-18 17:52:12
PAYMENT0006165,ACC0021975,2026-01-22 03:23:47,138608.6,,
PAYMENT0014126,ACC0002781,2026-01-22 03:52:06,64457.78,VOICE,2026-01-08 05:54:49
PAYMENT0021194,ACC0019586,2026-01-22 04:09:45,36399.1,,
PAYMENT0005643,ACC0010788,2026-01-22 04:40:30,39985.6,,
PAYMENT0010056,ACC0008408,2026-01-22 04:58:38,40021.17,FIELD,2026-01-17 13:55:01
PAYMENT0006523,ACC0001995,2026-01-22 05:18:51,752.92,,
PAYMENT0014226,ACC0007960,2026-01-22 05:42:58,86889.31,,
PAYMENT0005039,ACC0018805,2026-01-22 05:48:48,138951.2,,
PAYMENT0015745,ACC0006712,2026-01-22 06:37:25,35461.93,,
PAYMENT0004655,ACC0005066,2026-01-22 06:58:02,82509.7,,
PAYMENT0008838,ACC0007395,2026-01-22 07:24:44,39767.15,VOICE,2026-01-05 15:18:14
PAYMENT0003406,ACC0026771,2026-01-22 08:05:15,95580.99,SMS,2026-01-15 12:08:44
PAYMENT0023045,ACC0008940,2026-01-22 08:47:05,57521.18,WHATSAPP,2026-01-13 02:50:55
PAYMENT0008934,ACC0020340,2026-01-22 09:21:46,15163.69,SMS,2026-01-12 05:57:41
PAYMENT0011152,ACC0012886,2026-01-22 09:47:34,43268.01,VOICE,2026-01-18 09:15:16
PAYMENT0021573,ACC0000173,2026-01-22 10:01:42,67667.96,WHATSAPP,2026-01-18 00:26:34
PAYMENT0024404,ACC0008582,2026-01-22 10:35:05,12474.76,VOICE,2026-01-07 22:37:09
PAYMENT0020557,ACC0009882,2026-01-22 10:45:35,19119.92,SMS,2026-01-16 14:20:36
PAYMENT0000204,ACC0002942,2026-01-22 11:28:38,123384.08,,
PAYMENT0009634,ACC0002545,2026-01-22 11:42:11,54901.79,WHATSAPP,2026-01-09 12:42:39
PAYMENT0005598,ACC0010677,2026-01-22 11:45:02,37357.43,WHATSAPP,2026-01-01 17:55:15
PAYMENT0006758,ACC0027584,2026-01-22 12:27:12,56211.28,,
PAYMENT0002562,ACC0025783,2026-01-22 13:26:21,103697.09,,
PAYMENT0022993,ACC0024441,2026-01-22 13:27:56,57034.22,,
PAYMENT0004264,ACC0022326,2026-01-22 13:57:35,145920.36,VOICE,2026-01-20 06:35:23
PAYMENT0024830,ACC0015361,2026-01-22 14:14:54,79639.17,,
PAYMENT0004583,ACC0010517,2026-01-22 14:57:54,39711.75,,
PAYMENT0000319,ACC0003653,2026-01-22 15:57:53,83907.18,FIELD,2026-01-20 22:28:39
PAYMENT0003792,ACC0012458,2026-01-22 16:29:27,117589.27,,
PAYMENT0001010,ACC0001505,2026-01-22 16:58:19,13307.43,VOICE,2026-01-11 00:40:42
PAYMENT0013075,ACC0014862,2026-01-22 17:23:13,99268.67,WHATSAPP,2026-01-07 22:06:06
PAYMENT0016783,ACC0013323,2026-01-22 17:45:04,131160.02,SMS,2026-01-13 13:56:07
PAYMENT0015944,ACC0006709,2026-01-22 17:51:02,107849.87,,
PAYMENT0006362,ACC0021708,2026-01-22 17:51:42,32681.21,,
PAYMENT0021265,ACC0006004,2026-01-22 18:15:36,7857.42,WHATSAPP,2026-01-18 12:39:16
PAYMENT0003535,ACC0002534,2026-01-22 20:05:16,142240.71,VOICE,2026-01-17 17:03:51
PAYMENT0023058,ACC0009969,2026-01-22 20:21:17,58532.06,WHATSAPP,2026-01-18 05:55:25
PAYMENT0002584,ACC0005760,2026-01-22 21:23:35,93775.41,WHATSAPP,2026-01-05 02:21:53
PAYMENT0012161,ACC0026014,2026-01-22 21:25:40,60586.45,VOICE,2026-01-13 03:12:13
PAYMENT0003331,ACC0006844,2026-01-22 21:33:38,51004.13,,
PAYMENT0011139,ACC0003906,2026-01-22 21:38:47,14020.21,VOICE,2026-01-07 23:14:33
PAYMENT0014429,ACC0019055,2026-01-22 21:44:19,16261.24,WHATSAPP,2026-01-12 09:20:04
PAYMENT0016008,ACC0001734,2026-01-22 21:54:06,27970.73,SMS,2026-01-09 18:00:42
PAYMENT0011435,ACC0010589,2026-01-22 21:56:14,145933.9,VOICE,2026-01-01 14:24:26
PAYMENT0017008,ACC0008622,2026-01-22 23:12:00,28856.66,VOICE,2026-01-21 06:57:16
PAYMENT0014735,ACC0014711,2026-01-22 23:16:29,2531.13,WHATSAPP,2026-01-04 12:31:08
PAYMENT0007575,ACC0002853,2026-01-22 23:45:12,94048.86,WHATSAPP,2026-01-02 06:10:35
PAYMENT0012094,ACC0024759,2026-01-23 00:29:11,85081.38,VOICE,2026-01-17 08:47:24
PAYMENT0003905,ACC0024127,2026-01-23 01:26:36,79815.41,VOICE,2026-01-13 18:29:00
PAYMENT0006797,ACC0001135,2026-01-23 02:45:40,47415.07,,
PAYMENT0023122,ACC0001463,2026-01-23 03:11:30,112780.2,WHATSAPP,2026-01-19 09:42:44
PAYMENT0023803,ACC0022009,2026-01-23 03:56:25,139806.51,,
PAYMENT0003838,ACC0026646,2026-01-23 04:01:25,110820.54,,
PAYMENT0015835,ACC0011824,2026-01-23 04:15:12,33196.64,,
PAYMENT0013129,ACC0006834,2026-01-23 04:32:43,134596.17,WHATSAPP,2026-01-19 08:28:22
PAYMENT0017656,ACC0017895,2026-01-23 04:48:00,113528.21,VOICE,2026-01-18 05:29:05
PAYMENT0007534,ACC0001518,2026-01-23 04:59:01,88837.93,FIELD,2026-01-14 02:04:07
PAYMENT0007435,ACC0022150,2026-01-23 05:28:51,118789.47,,
PAYMENT0018981,ACC0004991,2026-01-23 05:52:07,73358.66,WHATSAPP,2026-01-19 09:34:37
PAYMENT0001898,ACC0006472,2026-01-23 06:50:37,67352.75,FIELD,2026-01-14 18:07:03
PAYMENT0017838,ACC0008952,2026-01-23 06:57:47,42142.34,,
PAYMENT0024893,ACC0008421,2026-01-23 07:07:28,107698.03,VOICE,2026-01-14 05:12:11
PAYMENT0020120,ACC0005334,2026-01-23 07:12:14,135262.41,,
PAYMENT0006510,ACC0012552,2026-01-23 08:06:23,86567.73,,
PAYMENT0003435,ACC0004650,2026-01-23 08:20:26,20464.99,SMS,2026-01-17 20:47:07
PAYMENT0003947,ACC0023925,2026-01-23 08:41:10,32508.09,,
PAYMENT0015925,ACC0016601,2026-01-23 08:47:48,145317.35,,
PAYMENT0000667,ACC0026775,2026-01-23 08:48:18,115636.63,,
PAYMENT0003812,ACC0008513,2026-01-23 09:02:40,19117.98,,
PAYMENT0009068,ACC0017378,2026-01-23 09:13:47,107578.49,,
PAYMENT0006733,ACC0016206,2026-01-23 09:41:14,112082.93,FIELD,2026-01-22 19:06:19
PAYMENT0021646,ACC0002395,2026-01-23 10:50:45,110905.24,,
PAYMENT0010492,ACC0018964,2026-01-23 11:15:34,46426.64,,
PAYMENT0007628,ACC0003250,2026-01-23 11:35:13,35019.05,,
PAYMENT0011198,ACC0001192,2026-01-23 12:49:31,54330.53,,
PAYMENT0018109,ACC0004989,2026-01-23 14:09:11,68115.16,SMS,2026-01-19 20:56:14
PAYMENT0015006,ACC0011615,2026-01-23 14:14:06,107128.48,VOICE,2026-01-12 22:36:51
PAYMENT0000629,ACC0028694,2026-01-23 15:28:48,30522.97,,
PAYMENT0016743,ACC0028488,2026-01-23 15:46:15,23086.82,WHATSAPP,2026-01-04 19:21:08
PAYMENT0016126,ACC0006977,2026-01-23 15:55:58,4760.23,WHATSAPP,2026-01-04 17:03:50
PAYMENT0004225,ACC0003553,2026-01-23 16:09:09,121574.58,VOICE,2026-01-01 20:09:03
PAYMENT0019770,ACC0003469,2026-01-23 16:17:47,122953.85,WHATSAPP,2026-01-10 19:31:36
PAYMENT0005965,ACC0026334,2026-01-23 16:43:19,75114.95,,
PAYMENT0005772,ACC0001094,2026-01-23 17:02:03,123598.56,,
PAYMENT0018848,ACC0012151,2026-01-23 17:30:41,7132.14,VOICE,2026-01-20 10:15:59
PAYMENT0003860,ACC0014859,2026-01-23 18:04:43,133545.22,VOICE,2026-01-18 21:41:47
PAYMENT0016685,ACC0004425,2026-01-23 18:32:01,22032.46,,
PAYMENT0010086,ACC0013704,2026-01-23 18:50:58,6443.61,SMS,2026-01-19 14:19:01
PAYMENT0000727,ACC0028835,2026-01-23 19:10:01,81544.17,,
PAYMENT0005312,ACC0002189,2026-01-23 20:23:54,25616.3,FIELD,2026-01-06 12:20:14
PAYMENT0009822,ACC0019506,2026-01-23 20:47:27,138374.69,,
PAYMENT0009409,ACC0000970,2026-01-23 20:48:01,44668.68,VOICE,2026-01-16 19:14:07
PAYMENT0007817,ACC0002609,2026-01-23 21:19:57,122017.73,VOICE,2026-01-18 08:07:19
PAYMENT0018087,ACC0001260,2026-01-23 22:03:33,61711.2,SMS,2026-01-06 10:29:58
PAYMENT0001103,ACC0029000,2026-01-23 22:04:04,33958.59,,
PAYMENT0007581,ACC0019806,2026-01-23 22:15:20,108415.34,SMS,2026-01-21 12:20:49
PAYMENT0008664,ACC0027099,2026-01-23 22:22:48,16006.69,,
PAYMENT0007465,ACC0015072,2026-01-23 22:37:06,122199.22,,
PAYMENT0016272,ACC0014953,2026-01-23 22:57:30,17048.14,,
PAYMENT0002667,ACC0012343,2026-01-23 23:10:49,113692.3,,
PAYMENT0014114,ACC0014741,2026-01-23 23:52:11,15078.36,,
PAYMENT0002931,ACC0005925,2026-01-24 00:12:18,100799.19,,
PAYMENT0022936,ACC0007621,2026-01-24 00:25:51,136443.17,,
PAYMENT0012078,ACC0006563,2026-01-24 00:31:15,141306.23,,
PAYMENT0013854,ACC0019584,2026-01-24 01:11:35,42684.93,,
PAYMENT0008599,ACC0028292,2026-01-24 01:18:52,90543.57,VOICE,2026-01-06 23:46:13
PAYMENT0010143,ACC0022869,2026-01-24 01:47:20,109909.91,,
PAYMENT0018566,ACC0004852,2026-01-24 01:48:23,130456.53,VOICE,2026-01-03 09:25:19
PAYMENT0011941,ACC0015522,2026-01-24 02:28:15,87541.25,VOICE,2026-01-08 22:32:20
PAYMENT0024842,ACC0018579,2026-01-24 02:57:20,97847.24,,
PAYMENT0001712,ACC0005514,2026-01-24 03:37:24,97021.62,WHATSAPP,2026-01-01 02:30:46
PAYMENT0021118,ACC0019816,2026-01-24 03:38:40,140649.51,,
PAYMENT0019532,ACC0016837,2026-01-24 04:38:50,108620.97,WHATSAPP,2026-01-09 06:24:42
PAYMENT0007981,ACC0025223,2026-01-24 05:25:26,27032.31,,
PAYMENT0019533,ACC0021598,2026-01-24 05:32:38,45874.53,VOICE,2026-01-21 15:20:46
PAYMENT0023013,ACC0014655,2026-01-24 05:34:39,69880.73,WHATSAPP,2026-01-23 00:28:01
PAYMENT0008766,ACC0008541,2026-01-24 06:03:53,91271.77,,
PAYMENT0020128,ACC0014941,2026-01-24 06:35:33,143088.13,,
PAYMENT0010011,ACC0021532,2026-01-24 06:42:07,141915.63,WHATSAPP,2026-01-23 09:21:49
PAYMENT0019982,ACC0013119,2026-01-24 06:54:42,94830.68,WHATSAPP,2026-01-02 20:19:20
PAYMENT0009369,ACC0007438,2026-01-24 07:05:12,31448.73,SMS,2026-01-12 15:22:47
PAYMENT0002047,ACC0000102,2026-01-24 07:18:21,130447.07,,
PAYMENT0016430,ACC0029595,2026-01-24 08:10:24,83347.39,WHATSAPP,2026-01-01 16:44:00
PAYMENT0004601,ACC0014504,2026-01-24 08:59:38,116050.76,,
PAYMENT0021317,ACC0005281,2026-01-24 09:24:31,119333.2,,
PAYMENT0013887,ACC0002957,2026-01-24 09:42:32,58852.54,,
PAYMENT0021355,ACC0014184,2026-01-24 09:59:45,40040.91,,
PAYMENT0005238,ACC0018570,2026-01-24 10:09:16,91222.69,SMS,2026-01-06 21:22:03
PAYMENT0001604,ACC0011340,2026-01-24 11:04:21,70590.42,,
PAYMENT0013327,ACC0019235,2026-01-24 11:40:31,66336.46,,
PAYMENT0007963,ACC0025070,2026-01-24 11:59:15,130175.56,WHATSAPP,2026-01-15 07:44:14
PAYMENT0024002,ACC0021005,2026-01-24 13:32:11,81231.36,FIELD,2026-01-09 22:13:45
PAYMENT0021073,ACC0020838,2026-01-24 14:22:20,98780.87,,
PAYMENT0010428,ACC0020252,2026-01-24 14:32:26,83877.41,,
PAYMENT0009659,ACC0026517,2026-01-24 15:01:08,133949.59,WHATSAPP,2026-01-17 09:36:01
PAYMENT0023050,ACC0023840,2026-01-24 15:08:29,80763.21,,
PAYMENT0003481,ACC0026733,2026-01-24 16:57:01,134144.17,VOICE,2026-01-21 10:19:30
PAYMENT0019411,ACC0001507,2026-01-24 17:46:55,9550.32,,
PAYMENT0017110,ACC0026507,2026-01-24 17:55:31,83096.01,SMS,2026-01-01 01:34:17
PAYMENT0003282,ACC0017313,2026-01-24 17:58:31,63041.06,,
PAYMENT0013720,ACC0029980,2026-01-24 18:04:35,43408.12,VOICE,2026-01-16 20:47:39
PAYMENT0004484,ACC0011977,2026-01-24 18:12:19,882.13,VOICE,2026-01-03 22:52:43
PAYMENT0017954,ACC0007044,2026-01-24 18:23:36,122363.58,VOICE,2026-01-20 07:48:54
PAYMENT0023360,ACC0011475,2026-01-24 19:30:56,113353.71,,
PAYMENT0003750,ACC0028829,2026-01-24 19:54:17,8039.93,,
PAYMENT0013672,ACC0002892,2026-01-24 20:22:24,217.71,,
PAYMENT0021069,ACC0009461,2026-01-24 20:26:05,79728.31,WHATSAPP,2026-01-07 11:46:19
PAYMENT0018364,ACC0006632,2026-01-24 20:27:39,100563.31,VOICE,2026-01-04 16:17:35
PAYMENT0013783,ACC0025291,2026-01-24 21:18:53,80080.18,WHATSAPP,2026-01-11 23:26:55
PAYMENT0020980,ACC0010587,2026-01-24 21:22:29,33246.14,,
PAYMENT0016855,ACC0020065,2026-01-24 21:23:17,102292.18,,
PAYMENT0013551,ACC0029843,2026-01-24 21:26:03,70662.48,WHATSAPP,2026-01-14 15:06:53
PAYMENT0011996,ACC0004529,2026-01-24 22:05:06,24912.33,VOICE,2026-01-24 17:31:38
PAYMENT0011556,ACC0018471,2026-01-24 23:09:28,11578.04,VOICE,2026-01-04 03:11:36
PAYMENT0008534,ACC0028220,2026-01-24 23:15:45,99242.13,VOICE,2026-01-14 11:47:52
PAYMENT0012020,ACC0026423,2026-01-25 00:28:39,106181.58,,
PAYMENT0019347,ACC0015856,2026-01-25 00:28:54,132060.15,WHATSAPP,2026-01-07 06:13:14
PAYMENT0023061,ACC0005740,2026-01-25 00:34:06,72967.37,WHATSAPP,2026-01-10 14:42:45
PAYMENT0006835,ACC0004741,2026-01-25 00:34:37,75567.99,,
PAYMENT0010530,ACC0012422,2026-01-25 01:08:31,66725.19,VOICE,2026-01-07 17:53:25
PAYMENT0010452,ACC0004342,2026-01-25 01:19:09,6068.34,WHATSAPP,2026-01-21 23:00:37
PAYMENT0005179,ACC0011716,2026-01-25 01:44:42,58488.42,SMS,2026-01-13 09:34:22
PAYMENT0013385,ACC0006192,2026-01-25 02:25:07,35124.1,,
PAYMENT0007471,ACC0029214,2026-01-25 02:25:54,132573.23,WHATSAPP,2026-01-17 11:06:31
PAYMENT0018619,ACC0024233,2026-01-25 03:08:34,110443.54,,
PAYMENT0011821,ACC0026086,2026-01-25 03:21:33,19060.71,SMS,2026-01-08 10:41:15
PAYMENT0020481,ACC0001078,2026-01-25 03:38:44,148069.76,SMS,2026-01-16 07:39:21
PAYMENT0003361,ACC0009543,2026-01-25 04:06:56,85826.6,,
PAYMENT0023634,ACC0009592,2026-01-25 04:21:06,15325.98,VOICE,2026-01-07 12:02:15
PAYMENT0018041,ACC0029139,2026-01-25 04:39:24,147896.8,WHATSAPP,2026-01-14 21:39:37
PAYMENT0017062,ACC0006918,2026-01-25 04:46:42,62829.17,VOICE,2026-01-18 22:12:50
PAYMENT0007231,ACC0014998,2026-01-25 05:31:03,26590.25,,
PAYMENT0008961,ACC0015657,2026-01-25 06:28:35,120911.45,,
PAYMENT0002895,ACC0002305,2026-01-25 06:43:28,15777.92,,
PAYMENT0023767,ACC0026300,2026-01-25 07:29:51,31188.79,WHATSAPP,2026-01-16 11:30:51
PAYMENT0015305,ACC0000112,2026-01-25 07:45:34,89158.45,VOICE,2026-01-06 21:12:27
PAYMENT0005635,ACC0022847,2026-01-25 07:52:37,116263.64,VOICE,2026-01-07 06:14:15
PAYMENT0000015,ACC0003730,2026-01-25 08:23:30,15237.53,VOICE,2026-01-12 01:15:05
PAYMENT0012887,ACC0017025,2026-01-25 10:00:52,115417.51,WHATSAPP,2026-01-17 03:01:43
PAYMENT0022920,ACC0009049,2026-01-25 11:22:48,6087.6,,
PAYMENT0009553,ACC0021845,2026-01-25 11:40:24,103765.94,VOICE,2026-01-19 05:48:55
PAYMENT0012708,ACC0011450,2026-01-25 12:05:05,59322.74,,
PAYMENT0017937,ACC0005392,2026-01-25 12:41:19,82319.0,,
PAYMENT0016841,ACC0009241,2026-01-25 12:45:55,25242.58,,
PAYMENT0008341,ACC0028261,2026-01-25 12:53:54,73457.24,FIELD,2026-01-05 07:28:47
PAYMENT0023558,ACC0025219,2026-01-25 13:30:44,741.85,SMS,2026-01-11 21:08:42
PAYMENT0003826,ACC0016461,2026-01-25 13:49:00,138034.16,,
PAYMENT0010046,ACC0026249,2026-01-25 14:14:20,17370.26,VOICE,2026-01-04 19:39:07
PAYMENT0007125,ACC0007695,2026-01-25 14:38:41,113484.31,,
PAYMENT0000123,ACC0027777,2026-01-25 15:00:13,58320.03,WHATSAPP,2026-01-15 11:10:05
PAYMENT0000082,ACC0029711,2026-01-25 15:29:48,139652.3,,
PAYMENT0013436,ACC0015250,2026-01-25 16:17:24,101654.24,,
PAYMENT0020908,ACC0025801,2026-01-25 16:57:47,126831.52,,
PAYMENT0017884,ACC0021721,2026-01-25 17:45:58,36649.02,SMS,2026-01-05 17:54:55
PAYMENT0001773,ACC0025106,2026-01-25 17:46:33,118687.19,VOICE,2026-01-17 09:58:27
PAYMENT0013673,ACC0005743,2026-01-25 18:25:22,113698.54,,
PAYMENT0016391,ACC0002680,2026-01-25 19:06:31,120990.93,FIELD,2026-01-08 23:33:46
PAYMENT0023473,ACC0012350,2026-01-25 20:04:18,15494.28,,
PAYMENT0012711,ACC0016877,2026-01-25 20:16:57,100473.41,VOICE,2026-01-19 12:25:38
PAYMENT0005235,ACC0022611,2026-01-25 20:32:43,145227.7,,
PAYMENT0018836,ACC0017629,2026-01-25 21:00:34,50908.12,FIELD,2026-01-19 15:05:00
PAYMENT0002549,ACC0013539,2026-01-25 21:29:31,115046.01,FIELD,2026-01-12 12:38:47
PAYMENT0005331,ACC0011373,2026-01-25 22:18:06,107150.4,VOICE,2026-01-25 12:11:27
PAYMENT0010081,ACC0019977,2026-01-25 22:18:26,66221.95,SMS,2026-01-16 00:50:39
PAYMENT0000142,ACC0021693,2026-01-25 22:34:13,53269.63,VOICE,2026-01-12 05:11:45
PAYMENT0014528,ACC0013731,2026-01-25 23:21:03,46416.69,WHATSAPP,2026-01-18 05:36:46
PAYMENT0012435,ACC0001466,2026-01-25 23:25:05,108588.18,VOICE,2026-01-05 05:29:32
PAYMENT0007577,ACC0017498,2026-01-26 00:51:36,81590.07,,
PAYMENT0024273,ACC0012440,2026-01-26 01:06:37,47257.92,WHATSAPP,2026-01-13 07:59:49
PAYMENT0018832,ACC0014966,2026-01-26 01:13:32,22373.66,FIELD,2026-01-25 21:29:20
PAYMENT0024612,ACC0029531,2026-01-26 01:51:17,74473.34,FIELD,2026-01-24 20:06:29
PAYMENT0003325,ACC0008079,2026-01-26 02:21:21,75583.96,VOICE,2026-01-17 02:46:59
PAYMENT0012108,ACC0016888,2026-01-26 02:32:18,29648.9,,
PAYMENT0015373,ACC0007249,2026-01-26 02:54:14,60902.4,,
PAYMENT0001219,ACC0011964,2026-01-26 03:22:32,7388.7,,
PAYMENT0024940,ACC0008292,2026-01-26 04:04:53,79166.45,,
PAYMENT0024299,ACC0019671,2026-01-26 04:37:59,146269.42,SMS,2026-01-21 19:57:24
PAYMENT0007119,ACC0024407,2026-01-26 05:26:50,55899.11,VOICE,2026-01-17 23:29:40
PAYMENT0013681,ACC0002218,2026-01-26 05:48:05,106578.97,VOICE,2026-01-18 16:40:00
PAYMENT0003427,ACC0005753,2026-01-26 05:54:54,145014.81,SMS,2026-01-16 17:07:53
PAYMENT0005403,ACC0016755,2026-01-26 06:06:22,57821.64,,
PAYMENT0007135,ACC0018974,2026-01-26 06:16:19,46630.44,SMS,2026-01-03 17:42:33
PAYMENT0002973,ACC0002866,2026-01-26 06:27:15,136176.96,SMS,2026-01-25 16:32:07
PAYMENT0023248,ACC0002396,2026-01-26 06:31:45,77510.46,VOICE,2026-01-03 00:34:18
PAYMENT0023116,ACC0002851,2026-01-26 06:58:08,115123.01,SMS,2026-01-07 17:18:47
PAYMENT0013649,ACC0023651,2026-01-26 07:10:50,134104.44,,
PAYMENT0019099,ACC0011547,2026-01-26 07:27:32,47671.85,VOICE,2026-01-03 18:29:12
PAYMENT0001907,ACC0018635,2026-01-26 07:45:39,84160.2,VOICE,2026-01-21 12:54:52
PAYMENT0018613,ACC0023562,2026-01-26 08:34:28,64064.44,,
PAYMENT0006389,ACC0010152,2026-01-26 09:18:31,126423.0,,
PAYMENT0021556,ACC0013306,2026-01-26 10:39:23,103073.5,,
PAYMENT0009576,ACC0020577,2026-01-26 11:22:51,119815.17,VOICE,2026-01-05 16:06:27
PAYMENT0006911,ACC0022160,2026-01-26 11:42:58,89688.03,WHATSAPP,2026-01-24 04:35:57
PAYMENT0003239,ACC0022500,2026-01-26 12:10:55,68857.6,,
PAYMENT0012144,ACC0013061,2026-01-26 13:29:28,67993.36,FIELD,2026-01-14 01:49:26
PAYMENT0007937,ACC0006566,2026-01-26 14:12:06,94529.92,,
PAYMENT0004864,ACC0011197,2026-01-26 14:29:10,144314.56,SMS,2026-01-20 18:46:16
PAYMENT0012653,ACC0026256,2026-01-26 15:00:30,35012.65,FIELD,2026-01-09 11:42:34
PAYMENT0018824,ACC0027986,2026-01-26 15:00:33,58903.04,WHATSAPP,2026-01-25 10:02:34
PAYMENT0002287,ACC0025395,2026-01-26 15:05:04,53338.27,VOICE,2026-01-17 16:14:42
PAYMENT0011261,ACC0015670,2026-01-26 15:08:24,32381.06,FIELD,2026-01-03 16:56:36
PAYMENT0003378,ACC0015116,2026-01-26 16:12:29,32511.67,,
PAYMENT0009798,ACC0018884,2026-01-26 16:41:22,91671.28,,
PAYMENT0003686,ACC0001875,2026-01-26 17:41:29,34057.73,WHATSAPP,2026-01-15 05:59:15
PAYMENT0012600,ACC0013636,2026-01-26 18:14:38,148027.78,,
PAYMENT0008462,ACC0009120,2026-01-26 18:38:47,39314.18,,
PAYMENT0010891,ACC0021089,2026-01-26 18:49:52,17451.94,,
PAYMENT0019270,ACC0011545,2026-01-26 19:13:31,14968.08,,
PAYMENT0009154,ACC0002111,2026-01-26 19:20:20,137065.52,WHATSAPP,2026-01-15 00:26:59
PAYMENT0008630,ACC0002278,2026-01-26 19:29:00,45500.57,,
PAYMENT0004825,ACC0019087,2026-01-26 19:42:20,18989.96,,
PAYMENT0022923,ACC0022928,2026-01-26 19:53:02,39662.12,,
PAYMENT0010433,ACC0012470,2026-01-26 20:18:13,7476.54,,
PAYMENT0003002,ACC0016061,2026-01-26 20:18:41,101339.84,,
PAYMENT0015904,ACC0008902,2026-01-26 20:25:39,143023.14,VOICE,2026-01-21 03:31:27
PAYMENT0000152,ACC0003746,2026-01-26 21:35:33,136226.13,FIELD,2026-01-03 10:20:24
PAYMENT0016267,ACC0024079,2026-01-26 21:47:22,71380.32,,
PAYMENT0006568,ACC0020760,2026-01-26 21:51:32,119238.78,FIELD,2026-01-25 04:24:36
PAYMENT0014419,ACC0003298,2026-01-26 22:01:20,120594.28,VOICE,2026-01-18 11:33:25
PAYMENT0004336,ACC0018218,2026-01-26 22:36:43,96136.82,VOICE,2026-01-26 15:36:14
PAYMENT0016363,ACC0007303,2026-01-26 23:27:05,102455.18,FIELD,2026-01-11 09:31:12
PAYMENT0000576,ACC0001588,2026-01-26 23:30:53,36302.24,FIELD,2026-01-26 18:24:38
PAYMENT0023513,ACC0009039,2026-01-26 23:34:03,146793.51,SMS,2026-01-26 11:33:46
PAYMENT0001160,ACC0022474,2026-01-26 23:59:56,28513.03,,
PAYMENT0021799,ACC0022159,2026-01-27 00:05:37,87584.95,,
PAYMENT0011651,ACC0014054,2026-01-27 00:21:50,110668.78,VOICE,2026-01-04 20:12:45
PAYMENT0015841,ACC0006268,2026-01-27 00:22:15,93392.57,,
PAYMENT0011150,ACC0008111,2026-01-27 00:27:29,65876.82,,
PAYMENT0001188,ACC0022824,2026-01-27 00:44:35,78885.31,WHATSAPP,2026-01-13 23:40:23
PAYMENT0023533,ACC0029014,2026-01-27 02:36:52,142276.39,SMS,2026-01-24 13:57:11
PAYMENT0022127,ACC0027935,2026-01-27 03:34:20,4677.47,,
PAYMENT0024061,ACC0019673,2026-01-27 03:58:25,99461.14,,
PAYMENT0002224,ACC0000940,2026-01-27 04:28:15,51706.5,VOICE,2026-01-08 05:52:00
PAYMENT0021580,ACC0014904,2026-01-27 04:45:10,107451.61,VOICE,2026-01-07 22:24:21
PAYMENT0001085,ACC0008865,2026-01-27 04:50:24,123094.41,SMS,2026-01-17 06:44:47
PAYMENT0020478,ACC0029402,2026-01-27 05:24:34,129010.17,,
PAYMENT0008701,ACC0009005,2026-01-27 05:54:00,66653.31,,
PAYMENT0019074,ACC0000790,2026-01-27 06:25:14,21793.72,FIELD,2026-01-15 15:37:18
PAYMENT0009435,ACC0026041,2026-01-27 06:45:19,94767.09,WHATSAPP,2026-01-03 19:11:16
PAYMENT0016716,ACC0018770,2026-01-27 07:00:02,116241.24,,
PAYMENT0001287,ACC0005896,2026-01-27 07:30:56,137682.15,WHATSAPP,2026-01-25 19:19:12
PAYMENT0009086,ACC0001408,2026-01-27 08:29:55,101429.06,FIELD,2026-01-14 06:14:51
PAYMENT0023157,ACC0019629,2026-01-27 10:37:27,143614.65,VOICE,2026-01-09 11:52:24
PAYMENT0018137,ACC0019072,2026-01-27 11:10:22,94680.12,WHATSAPP,2026-01-23 11:00:08
PAYMENT0012503,ACC0018331,2026-01-27 12:31:12,107850.15,,
PAYMENT0008276,ACC0000171,2026-01-27 13:54:53,63243.51,WHATSAPP,2026-01-17 09:52:00
PAYMENT0013337,ACC0022739,2026-01-27 13:55:47,17354.51,VOICE,2026-01-19 05:47:32
PAYMENT0011714,ACC0006297,2026-01-27 13:57:38,112067.61,,
PAYMENT0016823,ACC0012992,2026-01-27 15:11:05,107822.54,,
PAYMENT0015887,ACC0014451,2026-01-27 15:51:33,146162.5,WHATSAPP,2026-01-26 00:43:53
PAYMENT0003081,ACC0016186,2026-01-27 16:03:30,89765.82,,
PAYMENT0023832,ACC0007490,2026-01-27 17:30:57,99164.12,,
PAYMENT0023563,ACC0019563,2026-01-27 17:41:43,145730.83,VOICE,2026-01-18 02:48:26
PAYMENT0021483,ACC0015152,2026-01-27 17:44:49,88813.86,VOICE,2026-01-09 23:25:20
PAYMENT0020881,ACC0028645,2026-01-27 18:16:39,139293.94,,
PAYMENT0021578,ACC0026375,2026-01-27 18:56:38,69366.73,,
PAYMENT0015640,ACC0005056,2026-01-27 19:22:35,14857.1,VOICE,2026-01-21 03:08:35
PAYMENT0014554,ACC0010926,2026-01-27 19:43:30,78263.51,VOICE,2026-01-23 02:10:08
PAYMENT0017940,ACC0008179,2026-01-27 20:08:01,53556.75,,
PAYMENT0007790,ACC0029601,2026-01-27 20:33:48,142575.58,,
PAYMENT0006052,ACC0015267,2026-01-27 21:10:28,31542.2,,
PAYMENT0011291,ACC0013027,2026-01-27 21:23:47,36144.53,SMS,2026-01-27 10:52:14
PAYMENT0002152,ACC0014627,2026-01-27 21:31:23,149282.56,VOICE,2026-01-18 05:32:46
PAYMENT0015250,ACC0011880,2026-01-27 21:47:47,12563.98,,
PAYMENT0022847,ACC0021010,2026-01-27 21:59:28,31201.78,VOICE,2026-01-23 20:31:37
PAYMENT0015928,ACC0027868,2026-01-27 22:42:07,130686.11,VOICE,2026-01-23 05:20:26
PAYMENT0012376,ACC0003701,2026-01-27 23:09:53,16092.8,WHATSAPP,2026-01-24 14:32:50
PAYMENT0002401,ACC0016125,2026-01-27 23:18:49,6252.49,VOICE,2026-01-11 06:12:20
PAYMENT0016920,ACC0010635,2026-01-27 23:20:28,93927.37,VOICE,2026-01-12 18:44:28
PAYMENT0020887,ACC0025914,2026-01-27 23:30:48,15843.64,VOICE,2026-01-03 04:56:07
PAYMENT0010025,ACC0022745,2026-01-28 00:21:00,143718.73,VOICE,2026-01-12 22:04:34
PAYMENT0019023,ACC0016722,2026-01-28 00:26:29,90339.52,,
PAYMENT0012752,ACC0010854,2026-01-28 00:41:51,95016.31,FIELD,2026-01-20 00:17:33
PAYMENT0001977,ACC0001144,2026-01-28 00:48:30,96157.42,,
PAYMENT0004673,ACC0004918,2026-01-28 00:52:21,71061.44,,
PAYMENT0004968,ACC0026617,2026-01-28 00:52:53,143420.98,VOICE,2026-01-07 14:23:03
PAYMENT0007824,ACC0018007,2026-01-28 01:02:40,127553.85,,
PAYMENT0003245,ACC0026435,2026-01-28 01:43:51,54667.81,,
PAYMENT0015398,ACC0000650,2026-01-28 02:11:57,146054.34,FIELD,2026-01-24 13:01:33
PAYMENT0000785,ACC0007883,2026-01-28 02:22:46,138655.24,VOICE,2026-01-20 07:54:07
PAYMENT0023044,ACC0007783,2026-01-28 02:36:41,96554.38,,
PAYMENT0018103,ACC0009032,2026-01-28 02:55:00,140108.94,SMS,2026-01-24 12:07:26
PAYMENT0013088,ACC0005992,2026-01-28 02:58:59,50483.0,WHATSAPP,2026-01-19 05:30:54
PAYMENT0020925,ACC0027988,2026-01-28 03:05:50,97416.98,,
PAYMENT0013780,ACC0011857,2026-01-28 03:17:21,60412.84,SMS,2026-01-07 04:20:02
PAYMENT0020854,ACC0029981,2026-01-28 04:57:36,42405.25,FIELD,2026-01-27 19:18:25
PAYMENT0001275,ACC0012610,2026-01-28 05:00:05,110635.67,,
PAYMENT0015063,ACC0002373,2026-01-28 06:16:03,9769.96,VOICE,2026-01-06 21:32:58
PAYMENT0017926,ACC0003188,2026-01-28 07:14:55,104463.51,VOICE,2026-01-26 00:28:30
PAYMENT0020772,ACC0001239,2026-01-28 07:29:36,16262.84,WHATSAPP,2026-01-16 23:08:41
PAYMENT0011922,ACC0029830,2026-01-28 08:29:58,73604.76,WHATSAPP,2026-01-08 15:50:45
PAYMENT0020973,ACC0021997,2026-01-28 09:16:36,20729.94,VOICE,2026-01-15 12:55:33
PAYMENT0006925,ACC0016772,2026-01-28 09:29:25,87205.9,FIELD,2026-01-19 20:12:33
PAYMENT0007769,ACC0021069,2026-01-28 09:37:16,139517.08,VOICE,2026-01-12 13:31:43
PAYMENT0009474,ACC0025777,2026-01-28 09:55:47,70120.11,,
PAYMENT0003363,ACC0011844,2026-01-28 10:06:42,146188.03,,
PAYMENT0024563,ACC0022759,2026-01-28 10:27:10,121089.24,SMS,2026-01-27 19:12:40
PAYMENT0006958,ACC0014834,2026-01-28 10:29:10,121618.36,,
PAYMENT0005865,ACC0026552,2026-01-28 10:40:47,145416.76,,
PAYMENT0008167,ACC0009073,2026-01-28 10:57:35,106533.05,,
PAYMENT0020705,ACC0023334,2026-01-28 11:02:07,1930.85,,
PAYMENT0019175,ACC0007571,2026-01-28 11:08:57,61889.76,VOICE,2026-01-23 20:34:47
PAYMENT0001292,ACC0015032,2026-01-28 12:47:55,18746.12,,
PAYMENT0005651,ACC0004038,2026-01-28 13:08:54,49792.05,FIELD,2026-01-06 16:48:21
PAYMENT0019081,ACC0011592,2026-01-28 13:43:34,2614.2,,
PAYMENT0018964,ACC0023124,2026-01-28 13:56:02,48422.73,,
PAYMENT0009111,ACC0023529,2026-01-28 13:56:39,46630.56,,
PAYMENT0012934,ACC0008772,2026-01-28 14:32:59,16400.47,,
PAYMENT0018993,ACC0014386,2026-01-28 14:50:11,143247.03,VOICE,2026-01-08 12:43:07
PAYMENT0012998,ACC0010591,2026-01-28 14:54:20,28793.82,,
PAYMENT0005824,ACC0023992,2026-01-28 15:19:50,17936.22,VOICE,2026-01-02 05:37:04
PAYMENT0024753,ACC0020728,2026-01-28 15:35:04,108935.97,,
PAYMENT0008679,ACC0022854,2026-01-28 16:04:49,101890.55,VOICE,2026-01-05 12:48:22
PAYMENT0020508,ACC0026435,2026-01-28 16:07:49,7280.55,,
PAYMENT0024759,ACC0021429,2026-01-28 16:36:03,142924.49,,
PAYMENT0004696,ACC0016959,2026-01-28 17:07:53,65313.46,VOICE,2026-01-21 19:30:41
PAYMENT0001776,ACC0021628,2026-01-28 17:12:50,108936.68,VOICE,2026-01-03 13:00:22
PAYMENT0024801,ACC0029195,2026-01-28 17:39:25,59939.23,,
PAYMENT0011213,ACC0020123,2026-01-28 17:44:03,119555.87,WHATSAPP,2026-01-07 09:41:20
PAYMENT0012638,ACC0000382,2026-01-28 18:31:32,28340.06,VOICE,2026-01-09 02:46:54
PAYMENT0010520,ACC0011968,2026-01-28 19:25:20,72144.2,,
PAYMENT0006089,ACC0019748,2026-01-28 19:26:28,104862.72,,
PAYMENT0018088,ACC0007628,2026-01-28 19:36:14,81826.48,WHATSAPP,2026-01-14 10:29:58
PAYMENT0020363,ACC0003524,2026-01-28 19:38:57,28756.1,WHATSAPP,2026-01-13 11:51:24
PAYMENT0003601,ACC0014342,2026-01-28 20:19:54,127288.87,SMS,2026-01-22 20:42:16
PAYMENT0024915,ACC0022807,2026-01-28 20:32:49,57249.61,,
PAYMENT0000067,ACC0011857,2026-01-28 20:35:09,123534.36,SMS,2026-01-07 04:20:02
PAYMENT0018155,ACC0024971,2026-01-28 20:38:17,105456.81,SMS,2026-01-12 22:53:00
PAYMENT0015856,ACC0015500,2026-01-28 21:07:38,95961.71,VOICE,2026-01-14 14:42:16
PAYMENT0002978,ACC0015440,2026-01-28 21:18:48,92261.0,FIELD,2026-01-12 23:22:44
PAYMENT0020294,ACC0011075,2026-01-28 21:23:31,144972.82,,
PAYMENT0002635,ACC0011178,2026-01-28 21:31:21,87202.63,,
PAYMENT0008732,ACC0003909,2026-01-28 22:04:43,37654.88,,
PAYMENT0018406,ACC0029194,2026-01-28 22:14:57,144443.58,,
PAYMENT0006826,ACC0017173,2026-01-28 22:39:12,124042.6,,
PAYMENT0008817,ACC0028187,2026-01-28 22:58:17,85769.75,,
PAYMENT0022822,ACC0024451,2026-01-28 23:16:54,16332.17,,
PAYMENT0024874,ACC0027289,2026-01-28 23:23:57,103635.37,,
PAYMENT0010713,ACC0025681,2026-01-28 23:26:34,811.25,VOICE,2026-01-09 03:18:01
PAYMENT0016393,ACC0007970,2026-01-28 23:52:23,141842.68,SMS,2026-01-26 18:09:09
PAYMENT0002108,ACC0024740,2026-01-29 00:03:29,109201.84,WHATSAPP,2026-01-11 08:59:52
PAYMENT0015047,ACC0012854,2026-01-29 01:41:31,129132.07,,
PAYMENT0013589,ACC0029666,2026-01-29 02:05:32,66606.23,,
PAYMENT0017380,ACC0028922,2026-01-29 02:05:44,120630.49,WHATSAPP,2026-01-12 23:29:41
PAYMENT0008837,ACC0011546,2026-01-29 02:12:05,23189.97,,
PAYMENT0008325,ACC0024732,2026-01-29 02:16:35,4935.87,,
PAYMENT0009293,ACC0029033,2026-01-29 02:20:50,76244.36,,
PAYMENT0023984,ACC0014082,2026-01-29 03:30:58,43418.28,FIELD,2026-01-10 14:41:45
PAYMENT0004114,ACC0009400,2026-01-29 04:22:28,45553.62,,
PAYMENT0005806,ACC0023956,2026-01-29 05:08:58,120978.71,VOICE,2026-01-23 00:00:05
PAYMENT0018969,ACC0017862,2026-01-29 05:59:32,44134.69,,
PAYMENT0023809,ACC0006191,2026-01-29 06:01:02,33123.02,,
PAYMENT0015932,ACC0012971,2026-01-29 06:51:00,88481.12,,
PAYMENT0014720,ACC0000733,2026-01-29 07:41:39,42284.87,FIELD,2026-01-25 18:00:15
PAYMENT0003322,ACC0018869,2026-01-29 08:07:34,85909.47,FIELD,2026-01-09 17:47:10
PAYMENT0023460,ACC0009833,2026-01-29 08:07:45,34295.94,,
PAYMENT0021375,ACC0014499,2026-01-29 08:37:05,13644.93,WHATSAPP,2026-01-23 16:45:35
PAYMENT0009770,ACC0002756,2026-01-29 09:02:49,44117.6,WHATSAPP,2026-01-29 02:33:17
PAYMENT0013862,ACC0009794,2026-01-29 09:29:44,77626.45,,
PAYMENT0000102,ACC0027314,2026-01-29 09:43:08,12349.89,WHATSAPP,2026-01-23 23:10:25
PAYMENT0005148,ACC0002141,2026-01-29 10:00:40,31147.53,SMS,2026-01-10 06:22:06
PAYMENT0013950,ACC0023276,2026-01-29 10:15:16,140862.55,,
PAYMENT0021487,ACC0007727,2026-01-29 10:50:28,125573.28,,
PAYMENT0003402,ACC0024358,2026-01-29 11:02:03,114446.26,WHATSAPP,2026-01-06 15:51:16
PAYMENT0020388,ACC0018981,2026-01-29 11:50:53,110914.9,VOICE,2026-01-25 02:04:38
PAYMENT0024868,ACC0020360,2026-01-29 12:11:37,109918.73,SMS,2026-01-16 11:49:49
PAYMENT0024464,ACC0021795,2026-01-29 12:57:02,65692.31,WHATSAPP,2026-01-12 20:26:16
PAYMENT0004401,ACC0002098,2026-01-29 13:09:07,20578.48,WHATSAPP,2026-01-23 01:12:08
PAYMENT0022088,ACC0011125,2026-01-29 13:30:06,11277.58,,
PAYMENT0017193,ACC0009742,2026-01-29 13:54:31,97883.36,VOICE,2026-01-25 19:15:43
PAYMENT0005141,ACC0016132,2026-01-29 13:58:40,144700.6,VOICE,2026-01-04 02:35:36
PAYMENT0022997,ACC0006747,2026-01-29 14:13:15,103497.59,VOICE,2026-01-03 07:33:58
PAYMENT0022187,ACC0014392,2026-01-29 14:18:01,56026.59,WHATSAPP,2026-01-08 21:45:39
PAYMENT0021672,ACC0023983,2026-01-29 14:44:09,47420.01,,
PAYMENT0014194,ACC0006515,2026-01-29 14:57:29,79164.86,VOICE,2026-01-20 02:27:41
PAYMENT0016707,ACC0019548,2026-01-29 15:07:34,135326.56,,
PAYMENT0016830,ACC0017701,2026-01-29 15:33:57,36587.52,,
PAYMENT0010407,ACC0015410,2026-01-29 15:45:23,84445.49,,
PAYMENT0022625,ACC0005709,2026-01-29 16:14:24,85472.66,SMS,2026-01-06 07:55:14
PAYMENT0017314,ACC0006302,2026-01-29 17:03:28,146136.79,WHATSAPP,2026-01-06 12:36:12
PAYMENT0021761,ACC0028575,2026-01-29 17:24:01,130758.48,VOICE,2026-01-28 04:19:31
PAYMENT0013502,ACC0020522,2026-01-29 18:49:46,123792.03,,
PAYMENT0016630,ACC0004128,2026-01-29 19:07:10,97757.42,,
PAYMENT0013852,ACC0026371,2026-01-29 19:56:00,90231.0,SMS,2026-01-25 19:13:31
PAYMENT0008515,ACC0028730,2026-01-29 20:01:51,47847.77,VOICE,2026-01-25 11:30:28
PAYMENT0014856,ACC0007305,2026-01-29 20:59:18,85402.31,FIELD,2026-01-20 10:42:53
PAYMENT0012938,ACC0025678,2026-01-29 21:10:09,148488.8,,
PAYMENT0006610,ACC0012893,2026-01-29 21:11:27,35441.23,,
PAYMENT0022472,ACC0002774,2026-01-29 22:12:11,84131.6,SMS,2026-01-28 13:02:31
PAYMENT0012841,ACC0015629,2026-01-29 22:20:44,146418.24,,
PAYMENT0000339,ACC0019379,2026-01-29 22:48:15,103266.96,SMS,2026-01-24 10:13:35
PAYMENT0016056,ACC0011795,2026-01-29 22:52:17,24439.37,,
PAYMENT0006033,ACC0015384,2026-01-29 23:44:32,73024.75,FIELD,2026-01-04 21:34:57
PAYMENT0022940,ACC0013574,2026-01-29 23:57:21,117047.45,WHATSAPP,2026-01-26 15:43:24
PAYMENT0007501,ACC0014833,2026-01-30 00:06:16,140798.84,,
PAYMENT0007064,ACC0012655,2026-01-30 00:11:30,142009.82,SMS,2026-01-03 14:34:36
PAYMENT0017947,ACC0020565,2026-01-30 00:19:59,59591.64,VOICE,2026-01-03 09:57:52
PAYMENT0013277,ACC0008492,2026-01-30 00:58:37,60747.59,SMS,2026-01-19 23:50:46
PAYMENT0022492,ACC0011323,2026-01-30 01:01:53,130613.08,VOICE,2026-01-01 17:11:47
PAYMENT0018844,ACC0024586,2026-01-30 01:11:05,30680.13,,
PAYMENT0015633,ACC0012362,2026-01-30 02:17:02,24642.81,WHATSAPP,2026-01-22 22:45:34
PAYMENT0017256,ACC0029634,2026-01-30 02:30:57,66213.71,SMS,2026-01-27 02:51:03
PAYMENT0009503,ACC0012430,2026-01-30 03:08:12,3459.16,WHATSAPP,2026-01-18 23:29:04
PAYMENT0007816,ACC0017836,2026-01-30 03:08:47,124618.43,,
PAYMENT0005489,ACC0012101,2026-01-30 03:11:50,53286.12,WHATSAPP,2026-01-20 06:42:14
PAYMENT0010658,ACC0020432,2026-01-30 03:56:03,99018.24,WHATSAPP,2026-01-08 11:47:51
PAYMENT0004474,ACC0006979,2026-01-30 04:41:30,134491.87,WHATSAPP,2026-01-20 11:42:04
PAYMENT0003432,ACC0027890,2026-01-30 06:05:19,134511.81,,
PAYMENT0014145,ACC0015120,2026-01-30 06:58:17,135832.61,VOICE,2026-01-22 21:32:35
PAYMENT0006581,ACC0018313,2026-01-30 07:08:18,145541.9,VOICE,2026-01-05 13:52:21
PAYMENT0017758,ACC0016637,2026-01-30 07:13:34,42935.8,WHATSAPP,2026-01-13 02:25:20
PAYMENT0022348,ACC0015462,2026-01-30 07:22:43,15436.02,SMS,2026-01-17 00:15:24
PAYMENT0019495,ACC0017429,2026-01-30 07:58:34,59758.05,,
PAYMENT0016516,ACC0003208,2026-01-30 08:19:22,68025.11,,
PAYMENT0000861,ACC0024274,2026-01-30 08:30:00,62811.42,WHATSAPP,2026-01-20 02:23:19
PAYMENT0017804,ACC0020279,2026-01-30 08:48:52,48945.58,,
PAYMENT0017485,ACC0024018,2026-01-30 08:57:57,17883.29,WHATSAPP,2026-01-14 23:53:39
PAYMENT0010384,ACC0007451,2026-01-30 09:08:36,14820.13,VOICE,2026-01-27 05:54:56
PAYMENT0018367,ACC0021678,2026-01-30 09:12:08,80789.19,,
PAYMENT0013336,ACC0007527,2026-01-30 09:13:12,16797.11,FIELD,2026-01-19 20:09:41
PAYMENT0005463,ACC0008456,2026-01-30 09:18:31,134458.33,,
PAYMENT0020900,ACC0026370,2026-01-30 09:22:10,37031.54,,
PAYMENT0015010,ACC0019902,2026-01-30 09:25:44,16414.1,VOICE,2026-01-10 06:42:48
PAYMENT0015412,ACC0012896,2026-01-30 09:27:45,79959.62,VOICE,2026-01-11 19:06:03
PAYMENT0023905,ACC0011597,2026-01-30 09:36:12,106580.94,,
PAYMENT0016118,ACC0005597,2026-01-30 09:36:13,121224.24,SMS,2026-01-22 11:06:06
PAYMENT0006895,ACC0003569,2026-01-30 09:49:11,139556.93,,
PAYMENT0005787,ACC0000943,2026-01-30 10:19:46,88120.88,,
PAYMENT0020377,ACC0002393,2026-01-30 10:24:59,142320.49,SMS,2026-01-25 12:27:04
PAYMENT0003600,ACC0014913,2026-01-30 10:28:52,68437.84,FIELD,2026-01-25 01:36:21
PAYMENT0013565,ACC0001365,2026-01-30 10:43:50,133717.06,VOICE,2026-01-22 01:23:31
PAYMENT0018120,ACC0027448,2026-01-30 10:57:14,34469.42,WHATSAPP,2026-01-16 06:00:04
PAYMENT0001382,ACC0001503,2026-01-30 11:20:24,37114.59,VOICE,2026-01-27 12:25:09
PAYMENT0006575,ACC0017143,2026-01-30 11:31:01,12505.1,VOICE,2026-01-28 14:06:47
PAYMENT0018802,ACC0004313,2026-01-30 11:32:02,14894.03,VOICE,2026-01-27 06:40:29
PAYMENT0006558,ACC0029146,2026-01-30 11:45:26,132361.82,,
PAYMENT0020102,ACC0005990,2026-01-30 12:02:59,4954.98,SMS,2026-01-28 06:42:25
PAYMENT0006919,ACC0001504,2026-01-30 12:29:47,34325.21,,
PAYMENT0017343,ACC0007357,2026-01-30 12:54:55,77232.43,WHATSAPP,2026-01-20 23:03:00
PAYMENT0012382,ACC0007627,2026-01-30 14:46:34,37179.33,,
PAYMENT0005062,ACC0007595,2026-01-30 15:07:02,60418.45,,
PAYMENT0013138,ACC0025969,2026-01-30 15:42:22,85000.43,VOICE,2026-01-18 05:46:54
PAYMENT0008121,ACC0020043,2026-01-30 16:11:24,97715.44,VOICE,2026-01-18 19:38:09
PAYMENT0008492,ACC0001981,2026-01-30 18:00:14,19601.39,FIELD,2026-01-13 06:18:22
PAYMENT0006436,ACC0024702,2026-01-30 18:53:43,11018.08,,
PAYMENT0000850,ACC0011675,2026-01-30 19:24:32,50746.08,VOICE,2026-01-28 07:41:13
PAYMENT0018916,ACC0010244,2026-01-30 19:27:39,17619.88,VOICE,2026-01-26 16:09:22
PAYMENT0019277,ACC0011399,2026-01-30 20:47:37,69507.13,SMS,2026-01-24 01:26:14
PAYMENT0009599,ACC0020037,2026-01-30 21:14:05,61167.56,VOICE,2026-01-09 18:24:48
PAYMENT0022494,ACC0020108,2026-01-30 21:59:13,44056.66,,
PAYMENT0010172,ACC0011348,2026-01-30 22:30:35,112770.13,,
PAYMENT0006248,ACC0019596,2026-01-30 23:29:58,29568.2,VOICE,2026-01-22 09:15:44
PAYMENT0008069,ACC0016736,2026-01-31 00:48:54,14438.42,,
PAYMENT0010420,ACC0010888,2026-01-31 00:51:11,107838.05,WHATSAPP,2026-01-30 21:44:52
PAYMENT0015736,ACC0028581,2026-01-31 01:05:23,55863.94,,
PAYMENT0007771,ACC0022155,2026-01-31 01:27:27,60247.99,SMS,2026-01-03 14:53:05
PAYMENT0022818,ACC0003606,2026-01-31 01:28:16,21910.17,,
PAYMENT0006237,ACC0008688,2026-01-31 01:29:04,62277.14,,
PAYMENT0018114,ACC0019435,2026-01-31 02:00:02,23641.64,SMS,2026-01-29 10:42:53
PAYMENT0004795,ACC0006012,2026-01-31 02:10:21,6619.5,WHATSAPP,2026-01-29 07:08:53
PAYMENT0000054,ACC0022721,2026-01-31 02:24:36,100390.75,WHATSAPP,2026-01-08 07:20:24
PAYMENT0010095,ACC0027918,2026-01-31 03:28:40,115600.09,WHATSAPP,2026-01-29 12:53:31
PAYMENT0001701,ACC0025574,2026-01-31 03:38:11,80418.19,,
PAYMENT0010423,ACC0028954,2026-01-31 03:40:40,31455.46,VOICE,2026-01-12 13:58:42
PAYMENT0015139,ACC0021604,2026-01-31 03:56:01,19298.27,VOICE,2026-01-28 05:57:27
PAYMENT0008829,ACC0001937,2026-01-31 04:10:26,40167.71,FIELD,2026-01-04 21:25:15
PAYMENT0024290,ACC0012926,2026-01-31 04:37:08,139142.57,WHATSAPP,2026-01-22 04:44:26
PAYMENT0006880,ACC0007628,2026-01-31 04:41:01,22332.87,WHATSAPP,2026-01-14 10:29:58
PAYMENT0007252,ACC0026149,2026-01-31 04:47:23,56858.1,VOICE,2026-01-07 17:08:22
PAYMENT0002782,ACC0009413,2026-01-31 05:04:31,100038.02,,
PAYMENT0013430,ACC0004569,2026-01-31 05:20:52,124648.5,SMS,2026-01-23 07:48:13
PAYMENT0014692,ACC0013092,2026-01-31 06:41:26,128404.12,,
PAYMENT0016333,ACC0027778,2026-01-31 07:06:00,21155.02,WHATSAPP,2026-01-15 17:53:39
PAYMENT0000590,ACC0008556,2026-01-31 07:14:02,131040.13,WHATSAPP,2026-01-22 23:11:45
PAYMENT0012549,ACC0017779,2026-01-31 08:07:54,42225.74,VOICE,2026-01-23 05:05:52
PAYMENT0017685,ACC0009865,2026-01-31 10:46:18,74755.86,VOICE,2026-01-12 17:18:03
PAYMENT0004496,ACC0004162,2026-01-31 11:08:05,75140.74,SMS,2026-01-18 05:16:07
PAYMENT0009888,ACC0004666,2026-01-31 11:19:24,59422.94,,
PAYMENT0001386,ACC0011618,2026-01-31 11:24:10,72655.21,SMS,2026-01-27 16:53:29
PAYMENT0000232,ACC0019972,2026-01-31 11:33:19,98777.72,,
PAYMENT0007388,ACC0000378,2026-01-31 11:42:00,116708.62,SMS,2026-01-31 09:25:00
PAYMENT0021319,ACC0018828,2026-01-31 11:43:12,142250.43,VOICE,2026-01-26 21:49:40
PAYMENT0019529,ACC0019018,2026-01-31 11:53:11,43754.76,WHATSAPP,2026-01-07 15:34:17
PAYMENT0007356,ACC0023073,2026-01-31 12:09:54,60189.32,,
PAYMENT0008536,ACC0024775,2026-01-31 12:56:32,99503.17,VOICE,2026-01-28 00:33:51
PAYMENT0011752,ACC0028188,2026-01-31 13:05:25,44312.9,,
PAYMENT0000952,ACC0029670,2026-01-31 13:45:47,79553.5,,
PAYMENT0012755,ACC0028995,2026-01-31 14:46:31,86811.86,WHATSAPP,2026-01-28 03:00:32
PAYMENT0002645,ACC0028072,2026-01-31 15:18:21,99948.82,,
PAYMENT0006129,ACC0023555,2026-01-31 15:25:23,86414.93,VOICE,2026-01-10 02:48:41
PAYMENT0001139,ACC0025358,2026-01-31 15:36:44,79542.11,SMS,2026-01-19 19:39:24
PAYMENT0015654,ACC0015110,2026-01-31 16:01:43,99554.36,VOICE,2026-01-25 21:50:41
PAYMENT0004799,ACC0029957,2026-01-31 16:04:41,22910.7,VOICE,2026-01-26 00:39:14
PAYMENT0000059,ACC0026713,2026-01-31 16:06:00,99210.03,SMS,2026-01-26 12:30:06
PAYMENT0023069,ACC0018335,2026-01-31 16:13:07,47493.07,,
PAYMENT0017744,ACC0020671,2026-01-31 16:31:25,123723.03,VOICE,2026-01-26 22:45:55
PAYMENT0023820,ACC0017490,2026-01-31 16:59:19,96306.22,SMS,2026-01-16 18:33:40
PAYMENT0019989,ACC0008311,2026-01-31 17:46:00,95262.6,,
PAYMENT0001309,ACC0029098,2026-01-31 18:19:41,113074.89,,
PAYMENT0021270,ACC0014570,2026-01-31 18:33:18,14306.9,VOICE,2026-01-31 09:48:02
PAYMENT0024422,ACC0021091,2026-01-31 19:09:17,83470.15,VOICE,2026-01-31 05:48:52
PAYMENT0006939,ACC0013116,2026-01-31 20:13:20,107417.28,,
PAYMENT0007478,ACC0018253,2026-01-31 20:48:36,32289.34,,
PAYMENT0000480,ACC0019013,2026-01-31 21:22:39,108941.32,,
PAYMENT0015325,ACC0015833,2026-01-31 22:24:24,17644.7,SMS,2026-01-18 14:02:42
PAYMENT0000616,ACC0020954,2026-01-31 22:24:50,91286.47,VOICE,2026-01-09 22:06:05
PAYMENT0013455,ACC0004388,2026-01-31 22:28:48,29601.87,VOICE,2026-01-07 17:27:49
PAYMENT0003816,ACC0008129,2026-02-01 01:19:23,144883.22,,
PAYMENT0000860,ACC0019090,2026-02-01 01:47:27,137881.79,SMS,2026-01-17 17:41:42
PAYMENT0012890,ACC0003552,2026-02-01 02:35:59,62997.15,,
PAYMENT0006438,ACC0015359,2026-02-01 03:08:14,57913.94,VOICE,2026-02-01 01:09:08
PAYMENT0017269,ACC0020380,2026-02-01 04:09:40,6839.53,SMS,2026-01-18 22:40:19
PAYMENT0022932,ACC0014820,2026-02-01 04:50:30,53491.41,,
PAYMENT0016044,ACC0004861,2026-02-01 04:57:31,91714.34,,
PAYMENT0009718,ACC0014494,2026-02-01 05:21:35,89890.05,SMS,2026-01-29 14:56:14
PAYMENT0020578,ACC0017984,2026-02-01 05:37:54,49093.0,VOICE,2026-01-15 22:09:42
PAYMENT0022232,ACC0003005,2026-02-01 05:39:28,63927.88,VOICE,2026-01-08 13:03:48
PAYMENT0016898,ACC0013853,2026-02-01 06:21:21,71182.46,,
PAYMENT0019828,ACC0023637,2026-02-01 06:49:04,133768.4,WHATSAPP,2026-01-31 18:29:13
PAYMENT0001039,ACC0016177,2026-02-01 07:01:29,110845.11,SMS,2026-01-23 06:57:37
PAYMENT0015664,ACC0013054,2026-02-01 07:53:54,57623.5,,
PAYMENT0015607,ACC0017390,2026-02-01 08:08:32,60369.76,,
PAYMENT0005556,ACC0002784,2026-02-01 08:26:41,142779.86,VOICE,2026-01-17 05:15:29
PAYMENT0003110,ACC0022702,2026-02-01 08:38:36,87402.91,SMS,2026-01-13 01:17:03
PAYMENT0005497,ACC0018692,2026-02-01 09:21:01,77637.55,SMS,2026-01-13 22:38:21
PAYMENT0010967,ACC0026161,2026-02-01 09:48:51,130492.06,WHATSAPP,2026-01-19 02:38:27
PAYMENT0020313,ACC0000099,2026-02-01 09:58:30,73020.06,VOICE,2026-01-28 12:36:19
PAYMENT0000567,ACC0009127,2026-02-01 10:11:25,84385.94,,
PAYMENT0002052,ACC0016930,2026-02-01 10:16:20,55296.17,,
PAYMENT0012245,ACC0005375,2026-02-01 10:56:35,144325.71,,
PAYMENT0005224,ACC0005889,2026-02-01 11:58:40,116813.99,SMS,2026-01-29 08:11:38
PAYMENT0007362,ACC0001565,2026-02-01 11:58:40,129934.98,VOICE,2026-01-17 02:08:20
PAYMENT0018274,ACC0016756,2026-02-01 13:02:17,6579.14,WHATSAPP,2026-01-02 06:27:43
PAYMENT0015993,ACC0004239,2026-02-01 13:50:01,40916.0,VOICE,2026-01-01 07:12:01
PAYMENT0019213,ACC0004700,2026-02-01 13:56:45,41323.34,,
PAYMENT0014833,ACC0009659,2026-02-01 14:21:49,99021.99,,
PAYMENT0020858,ACC0004102,2026-02-01 15:35:03,16933.11,,
PAYMENT0010294,ACC0000950,2026-02-01 15:57:25,110511.85,FIELD,2026-01-23 09:53:16
PAYMENT0000337,ACC0014227,2026-02-01 16:12:33,37321.09,,
PAYMENT0019964,ACC0000153,2026-02-01 16:20:44,114256.75,WHATSAPP,2026-01-26 12:14:08
PAYMENT0004280,ACC0024082,2026-02-01 16:33:38,24893.73,,
PAYMENT0005631,ACC0028413,2026-02-01 17:23:27,145434.81,WHATSAPP,2026-01-20 20:45:29
PAYMENT0005565,ACC0018917,2026-02-01 17:33:34,16452.63,WHATSAPP,2026-01-20 02:37:53
PAYMENT0007311,ACC0029350,2026-02-01 19:13:03,114948.82,VOICE,2026-01-29 10:36:43
PAYMENT0014390,ACC0026711,2026-02-01 19:27:04,106688.96,,
PAYMENT0003039,ACC0026142,2026-02-01 21:11:31,46382.22,SMS,2026-01-23 06:32:02
PAYMENT0004121,ACC0011402,2026-02-01 22:00:44,63965.47,,
PAYMENT0018840,ACC0024593,2026-02-01 22:08:37,145875.46,VOICE,2026-01-18 19:15:24
PAYMENT0015555,ACC0015833,2026-02-01 22:09:55,84109.89,SMS,2026-01-18 14:02:42
PAYMENT0016803,ACC0015316,2026-02-01 22:15:36,56112.85,,
PAYMENT0016506,ACC0015240,2026-02-01 22:47:00,22126.02,VOICE,2026-01-16 19:02:04
PAYMENT0021710,ACC0000853,2026-02-01 22:52:13,69676.59,,
PAYMENT0014357,ACC0007511,2026-02-01 22:58:24,69005.12,VOICE,2026-01-31 21:51:07
PAYMENT0018104,ACC0029526,2026-02-01 23:06:09,107904.97,FIELD,2026-01-09 14:58:26
PAYMENT0001900,ACC0014679,2026-02-01 23:19:16,91033.49,,
PAYMENT0019412,ACC0004600,2026-02-01 23:32:29,9790.01,,
PAYMENT0016235,ACC0007367,2026-02-01 23:34:00,77856.21,VOICE,2026-01-26 00:42:46
PAYMENT0015755,ACC0006991,2026-02-01 23:38:49,101254.11,,
PAYMENT0020629,ACC0007725,2026-02-01 23:49:59,118547.69,,
PAYMENT0010707,ACC0024855,2026-02-02 00:05:09,24534.27,,
PAYMENT0015470,ACC0009401,2026-02-02 00:23:14,37828.78,WHATSAPP,2026-01-17 21:15:43
PAYMENT0005723,ACC0015328,2026-02-02 00:32:10,52461.11,FIELD,2026-01-21 09:14:15
PAYMENT0019595,ACC0017356,2026-02-02 00:40:23,147004.18,,
PAYMENT0009834,ACC0000350,2026-02-02 02:07:58,122192.25,WHATSAPP,2026-01-21 18:46:15
PAYMENT0007338,ACC0019122,2026-02-02 02:22:36,86119.3,WHATSAPP,2026-01-29 11:52:15
PAYMENT0008950,ACC0029849,2026-02-02 03:04:08,132268.99,FIELD,2026-01-24 13:24:24
PAYMENT0016765,ACC0008290,2026-02-02 03:08:44,87512.9,,
PAYMENT0016532,ACC0022565,2026-02-02 03:31:46,114593.28,SMS,2026-01-19 00:19:46
PAYMENT0017453,ACC0014410,2026-02-02 03:32:55,122260.64,FIELD,2026-01-23 00:35:05
PAYMENT0014939,ACC0007204,2026-02-02 03:54:16,78731.16,WHATSAPP,2026-01-24 15:00:06
PAYMENT0004329,ACC0019973,2026-02-02 04:19:22,33883.51,SMS,2026-02-01 02:02:13
PAYMENT0018306,ACC0001330,2026-02-02 04:27:46,27213.05,WHATSAPP,2026-01-18 16:25:18
PAYMENT0005492,ACC0001564,2026-02-02 04:29:23,40063.49,SMS,2026-01-21 01:41:40
PAYMENT0017969,ACC0019518,2026-02-02 05:11:57,94767.39,WHATSAPP,2026-01-05 01:35:38
PAYMENT0019048,ACC0000920,2026-02-02 05:32:14,85576.49,VOICE,2026-01-24 18:46:48
PAYMENT0004776,ACC0011035,2026-02-02 05:48:23,78569.97,,
PAYMENT0012780,ACC0001054,2026-02-02 06:57:49,35801.32,VOICE,2026-01-18 03:12:35
PAYMENT0007019,ACC0003473,2026-02-02 06:58:13,47605.84,VOICE,2026-01-01 16:17:51
PAYMENT0013865,ACC0028625,2026-02-02 07:01:41,3662.22,SMS,2026-01-18 23:15:05
PAYMENT0019349,ACC0015806,2026-02-02 07:03:48,35317.01,VOICE,2026-01-02 20:17:20
PAYMENT0019474,ACC0028625,2026-02-02 07:40:32,80996.7,SMS,2026-01-18 23:15:05
PAYMENT0022175,ACC0013640,2026-02-02 08:04:07,25966.14,SMS,2026-01-20 14:57:16
PAYMENT0020096,ACC0026916,2026-02-02 08:54:32,16440.32,,
PAYMENT0010436,ACC0022518,2026-02-02 09:30:39,106076.32,WHATSAPP,2026-01-12 13:12:27
PAYMENT0020832,ACC0014216,2026-02-02 09:32:33,30527.95,,
PAYMENT0006484,ACC0002630,2026-02-02 10:00:44,130646.24,,
PAYMENT0015038,ACC0029967,2026-02-02 10:09:47,116171.25,,
PAYMENT0016956,ACC0027897,2026-02-02 11:25:27,98052.09,SMS,2026-01-21 08:44:37
PAYMENT0003223,ACC0005143,2026-02-02 11:31:23,130809.19,VOICE,2026-01-18 00:57:32
PAYMENT0015242,ACC0029170,2026-02-02 11:39:43,29827.69,WHATSAPP,2026-02-01 11:02:43
PAYMENT0018879,ACC0029018,2026-02-02 12:00:44,5913.46,WHATSAPP,2026-01-05 06:35:21
PAYMENT0011251,ACC0016947,2026-02-02 12:18:44,147204.0,WHATSAPP,2026-02-01 23:54:55
PAYMENT0024746,ACC0028998,2026-02-02 12:50:15,40452.18,VOICE,2026-01-31 06:34:33
PAYMENT0002736,ACC0010158,2026-02-02 12:58:24,31009.7,,
PAYMENT0010268,ACC0016403,2026-02-02 13:12:12,137081.56,VOICE,2026-01-01 15:23:17
PAYMENT0022592,ACC0001915,2026-02-02 13:14:17,41824.5,WHATSAPP,2026-01-16 23:09:33
PAYMENT0012939,ACC0024018,2026-02-02 13:47:29,32298.93,WHATSAPP,2026-01-14 23:53:39
PAYMENT0024198,ACC0006323,2026-02-02 14:11:06,138961.87,,
PAYMENT0014178,ACC0018059,2026-02-02 14:24:41,44907.4,,
PAYMENT0012060,ACC0020704,2026-02-02 14:44:10,62661.93,WHATSAPP,2026-01-07 16:53:18
PAYMENT0019896,ACC0026460,2026-02-02 14:47:01,30928.03,WHATSAPP,2026-01-12 03:35:43
PAYMENT0003256,ACC0007962,2026-02-02 14:52:05,19466.32,VOICE,2026-01-27 18:43:44
PAYMENT0013601,ACC0024095,2026-02-02 15:37:34,138751.73,VOICE,2026-01-24 18:11:30
PAYMENT0007264,ACC0025940,2026-02-02 15:58:19,20074.08,VOICE,2026-01-16 16:16:12
PAYMENT0020821,ACC0001117,2026-02-02 16:03:48,13391.7,VOICE,2026-01-15 12:58:38
PAYMENT0002410,ACC0021533,2026-02-02 18:07:32,118199.94,VOICE,2026-01-13 20:53:18
PAYMENT0013457,ACC0024622,2026-02-02 18:22:11,20338.04,,
PAYMENT0006345,ACC0019339,2026-02-02 19:50:59,90007.95,,
PAYMENT0013031,ACC0017231,2026-02-02 19:52:04,51976.74,,
PAYMENT0003293,ACC0022547,2026-02-02 20:08:40,91448.56,WHATSAPP,2026-01-21 17:40:51
PAYMENT0012181,ACC0016638,2026-02-02 20:18:51,116550.26,WHATSAPP,2026-01-11 12:59:31
PAYMENT0021144,ACC0027362,2026-02-02 20:34:57,60669.06,,
PAYMENT0011053,ACC0018461,2026-02-02 20:39:31,136525.33,SMS,2026-01-22 05:20:43
PAYMENT0014002,ACC0009438,2026-02-02 21:42:15,135465.65,WHATSAPP,2026-01-28 17:41:29
PAYMENT0020597,ACC0014729,2026-02-02 21:45:29,100340.55,WHATSAPP,2026-01-29 13:35:11
PAYMENT0006859,ACC0021301,2026-02-02 21:56:05,23417.49,FIELD,2026-02-02 00:55:37
PAYMENT0017277,ACC0014065,2026-02-02 22:33:43,93235.43,VOICE,2026-01-22 06:36:10
PAYMENT0022291,ACC0017283,2026-02-02 23:01:16,132745.12,VOICE,2026-01-31 07:55:28
PAYMENT0008619,ACC0000599,2026-02-02 23:04:16,132797.2,,
PAYMENT0020100,ACC0013751,2026-02-03 00:14:09,45990.8,SMS,2026-01-24 22:10:26
PAYMENT0016769,ACC0009492,2026-02-03 00:33:21,56124.12,VOICE,2026-02-02 21:25:34
PAYMENT0001699,ACC0023551,2026-02-03 01:14:21,28684.49,VOICE,2026-01-29 23:34:20
PAYMENT0010380,ACC0002174,2026-02-03 02:09:19,14335.06,WHATSAPP,2026-01-21 20:34:22
PAYMENT0013285,ACC0003333,2026-02-03 02:24:22,16657.27,VOICE,2026-01-30 23:35:11
PAYMENT0008161,ACC0025189,2026-02-03 02:33:21,69749.38,,
PAYMENT0021743,ACC0027836,2026-02-03 03:09:00,3669.72,,
PAYMENT0010522,ACC0000021,2026-02-03 03:22:47,148955.31,VOICE,2026-01-24 00:20:42
PAYMENT0021467,ACC0006378,2026-02-03 03:31:57,126285.65,,
PAYMENT0007316,ACC0009544,2026-02-03 04:36:47,81612.49,,
PAYMENT0002272,ACC0028245,2026-02-03 05:37:34,22139.25,WHATSAPP,2026-01-30 11:42:50
PAYMENT0004312,ACC0027632,2026-02-03 06:17:39,39422.54,VOICE,2026-01-20 14:05:47
PAYMENT0022909,ACC0010037,2026-02-03 06:47:38,67965.01,VOICE,2026-01-15 02:43:16
PAYMENT0007724,ACC0016551,2026-02-03 07:22:59,81145.87,,
PAYMENT0022159,ACC0021350,2026-02-03 07:52:54,118680.49,VOICE,2026-01-09 10:10:44
PAYMENT0002432,ACC0024506,2026-02-03 07:53:42,38210.16,SMS,2026-01-24 02:21:38
PAYMENT0010305,ACC0027272,2026-02-03 08:21:02,7571.06,VOICE,2026-01-24 13:45:19
PAYMENT0023899,ACC0018419,2026-02-03 08:26:31,53447.09,WHATSAPP,2026-01-29 07:40:04
PAYMENT0008765,ACC0014470,2026-02-03 08:27:41,34629.76,WHATSAPP,2026-01-21 14:48:51
PAYMENT0009509,ACC0008233,2026-02-03 09:52:39,92868.01,WHATSAPP,2026-01-30 07:08:37
PAYMENT0012663,ACC0006289,2026-02-03 10:01:23,84076.18,,
PAYMENT0015770,ACC0010381,2026-02-03 10:16:48,116740.23,WHATSAPP,2026-01-29 02:31:43
PAYMENT0000103,ACC0008693,2026-02-03 10:19:55,128591.08,VOICE,2026-01-20 08:27:09
PAYMENT0011193,ACC0010452,2026-02-03 10:33:56,143324.62,,
PAYMENT0001301,ACC0017538,2026-02-03 10:39:03,49981.17,VOICE,2026-01-17 10:21:08
PAYMENT0010678,ACC0017785,2026-02-03 10:58:33,37888.79,WHATSAPP,2026-02-01 14:23:45
PAYMENT0010367,ACC0015262,2026-02-03 11:12:09,124526.8,FIELD,2026-01-17 04:28:33
PAYMENT0004403,ACC0022127,2026-02-03 11:26:15,14786.57,VOICE,2026-01-26 13:06:54
PAYMENT0023079,ACC0015093,2026-02-03 11:27:16,63596.75,WHATSAPP,2026-01-28 22:46:32
PAYMENT0000713,ACC0002503,2026-02-03 11:51:30,124738.98,WHATSAPP,2026-01-28 01:39:57
PAYMENT0007675,ACC0017800,2026-02-03 12:23:50,86323.85,VOICE,2026-01-02 18:59:26
PAYMENT0002104,ACC0000579,2026-02-03 13:02:47,5301.79,VOICE,2026-01-29 21:35:08
PAYMENT0011838,ACC0021569,2026-02-03 13:43:13,111971.95,,
PAYMENT0001967,ACC0026242,2026-02-03 15:34:54,117531.51,,
PAYMENT0023799,ACC0007194,2026-02-03 15:37:10,47905.39,,
PAYMENT0013434,ACC0004348,2026-02-03 15:37:24,29597.23,WHATSAPP,2026-01-27 03:18:00
PAYMENT0017419,ACC0012701,2026-02-03 15:39:23,54107.43,WHATSAPP,2026-01-23 09:21:34
PAYMENT0014598,ACC0016762,2026-02-03 15:50:37,130130.92,WHATSAPP,2026-01-17 18:40:45
PAYMENT0024433,ACC0008304,2026-02-03 16:00:10,123072.06,FIELD,2026-01-31 18:38:47
PAYMENT0002236,ACC0020182,2026-02-03 16:04:20,9077.95,SMS,2026-01-24 18:09:52
PAYMENT0024005,ACC0001766,2026-02-03 16:23:09,145842.73,,
PAYMENT0013992,ACC0021967,2026-02-03 16:57:05,149393.55,,
PAYMENT0002739,ACC0020696,2026-02-03 17:26:24,58439.04,,
PAYMENT0015897,ACC0019324,2026-02-03 17:59:47,116241.96,FIELD,2026-01-15 15:57:13
PAYMENT0016330,ACC0007938,2026-02-03 18:11:49,87007.54,WHATSAPP,2026-01-12 14:22:03
PAYMENT0021482,ACC0015748,2026-02-03 19:14:58,9439.59,WHATSAPP,2026-01-28 11:15:27
PAYMENT0005407,ACC0021695,2026-02-03 19:25:29,83268.96,,
PAYMENT0007325,ACC0009042,2026-02-03 19:30:50,125559.13,FIELD,2026-01-01 05:16:46
PAYMENT0018298,ACC0002077,2026-02-03 19:53:09,63647.22,WHATSAPP,2026-02-01 19:29:11
PAYMENT0018113,ACC0004260,2026-02-03 22:49:37,15043.02,,
PAYMENT0008596,ACC0012851,2026-02-03 23:36:14,29910.21,SMS,2026-01-29 22:17:35
PAYMENT0013443,ACC0018721,2026-02-03 23:55:56,83388.86,,
PAYMENT0020645,ACC0013914,2026-02-04 00:04:36,62111.01,VOICE,2026-01-12 06:28:37
PAYMENT0001550,ACC0020890,2026-02-04 00:26:14,108143.39,WHATSAPP,2026-01-15 11:14:37
PAYMENT0019550,ACC0000580,2026-02-04 01:15:36,5721.7,FIELD,2026-02-01 06:36:20
PAYMENT0019046,ACC0017674,2026-02-04 01:23:25,104328.9,,
PAYMENT0010855,ACC0013022,2026-02-04 01:36:20,49624.58,FIELD,2026-01-18 14:19:12
PAYMENT0011978,ACC0002583,2026-02-04 01:58:09,37964.62,,
PAYMENT0013102,ACC0020450,2026-02-04 02:20:21,49664.57,WHATSAPP,2026-01-07 08:21:10
PAYMENT0000542,ACC0007171,2026-02-04 03:27:05,94257.83,WHATSAPP,2026-01-21 02:54:40
PAYMENT0010388,ACC0013361,2026-02-04 03:33:34,70680.51,VOICE,2026-01-09 16:40:02
PAYMENT0019149,ACC0016892,2026-02-04 04:04:39,56524.27,FIELD,2026-01-28 02:10:01
PAYMENT0011274,ACC0020419,2026-02-04 04:25:08,79498.41,,
PAYMENT0016608,ACC0015124,2026-02-04 04:40:23,25673.37,VOICE,2026-01-10 00:37:31
PAYMENT0022680,ACC0011226,2026-02-04 04:51:11,30176.01,VOICE,2026-01-15 07:23:22
PAYMENT0015102,ACC0000250,2026-02-04 05:12:23,45392.01,,
PAYMENT0016706,ACC0017919,2026-02-04 05:14:12,8303.01,WHATSAPP,2026-01-21 12:07:01
PAYMENT0024788,ACC0029367,2026-02-04 05:28:55,86974.78,,
PAYMENT0014829,ACC0015571,2026-02-04 07:21:03,71779.9,,
PAYMENT0013512,ACC0002349,2026-02-04 07:28:37,99673.13,SMS,2026-01-25 23:45:41
PAYMENT0020667,ACC0020976,2026-02-04 07:38:39,102388.34,,
PAYMENT0016943,ACC0026859,2026-02-04 08:09:00,131994.73,,
PAYMENT0024359,ACC0001602,2026-02-04 08:15:47,138901.81,,
PAYMENT0022937,ACC0027553,2026-02-04 08:23:54,30582.11,,
PAYMENT0005096,ACC0020917,2026-02-04 08:49:14,145454.42,VOICE,2026-01-27 13:48:47
PAYMENT0017691,ACC0024549,2026-02-04 08:51:37,90235.81,FIELD,2026-02-04 05:51:11
PAYMENT0008253,ACC0014016,2026-02-04 08:59:47,30232.82,FIELD,2026-01-29 15:27:03
PAYMENT0012298,ACC0009749,2026-02-04 09:27:02,26279.84,WHATSAPP,2026-01-20 00:20:48
PAYMENT0017105,ACC0029577,2026-02-04 09:53:40,130240.83,VOICE,2026-01-02 22:07:37
PAYMENT0009974,ACC0019159,2026-02-04 09:56:44,44132.38,,
PAYMENT0015309,ACC0013315,2026-02-04 10:22:57,109260.6,VOICE,2026-01-24 04:51:22
PAYMENT0013786,ACC0020730,2026-02-04 11:36:38,118165.21,FIELD,2026-02-03 03:23:01
PAYMENT0024858,ACC0019158,2026-02-04 12:01:42,12826.05,FIELD,2026-01-31 03:23:06
PAYMENT0016164,ACC0017587,2026-02-04 12:05:36,79977.3,VOICE,2026-01-09 03:21:07
PAYMENT0024269,ACC0026405,2026-02-04 12:12:20,77069.1,VOICE,2026-02-02 05:33:38
PAYMENT0009378,ACC0025538,2026-02-04 12:24:23,129205.81,SMS,2026-01-30 22:49:14
PAYMENT0008038,ACC0019180,2026-02-04 12:40:56,30596.59,,
PAYMENT0008505,ACC0014371,2026-02-04 12:45:32,29535.32,VOICE,2026-01-23 06:31:22
PAYMENT0009356,ACC0006466,2026-02-04 12:54:33,14139.13,SMS,2026-02-01 11:20:47
PAYMENT0022138,ACC0001144,2026-02-04 12:56:16,85421.31,,
PAYMENT0015111,ACC0021757,2026-02-04 13:05:49,90805.27,WHATSAPP,2026-01-04 12:57:52
PAYMENT0003770,ACC0028620,2026-02-04 13:19:31,109986.91,,
PAYMENT0012005,ACC0006663,2026-02-04 13:28:58,110333.83,,
PAYMENT0013746,ACC0025251,2026-02-04 14:15:50,959.5,FIELD,2026-01-01 13:39:52
PAYMENT0023369,ACC0013578,2026-02-04 14:27:42,13119.88,WHATSAPP,2026-01-19 02:28:56
PAYMENT0005759,ACC0024399,2026-02-04 15:10:01,92544.49,VOICE,2026-02-02 00:56:43
PAYMENT0016345,ACC0006731,2026-02-04 15:16:32,12222.3,WHATSAPP,2026-01-01 14:49:01
PAYMENT0023037,ACC0001584,2026-02-04 16:06:25,128993.01,VOICE,2026-01-04 02:24:15
PAYMENT0023738,ACC0026910,2026-02-04 16:07:14,28313.7,WHATSAPP,2026-01-03 01:56:09
PAYMENT0001434,ACC0008161,2026-02-04 16:29:30,74224.28,VOICE,2026-01-17 12:38:29
PAYMENT0000298,ACC0008039,2026-02-04 16:41:44,6752.96,SMS,2026-01-07 23:23:43
PAYMENT0014192,ACC0024080,2026-02-04 17:13:18,40796.5,,
PAYMENT0010951,ACC0000425,2026-02-04 17:14:40,33030.49,VOICE,2026-01-17 20:10:23
PAYMENT0017440,ACC0008408,2026-02-04 18:16:48,19038.4,FIELD,2026-01-17 13:55:01
PAYMENT0008725,ACC0016740,2026-02-04 18:33:23,81276.89,VOICE,2026-01-19 13:52:28
PAYMENT0000972,ACC0008473,2026-02-04 18:46:41,8758.03,FIELD,2026-02-02 05:26:41
PAYMENT0019462,ACC0002855,2026-02-04 18:46:44,67796.3,SMS,2026-01-09 20:47:26
PAYMENT0006976,ACC0017489,2026-02-04 18:54:21,98131.87,FIELD,2026-01-30 06:10:15
PAYMENT0017558,ACC0022069,2026-02-04 19:08:18,122184.58,WHATSAPP,2026-02-04 01:23:46
PAYMENT0008289,ACC0003205,2026-02-04 19:27:43,48692.71,WHATSAPP,2026-01-13 13:35:50
PAYMENT0011893,ACC0004658,2026-02-04 19:37:37,137866.7,VOICE,2026-01-22 23:06:50
PAYMENT0018055,ACC0024084,2026-02-04 19:47:19,84554.35,FIELD,2026-01-21 15:04:21
PAYMENT0014278,ACC0005610,2026-02-04 19:48:39,74887.81,WHATSAPP,2026-01-25 02:42:24
PAYMENT0024449,ACC0009616,2026-02-04 21:45:06,41309.71,,
PAYMENT0010202,ACC0028449,2026-02-04 22:05:58,84697.95,VOICE,2026-02-03 22:57:33
PAYMENT0011542,ACC0005203,2026-02-04 22:36:05,27553.28,,
PAYMENT0024799,ACC0021185,2026-02-04 22:45:58,135263.17,,
PAYMENT0002714,ACC0011321,2026-02-05 00:05:54,85746.91,WHATSAPP,2026-01-31 03:11:53
PAYMENT0004580,ACC0022463,2026-02-05 00:36:12,124242.82,FIELD,2026-02-03 23:49:15
PAYMENT0010525,ACC0015598,2026-02-05 00:44:55,17315.38,VOICE,2026-01-12 15:14:58
PAYMENT0010767,ACC0014674,2026-02-05 01:14:44,58015.54,WHATSAPP,2026-01-28 03:13:53
PAYMENT0020814,ACC0000419,2026-02-05 01:22:48,96784.32,SMS,2026-01-24 22:22:18
PAYMENT0009928,ACC0010100,2026-02-05 02:49:09,114971.26,,
PAYMENT0005701,ACC0018704,2026-02-05 02:51:33,4250.22,VOICE,2026-02-04 14:28:21
PAYMENT0012660,ACC0005856,2026-02-05 02:58:43,55866.56,FIELD,2026-01-11 08:02:06
PAYMENT0023110,ACC0010062,2026-02-05 03:15:57,2208.37,,
PAYMENT0000419,ACC0021294,2026-02-05 03:22:25,61899.85,,
PAYMENT0011124,ACC0001820,2026-02-05 03:54:32,80298.43,SMS,2026-01-30 03:42:53
PAYMENT0016124,ACC0011661,2026-02-05 04:09:31,36470.99,VOICE,2026-01-09 19:45:02
PAYMENT0004288,ACC0000635,2026-02-05 05:02:47,28212.3,FIELD,2026-01-28 10:58:05
PAYMENT0012180,ACC0002851,2026-02-05 05:40:25,111280.03,VOICE,2026-02-01 01:00:12
PAYMENT0024812,ACC0028431,2026-02-05 06:05:24,79445.1,VOICE,2026-01-18 07:57:41
PAYMENT0008688,ACC0020687,2026-02-05 07:24:41,143634.69,SMS,2026-01-27 14:06:52
PAYMENT0000157,ACC0004875,2026-02-05 08:08:52,2601.86,,
PAYMENT0014338,ACC0028689,2026-02-05 08:26:32,116923.65,VOICE,2026-01-28 06:36:55
PAYMENT0016176,ACC0015172,2026-02-05 08:45:40,133849.39,,
PAYMENT0004931,ACC0010134,2026-02-05 09:00:40,101607.78,,
PAYMENT0020067,ACC0000268,2026-02-05 09:08:43,43414.26,,
PAYMENT0010687,ACC0002536,2026-02-05 09:39:02,86786.3,,
PAYMENT0014116,ACC0000678,2026-02-05 09:47:11,68996.82,,
PAYMENT0008889,ACC0002799,2026-02-05 10:50:28,103307.9,,
PAYMENT0001875,ACC0023329,2026-02-05 11:02:50,50159.67,,
PAYMENT0016979,ACC0023536,2026-02-05 11:08:17,107274.22,,
PAYMENT0014662,ACC0008593,2026-02-05 11:40:37,89254.04,VOICE,2026-01-06 16:40:21
PAYMENT0012685,ACC0016066,2026-02-05 12:06:44,32877.89,,
PAYMENT0019571,ACC0003822,2026-02-05 12:24:02,148874.56,SMS,2026-01-18 16:40:49
PAYMENT0009812,ACC0022180,2026-02-05 12:44:06,105566.63,VOICE,2026-01-10 19:04:43
PAYMENT0008458,ACC0011882,2026-02-05 13:18:01,68017.67,FIELD,2026-01-24 15:55:44
PAYMENT0020477,ACC0002863,2026-02-05 13:22:44,93380.06,WHATSAPP,2026-02-04 22:26:02
PAYMENT0022998,ACC0006834,2026-02-05 13:46:02,136464.42,WHATSAPP,2026-01-19 08:28:22
PAYMENT0022636,ACC0016410,2026-02-05 14:15:52,119904.08,,
PAYMENT0020048,ACC0013690,2026-02-05 14:38:14,54591.95,VOICE,2026-01-22 17:01:38
PAYMENT0011946,ACC0025505,2026-02-05 14:51:11,108924.89,,
PAYMENT0010050,ACC0004024,2026-02-05 15:00:56,44437.56,,
PAYMENT0019919,ACC0029100,2026-02-05 15:43:51,116177.46,WHATSAPP,2026-01-13 08:13:04
PAYMENT0014565,ACC0005668,2026-02-05 16:02:59,25797.86,,
PAYMENT0011575,ACC0012847,2026-02-05 16:03:02,133592.46,,
PAYMENT0009783,ACC0013248,2026-02-05 16:06:26,108595.51,VOICE,2026-02-05 11:36:46
PAYMENT0017208,ACC0002095,2026-02-05 16:33:01,39938.18,VOICE,2026-02-03 19:16:47
PAYMENT0004242,ACC0028551,2026-02-05 16:45:18,136277.2,,
PAYMENT0017747,ACC0027743,2026-02-05 17:11:25,10878.28,WHATSAPP,2026-02-01 01:00:41
PAYMENT0008935,ACC0007300,2026-02-05 17:15:51,72862.24,VOICE,2026-02-04 09:27:14
PAYMENT0018331,ACC0003210,2026-02-05 17:18:58,45171.92,,
PAYMENT0004906,ACC0003529,2026-02-05 17:33:20,139830.64,WHATSAPP,2026-01-19 23:23:09
PAYMENT0017587,ACC0018811,2026-02-05 17:36:18,57326.85,,
PAYMENT0014324,ACC0006092,2026-02-05 17:46:02,79369.26,SMS,2026-01-30 19:05:06
PAYMENT0023307,ACC0029998,2026-02-05 18:27:27,115726.41,WHATSAPP,2026-01-28 10:16:19
PAYMENT0005074,ACC0018303,2026-02-05 18:39:17,39813.33,SMS,2026-01-13 15:10:09
PAYMENT0010133,ACC0029920,2026-02-05 19:08:29,24477.91,FIELD,2026-01-09 14:32:28
PAYMENT0024629,ACC0010126,2026-02-05 19:12:02,29586.77,FIELD,2026-01-21 09:48:37
PAYMENT0000262,ACC0029558,2026-02-05 19:32:34,135568.1,WHATSAPP,2026-01-10 20:19:50
PAYMENT0004205,ACC0015946,2026-02-05 19:47:54,116670.18,,
PAYMENT0023755,ACC0009975,2026-02-05 20:00:58,93756.36,WHATSAPP,2026-01-20 01:57:11
PAYMENT0005678,ACC0025551,2026-02-05 21:02:24,61427.81,WHATSAPP,2026-02-05 12:03:47
PAYMENT0008565,ACC0012317,2026-02-05 21:02:29,71096.41,,
PAYMENT0011078,ACC0023477,2026-02-05 21:02:29,100760.88,FIELD,2026-02-04 10:24:12
PAYMENT0019824,ACC0014771,2026-02-05 22:47:17,19964.02,WHATSAPP,2026-01-26 00:21:59
PAYMENT0013966,ACC0011615,2026-02-05 23:17:17,40141.32,WHATSAPP,2026-02-03 02:53:32
PAYMENT0004788,ACC0018950,2026-02-05 23:25:43,138947.39,WHATSAPP,2026-01-25 09:04:19
PAYMENT0007655,ACC0015364,2026-02-05 23:44:12,26357.3,WHATSAPP,2026-01-04 07:57:34
PAYMENT0010730,ACC0010964,2026-02-06 00:03:48,110981.82,SMS,2026-01-21 02:49:42
PAYMENT0000061,ACC0007981,2026-02-06 00:15:08,132415.76,WHATSAPP,2026-01-11 21:44:26
PAYMENT0019568,ACC0008663,2026-02-06 00:37:22,108250.39,,
PAYMENT0008702,ACC0001383,2026-02-06 01:17:27,49958.27,WHATSAPP,2026-02-02 08:47:04
PAYMENT0009541,ACC0011606,2026-02-06 01:23:43,118530.79,VOICE,2026-01-26 03:23:35
PAYMENT0000683,ACC0004434,2026-02-06 01:29:36,116315.06,VOICE,2026-01-20 01:11:21
PAYMENT0018528,ACC0006243,2026-02-06 01:39:04,27458.3,,
PAYMENT0018650,ACC0021646,2026-02-06 01:58:39,96289.15,WHATSAPP,2026-01-15 17:44:40
PAYMENT0018226,ACC0010523,2026-02-06 03:09:00,53774.65,VOICE,2026-01-02 23:34:18
PAYMENT0010697,ACC0019490,2026-02-06 03:27:19,119722.81,VOICE,2026-01-20 16:07:16
PAYMENT0002136,ACC0004710,2026-02-06 04:05:22,144526.87,VOICE,2026-01-19 13:16:29
PAYMENT0019673,ACC0022345,2026-02-06 04:24:41,133520.1,VOICE,2026-01-09 11:42:22
PAYMENT0023015,ACC0020221,2026-02-06 05:43:38,24189.98,WHATSAPP,2026-01-25 05:23:49
PAYMENT0009504,ACC0008098,2026-02-06 05:50:39,11519.84,FIELD,2026-01-17 00:42:04
PAYMENT0019561,ACC0015507,2026-02-06 05:56:11,137203.06,,
PAYMENT0001616,ACC0019493,2026-02-06 05:58:43,69658.78,,
PAYMENT0021688,ACC0026182,2026-02-06 06:15:11,55152.37,WHATSAPP,2026-01-19 04:15:19
PAYMENT0006445,ACC0002548,2026-02-06 06:50:13,377.33,WHATSAPP,2026-01-02 07:44:48
PAYMENT0022977,ACC0004735,2026-02-06 07:02:55,82449.83,FIELD,2026-01-23 12:55:36
PAYMENT0002571,ACC0012633,2026-02-06 07:19:33,27538.73,VOICE,2026-01-01 07:09:26
PAYMENT0015151,ACC0013973,2026-02-06 07:35:10,36478.53,VOICE,2026-01-24 14:11:05
PAYMENT0022911,ACC0002023,2026-02-06 07:38:16,13413.21,WHATSAPP,2026-01-27 07:16:08
PAYMENT0022699,ACC0008326,2026-02-06 07:40:07,75161.16,VOICE,2026-01-25 16:42:52
PAYMENT0020114,ACC0025022,2026-02-06 07:53:21,62252.88,VOICE,2026-01-25 19:18:16
PAYMENT0008456,ACC0005842,2026-02-06 07:59:39,89930.32,VOICE,2026-01-15 12:58:30
PAYMENT0009234,ACC0000231,2026-02-06 08:11:34,110504.07,WHATSAPP,2026-01-10 15:17:18
PAYMENT0005705,ACC0026021,2026-02-06 08:48:21,123585.34,,
PAYMENT0004043,ACC0021492,2026-02-06 08:48:31,13424.32,FIELD,2026-01-24 11:37:01
PAYMENT0023641,ACC0010876,2026-02-06 09:00:11,18270.76,WHATSAPP,2026-01-25 11:08:37
PAYMENT0020287,ACC0024369,2026-02-06 09:35:24,108829.98,,
PAYMENT0020336,ACC0010488,2026-02-06 09:40:06,50370.33,SMS,2026-02-05 15:24:13
PAYMENT0002462,ACC0011661,2026-02-06 09:45:13,5612.23,VOICE,2026-01-09 19:45:02
PAYMENT0020901,ACC0014657,2026-02-06 09:57:36,32547.31,VOICE,2026-02-02 10:43:49
PAYMENT0009265,ACC0028067,2026-02-06 10:17:12,61482.65,VOICE,2026-01-16 01:56:44
PAYMENT0008174,ACC0006275,2026-02-06 10:51:03,109677.34,VOICE,2026-01-16 11:46:45
PAYMENT0018418,ACC0014896,2026-02-06 11:15:20,37295.83,SMS,2026-02-03 14:21:24
PAYMENT0007336,ACC0016738,2026-02-06 11:24:06,137103.45,VOICE,2026-01-05 22:25:31
PAYMENT0004118,ACC0008049,2026-02-06 11:44:36,44804.44,,
PAYMENT0016572,ACC0004388,2026-02-06 11:48:42,144635.36,VOICE,2026-01-07 17:27:49
PAYMENT0020517,ACC0026259,2026-02-06 12:13:27,106862.78,WHATSAPP,2026-01-10 05:37:04
PAYMENT0011901,ACC0018213,2026-02-06 12:32:42,95025.27,WHATSAPP,2026-01-29 09:14:39
PAYMENT0001884,ACC0026438,2026-02-06 13:03:59,78141.7,VOICE,2026-01-26 09:35:47
PAYMENT0021202,ACC0005780,2026-02-06 13:11:47,102561.97,VOICE,2026-01-28 06:45:01
PAYMENT0023692,ACC0021061,2026-02-06 14:07:13,58829.43,,
PAYMENT0013930,ACC0010304,2026-02-06 15:16:45,96543.82,,
PAYMENT0024451,ACC0013990,2026-02-06 16:12:07,5152.41,,
PAYMENT0024185,ACC0005046,2026-02-06 16:29:21,32414.72,VOICE,2026-01-09 23:30:03
PAYMENT0021805,ACC0022641,2026-02-06 17:41:20,63926.97,WHATSAPP,2026-01-24 19:08:02
PAYMENT0010406,ACC0022588,2026-02-06 19:02:48,48490.47,WHATSAPP,2026-01-14 05:43:57
PAYMENT0000630,ACC0018074,2026-02-06 19:09:48,35317.77,SMS,2026-01-11 11:29:07
PAYMENT0010280,ACC0029229,2026-02-06 20:02:34,1848.31,WHATSAPP,2026-01-09 12:50:22
PAYMENT0004223,ACC0023467,2026-02-06 20:51:14,83306.5,FIELD,2026-01-31 01:15:27
PAYMENT0022698,ACC0029455,2026-02-06 20:56:38,10817.62,SMS,2026-01-19 23:20:58
PAYMENT0003973,ACC0027499,2026-02-06 21:27:39,54276.6,VOICE,2026-01-24 17:07:52
PAYMENT0007682,ACC0013718,2026-02-06 21:50:10,145917.4,WHATSAPP,2026-02-06 00:13:48
PAYMENT0019634,ACC0025451,2026-02-06 22:23:56,21427.04,,
PAYMENT0023765,ACC0018033,2026-02-06 22:42:24,146666.65,,
PAYMENT0013033,ACC0007401,2026-02-06 22:46:55,61864.86,WHATSAPP,2026-01-30 02:59:13
PAYMENT0024500,ACC0021414,2026-02-06 23:23:18,48018.98,WHATSAPP,2026-02-03 12:58:21
PAYMENT0011050,ACC0008281,2026-02-06 23:39:35,106776.18,,
PAYMENT0017728,ACC0009016,2026-02-07 00:04:38,29519.59,,
PAYMENT0017349,ACC0020612,2026-02-07 00:08:58,123181.72,,
PAYMENT0013077,ACC0012224,2026-02-07 00:37:38,21305.34,SMS,2026-02-03 16:14:29
PAYMENT0007584,ACC0013582,2026-02-07 00:49:08,10442.52,,
PAYMENT0002558,ACC0004893,2026-02-07 00:56:13,31809.94,,
PAYMENT0000769,ACC0002456,2026-02-07 01:01:54,141750.79,,
PAYMENT0009174,ACC0007110,2026-02-07 01:13:45,120319.66,,
PAYMENT0021582,ACC0003429,2026-02-07 01:40:17,139444.49,SMS,2026-02-01 20:06:37
PAYMENT0018010,ACC0011753,2026-02-07 01:57:44,108023.21,,
PAYMENT0020409,ACC0009547,2026-02-07 02:02:17,104825.35,FIELD,2026-01-04 10:18:32
PAYMENT0013563,ACC0020891,2026-02-07 03:16:41,68282.91,VOICE,2026-01-30 01:31:34
PAYMENT0014533,ACC0008754,2026-02-07 04:00:04,71666.12,,
PAYMENT0006069,ACC0016505,2026-02-07 04:01:08,119188.57,VOICE,2026-02-07 02:40:38
PAYMENT0004674,ACC0024028,2026-02-07 04:01:44,136444.91,VOICE,2026-01-23 16:24:45
PAYMENT0002412,ACC0020944,2026-02-07 04:06:51,81162.92,WHATSAPP,2026-01-30 16:18:37
PAYMENT0016263,ACC0014729,2026-02-07 04:28:26,68960.37,WHATSAPP,2026-01-29 13:35:11
PAYMENT0015642,ACC0011554,2026-02-07 04:39:30,135649.9,VOICE,2026-02-04 17:54:42
PAYMENT0006534,ACC0003898,2026-02-07 06:43:08,75150.27,SMS,2026-01-27 00:55:44
PAYMENT0004068,ACC0003287,2026-02-07 07:44:31,94667.07,,
PAYMENT0010810,ACC0015924,2026-02-07 08:32:22,132197.33,,
PAYMENT0009814,ACC0014410,2026-02-07 09:12:23,11076.69,FIELD,2026-01-23 00:35:05
PAYMENT0006825,ACC0027585,2026-02-07 10:01:37,130487.74,,
PAYMENT0004001,ACC0012210,2026-02-07 10:05:43,113430.43,SMS,2026-02-02 21:13:49
PAYMENT0023980,ACC0007638,2026-02-07 10:19:15,58746.21,,
PAYMENT0009748,ACC0006913,2026-02-07 10:46:45,57583.12,WHATSAPP,2026-01-17 10:44:04
PAYMENT0024405,ACC0006557,2026-02-07 11:06:45,79391.52,WHATSAPP,2026-01-18 20:45:29
PAYMENT0021064,ACC0024759,2026-02-07 12:22:14,130161.62,VOICE,2026-01-17 08:47:24
PAYMENT0006047,ACC0019270,2026-02-07 12:31:27,56309.45,SMS,2026-02-04 12:01:39
PAYMENT0002653,ACC0007670,2026-02-07 12:42:15,116535.27,WHATSAPP,2026-02-04 12:55:14
PAYMENT0010857,ACC0027157,2026-02-07 13:15:59,36695.07,,
PAYMENT0016551,ACC0026052,2026-02-07 13:37:38,18373.72,WHATSAPP,2026-01-22 17:25:11
PAYMENT0002015,ACC0022819,2026-02-07 13:45:19,103950.96,VOICE,2026-02-05 06:17:36
PAYMENT0007627,ACC0028610,2026-02-07 14:37:42,24499.3,,
PAYMENT0000348,ACC0023593,2026-02-07 14:43:34,38225.42,,
PAYMENT0001293,ACC0023382,2026-02-07 14:48:54,108887.9,SMS,2026-02-07 08:54:57
PAYMENT0005367,ACC0025577,2026-02-07 15:16:30,30823.77,WHATSAPP,2026-02-01 15:26:12
PAYMENT0004142,ACC0022031,2026-02-07 16:15:34,123727.26,VOICE,2026-01-26 11:42:57
PAYMENT0002000,ACC0020895,2026-02-07 16:57:30,116061.46,SMS,2026-01-11 21:32:50
PAYMENT0023973,ACC0005207,2026-02-07 17:03:11,149831.65,WHATSAPP,2026-01-25 09:52:55
PAYMENT0016549,ACC0027994,2026-02-07 18:16:13,127228.15,VOICE,2026-02-04 08:32:51
PAYMENT0013873,ACC0022505,2026-02-07 18:24:33,107230.73,FIELD,2026-01-16 01:21:22
PAYMENT0018079,ACC0015771,2026-02-07 18:34:31,81630.66,WHATSAPP,2026-01-20 17:49:30
PAYMENT0009848,ACC0016949,2026-02-07 18:35:19,127477.91,,
PAYMENT0019648,ACC0025027,2026-02-07 19:07:39,84796.86,VOICE,2026-02-06 05:56:34
PAYMENT0023626,ACC0012423,2026-02-07 19:13:24,37490.78,VOICE,2026-01-12 18:45:12
PAYMENT0008931,ACC0029283,2026-02-07 20:00:11,127188.58,VOICE,2026-02-05 16:42:47
PAYMENT0012444,ACC0013755,2026-02-07 20:25:01,128726.1,VOICE,2026-01-16 18:36:53
PAYMENT0021394,ACC0021226,2026-02-07 21:20:42,58662.1,VOICE,2026-01-09 02:16:44
PAYMENT0000253,ACC0007619,2026-02-07 21:42:31,71196.67,VOICE,2026-02-01 18:59:30
PAYMENT0017609,ACC0005465,2026-02-07 22:46:26,101747.24,VOICE,2026-01-13 15:38:47
PAYMENT0007096,ACC0021176,2026-02-07 22:59:13,9823.76,VOICE,2026-02-02 14:17:01
PAYMENT0010542,ACC0023193,2026-02-07 23:29:50,34635.07,,
PAYMENT0019795,ACC0021021,2026-02-07 23:33:09,54234.44,SMS,2026-01-28 12:52:36
PAYMENT0021034,ACC0004124,2026-02-08 00:45:12,54930.64,VOICE,2026-01-10 06:27:12
PAYMENT0023492,ACC0023204,2026-02-08 01:34:17,117033.88,,
PAYMENT0009536,ACC0024677,2026-02-08 02:08:30,85190.16,SMS,2026-01-04 20:37:06
PAYMENT0010125,ACC0021176,2026-02-08 02:29:59,71749.34,VOICE,2026-02-02 14:17:01
PAYMENT0023096,ACC0020429,2026-02-08 03:22:14,35685.51,WHATSAPP,2026-01-18 06:53:43
PAYMENT0002734,ACC0021028,2026-02-08 03:24:43,138408.82,,
PAYMENT0009823,ACC0025111,2026-02-08 03:59:12,24478.36,VOICE,2026-02-07 23:58:56
PAYMENT0014106,ACC0003412,2026-02-08 04:04:11,40186.5,,
PAYMENT0021431,ACC0016399,2026-02-08 04:44:44,69813.23,WHATSAPP,2026-02-05 07:51:59
PAYMENT0005090,ACC0026483,2026-02-08 04:58:04,108543.15,VOICE,2026-01-07 13:28:39
PAYMENT0013060,ACC0029033,2026-02-08 05:00:32,17089.82,FIELD,2026-01-30 20:50:38
PAYMENT0014188,ACC0007316,2026-02-08 05:14:52,117716.51,,
PAYMENT0001037,ACC0013471,2026-02-08 05:27:11,118971.1,WHATSAPP,2026-01-26 21:05:26
PAYMENT0012561,ACC0015963,2026-02-08 05:52:50,15734.4,SMS,2026-02-04 07:13:54
PAYMENT0007991,ACC0009766,2026-02-08 06:06:33,120822.53,VOICE,2026-01-07 00:45:45
PAYMENT0024345,ACC0029922,2026-02-08 06:23:23,35149.69,,
PAYMENT0021043,ACC0011897,2026-02-08 06:47:35,37649.17,VOICE,2026-01-28 21:19:24
PAYMENT0018037,ACC0016829,2026-02-08 07:21:14,53446.71,WHATSAPP,2026-01-18 07:59:12
PAYMENT0016150,ACC0027698,2026-02-08 07:34:58,111890.32,,
PAYMENT0011816,ACC0001623,2026-02-08 07:38:42,35545.29,WHATSAPP,2026-01-02 05:26:41
PAYMENT0022337,ACC0007543,2026-02-08 07:52:27,640.51,VOICE,2026-02-04 13:16:04
PAYMENT0004757,ACC0017141,2026-02-08 07:55:28,5746.62,SMS,2026-01-22 02:20:50
PAYMENT0018485,ACC0019836,2026-02-08 09:28:56,137701.92,,
PAYMENT0011738,ACC0017556,2026-02-08 09:38:52,24657.44,SMS,2026-01-01 07:54:35
PAYMENT0006489,ACC0001006,2026-02-08 12:10:08,84312.72,,
PAYMENT0017746,ACC0011909,2026-02-08 12:13:44,100207.69,WHATSAPP,2026-01-22 06:50:15
PAYMENT0003018,ACC0026863,2026-02-08 12:18:29,98685.97,SMS,2026-01-18 20:46:29
PAYMENT0017321,ACC0005957,2026-02-08 13:07:32,21615.41,VOICE,2026-01-05 12:35:01
PAYMENT0014409,ACC0003870,2026-02-08 13:25:25,54650.84,WHATSAPP,2026-02-03 08:57:28
PAYMENT0001554,ACC0006926,2026-02-08 13:53:23,55483.26,WHATSAPP,2026-01-21 01:18:47
PAYMENT0012064,ACC0024863,2026-02-08 14:13:18,42279.65,WHATSAPP,2026-01-09 22:04:24
PAYMENT0017319,ACC0002429,2026-02-08 14:26:19,84617.14,,
PAYMENT0009467,ACC0004967,2026-02-08 14:54:58,145735.0,FIELD,2026-01-30 01:45:39
PAYMENT0010459,ACC0015986,2026-02-08 15:16:25,21673.11,WHATSAPP,2026-01-12 19:45:16
PAYMENT0024925,ACC0002978,2026-02-08 15:27:03,69035.75,VOICE,2026-01-26 20:31:44
PAYMENT0002767,ACC0003628,2026-02-08 15:33:20,7679.77,,
PAYMENT0008901,ACC0008784,2026-02-08 16:08:56,83692.23,WHATSAPP,2026-02-01 08:57:05
PAYMENT0023257,ACC0014416,2026-02-08 16:24:50,96877.44,WHATSAPP,2026-01-09 23:25:27
PAYMENT0022943,ACC0011762,2026-02-08 16:26:03,46603.07,FIELD,2026-01-27 02:15:53
PAYMENT0006608,ACC0000916,2026-02-08 16:35:21,8307.12,VOICE,2026-02-04 16:24:06
PAYMENT0005802,ACC0003107,2026-02-08 16:39:55,6584.33,VOICE,2026-01-21 03:28:49
PAYMENT0022296,ACC0019477,2026-02-08 16:57:15,25614.69,,
PAYMENT0015645,ACC0028630,2026-02-08 17:25:16,12001.47,,
PAYMENT0000195,ACC0008557,2026-02-08 17:29:08,24355.2,FIELD,2026-01-17 10:18:02
PAYMENT0017399,ACC0005099,2026-02-08 17:50:57,49176.08,WHATSAPP,2026-01-15 18:20:02
PAYMENT0015467,ACC0009778,2026-02-08 18:57:41,9162.03,WHATSAPP,2026-02-05 16:22:02
PAYMENT0009657,ACC0005983,2026-02-08 19:05:50,11082.84,,
PAYMENT0012804,ACC0020270,2026-02-08 19:21:51,64270.12,WHATSAPP,2026-02-03 11:09:43
PAYMENT0001467,ACC0000391,2026-02-08 19:36:09,107223.26,WHATSAPP,2026-02-07 12:11:29
PAYMENT0004752,ACC0005337,2026-02-08 20:06:02,34013.44,,
PAYMENT0023637,ACC0008597,2026-02-08 21:27:03,24063.18,FIELD,2026-01-16 04:25:28
PAYMENT0017654,ACC0015050,2026-02-08 21:37:44,124430.85,WHATSAPP,2026-01-25 18:12:13
PAYMENT0003212,ACC0014149,2026-02-08 22:26:55,102004.02,,
PAYMENT0007857,ACC0009202,2026-02-08 22:47:56,122845.78,WHATSAPP,2026-01-16 16:10:09
PAYMENT0014287,ACC0012826,2026-02-08 22:53:42,7870.82,SMS,2026-02-02 06:50:38
PAYMENT0009105,ACC0019108,2026-02-08 23:16:32,140111.98,VOICE,2026-01-15 11:53:57
PAYMENT0008773,ACC0005699,2026-02-08 23:21:07,34526.47,WHATSAPP,2026-02-07 21:45:07
PAYMENT0011450,ACC0014407,2026-02-08 23:24:01,145369.93,SMS,2026-01-27 18:13:43
PAYMENT0008842,ACC0006540,2026-02-08 23:34:03,127263.93,,
PAYMENT0022659,ACC0005596,2026-02-09 00:12:27,117771.33,,
PAYMENT0017782,ACC0021757,2026-02-09 00:50:17,137474.48,VOICE,2026-02-04 20:08:18
PAYMENT0000867,ACC0004716,2026-02-09 02:23:02,114859.11,SMS,2026-01-18 17:39:35
PAYMENT0013797,ACC0000159,2026-02-09 03:16:53,112470.29,WHATSAPP,2026-02-04 22:41:04
PAYMENT0001581,ACC0020642,2026-02-09 03:33:34,8467.76,,
PAYMENT0015890,ACC0019263,2026-02-09 03:41:28,30450.2,VOICE,2026-01-24 06:21:31
PAYMENT0006279,ACC0019357,2026-02-09 03:58:37,9553.26,VOICE,2026-01-25 21:41:30
PAYMENT0011469,ACC0011470,2026-02-09 04:40:09,90010.47,SMS,2026-01-28 17:33:53
PAYMENT0004922,ACC0021908,2026-02-09 05:14:00,132604.82,WHATSAPP,2026-02-08 20:08:01
PAYMENT0014396,ACC0015827,2026-02-09 05:19:32,28448.62,FIELD,2026-01-15 13:16:13
PAYMENT0022685,ACC0007707,2026-02-09 05:23:16,50382.51,,
PAYMENT0024384,ACC0014035,2026-02-09 05:27:15,114535.87,WHATSAPP,2026-01-15 03:00:10
PAYMENT0001943,ACC0007051,2026-02-09 05:53:26,18948.69,VOICE,2026-02-03 04:27:41
PAYMENT0014664,ACC0020453,2026-02-09 06:08:24,140268.46,VOICE,2026-02-08 00:42:53
PAYMENT0009593,ACC0000169,2026-02-09 06:08:42,140621.84,,
PAYMENT0019765,ACC0020999,2026-02-09 06:53:23,58553.8,,
PAYMENT0024685,ACC0009279,2026-02-09 06:55:12,12584.28,SMS,2026-01-10 10:04:31
PAYMENT0022856,ACC0013508,2026-02-09 07:00:36,92395.87,,
PAYMENT0010059,ACC0017677,2026-02-09 07:08:15,80169.15,,
PAYMENT0003428,ACC0007766,2026-02-09 07:24:30,108511.48,FIELD,2026-01-11 10:35:53
PAYMENT0010303,ACC0018572,2026-02-09 07:53:47,109662.56,SMS,2026-01-27 06:35:32
PAYMENT0016253,ACC0005410,2026-02-09 09:12:38,78671.39,WHATSAPP,2026-02-01 12:12:12
PAYMENT0015031,ACC0021044,2026-02-09 09:31:47,33063.51,FIELD,2026-01-13 07:28:00
PAYMENT0023592,ACC0027091,2026-02-09 10:35:49,36323.16,WHATSAPP,2026-02-09 06:07:14
PAYMENT0007313,ACC0028684,2026-02-09 10:44:32,535.57,VOICE,2026-02-04 04:59:18
PAYMENT0006313,ACC0024061,2026-02-09 11:04:22,111849.7,VOICE,2026-01-22 13:01:31
PAYMENT0004045,ACC0012487,2026-02-09 11:06:57,117397.37,VOICE,2026-01-25 01:09:40
PAYMENT0023159,ACC0003773,2026-02-09 11:19:38,20371.68,WHATSAPP,2026-01-31 11:01:07
PAYMENT0002274,ACC0012196,2026-02-09 11:28:04,105528.49,SMS,2026-02-08 19:55:02
PAYMENT0013370,ACC0016199,2026-02-09 11:32:25,83133.92,VOICE,2026-02-06 17:58:03
PAYMENT0016390,ACC0013007,2026-02-09 11:51:36,102557.14,VOICE,2026-01-11 22:19:23
PAYMENT0024756,ACC0001711,2026-02-09 12:38:19,102595.35,,
PAYMENT0022515,ACC0006577,2026-02-09 12:41:01,10915.3,,
PAYMENT0013631,ACC0002771,2026-02-09 13:28:08,36201.08,,
PAYMENT0005123,ACC0021472,2026-02-09 13:28:28,16864.17,WHATSAPP,2026-01-28 17:16:52
PAYMENT0010078,ACC0018176,2026-02-09 13:38:01,113867.87,,
PAYMENT0023562,ACC0013973,2026-02-09 13:45:41,20668.68,VOICE,2026-02-07 20:35:51
PAYMENT0003438,ACC0014030,2026-02-09 13:51:33,89323.67,,
PAYMENT0022200,ACC0002999,2026-02-09 14:02:09,111805.74,,
PAYMENT0000554,ACC0006333,2026-02-09 14:21:30,16560.59,SMS,2026-02-07 20:32:50
PAYMENT0004281,ACC0005473,2026-02-09 14:29:00,3567.91,,
PAYMENT0004980,ACC0014220,2026-02-09 14:33:52,32481.03,WHATSAPP,2026-01-30 14:20:10
PAYMENT0002806,ACC0003755,2026-02-09 14:38:11,106773.63,,
PAYMENT0006443,ACC0007303,2026-02-09 14:52:54,100564.23,WHATSAPP,2026-01-29 07:03:17
PAYMENT0011609,ACC0005343,2026-02-09 15:03:04,84430.89,WHATSAPP,2026-01-28 07:24:51
PAYMENT0004389,ACC0001522,2026-02-09 15:08:08,8475.49,FIELD,2026-01-30 14:07:43
PAYMENT0016072,ACC0020117,2026-02-09 15:17:54,90287.5,VOICE,2026-02-09 05:19:45
PAYMENT0005658,ACC0014936,2026-02-09 16:12:24,13416.94,,
PAYMENT0023860,ACC0016573,2026-02-09 17:10:58,60485.52,,
PAYMENT0003887,ACC0015267,2026-02-09 17:28:53,3343.61,WHATSAPP,2026-02-06 17:39:40
PAYMENT0013937,ACC0014482,2026-02-09 17:37:06,114428.97,,
PAYMENT0023351,ACC0027818,2026-02-09 17:43:20,73080.08,FIELD,2026-01-24 21:14:46
PAYMENT0002191,ACC0021963,2026-02-09 18:44:26,53633.26,,
PAYMENT0017867,ACC0006754,2026-02-09 18:52:25,67602.06,FIELD,2026-01-21 04:43:33
PAYMENT0002277,ACC0018978,2026-02-09 19:23:41,16775.46,,
PAYMENT0014208,ACC0019031,2026-02-09 19:43:13,18256.74,,
PAYMENT0010944,ACC0005443,2026-02-09 19:55:48,42077.05,,
PAYMENT0020329,ACC0015562,2026-02-09 20:17:46,19822.03,,
PAYMENT0021570,ACC0014913,2026-02-09 20:43:08,5512.71,SMS,2026-02-05 01:24:11
PAYMENT0002239,ACC0019168,2026-02-09 20:57:01,53015.67,,
PAYMENT0022368,ACC0008576,2026-02-09 21:02:12,111802.71,WHATSAPP,2026-01-31 02:52:47
PAYMENT0000515,ACC0013352,2026-02-09 22:20:06,21587.15,,
PAYMENT0023668,ACC0007182,2026-02-09 22:20:20,112850.79,FIELD,2026-02-07 15:31:00
PAYMENT0018412,ACC0025017,2026-02-09 22:27:56,37169.59,VOICE,2026-01-14 05:37:14
PAYMENT0010628,ACC0021601,2026-02-09 22:39:10,20674.65,WHATSAPP,2026-02-08 11:11:08
PAYMENT0007645,ACC0019930,2026-02-09 22:54:15,77864.94,VOICE,2026-01-17 20:35:19
PAYMENT0024001,ACC0022652,2026-02-09 23:25:42,130292.56,VOICE,2026-01-06 11:19:27
PAYMENT0014078,ACC0014937,2026-02-09 23:26:10,15467.64,,
PAYMENT0010537,ACC0000989,2026-02-09 23:28:56,54329.9,VOICE,2026-01-11 04:44:46
PAYMENT0007548,ACC0029809,2026-02-09 23:42:51,26718.1,WHATSAPP,2026-01-06 19:25:32
PAYMENT0001450,ACC0012117,2026-02-10 00:23:37,56435.14,WHATSAPP,2026-01-16 20:01:18
PAYMENT0022729,ACC0022279,2026-02-10 01:04:56,144405.41,WHATSAPP,2026-02-09 00:08:23
PAYMENT0006215,ACC0017832,2026-02-10 01:16:49,4465.08,SMS,2026-01-13 00:19:00
PAYMENT0007152,ACC0025988,2026-02-10 01:20:20,18485.01,VOICE,2026-01-26 05:51:26
PAYMENT0016693,ACC0001285,2026-02-10 04:35:54,63868.82,,
PAYMENT0011104,ACC0012367,2026-02-10 05:04:38,107547.1,VOICE,2026-01-31 03:41:13
PAYMENT0021844,ACC0009823,2026-02-10 05:34:20,48735.05,VOICE,2026-01-22 23:01:43
PAYMENT0012849,ACC0005239,2026-02-10 05:45:23,14869.51,WHATSAPP,2026-01-27 22:24:59
PAYMENT0022112,ACC0025507,2026-02-10 07:55:02,61358.96,VOICE,2026-01-18 15:48:38
PAYMENT0014636,ACC0020466,2026-02-10 08:18:54,19255.14,WHATSAPP,2026-01-29 18:57:36
PAYMENT0018166,ACC0019256,2026-02-10 08:28:53,93048.85,FIELD,2026-01-23 20:21:56
PAYMENT0013832,ACC0027798,2026-02-10 08:47:12,76697.98,SMS,2026-02-08 04:10:52
PAYMENT0023581,ACC0004686,2026-02-10 09:01:18,99727.4,SMS,2026-01-13 02:51:57
PAYMENT0021021,ACC0024957,2026-02-10 09:13:26,117186.1,VOICE,2026-01-25 02:19:20
PAYMENT0001061,ACC0018061,2026-02-10 09:51:12,127537.38,,
PAYMENT0010961,ACC0016933,2026-02-10 10:06:47,133458.74,WHATSAPP,2026-01-05 11:45:45
PAYMENT0018574,ACC0028474,2026-02-10 10:30:14,137848.32,SMS,2026-02-06 23:48:59
PAYMENT0009938,ACC0018432,2026-02-10 10:43:44,99210.47,WHATSAPP,2026-01-27 04:22:18
PAYMENT0000786,ACC0020898,2026-02-10 11:08:24,139744.87,,
PAYMENT0010096,ACC0011787,2026-02-10 11:38:13,94177.99,FIELD,2026-01-04 11:04:36
PAYMENT0023500,ACC0020869,2026-02-10 12:08:12,9384.51,,
PAYMENT0015751,ACC0022267,2026-02-10 12:28:05,89576.34,VOICE,2026-02-03 15:31:54
PAYMENT0005735,ACC0019970,2026-02-10 12:37:13,147828.25,WHATSAPP,2026-01-21 02:40:35
PAYMENT0021613,ACC0022542,2026-02-10 12:48:37,136695.41,VOICE,2026-02-10 04:48:52
PAYMENT0008546,ACC0001860,2026-02-10 13:08:34,106259.09,VOICE,2026-01-23 01:30:34
PAYMENT0011712,ACC0028228,2026-02-10 13:38:22,12887.73,FIELD,2026-01-15 10:29:29
PAYMENT0013052,ACC0010357,2026-02-10 13:53:11,40839.89,SMS,2026-01-13 16:50:05
PAYMENT0024282,ACC0026763,2026-02-10 14:11:12,23094.35,WHATSAPP,2026-01-22 09:00:59
PAYMENT0013604,ACC0007932,2026-02-10 14:27:20,3152.98,,
PAYMENT0009361,ACC0020365,2026-02-10 15:11:43,147183.98,WHATSAPP,2026-01-23 05:36:57
PAYMENT0003942,ACC0029370,2026-02-10 15:54:17,136752.81,VOICE,2026-01-23 06:30:11
PAYMENT0013728,ACC0008687,2026-02-10 18:23:49,124068.51,,
PAYMENT0014944,ACC0015621,2026-02-10 18:55:04,47892.49,WHATSAPP,2026-02-10 09:58:33
PAYMENT0012540,ACC0002064,2026-02-10 19:29:14,138748.29,,
PAYMENT0011659,ACC0028918,2026-02-10 20:18:42,112421.74,SMS,2026-01-12 23:43:10
PAYMENT0006377,ACC0009734,2026-02-10 20:53:55,29101.51,WHATSAPP,2026-01-15 13:57:31
PAYMENT0000093,ACC0013421,2026-02-10 21:08:42,124194.85,VOICE,2026-02-05 14:21:41
PAYMENT0017240,ACC0002842,2026-02-10 21:17:21,28546.3,VOICE,2026-02-06 03:55:01
PAYMENT0015741,ACC0010239,2026-02-10 22:00:45,133979.84,WHATSAPP,2026-01-09 18:46:46
PAYMENT0004814,ACC0004390,2026-02-10 23:03:21,132887.47,SMS,2026-01-26 16:12:42
PAYMENT0006847,ACC0002330,2026-02-10 23:12:27,22367.01,SMS,2026-02-04 19:51:54
PAYMENT0002858,ACC0022460,2026-02-11 00:09:20,39598.62,VOICE,2026-01-06 11:58:34
PAYMENT0022022,ACC0002535,2026-02-11 00:16:15,66102.05,WHATSAPP,2026-02-04 19:28:17
PAYMENT0018883,ACC0010701,2026-02-11 00:52:54,98021.47,,
PAYMENT0023726,ACC0020627,2026-02-11 01:02:21,5250.51,,
PAYMENT0008684,ACC0025178,2026-02-11 01:02:34,105028.59,VOICE,2026-01-22 22:34:13
PAYMENT0024894,ACC0028381,2026-02-11 02:23:45,11258.47,VOICE,2026-02-09 09:33:53
PAYMENT0016772,ACC0018529,2026-02-11 02:33:01,59720.3,VOICE,2026-02-01 10:03:48
PAYMENT0002101,ACC0025739,2026-02-11 04:12:10,18746.26,SMS,2026-01-19 03:02:44
PAYMENT0020147,ACC0002838,2026-02-11 04:18:56,108402.21,SMS,2026-01-27 14:03:43
PAYMENT0016948,ACC0024254,2026-02-11 04:33:43,55473.94,WHATSAPP,2026-02-02 05:50:06
PAYMENT0021617,ACC0006196,2026-02-11 04:45:50,137234.94,FIELD,2026-01-27 03:32:46
PAYMENT0006074,ACC0007047,2026-02-11 04:58:04,60702.82,WHATSAPP,2026-01-25 06:26:23
PAYMENT0001379,ACC0001251,2026-02-11 05:33:27,142285.88,,
PAYMENT0019116,ACC0005082,2026-02-11 05:36:01,121687.16,WHATSAPP,2026-01-22 21:55:30
PAYMENT0009780,ACC0022534,2026-02-11 05:52:12,126096.04,WHATSAPP,2026-01-22 00:32:33
PAYMENT0021987,ACC0006290,2026-02-11 05:55:16,35896.45,VOICE,2026-02-06 10:26:26
PAYMENT0017055,ACC0003856,2026-02-11 06:14:26,12965.14,SMS,2026-01-30 19:47:50
PAYMENT0022269,ACC0018836,2026-02-11 06:46:15,28065.16,VOICE,2026-02-04 11:14:49
PAYMENT0004310,ACC0002788,2026-02-11 06:47:57,82924.49,VOICE,2026-02-10 03:07:31
PAYMENT0013759,ACC0003664,2026-02-11 06:49:05,92108.89,VOICE,2026-01-24 09:05:46
PAYMENT0005190,ACC0017251,2026-02-11 07:19:22,138129.02,SMS,2026-02-07 17:36:54
PAYMENT0016147,ACC0020491,2026-02-11 08:05:53,130244.13,,
PAYMENT0015460,ACC0023382,2026-02-11 08:39:44,117567.5,SMS,2026-02-07 08:54:57
PAYMENT0013481,ACC0008109,2026-02-11 09:04:35,98690.82,,
PAYMENT0004717,ACC0011850,2026-02-11 09:48:22,133448.34,WHATSAPP,2026-01-05 12:31:59
PAYMENT0012287,ACC0022915,2026-02-11 10:51:35,57249.12,FIELD,2026-01-26 08:22:15
PAYMENT0007015,ACC0017120,2026-02-11 11:43:54,23289.64,SMS,2026-02-09 08:55:17
PAYMENT0006320,ACC0019552,2026-02-11 12:16:08,7727.69,,
PAYMENT0014086,ACC0006275,2026-02-11 12:33:16,27353.66,VOICE,2026-01-16 11:46:45
PAYMENT0007904,ACC0005138,2026-02-11 13:28:03,108800.31,SMS,2026-01-04 06:24:17
PAYMENT0022596,ACC0025384,2026-02-11 13:41:02,78366.33,WHATSAPP,2026-01-05 17:03:15
PAYMENT0016597,ACC0007700,2026-02-11 14:26:04,74309.82,VOICE,2026-01-11 01:52:21
PAYMENT0021468,ACC0000754,2026-02-11 14:29:47,29452.95,WHATSAPP,2026-02-05 03:26:20
PAYMENT0019280,ACC0015330,2026-02-11 14:36:04,77984.78,,
PAYMENT0021544,ACC0001755,2026-02-11 14:47:02,95664.35,WHATSAPP,2026-01-02 14:50:27
PAYMENT0006205,ACC0016940,2026-02-11 14:55:24,29190.86,SMS,2026-01-29 21:21:41
PAYMENT0003882,ACC0029940,2026-02-11 15:07:11,95927.1,WHATSAPP,2026-01-17 11:06:51
PAYMENT0007719,ACC0002528,2026-02-11 15:12:13,11116.04,VOICE,2026-02-10 23:05:19
PAYMENT0013911,ACC0017078,2026-02-11 15:44:23,140891.77,SMS,2026-01-25 07:07:17
PAYMENT0005528,ACC0013882,2026-02-11 16:06:00,38823.62,WHATSAPP,2026-02-11 00:17:39
PAYMENT0005511,ACC0009394,2026-02-11 16:44:07,129141.37,VOICE,2026-02-08 13:51:44
PAYMENT0015049,ACC0011775,2026-02-11 16:49:53,64249.44,SMS,2026-02-01 01:39:40
PAYMENT0013719,ACC0011927,2026-02-11 17:28:17,135659.12,,
PAYMENT0021879,ACC0011288,2026-02-11 17:32:53,28586.59,WHATSAPP,2026-01-30 15:18:01
PAYMENT0005095,ACC0008625,2026-02-11 17:44:47,37063.92,,
PAYMENT0007775,ACC0009050,2026-02-11 17:50:04,88584.14,VOICE,2026-02-03 14:02:31
PAYMENT0020240,ACC0006068,2026-02-11 17:57:07,111911.08,VOICE,2026-02-01 10:56:23
PAYMENT0021540,ACC0017533,2026-02-11 18:32:19,122841.55,,
PAYMENT0018475,ACC0006798,2026-02-11 18:47:02,123373.45,VOICE,2026-01-14 04:36:14
PAYMENT0013795,ACC0024244,2026-02-11 19:10:27,116986.82,FIELD,2026-01-03 23:13:23
PAYMENT0003267,ACC0011840,2026-02-11 19:41:05,91952.92,SMS,2026-01-25 21:44:36
PAYMENT0008623,ACC0012336,2026-02-11 20:13:21,107208.11,VOICE,2026-01-17 23:17:14
PAYMENT0003779,ACC0000469,2026-02-11 20:22:36,133345.72,WHATSAPP,2026-02-08 06:30:06
PAYMENT0017952,ACC0018272,2026-02-11 20:48:26,78909.44,VOICE,2026-02-10 09:46:56
PAYMENT0022145,ACC0017951,2026-02-11 21:07:28,45420.0,VOICE,2026-01-16 23:00:08
PAYMENT0002797,ACC0020470,2026-02-11 21:44:44,69144.53,SMS,2026-01-17 09:36:15
PAYMENT0017031,ACC0002247,2026-02-11 22:05:29,124139.63,,
PAYMENT0003396,ACC0011109,2026-02-11 22:06:57,16147.32,WHATSAPP,2026-02-09 21:52:48
PAYMENT0002171,ACC0015957,2026-02-11 22:30:48,129973.21,VOICE,2026-02-07 21:02:08
PAYMENT0020780,ACC0011402,2026-02-11 22:30:52,16091.85,,
PAYMENT0006348,ACC0011366,2026-02-11 22:38:04,100875.85,WHATSAPP,2026-02-11 10:10:25
PAYMENT0015131,ACC0027908,2026-02-11 23:08:17,87809.87,,
PAYMENT0008355,ACC0023209,2026-02-11 23:32:20,8011.65,FIELD,2026-01-13 01:32:58
PAYMENT0003883,ACC0009564,2026-02-11 23:37:57,97528.45,SMS,2026-02-11 18:08:37
PAYMENT0003906,ACC0010992,2026-02-11 23:41:13,26071.02,,
PAYMENT0016627,ACC0009091,2026-02-12 00:38:30,145342.86,VOICE,2026-01-02 03:15:17
PAYMENT0018358,ACC0005754,2026-02-12 00:54:45,17840.01,WHATSAPP,2026-01-25 23:32:13
PAYMENT0019624,ACC0017274,2026-02-12 01:46:59,43740.82,VOICE,2026-02-08 12:08:15
PAYMENT0023266,ACC0021019,2026-02-12 02:09:49,51436.67,VOICE,2026-01-26 16:05:25
PAYMENT0024657,ACC0028036,2026-02-12 05:12:50,102187.86,VOICE,2026-01-28 05:29:28
PAYMENT0000409,ACC0007487,2026-02-12 05:39:32,13212.7,FIELD,2026-01-31 07:07:16
PAYMENT0000359,ACC0005037,2026-02-12 06:15:54,142422.21,WHATSAPP,2026-02-01 09:35:37
PAYMENT0004511,ACC0003490,2026-02-12 06:23:43,67644.72,,
PAYMENT0007241,ACC0019264,2026-02-12 06:54:27,29238.63,,
PAYMENT0008583,ACC0020513,2026-02-12 07:09:42,18224.99,,
PAYMENT0009664,ACC0005916,2026-02-12 07:21:19,97587.11,SMS,2026-02-05 11:30:41
PAYMENT0007607,ACC0014652,2026-02-12 07:27:02,146568.94,VOICE,2026-01-24 16:51:45
PAYMENT0015791,ACC0000979,2026-02-12 08:02:56,62654.56,SMS,2026-02-03 10:32:13
PAYMENT0014677,ACC0015192,2026-02-12 08:29:14,72159.67,,
PAYMENT0002689,ACC0001530,2026-02-12 08:43:59,82229.31,WHATSAPP,2026-02-10 18:16:11
PAYMENT0019051,ACC0000658,2026-02-12 09:22:52,140664.55,WHATSAPP,2026-01-22 12:28:31
PAYMENT0019924,ACC0026200,2026-02-12 09:31:09,111488.46,SMS,2026-01-28 17:08:40
PAYMENT0024723,ACC0013127,2026-02-12 09:34:19,75864.5,VOICE,2026-01-05 15:52:18
PAYMENT0009478,ACC0002991,2026-02-12 10:03:42,132299.6,SMS,2026-01-26 19:18:48
PAYMENT0010031,ACC0029697,2026-02-12 10:17:34,122672.01,FIELD,2026-01-27 01:33:46
PAYMENT0021794,ACC0025990,2026-02-12 10:46:25,96069.01,WHATSAPP,2026-01-29 07:29:00
PAYMENT0018695,ACC0007796,2026-02-12 10:48:08,60428.55,VOICE,2026-02-10 16:20:02
PAYMENT0001870,ACC0020177,2026-02-12 10:50:01,94309.95,VOICE,2026-02-07 05:31:26
PAYMENT0013855,ACC0026474,2026-02-12 11:10:25,42803.28,WHATSAPP,2026-01-03 11:21:23
PAYMENT0008321,ACC0023908,2026-02-12 11:20:14,21078.27,FIELD,2026-01-15 10:59:47
PAYMENT0009284,ACC0008866,2026-02-12 11:21:07,83315.13,SMS,2026-02-06 15:46:43
PAYMENT0018602,ACC0017783,2026-02-12 11:30:34,23451.73,WHATSAPP,2026-01-30 14:14:31
PAYMENT0018862,ACC0029085,2026-02-12 12:04:04,19401.01,FIELD,2026-01-15 21:00:38
PAYMENT0021648,ACC0004232,2026-02-12 12:13:52,20321.9,VOICE,2026-01-31 19:28:35
PAYMENT0000367,ACC0015528,2026-02-12 13:24:20,113825.4,,
PAYMENT0000271,ACC0006110,2026-02-12 13:29:36,40275.71,SMS,2026-01-26 16:19:00
PAYMENT0006663,ACC0008096,2026-02-12 13:37:44,21017.78,FIELD,2026-02-09 23:23:12
PAYMENT0005671,ACC0023962,2026-02-12 13:43:18,73848.16,,
PAYMENT0019863,ACC0006291,2026-02-12 14:46:52,69034.86,VOICE,2026-02-12 04:46:13
PAYMENT0011332,ACC0010700,2026-02-12 14:51:01,107578.22,,
PAYMENT0005135,ACC0028655,2026-02-12 14:58:37,43482.57,WHATSAPP,2026-02-11 07:16:48
PAYMENT0005864,ACC0027498,2026-02-12 15:10:13,137283.45,,
PAYMENT0009323,ACC0002500,2026-02-12 15:49:23,124387.59,SMS,2026-01-27 10:12:54
PAYMENT0010517,ACC0013167,2026-02-12 16:55:19,39016.36,VOICE,2026-01-12 16:42:03
PAYMENT0008824,ACC0029198,2026-02-12 17:12:49,22856.74,,
PAYMENT0005938,ACC0001201,2026-02-12 17:21:40,47157.87,FIELD,2026-01-31 19:31:18
PAYMENT0016119,ACC0005309,2026-02-12 17:37:35,141931.39,VOICE,2026-01-01 07:59:52
PAYMENT0003094,ACC0000613,2026-02-12 17:55:47,46494.28,VOICE,2026-02-12 06:25:13
PAYMENT0015166,ACC0000037,2026-02-12 18:05:47,110926.49,,
PAYMENT0003174,ACC0020346,2026-02-12 19:07:27,40715.57,SMS,2026-01-03 09:24:26
PAYMENT0016472,ACC0013017,2026-02-12 19:51:24,143256.97,SMS,2026-02-09 08:02:54
PAYMENT0019165,ACC0026665,2026-02-12 19:53:54,25589.41,SMS,2026-02-11 06:15:16
PAYMENT0003484,ACC0025457,2026-02-12 20:31:13,141558.58,FIELD,2026-01-30 15:59:49
PAYMENT0013530,ACC0002903,2026-02-12 21:09:40,75766.99,,
PAYMENT0011830,ACC0002005,2026-02-12 21:24:37,124363.34,WHATSAPP,2026-02-08 04:40:56
PAYMENT0019949,ACC0026117,2026-02-12 21:41:19,39748.05,WHATSAPP,2026-02-12 09:39:42
PAYMENT0021715,ACC0009465,2026-02-12 21:54:10,33538.85,,
PAYMENT0015161,ACC0020816,2026-02-12 22:00:45,43208.99,,
PAYMENT0008738,ACC0019183,2026-02-12 22:38:13,100259.8,,
PAYMENT0007907,ACC0022761,2026-02-12 23:03:53,96395.94,VOICE,2026-01-07 15:18:16
PAYMENT0000882,ACC0005570,2026-02-12 23:04:33,147100.98,FIELD,2026-01-18 19:45:05
PAYMENT0024482,ACC0013379,2026-02-12 23:08:47,53212.87,VOICE,2026-02-08 02:44:56
PAYMENT0012100,ACC0029931,2026-02-12 23:14:13,147851.05,,
PAYMENT0009728,ACC0012980,2026-02-12 23:46:45,92250.03,WHATSAPP,2026-01-31 14:54:43
PAYMENT0016543,ACC0021422,2026-02-13 00:06:46,18946.37,WHATSAPP,2026-01-31 22:52:18
PAYMENT0019402,ACC0021304,2026-02-13 00:13:19,144508.88,WHATSAPP,2026-01-12 09:26:48
PAYMENT0008714,ACC0027960,2026-02-13 00:56:14,6380.71,SMS,2026-01-30 07:28:34
PAYMENT0013357,ACC0011553,2026-02-13 00:56:19,4711.24,VOICE,2026-02-11 11:35:30
PAYMENT0019638,ACC0013850,2026-02-13 01:37:42,41071.34,SMS,2026-02-09 12:29:05
PAYMENT0010792,ACC0003605,2026-02-13 02:02:10,125589.27,FIELD,2026-02-03 21:28:24
PAYMENT0001548,ACC0027997,2026-02-13 02:10:51,116090.6,WHATSAPP,2026-01-22 22:32:51
PAYMENT0002829,ACC0016180,2026-02-13 02:25:38,47182.95,SMS,2026-02-08 00:27:13
PAYMENT0002085,ACC0022246,2026-02-13 03:04:19,38457.36,FIELD,2026-01-25 18:11:10
PAYMENT0003652,ACC0015707,2026-02-13 03:20:26,30897.34,SMS,2026-01-28 01:04:39
PAYMENT0015204,ACC0006304,2026-02-13 03:28:56,40896.42,WHATSAPP,2026-02-07 09:10:33
PAYMENT0008070,ACC0029481,2026-02-13 03:49:30,60125.79,,
PAYMENT0024898,ACC0024783,2026-02-13 04:20:54,53594.8,VOICE,2026-01-04 11:21:17
PAYMENT0017259,ACC0026555,2026-02-13 04:26:09,69167.45,VOICE,2026-02-10 11:48:42
PAYMENT0002887,ACC0007732,2026-02-13 05:05:44,74495.18,WHATSAPP,2026-01-22 18:04:48
PAYMENT0009259,ACC0024452,2026-02-13 05:09:00,34068.22,,
PAYMENT0003228,ACC0016562,2026-02-13 05:13:27,113082.03,,
PAYMENT0008982,ACC0018622,2026-02-13 05:46:33,98573.69,,
PAYMENT0009818,ACC0023273,2026-02-13 05:49:00,9772.73,SMS,2026-02-07 15:21:47
PAYMENT0002583,ACC0022067,2026-02-13 06:49:55,92074.83,VOICE,2026-01-10 10:56:09
PAYMENT0007171,ACC0019872,2026-02-13 07:09:20,12691.39,VOICE,2026-02-09 13:51:51
PAYMENT0006194,ACC0010810,2026-02-13 07:39:36,136843.62,,
PAYMENT0020152,ACC0025124,2026-02-13 07:54:40,20811.62,,
PAYMENT0013195,ACC0000201,2026-02-13 07:56:01,121964.16,SMS,2026-01-22 20:04:30
PAYMENT0015104,ACC0026809,2026-02-13 08:44:55,7652.21,SMS,2026-01-29 02:04:54
PAYMENT0008613,ACC0012879,2026-02-13 09:26:56,133081.0,VOICE,2026-01-10 21:21:20
PAYMENT0003224,ACC0019067,2026-02-13 10:06:00,21831.15,,
PAYMENT0007031,ACC0022449,2026-02-13 10:06:03,133230.62,,
PAYMENT0003584,ACC0009760,2026-02-13 10:47:06,96455.34,FIELD,2026-01-18 15:28:57
PAYMENT0000332,ACC0013232,2026-02-13 11:40:56,140741.01,,
PAYMENT0002345,ACC0005494,2026-02-13 11:44:52,44609.9,VOICE,2026-01-21 19:52:24
PAYMENT0010801,ACC0017747,2026-02-13 11:48:43,33835.44,FIELD,2026-02-05 23:10:54
PAYMENT0012644,ACC0011619,2026-02-13 11:48:47,69470.18,,
PAYMENT0004615,ACC0021103,2026-02-13 12:34:45,135160.46,SMS,2026-02-12 09:13:33
PAYMENT0001846,ACC0016850,2026-02-13 13:01:25,114332.47,VOICE,2026-02-03 20:45:35
PAYMENT0024968,ACC0018715,2026-02-13 13:45:50,69699.21,,
PAYMENT0001978,ACC0014030,2026-02-13 13:46:13,42521.26,,
PAYMENT0013479,ACC0003109,2026-02-13 13:47:47,88069.88,,
PAYMENT0009890,ACC0026055,2026-02-13 13:49:03,66053.37,,
PAYMENT0009520,ACC0026735,2026-02-13 14:04:34,132827.07,WHATSAPP,2026-02-13 14:02:41
PAYMENT0001143,ACC0011053,2026-02-13 14:37:29,85060.58,VOICE,2026-02-03 11:34:14
PAYMENT0023014,ACC0013074,2026-02-13 15:37:55,103102.1,FIELD,2026-01-23 20:10:16
PAYMENT0001449,ACC0011671,2026-02-13 16:15:40,18828.54,,
PAYMENT0019383,ACC0026073,2026-02-13 16:21:32,134304.86,,
PAYMENT0019435,ACC0000694,2026-02-13 16:22:48,14438.32,,
PAYMENT0012531,ACC0017142,2026-02-13 16:30:25,94145.22,WHATSAPP,2026-02-09 11:22:09
PAYMENT0013503,ACC0023703,2026-02-13 16:49:56,66662.66,SMS,2026-01-25 20:34:37
PAYMENT0014733,ACC0012013,2026-02-13 17:17:39,117890.23,SMS,2026-01-30 19:29:45
PAYMENT0013614,ACC0029007,2026-02-13 17:21:10,38319.91,SMS,2026-02-11 19:27:36
PAYMENT0007443,ACC0016124,2026-02-13 17:43:02,89276.91,SMS,2026-02-07 03:33:46
PAYMENT0020376,ACC0017449,2026-02-13 17:50:45,105333.09,,
PAYMENT0021026,ACC0006099,2026-02-13 18:09:05,83721.68,SMS,2026-02-04 15:40:14
PAYMENT0015977,ACC0016301,2026-02-13 18:29:44,112559.51,,
PAYMENT0004204,ACC0011052,2026-02-13 18:39:36,87996.83,SMS,2026-01-25 07:25:01
PAYMENT0012821,ACC0001210,2026-02-13 19:17:44,127565.03,SMS,2026-01-15 21:53:32
PAYMENT0010371,ACC0000972,2026-02-13 20:25:49,59120.28,VOICE,2026-02-02 11:59:08
PAYMENT0014430,ACC0000132,2026-02-13 20:27:44,135683.49,,
PAYMENT0009651,ACC0024024,2026-02-13 20:31:05,95148.4,WHATSAPP,2026-02-07 10:49:51
PAYMENT0008687,ACC0010715,2026-02-13 20:51:04,126852.69,SMS,2026-02-10 15:56:11
PAYMENT0014941,ACC0014100,2026-02-13 20:52:40,102552.3,,
PAYMENT0017087,ACC0004828,2026-02-13 21:27:50,128631.8,SMS,2026-01-24 06:32:36
PAYMENT0007381,ACC0029741,2026-02-13 22:06:05,16407.03,,
PAYMENT0010995,ACC0009892,2026-02-13 22:56:10,1045.91,,
PAYMENT0008244,ACC0003131,2026-02-13 23:02:10,1217.52,,
PAYMENT0013356,ACC0018866,2026-02-13 23:11:38,68689.29,WHATSAPP,2026-01-31 09:16:51
PAYMENT0007578,ACC0012989,2026-02-14 00:01:40,97286.04,VOICE,2026-02-09 14:20:31
PAYMENT0006596,ACC0010361,2026-02-14 00:13:28,32051.6,VOICE,2026-02-12 16:02:42
PAYMENT0000396,ACC0026762,2026-02-14 02:19:25,23098.23,SMS,2026-02-01 13:22:26
PAYMENT0007486,ACC0029892,2026-02-14 03:14:41,75869.89,WHATSAPP,2026-01-16 13:56:56
PAYMENT0014930,ACC0022107,2026-02-14 04:50:55,149321.71,VOICE,2026-02-11 16:11:08
PAYMENT0001062,ACC0026948,2026-02-14 05:27:24,91238.21,VOICE,2026-02-06 23:18:17
PAYMENT0019671,ACC0018329,2026-02-14 05:33:58,24701.7,,
PAYMENT0009390,ACC0019678,2026-02-14 05:39:40,2121.45,WHATSAPP,2026-01-31 03:02:09
PAYMENT0000023,ACC0017680,2026-02-14 05:51:53,139033.39,VOICE,2026-01-17 10:27:32
PAYMENT0019366,ACC0009603,2026-02-14 06:33:50,77280.54,FIELD,2026-02-03 11:00:21
PAYMENT0007463,ACC0018894,2026-02-14 06:46:26,122045.47,WHATSAPP,2026-02-13 09:31:32
PAYMENT0009892,ACC0022255,2026-02-14 07:08:56,70012.92,WHATSAPP,2026-01-23 06:05:07
PAYMENT0002133,ACC0017636,2026-02-14 08:19:13,40944.27,,
PAYMENT0020673,ACC0016294,2026-02-14 08:33:37,49709.12,FIELD,2026-01-28 05:33:33
PAYMENT0018995,ACC0014817,2026-02-14 08:36:17,112849.02,SMS,2026-01-29 04:39:48
PAYMENT0014179,ACC0022633,2026-02-14 08:41:51,143421.46,SMS,2026-01-31 08:15:09
PAYMENT0024178,ACC0014383,2026-02-14 09:20:56,133195.39,VOICE,2026-01-23 11:37:32
PAYMENT0018517,ACC0008323,2026-02-14 09:35:59,114087.92,FIELD,2026-02-08 21:12:54
PAYMENT0014485,ACC0021110,2026-02-14 09:40:04,6004.3,,
PAYMENT0010322,ACC0018499,2026-02-14 11:42:14,141319.9,VOICE,2026-01-20 23:15:17
PAYMENT0013766,ACC0008539,2026-02-14 12:32:35,19720.99,WHATSAPP,2026-02-02 14:25:13
PAYMENT0024289,ACC0006681,2026-02-14 13:04:56,15203.84,VOICE,2026-02-14 06:43:31
PAYMENT0019679,ACC0008840,2026-02-14 13:34:45,35788.34,VOICE,2026-01-04 12:08:52
PAYMENT0017146,ACC0026236,2026-02-14 15:54:44,44116.65,FIELD,2026-02-08 14:08:06
PAYMENT0023077,ACC0026167,2026-02-14 16:02:01,113815.52,VOICE,2026-01-11 11:46:05
PAYMENT0024026,ACC0023761,2026-02-14 16:09:13,134988.02,,
PAYMENT0007674,ACC0007081,2026-02-14 17:05:01,18221.17,WHATSAPP,2026-02-11 16:30:28
PAYMENT0003121,ACC0018840,2026-02-14 18:17:18,25988.27,,
PAYMENT0018755,ACC0012827,2026-02-14 20:58:04,48195.47,VOICE,2026-01-01 19:36:48
PAYMENT0024160,ACC0028406,2026-02-14 21:01:30,10112.93,FIELD,2026-02-07 09:59:13
PAYMENT0010004,ACC0019700,2026-02-14 22:04:26,64143.8,WHATSAPP,2026-02-07 22:30:01
PAYMENT0010312,ACC0016812,2026-02-14 22:08:30,118267.98,SMS,2026-01-12 19:12:46
PAYMENT0002760,ACC0029925,2026-02-14 22:43:03,82923.93,VOICE,2026-01-21 03:50:51
PAYMENT0018852,ACC0002657,2026-02-14 23:40:24,135586.73,SMS,2026-01-28 05:36:43
PAYMENT0011630,ACC0023195,2026-02-15 00:18:43,109743.18,VOICE,2026-02-01 11:35:26
PAYMENT0007513,ACC0026715,2026-02-15 00:45:44,105306.21,FIELD,2026-01-27 07:18:59
PAYMENT0006242,ACC0023771,2026-02-15 00:48:39,36493.69,SMS,2026-01-18 05:44:11
PAYMENT0015495,ACC0021685,2026-02-15 00:49:28,105423.86,VOICE,2026-02-11 20:03:48
PAYMENT0001730,ACC0017780,2026-02-15 01:35:48,70786.07,WHATSAPP,2026-02-10 02:32:14
PAYMENT0004191,ACC0019816,2026-02-15 02:00:32,14686.73,,
PAYMENT0022491,ACC0029581,2026-02-15 02:11:57,23807.38,VOICE,2026-01-15 21:27:15
PAYMENT0022451,ACC0009257,2026-02-15 02:12:02,48454.45,VOICE,2026-02-05 13:11:38
PAYMENT0012341,ACC0027272,2026-02-15 02:31:44,14889.55,VOICE,2026-02-12 03:42:07
PAYMENT0001298,ACC0020649,2026-02-15 03:16:16,72153.57,WHATSAPP,2026-01-06 07:06:02
PAYMENT0003401,ACC0001205,2026-02-15 03:38:47,95121.71,VOICE,2026-01-26 00:57:23
PAYMENT0012344,ACC0014674,2026-02-15 03:39:01,271.36,WHATSAPP,2026-01-28 03:13:53
PAYMENT0019706,ACC0027842,2026-02-15 03:47:46,1674.23,SMS,2026-02-05 10:24:10
PAYMENT0011346,ACC0007930,2026-02-15 04:13:36,18909.64,VOICE,2026-02-09 10:59:45
PAYMENT0015043,ACC0014407,2026-02-15 04:35:57,44012.77,SMS,2026-01-27 18:13:43
PAYMENT0004209,ACC0000570,2026-02-15 04:54:00,124243.94,,
PAYMENT0024142,ACC0008694,2026-02-15 05:09:29,80708.0,VOICE,2026-01-13 11:33:45
PAYMENT0018062,ACC0014707,2026-02-15 05:17:05,38409.84,FIELD,2026-01-06 02:42:19
PAYMENT0002954,ACC0022011,2026-02-15 05:28:20,134210.96,WHATSAPP,2026-01-26 10:51:53
PAYMENT0011373,ACC0013505,2026-02-15 05:42:38,60727.03,VOICE,2026-01-17 21:01:50
PAYMENT0015717,ACC0003454,2026-02-15 05:50:52,112482.27,VOICE,2026-01-21 05:39:57
PAYMENT0014213,ACC0009294,2026-02-15 06:03:08,96317.1,VOICE,2026-02-03 23:53:25
PAYMENT0017521,ACC0013926,2026-02-15 06:37:30,30040.11,,
PAYMENT0004610,ACC0026058,2026-02-15 07:25:07,144454.67,SMS,2026-02-09 12:10:39
PAYMENT0008621,ACC0007174,2026-02-15 07:29:56,61127.56,FIELD,2026-02-13 08:56:22
PAYMENT0008656,ACC0000860,2026-02-15 08:14:07,59414.4,WHATSAPP,2026-01-29 01:48:03
PAYMENT0022800,ACC0022498,2026-02-15 08:43:26,136900.86,SMS,2026-01-14 11:29:55
PAYMENT0009604,ACC0024782,2026-02-15 09:23:04,3044.74,FIELD,2026-01-29 22:19:40
PAYMENT0024437,ACC0028879,2026-02-15 09:27:47,116412.75,VOICE,2026-01-20 11:35:25
PAYMENT0010908,ACC0018511,2026-02-15 11:17:18,139280.39,VOICE,2026-01-14 11:18:54
PAYMENT0024317,ACC0024291,2026-02-15 11:37:05,43878.5,,
PAYMENT0002660,ACC0029359,2026-02-15 12:34:06,51953.86,VOICE,2026-01-24 11:45:23
PAYMENT0021693,ACC0003422,2026-02-15 12:36:46,38300.01,SMS,2026-01-09 07:37:52
PAYMENT0000795,ACC0018034,2026-02-15 12:45:38,79175.51,,
PAYMENT0000706,ACC0028900,2026-02-15 12:51:23,67198.56,,
PAYMENT0016563,ACC0015357,2026-02-15 13:18:22,11434.96,VOICE,2026-01-14 03:17:30
PAYMENT0005851,ACC0025358,2026-02-15 13:39:36,140628.67,SMS,2026-01-19 19:39:24
PAYMENT0009948,ACC0014195,2026-02-15 14:00:41,134397.44,VOICE,2026-01-27 12:05:37
PAYMENT0012988,ACC0014602,2026-02-15 14:10:20,121864.96,,
PAYMENT0002131,ACC0001243,2026-02-15 14:14:35,49622.29,SMS,2026-01-18 13:35:12
PAYMENT0024232,ACC0019359,2026-02-15 14:26:05,78837.2,WHATSAPP,2026-02-09 15:48:15
PAYMENT0016529,ACC0010392,2026-02-15 14:38:53,132092.27,VOICE,2026-01-29 05:26:09
PAYMENT0024795,ACC0008968,2026-02-15 14:48:53,45526.81,VOICE,2026-02-13 10:42:06
PAYMENT0008263,ACC0024744,2026-02-15 15:06:33,105988.09,WHATSAPP,2026-01-16 00:51:58
PAYMENT0007612,ACC0007386,2026-02-15 15:40:36,83513.77,FIELD,2026-02-07 09:42:22
PAYMENT0015235,ACC0024149,2026-02-15 15:47:40,95093.36,,
PAYMENT0021889,ACC0022307,2026-02-15 15:50:43,250.57,WHATSAPP,2026-02-05 16:09:08
PAYMENT0015225,ACC0028125,2026-02-15 16:35:59,122345.4,,
PAYMENT0005377,ACC0020398,2026-02-15 16:56:57,130684.59,WHATSAPP,2026-02-02 09:36:32
PAYMENT0020117,ACC0010200,2026-02-15 17:05:20,122944.68,WHATSAPP,2026-01-14 07:09:42
PAYMENT0003885,ACC0027982,2026-02-15 17:09:28,61152.61,FIELD,2026-02-11 16:42:39
PAYMENT0021470,ACC0018672,2026-02-15 17:30:41,124955.98,,
PAYMENT0013959,ACC0024217,2026-02-15 17:39:35,32331.38,FIELD,2026-02-03 10:22:50
PAYMENT0006699,ACC0017879,2026-02-15 18:22:52,136383.76,WHATSAPP,2026-01-15 08:13:44
PAYMENT0024553,ACC0026077,2026-02-15 18:31:26,46060.74,VOICE,2026-01-28 16:49:45
PAYMENT0019664,ACC0022624,2026-02-15 18:38:15,39871.21,,
PAYMENT0006184,ACC0027948,2026-02-15 19:34:01,11429.98,VOICE,2026-02-03 11:17:38
PAYMENT0008909,ACC0008592,2026-02-15 20:10:23,81082.59,VOICE,2026-02-03 12:43:26
PAYMENT0015414,ACC0016560,2026-02-15 20:13:54,52228.44,WHATSAPP,2026-02-06 15:24:25
PAYMENT0014497,ACC0012740,2026-02-15 20:35:54,53420.76,VOICE,2026-01-25 07:06:35
PAYMENT0009751,ACC0026040,2026-02-15 21:48:29,104535.7,VOICE,2026-01-24 05:37:33
PAYMENT0013487,ACC0005891,2026-02-15 22:01:27,135010.86,SMS,2026-01-20 21:55:11
PAYMENT0003000,ACC0020494,2026-02-15 22:36:54,8877.29,WHATSAPP,2026-01-14 15:23:24
PAYMENT0001331,ACC0000827,2026-02-15 22:52:54,13937.22,VOICE,2026-01-11 07:57:39
PAYMENT0024815,ACC0003379,2026-02-15 22:54:37,140172.03,VOICE,2026-01-31 21:26:12
PAYMENT0000094,ACC0015786,2026-02-15 22:59:44,5598.57,VOICE,2026-01-07 16:45:37
PAYMENT0018332,ACC0020243,2026-02-15 23:17:50,110737.89,VOICE,2026-02-10 06:50:20
PAYMENT0024555,ACC0017927,2026-02-15 23:36:43,42189.03,VOICE,2026-01-28 14:40:16
PAYMENT0003456,ACC0003143,2026-02-16 00:23:00,70546.49,WHATSAPP,2026-02-07 20:58:05
PAYMENT0017551,ACC0013460,2026-02-16 01:50:22,83524.69,WHATSAPP,2026-01-29 12:25:11
PAYMENT0006580,ACC0024185,2026-02-16 02:07:12,46259.28,VOICE,2026-02-04 04:56:15
PAYMENT0024586,ACC0027766,2026-02-16 03:04:57,67422.36,FIELD,2026-01-05 04:28:41
PAYMENT0005166,ACC0028923,2026-02-16 03:21:25,61619.42,FIELD,2026-02-06 19:17:36
PAYMENT0007332,ACC0020659,2026-02-16 03:26:10,37519.14,VOICE,2026-01-10 19:42:06
PAYMENT0001726,ACC0012067,2026-02-16 03:34:45,15484.15,SMS,2026-02-15 16:24:18
PAYMENT0011420,ACC0022592,2026-02-16 04:15:37,80212.4,,
PAYMENT0011673,ACC0009935,2026-02-16 04:18:43,55553.43,SMS,2026-01-14 03:08:04
PAYMENT0006517,ACC0002837,2026-02-16 05:40:58,4032.59,VOICE,2026-02-12 01:14:36
PAYMENT0020317,ACC0028852,2026-02-16 05:53:49,125404.34,VOICE,2026-02-15 23:57:35
PAYMENT0001599,ACC0012737,2026-02-16 07:09:43,56148.87,,
PAYMENT0020295,ACC0022694,2026-02-16 07:22:49,125242.88,SMS,2026-02-05 12:19:38
PAYMENT0020644,ACC0014879,2026-02-16 07:43:10,121614.65,SMS,2026-02-08 00:34:14
PAYMENT0020513,ACC0029191,2026-02-16 07:43:24,76170.72,SMS,2026-02-06 14:43:20
PAYMENT0007830,ACC0011454,2026-02-16 08:24:42,133942.79,WHATSAPP,2026-01-10 03:06:40
PAYMENT0016562,ACC0015221,2026-02-16 09:03:46,19929.83,,
PAYMENT0024931,ACC0021330,2026-02-16 09:18:00,132786.09,WHATSAPP,2026-02-08 07:15:28
PAYMENT0000217,ACC0021325,2026-02-16 09:27:12,119725.5,VOICE,2026-02-11 05:56:27
PAYMENT0003049,ACC0010703,2026-02-16 09:51:37,55039.9,VOICE,2026-01-10 12:34:07
PAYMENT0016945,ACC0017516,2026-02-16 10:02:47,8914.96,WHATSAPP,2026-02-09 21:39:57
PAYMENT0022128,ACC0020987,2026-02-16 10:04:29,103128.83,,
PAYMENT0022207,ACC0015695,2026-02-16 10:32:37,75390.57,WHATSAPP,2026-02-15 00:49:17
PAYMENT0013944,ACC0016470,2026-02-16 10:34:09,52512.45,VOICE,2026-01-13 19:18:54
PAYMENT0010200,ACC0016203,2026-02-16 10:35:39,69412.22,FIELD,2026-02-15 08:49:31
PAYMENT0024733,ACC0010148,2026-02-16 12:56:27,72688.44,SMS,2026-02-15 16:12:21
PAYMENT0015637,ACC0004242,2026-02-16 14:06:10,55671.99,VOICE,2026-02-16 12:46:01
PAYMENT0004222,ACC0009024,2026-02-16 14:13:32,43541.3,,
PAYMENT0002166,ACC0019471,2026-02-16 14:47:16,142397.25,WHATSAPP,2026-02-04 23:31:19
PAYMENT0017869,ACC0001836,2026-02-16 14:54:08,82776.8,SMS,2026-01-22 07:11:26
PAYMENT0010651,ACC0003722,2026-02-16 14:56:18,81368.36,,
PAYMENT0013446,ACC0016133,2026-02-16 15:16:48,95295.58,FIELD,2026-02-06 03:50:02
PAYMENT0019608,ACC0014681,2026-02-16 15:39:23,32876.91,VOICE,2026-01-24 08:15:50
PAYMENT0012767,ACC0016678,2026-02-16 16:16:18,11344.19,VOICE,2026-01-02 01:00:25
PAYMENT0012888,ACC0027228,2026-02-16 16:17:54,14235.45,VOICE,2026-01-20 23:21:55
PAYMENT0002572,ACC0004637,2026-02-16 16:58:28,135600.64,WHATSAPP,2026-02-04 15:49:46
PAYMENT0013619,ACC0029279,2026-02-16 17:01:44,61015.62,VOICE,2026-02-13 22:29:38
PAYMENT0008775,ACC0026234,2026-02-16 17:07:58,54319.7,,
PAYMENT0015789,ACC0009386,2026-02-16 17:57:06,7772.99,,
PAYMENT0012629,ACC0003614,2026-02-16 18:13:29,59069.13,VOICE,2026-02-10 15:30:26
PAYMENT0014510,ACC0024502,2026-02-16 18:26:41,95741.87,,
PAYMENT0012186,ACC0021047,2026-02-16 18:46:45,52011.5,VOICE,2026-01-27 10:47:30
PAYMENT0012463,ACC0001588,2026-02-16 19:35:22,1953.65,SMS,2026-02-11 08:39:58
PAYMENT0014453,ACC0002342,2026-02-16 19:45:05,98512.27,WHATSAPP,2026-01-21 03:10:03
PAYMENT0014153,ACC0021437,2026-02-16 19:52:43,62640.69,WHATSAPP,2026-01-13 01:26:43
PAYMENT0003019,ACC0018938,2026-02-16 21:12:35,53667.88,,
PAYMENT0008197,ACC0024208,2026-02-16 22:13:54,129014.21,,
PAYMENT0023293,ACC0001471,2026-02-16 22:17:28,14467.81,VOICE,2026-01-25 14:57:02
PAYMENT0023477,ACC0025850,2026-02-16 22:21:49,52294.74,WHATSAPP,2026-01-29 17:03:26
PAYMENT0004014,ACC0027483,2026-02-16 22:55:16,60659.74,WHATSAPP,2026-02-13 01:12:11
PAYMENT0016343,ACC0022746,2026-02-16 23:28:19,121007.91,WHATSAPP,2026-01-27 11:14:48
PAYMENT0006796,ACC0012762,2026-02-16 23:39:22,26728.45,,
PAYMENT0002638,ACC0018818,2026-02-16 23:44:31,112743.53,,
PAYMENT0022509,ACC0025020,2026-02-17 00:21:42,114593.75,VOICE,2026-01-25 16:20:51
PAYMENT0019653,ACC0008881,2026-02-17 00:57:20,26653.04,FIELD,2026-02-05 16:20:07
PAYMENT0024589,ACC0009271,2026-02-17 01:37:15,140590.56,VOICE,2026-02-12 00:00:17
PAYMENT0009723,ACC0013368,2026-02-17 01:58:53,54056.27,SMS,2026-02-11 13:07:00
PAYMENT0016171,ACC0018831,2026-02-17 02:10:11,76441.98,WHATSAPP,2026-01-20 12:29:59
PAYMENT0019414,ACC0015998,2026-02-17 02:14:38,140299.93,,
PAYMENT0018740,ACC0011388,2026-02-17 02:18:41,112414.6,WHATSAPP,2026-02-13 20:49:55
PAYMENT0013839,ACC0017939,2026-02-17 02:30:56,105313.17,VOICE,2026-02-16 12:16:26
PAYMENT0018050,ACC0024165,2026-02-17 02:35:56,97697.69,VOICE,2026-02-11 01:49:59
PAYMENT0006396,ACC0001726,2026-02-17 02:50:09,103603.12,,
PAYMENT0001598,ACC0024342,2026-02-17 04:21:56,83880.75,VOICE,2026-01-01 11:32:44
PAYMENT0010589,ACC0016959,2026-02-17 05:03:43,142502.02,FIELD,2026-02-14 12:27:04
PAYMENT0016358,ACC0003715,2026-02-17 05:20:57,89241.21,VOICE,2026-01-21 04:20:02
PAYMENT0004553,ACC0025467,2026-02-17 05:23:55,149164.23,,
PAYMENT0006897,ACC0011898,2026-02-17 05:52:36,90984.72,,
PAYMENT0021872,ACC0029680,2026-02-17 06:35:41,7343.32,SMS,2026-02-13 22:28:12
PAYMENT0000864,ACC0020119,2026-02-17 06:42:00,57009.29,WHATSAPP,2026-01-21 02:10:52
PAYMENT0023816,ACC0014591,2026-02-17 06:42:23,74452.82,,
PAYMENT0017571,ACC0029503,2026-02-17 07:06:14,102552.18,SMS,2026-02-17 00:43:51
PAYMENT0007166,ACC0022803,2026-02-17 07:24:20,97752.74,WHATSAPP,2026-02-15 14:27:38
PAYMENT0007972,ACC0011663,2026-02-17 08:16:28,108637.25,VOICE,2026-02-16 14:20:01
PAYMENT0014717,ACC0005769,2026-02-17 08:18:20,43588.96,VOICE,2026-01-28 11:07:07
PAYMENT0007657,ACC0022365,2026-02-17 08:40:03,39239.05,FIELD,2026-02-08 21:29:44
PAYMENT0013261,ACC0007781,2026-02-17 09:37:52,44475.26,FIELD,2026-02-12 07:31:38
PAYMENT0019841,ACC0006747,2026-02-17 09:54:23,86436.15,VOICE,2026-01-03 07:33:58
PAYMENT0006664,ACC0019203,2026-02-17 09:54:36,116586.11,,
PAYMENT0016918,ACC0019971,2026-02-17 10:04:38,407.16,VOICE,2026-02-07 22:23:13
PAYMENT0024551,ACC0014351,2026-02-17 10:07:11,93684.35,VOICE,2026-02-03 22:35:49
PAYMENT0013789,ACC0010300,2026-02-17 10:42:18,15205.99,WHATSAPP,2026-02-07 03:50:10
PAYMENT0021722,ACC0018826,2026-02-17 11:07:37,22111.72,WHATSAPP,2026-01-17 23:21:26
PAYMENT0003825,ACC0008318,2026-02-17 11:11:24,7124.34,VOICE,2026-01-14 23:49:57
PAYMENT0021586,ACC0019946,2026-02-17 11:27:21,149521.68,VOICE,2026-02-15 21:09:33
PAYMENT0004660,ACC0013749,2026-02-17 11:53:21,100714.57,VOICE,2026-02-06 09:34:16
PAYMENT0012557,ACC0009099,2026-02-17 11:57:36,97452.63,WHATSAPP,2026-02-12 06:07:11
PAYMENT0011472,ACC0004846,2026-02-17 12:43:01,51533.9,SMS,2026-02-16 01:38:17
PAYMENT0013971,ACC0014591,2026-02-17 12:58:49,46508.4,,
PAYMENT0008003,ACC0029356,2026-02-17 13:16:21,126495.53,VOICE,2026-01-19 05:32:17
PAYMENT0001503,ACC0009031,2026-02-17 13:30:37,50165.22,VOICE,2026-01-07 06:10:33
PAYMENT0003424,ACC0027768,2026-02-17 14:07:56,145736.81,SMS,2026-01-25 13:09:18
PAYMENT0007065,ACC0015195,2026-02-17 14:52:53,137862.0,SMS,2026-01-16 02:18:00
PAYMENT0024355,ACC0016324,2026-02-17 14:53:06,107800.88,VOICE,2026-01-16 18:06:03
PAYMENT0023371,ACC0012623,2026-02-17 14:54:25,70773.82,SMS,2026-02-13 22:00:25
PAYMENT0008526,ACC0028433,2026-02-17 15:06:58,75471.99,VOICE,2026-01-11 14:59:20
PAYMENT0019224,ACC0020837,2026-02-17 15:14:48,13136.07,VOICE,2026-02-14 05:07:10
PAYMENT0005088,ACC0011325,2026-02-17 15:27:53,129921.04,FIELD,2026-01-20 17:34:48
PAYMENT0012088,ACC0017766,2026-02-17 16:20:09,128153.84,,
PAYMENT0024710,ACC0016072,2026-02-17 17:08:41,34594.43,SMS,2026-01-18 15:03:24
PAYMENT0013334,ACC0000309,2026-02-17 17:50:37,49065.85,SMS,2026-02-13 15:34:48
PAYMENT0013805,ACC0020891,2026-02-17 18:12:22,76441.31,VOICE,2026-01-30 01:31:34
PAYMENT0017794,ACC0029584,2026-02-17 18:17:01,38707.98,SMS,2026-02-06 02:51:37
PAYMENT0015418,ACC0010399,2026-02-17 18:41:17,27119.61,WHATSAPP,2026-02-13 17:06:06
PAYMENT0002037,ACC0028063,2026-02-17 19:45:29,51967.52,,
PAYMENT0004747,ACC0027517,2026-02-17 20:11:59,82513.58,VOICE,2026-01-10 08:04:51
PAYMENT0020403,ACC0019081,2026-02-17 20:34:43,100391.53,SMS,2026-02-13 17:43:04
PAYMENT0016019,ACC0011092,2026-02-17 20:56:17,30282.79,SMS,2026-01-17 11:16:57
PAYMENT0008968,ACC0002108,2026-02-17 21:32:23,134436.36,VOICE,2026-01-24 19:40:24
PAYMENT0005872,ACC0023086,2026-02-17 21:52:07,137084.37,WHATSAPP,2026-02-07 02:49:49
PAYMENT0002186,ACC0025004,2026-02-17 22:02:51,113412.1,SMS,2026-01-30 20:15:30
PAYMENT0024547,ACC0017607,2026-02-17 22:09:06,110398.99,VOICE,2026-01-25 11:31:14
PAYMENT0023156,ACC0006579,2026-02-17 22:33:52,79169.83,FIELD,2026-02-03 20:24:46
PAYMENT0015927,ACC0024676,2026-02-17 22:49:05,94903.31,VOICE,2026-01-27 10:46:07
PAYMENT0008522,ACC0004989,2026-02-17 23:15:09,17514.35,SMS,2026-01-19 20:56:14
PAYMENT0013122,ACC0019543,2026-02-17 23:25:15,7973.03,FIELD,2026-01-15 09:08:03
PAYMENT0021337,ACC0003304,2026-02-17 23:39:40,51422.59,FIELD,2026-01-29 09:11:38
PAYMENT0008967,ACC0028139,2026-02-17 23:49:09,94894.71,,
PAYMENT0016696,ACC0011112,2026-02-17 23:53:26,58854.85,SMS,2026-01-10 18:29:31
PAYMENT0000712,ACC0023650,2026-02-18 00:00:19,82750.59,,
PAYMENT0023458,ACC0000892,2026-02-18 00:57:29,26201.79,SMS,2026-02-03 07:33:31
PAYMENT0020734,ACC0025162,2026-02-18 03:20:22,54536.52,VOICE,2026-02-02 23:06:07
PAYMENT0021732,ACC0023965,2026-02-18 03:28:42,63734.07,VOICE,2026-01-03 11:55:46
PAYMENT0003559,ACC0029166,2026-02-18 03:42:19,85189.67,WHATSAPP,2026-01-05 06:55:47
PAYMENT0023000,ACC0002942,2026-02-18 04:19:06,106216.69,FIELD,2026-02-12 18:22:01
PAYMENT0014794,ACC0005414,2026-02-18 04:59:22,137271.18,VOICE,2026-01-28 18:39:07
PAYMENT0015825,ACC0029250,2026-02-18 05:07:55,57230.24,SMS,2026-01-31 22:21:39
PAYMENT0000366,ACC0029368,2026-02-18 05:09:12,50793.82,VOICE,2026-02-09 09:04:45
PAYMENT0023963,ACC0010422,2026-02-18 05:22:29,60393.29,VOICE,2026-02-03 16:02:12
PAYMENT0019750,ACC0028993,2026-02-18 06:46:07,16617.81,WHATSAPP,2026-01-02 17:16:24
PAYMENT0020962,ACC0028202,2026-02-18 07:53:50,52574.72,VOICE,2026-01-30 09:37:55
PAYMENT0019891,ACC0002004,2026-02-18 09:42:45,106669.63,,
PAYMENT0024602,ACC0000582,2026-02-18 10:52:36,115364.05,,
PAYMENT0015670,ACC0009075,2026-02-18 11:03:57,65470.17,,
PAYMENT0007792,ACC0011042,2026-02-18 11:04:14,51641.43,,
PAYMENT0020836,ACC0024896,2026-02-18 11:15:19,70170.59,SMS,2026-01-02 03:45:42
PAYMENT0013689,ACC0007871,2026-02-18 11:29:03,145446.95,,
PAYMENT0008490,ACC0026005,2026-02-18 11:34:02,106253.19,FIELD,2026-02-08 09:45:47
PAYMENT0019057,ACC0003498,2026-02-18 11:48:07,112262.07,VOICE,2026-02-17 17:39:16
PAYMENT0002698,ACC0011742,2026-02-18 12:19:23,134985.13,SMS,2026-02-03 02:14:55
PAYMENT0024527,ACC0012334,2026-02-18 13:13:59,70559.86,VOICE,2026-01-10 22:24:26
PAYMENT0002550,ACC0001077,2026-02-18 13:39:04,61372.15,SMS,2026-02-16 15:18:34
PAYMENT0004797,ACC0028871,2026-02-18 13:46:00,14148.01,WHATSAPP,2026-01-05 10:09:24
PAYMENT0021318,ACC0008135,2026-02-18 14:11:24,17192.26,FIELD,2026-02-16 23:42:41
PAYMENT0001123,ACC0016601,2026-02-18 14:58:42,105528.57,FIELD,2026-02-13 16:50:38
PAYMENT0001104,ACC0014934,2026-02-18 14:58:52,61156.3,VOICE,2026-02-06 11:54:39
PAYMENT0010662,ACC0028029,2026-02-18 15:20:53,87632.0,,
PAYMENT0023643,ACC0010194,2026-02-18 15:36:38,143525.73,,
PAYMENT0001157,ACC0012838,2026-02-18 16:00:31,79275.73,WHATSAPP,2026-02-07 07:24:23
PAYMENT0016929,ACC0004261,2026-02-18 16:15:44,40272.49,VOICE,2026-01-18 09:28:57
PAYMENT0011408,ACC0008227,2026-02-18 16:46:26,128246.21,,
PAYMENT0003505,ACC0001128,2026-02-18 17:10:50,10881.9,SMS,2026-02-18 12:36:58
PAYMENT0015145,ACC0012374,2026-02-18 17:44:44,94290.82,WHATSAPP,2026-01-25 07:36:52
PAYMENT0023633,ACC0001324,2026-02-18 18:21:07,148593.76,,
PAYMENT0017329,ACC0013772,2026-02-18 18:28:44,141957.7,SMS,2026-02-04 01:52:02
PAYMENT0006011,ACC0001610,2026-02-18 18:55:28,104753.34,WHATSAPP,2026-02-16 18:15:12
PAYMENT0010225,ACC0018676,2026-02-18 19:08:56,76202.28,WHATSAPP,2026-02-01 03:08:05
PAYMENT0013211,ACC0028667,2026-02-18 19:20:58,102953.23,WHATSAPP,2026-02-16 14:03:37
PAYMENT0018851,ACC0013440,2026-02-18 19:30:11,63036.43,VOICE,2026-02-07 15:44:24
PAYMENT0008548,ACC0019067,2026-02-18 19:40:01,103629.85,WHATSAPP,2026-02-16 15:53:19
PAYMENT0012225,ACC0016169,2026-02-18 19:46:24,28559.08,FIELD,2026-02-17 22:24:43
PAYMENT0001184,ACC0008480,2026-02-18 19:55:58,39010.22,,
PAYMENT0002450,ACC0013939,2026-02-18 19:57:44,87903.06,,
PAYMENT0014562,ACC0000996,2026-02-18 20:27:58,9693.98,VOICE,2026-01-27 19:38:18
PAYMENT0024952,ACC0029928,2026-02-18 20:34:06,56748.17,WHATSAPP,2026-02-15 19:44:43
PAYMENT0003067,ACC0026803,2026-02-18 20:34:29,90124.75,VOICE,2026-02-13 19:45:48
PAYMENT0017148,ACC0021443,2026-02-18 20:57:43,72776.22,VOICE,2026-01-25 01:20:08
PAYMENT0023399,ACC0028355,2026-02-18 21:13:52,47170.43,VOICE,2026-02-18 09:27:37
PAYMENT0002827,ACC0020468,2026-02-18 21:20:14,106765.12,FIELD,2026-02-08 04:21:46
PAYMENT0008805,ACC0024778,2026-02-18 21:33:18,35987.5,WHATSAPP,2026-02-18 05:48:51
PAYMENT0009530,ACC0019423,2026-02-18 21:46:32,69945.08,SMS,2026-02-04 09:09:43
PAYMENT0002193,ACC0007668,2026-02-18 22:03:28,128873.87,VOICE,2026-01-14 22:33:43
PAYMENT0005035,ACC0029887,2026-02-18 22:16:30,140998.62,VOICE,2026-01-23 04:51:21
PAYMENT0006683,ACC0010886,2026-02-18 22:45:27,97589.61,SMS,2026-02-14 05:22:26
PAYMENT0015522,ACC0008021,2026-02-18 23:34:40,39569.34,FIELD,2026-01-28 21:31:59
PAYMENT0020252,ACC0028558,2026-02-18 23:40:15,39922.69,WHATSAPP,2026-01-09 05:01:13
PAYMENT0012893,ACC0003913,2026-02-18 23:58:11,50591.08,SMS,2026-02-04 12:17:29
PAYMENT0000545,ACC0021603,2026-02-19 00:20:44,119608.97,,
PAYMENT0011845,ACC0010447,2026-02-19 01:34:14,143890.6,VOICE,2026-01-09 21:20:00
PAYMENT0010445,ACC0008464,2026-02-19 01:57:29,98271.22,WHATSAPP,2026-02-02 02:15:32
PAYMENT0019131,ACC0013137,2026-02-19 02:35:15,127930.01,,
PAYMENT0024336,ACC0024060,2026-02-19 02:46:45,8371.77,WHATSAPP,2026-02-06 05:48:42
PAYMENT0009640,ACC0007959,2026-02-19 02:50:08,18661.58,WHATSAPP,2026-01-29 17:25:17
PAYMENT0014914,ACC0012623,2026-02-19 02:51:39,25339.6,SMS,2026-02-13 22:00:25
PAYMENT0003460,ACC0023091,2026-02-19 03:27:30,3975.13,SMS,2026-01-18 15:28:22
PAYMENT0006024,ACC0015128,2026-02-19 03:58:04,132045.43,FIELD,2026-01-28 19:16:41
PAYMENT0003166,ACC0023385,2026-02-19 04:44:21,2954.98,VOICE,2026-01-23 11:40:46
PAYMENT0016166,ACC0028912,2026-02-19 05:08:34,49816.83,SMS,2026-02-07 20:42:26
PAYMENT0002228,ACC0013099,2026-02-19 05:18:25,135542.5,,
PAYMENT0011644,ACC0017026,2026-02-19 05:29:47,50382.25,,
PAYMENT0009602,ACC0021414,2026-02-19 05:31:29,58169.42,WHATSAPP,2026-02-03 12:58:21
PAYMENT0016578,ACC0017958,2026-02-19 05:56:23,98874.87,SMS,2026-01-08 01:33:23
PAYMENT0002165,ACC0024969,2026-02-19 06:24:04,74313.86,VOICE,2026-02-17 14:08:59
PAYMENT0012668,ACC0008201,2026-02-19 06:40:55,123544.58,,
PAYMENT0016208,ACC0028686,2026-02-19 06:59:04,19429.41,SMS,2026-01-13 09:05:54
PAYMENT0016585,ACC0001331,2026-02-19 08:11:19,84954.46,,
PAYMENT0006742,ACC0018497,2026-02-19 08:20:39,7950.57,WHATSAPP,2026-02-12 09:39:09
PAYMENT0023550,ACC0014479,2026-02-19 08:36:40,120498.39,WHATSAPP,2026-01-09 16:17:19
PAYMENT0012787,ACC0029334,2026-02-19 08:45:54,147993.43,,
PAYMENT0014055,ACC0006711,2026-02-19 09:29:53,66822.78,SMS,2026-01-07 15:02:22
PAYMENT0000286,ACC0006847,2026-02-19 09:30:22,125022.84,,
PAYMENT0000369,ACC0001213,2026-02-19 10:09:29,24416.35,WHATSAPP,2026-01-03 09:54:51
PAYMENT0002020,ACC0013178,2026-02-19 10:14:21,142828.3,,
PAYMENT0017600,ACC0011051,2026-02-19 10:31:06,93039.25,WHATSAPP,2026-02-09 12:52:26
PAYMENT0011111,ACC0000399,2026-02-19 10:54:04,51423.9,VOICE,2026-01-18 14:28:55
PAYMENT0006685,ACC0014737,2026-02-19 11:03:45,58550.76,VOICE,2026-01-20 22:47:50
PAYMENT0009524,ACC0024487,2026-02-19 12:06:39,105850.68,VOICE,2026-02-13 06:22:32
PAYMENT0001794,ACC0010380,2026-02-19 12:11:05,70051.05,WHATSAPP,2026-01-21 04:21:45
PAYMENT0001831,ACC0002883,2026-02-19 12:16:09,25053.9,SMS,2026-02-01 08:11:00
PAYMENT0011908,ACC0003727,2026-02-19 12:23:27,69905.88,VOICE,2026-01-23 01:00:22
PAYMENT0021197,ACC0011309,2026-02-19 12:54:45,19647.71,WHATSAPP,2026-02-14 08:03:01
PAYMENT0023049,ACC0002654,2026-02-19 13:20:58,101921.63,WHATSAPP,2026-01-31 14:44:00
PAYMENT0005360,ACC0001490,2026-02-19 13:23:16,135559.89,SMS,2026-01-24 20:24:47
PAYMENT0024270,ACC0022695,2026-02-19 13:47:57,71434.07,FIELD,2026-01-31 23:29:06
PAYMENT0017893,ACC0016187,2026-02-19 14:06:39,75082.84,VOICE,2026-01-08 12:48:00
PAYMENT0002488,ACC0014305,2026-02-19 16:13:04,104680.55,SMS,2026-02-19 09:00:31
PAYMENT0003528,ACC0007618,2026-02-19 16:22:29,71517.32,,
PAYMENT0014826,ACC0014452,2026-02-19 16:25:05,92511.56,,
PAYMENT0010577,ACC0026326,2026-02-19 16:37:42,68093.84,SMS,2026-01-13 22:01:26
PAYMENT0021168,ACC0013374,2026-02-19 17:54:21,126793.98,FIELD,2026-02-07 08:07:40
PAYMENT0015581,ACC0001641,2026-02-19 18:00:53,63378.1,VOICE,2026-02-19 03:13:45
PAYMENT0000287,ACC0014876,2026-02-19 18:52:56,128689.16,SMS,2026-01-21 01:37:29
PAYMENT0022846,ACC0026111,2026-02-19 19:07:49,7831.51,WHATSAPP,2026-01-22 01:27:00
PAYMENT0015249,ACC0025520,2026-02-19 19:09:59,116590.15,FIELD,2026-02-01 01:05:29
PAYMENT0020546,ACC0019560,2026-02-19 19:13:42,61207.98,VOICE,2026-01-12 05:52:33
PAYMENT0005044,ACC0015817,2026-02-19 19:18:29,6212.54,SMS,2026-01-25 08:18:33
PAYMENT0015059,ACC0019064,2026-02-19 19:20:44,112706.97,SMS,2026-02-02 06:51:07
PAYMENT0023029,ACC0017700,2026-02-19 19:39:20,5995.51,WHATSAPP,2026-02-17 08:30:51
PAYMENT0013227,ACC0025623,2026-02-19 19:47:04,91577.1,SMS,2026-02-16 12:34:16
PAYMENT0007504,ACC0004217,2026-02-19 19:52:23,130701.75,VOICE,2026-02-16 01:49:54
PAYMENT0015872,ACC0028848,2026-02-19 20:16:39,95168.8,FIELD,2026-02-14 17:16:18
PAYMENT0011282,ACC0008333,2026-02-19 20:44:14,5030.38,VOICE,2026-02-19 17:31:25
PAYMENT0007180,ACC0009611,2026-02-19 21:46:44,111734.51,WHATSAPP,2026-02-13 18:02:02
PAYMENT0013322,ACC0006412,2026-02-19 22:22:33,127788.07,,
PAYMENT0005986,ACC0010788,2026-02-19 22:22:42,129711.71,,
PAYMENT0013342,ACC0015646,2026-02-19 22:26:23,78175.09,SMS,2026-02-09 14:51:04
PAYMENT0000019,ACC0028404,2026-02-19 22:42:24,102897.37,SMS,2026-02-10 19:19:50
PAYMENT0019418,ACC0029194,2026-02-19 22:47:38,125374.23,,
PAYMENT0005085,ACC0028963,2026-02-19 23:16:05,102596.94,SMS,2026-01-01 03:14:46
PAYMENT0010710,ACC0006807,2026-02-19 23:24:29,35912.79,FIELD,2026-01-15 11:25:38
PAYMENT0006311,ACC0012107,2026-02-20 00:12:16,4577.78,VOICE,2026-02-10 20:01:06
PAYMENT0003608,ACC0000332,2026-02-20 00:25:12,46969.39,VOICE,2026-02-13 04:46:06
PAYMENT0024268,ACC0016767,2026-02-20 00:38:28,28847.32,VOICE,2026-02-07 00:47:15
PAYMENT0001871,ACC0013200,2026-02-20 01:13:14,24692.37,,
PAYMENT0003344,ACC0000275,2026-02-20 02:02:08,43536.92,,
PAYMENT0008223,ACC0010756,2026-02-20 02:47:46,121286.33,VOICE,2026-02-12 11:42:54
PAYMENT0018319,ACC0019104,2026-02-20 03:04:19,121860.31,VOICE,2026-02-04 23:39:58
PAYMENT0005607,ACC0029935,2026-02-20 04:13:15,78306.8,WHATSAPP,2026-02-06 16:59:18
PAYMENT0023763,ACC0008651,2026-02-20 04:40:50,88437.09,,
PAYMENT0007489,ACC0019205,2026-02-20 05:28:16,26709.65,VOICE,2026-02-04 18:47:00
PAYMENT0018799,ACC0021332,2026-02-20 06:39:34,98000.91,,
PAYMENT0006717,ACC0027927,2026-02-20 06:44:57,26639.84,SMS,2026-02-04 05:08:01
PAYMENT0004954,ACC0000736,2026-02-20 07:09:28,3145.27,VOICE,2026-02-06 00:09:25
PAYMENT0024692,ACC0029341,2026-02-20 08:41:28,105455.13,WHATSAPP,2026-01-12 02:17:35
PAYMENT0001046,ACC0005855,2026-02-20 09:13:16,11046.07,VOICE,2026-02-02 22:31:53
PAYMENT0003824,ACC0000215,2026-02-20 09:26:30,145815.38,,
PAYMENT0004108,ACC0012000,2026-02-20 09:30:54,55589.52,SMS,2026-02-05 05:50:08
PAYMENT0005973,ACC0013944,2026-02-20 09:40:12,10388.87,,
PAYMENT0011361,ACC0008877,2026-02-20 09:43:22,79491.6,SMS,2026-02-02 13:35:05
PAYMENT0003009,ACC0026229,2026-02-20 09:45:11,66597.04,VOICE,2026-02-16 12:35:27
PAYMENT0017941,ACC0023510,2026-02-20 10:11:39,122892.72,VOICE,2026-02-09 18:49:20
PAYMENT0011135,ACC0018006,2026-02-20 10:31:04,34424.93,VOICE,2026-02-14 23:53:13
PAYMENT0016533,ACC0002145,2026-02-20 10:53:47,110036.81,WHATSAPP,2026-01-12 01:47:59
PAYMENT0022782,ACC0027176,2026-02-20 11:23:05,101343.58,SMS,2026-02-16 21:45:00
PAYMENT0018118,ACC0020274,2026-02-20 11:45:46,106946.0,,
PAYMENT0010440,ACC0021045,2026-02-20 12:03:03,52741.91,,
PAYMENT0006917,ACC0016129,2026-02-20 12:03:55,93710.14,VOICE,2026-02-17 11:10:36
PAYMENT0009687,ACC0016719,2026-02-20 12:55:36,19696.02,,
PAYMENT0008819,ACC0006614,2026-02-20 13:42:06,87656.66,WHATSAPP,2026-01-31 19:46:49
PAYMENT0011507,ACC0018504,2026-02-20 13:48:48,59654.07,WHATSAPP,2026-01-13 09:09:28
PAYMENT0004942,ACC0014462,2026-02-20 14:28:23,6531.68,WHATSAPP,2026-02-11 02:07:41
PAYMENT0024594,ACC0016812,2026-02-20 15:06:22,40009.19,FIELD,2026-02-16 12:30:19
PAYMENT0004915,ACC0001481,2026-02-20 15:28:31,122860.59,VOICE,2026-02-07 18:08:12
PAYMENT0012086,ACC0000621,2026-02-20 16:01:33,23210.7,,
PAYMENT0023537,ACC0028242,2026-02-20 16:48:11,20198.09,,
PAYMENT0022126,ACC0023963,2026-02-20 17:03:46,33552.42,VOICE,2026-02-20 03:46:28
PAYMENT0010552,ACC0022625,2026-02-20 17:31:23,36850.34,,
PAYMENT0019753,ACC0003872,2026-02-20 18:36:36,70527.8,,
PAYMENT0000866,ACC0027764,2026-02-20 18:41:13,84219.6,VOICE,2026-01-21 10:18:00
PAYMENT0012301,ACC0004194,2026-02-20 18:41:51,101978.49,FIELD,2026-02-03 16:38:04
PAYMENT0006778,ACC0017108,2026-02-20 18:53:41,5725.03,SMS,2026-01-21 23:13:36
PAYMENT0002761,ACC0029924,2026-02-20 19:09:33,137554.46,VOICE,2026-02-09 16:20:12
PAYMENT0024191,ACC0024451,2026-02-20 19:14:57,45191.34,,
PAYMENT0004527,ACC0027930,2026-02-20 19:33:22,18227.95,VOICE,2026-02-02 10:40:16
PAYMENT0002298,ACC0020318,2026-02-20 19:37:37,26836.34,FIELD,2026-01-26 15:58:02
PAYMENT0003744,ACC0018856,2026-02-20 19:42:49,14159.52,SMS,2026-02-01 21:59:30
PAYMENT0009738,ACC0015320,2026-02-20 19:47:27,96200.64,FIELD,2026-02-12 03:54:35
PAYMENT0004354,ACC0008119,2026-02-20 20:48:44,7834.19,VOICE,2026-01-28 17:20:23
PAYMENT0006368,ACC0002180,2026-02-20 21:07:59,135582.28,VOICE,2026-01-30 06:33:48
PAYMENT0004987,ACC0024663,2026-02-20 21:28:38,127726.86,VOICE,2026-02-08 09:25:43
PAYMENT0007289,ACC0028589,2026-02-20 22:14:07,45898.36,VOICE,2026-02-19 23:28:55
PAYMENT0001318,ACC0022938,2026-02-20 22:15:27,120938.33,,
PAYMENT0000796,ACC0005109,2026-02-20 22:24:15,55102.3,FIELD,2026-02-14 11:52:02
PAYMENT0020056,ACC0005798,2026-02-20 23:07:56,123349.23,,
PAYMENT0021305,ACC0010397,2026-02-20 23:24:43,8083.82,VOICE,2026-01-13 21:48:15
PAYMENT0008897,ACC0023033,2026-02-20 23:53:11,5520.25,VOICE,2026-02-02 12:57:33
PAYMENT0020451,ACC0018808,2026-02-20 23:58:42,114844.08,VOICE,2026-01-15 08:09:49
PAYMENT0024013,ACC0002517,2026-02-21 00:27:15,30435.96,WHATSAPP,2026-01-04 02:13:56
PAYMENT0002581,ACC0002214,2026-02-21 00:28:29,3883.5,WHATSAPP,2026-02-17 19:11:08
PAYMENT0012973,ACC0026482,2026-02-21 00:29:18,80189.75,,
PAYMENT0014650,ACC0023886,2026-02-21 00:45:54,35004.96,WHATSAPP,2026-02-02 05:43:47
PAYMENT0018556,ACC0007886,2026-02-21 02:05:05,106790.72,,
PAYMENT0012892,ACC0028119,2026-02-21 02:20:48,8055.04,WHATSAPP,2026-02-03 05:38:49
PAYMENT0022999,ACC0018493,2026-02-21 02:44:48,71091.32,WHATSAPP,2026-02-08 18:05:03
PAYMENT0009151,ACC0004887,2026-02-21 03:38:04,13625.94,VOICE,2026-01-24 08:45:13
PAYMENT0022889,ACC0026585,2026-02-21 03:51:53,31448.71,VOICE,2026-02-19 03:40:54
PAYMENT0016862,ACC0008139,2026-02-21 04:12:01,125917.04,VOICE,2026-01-30 05:44:48
PAYMENT0007512,ACC0014591,2026-02-21 04:19:45,68758.13,,
PAYMENT0014288,ACC0020407,2026-02-21 04:50:53,53927.6,SMS,2026-01-07 04:50:09
PAYMENT0011176,ACC0015998,2026-02-21 05:38:54,19654.13,,
PAYMENT0009331,ACC0020128,2026-02-21 05:41:04,38257.47,VOICE,2026-01-20 05:35:11
PAYMENT0016542,ACC0013602,2026-02-21 05:47:02,104484.86,WHATSAPP,2026-02-18 12:33:04
PAYMENT0023132,ACC0022893,2026-02-21 06:05:40,85252.54,SMS,2026-01-17 07:31:53
PAYMENT0018603,ACC0027234,2026-02-21 06:39:03,63208.25,SMS,2026-02-05 02:22:32
PAYMENT0023226,ACC0006231,2026-02-21 07:01:28,118060.91,WHATSAPP,2026-01-27 04:37:52
PAYMENT0001279,ACC0014662,2026-02-21 07:03:04,118683.89,VOICE,2026-01-22 17:28:29
PAYMENT0006912,ACC0015144,2026-02-21 08:13:43,18793.19,VOICE,2026-02-21 07:34:56
PAYMENT0003788,ACC0024039,2026-02-21 08:44:38,83970.34,VOICE,2026-02-13 11:30:23
PAYMENT0010416,ACC0014940,2026-02-21 09:12:02,20641.06,WHATSAPP,2026-01-03 18:24:47
PAYMENT0008826,ACC0016619,2026-02-21 09:18:45,110038.73,WHATSAPP,2026-02-17 19:27:01
PAYMENT0011481,ACC0010977,2026-02-21 09:42:45,120323.89,,
PAYMENT0004893,ACC0000084,2026-02-21 09:45:37,39941.74,WHATSAPP,2026-02-17 16:51:32
PAYMENT0008519,ACC0017442,2026-02-21 09:59:34,91588.05,WHATSAPP,2026-02-06 19:58:01
PAYMENT0022994,ACC0026439,2026-02-21 10:08:11,43298.49,WHATSAPP,2026-01-27 06:03:59
PAYMENT0020801,ACC0000771,2026-02-21 10:51:38,97090.08,FIELD,2026-02-12 06:47:57
PAYMENT0018943,ACC0018274,2026-02-21 10:53:46,27149.52,SMS,2026-01-23 03:13:49
PAYMENT0020402,ACC0022512,2026-02-21 11:30:47,137972.56,VOICE,2026-01-13 16:48:30
PAYMENT0019701,ACC0014179,2026-02-21 11:41:34,61606.11,SMS,2026-01-15 09:50:45
PAYMENT0004201,ACC0016361,2026-02-21 12:31:13,131680.1,VOICE,2026-02-20 10:14:40
PAYMENT0011085,ACC0028116,2026-02-21 12:32:38,144228.8,FIELD,2026-01-19 01:57:26
PAYMENT0000397,ACC0021997,2026-02-21 13:13:51,56425.46,VOICE,2026-01-15 12:55:33
PAYMENT0012407,ACC0016325,2026-02-21 13:56:41,90155.76,VOICE,2026-02-07 13:10:39
PAYMENT0010207,ACC0020260,2026-02-21 13:56:45,34542.85,WHATSAPP,2026-01-27 21:00:21
PAYMENT0014822,ACC0000677,2026-02-21 14:59:06,139365.09,,
PAYMENT0008783,ACC0002575,2026-02-21 15:17:49,3120.95,FIELD,2026-02-02 07:26:03
PAYMENT0009272,ACC0008282,2026-02-21 15:21:19,70902.15,VOICE,2026-02-01 17:23:30
PAYMENT0007515,ACC0022652,2026-02-21 15:37:05,142796.61,VOICE,2026-01-06 11:19:27
PAYMENT0011011,ACC0007457,2026-02-21 15:58:17,149472.39,VOICE,2026-01-13 17:14:00
PAYMENT0005731,ACC0012712,2026-02-21 16:09:52,79503.45,SMS,2026-01-31 07:23:14
PAYMENT0012749,ACC0013598,2026-02-21 16:19:46,98772.97,VOICE,2026-02-05 21:40:11
PAYMENT0002093,ACC0002115,2026-02-21 16:42:08,133617.81,VOICE,2026-02-06 23:27:47
PAYMENT0013206,ACC0010316,2026-02-21 16:57:50,145239.94,FIELD,2026-01-12 07:55:02
PAYMENT0018193,ACC0016662,2026-02-21 17:17:17,39227.29,VOICE,2026-02-02 16:18:22
PAYMENT0023595,ACC0019609,2026-02-21 17:34:01,1003.24,,
PAYMENT0003317,ACC0015781,2026-02-21 17:48:23,9974.19,FIELD,2026-02-16 23:13:51
PAYMENT0004110,ACC0028997,2026-02-21 18:28:23,53608.58,SMS,2026-02-02 04:24:45
PAYMENT0007772,ACC0017026,2026-02-21 18:41:10,108093.72,,
PAYMENT0002634,ACC0013837,2026-02-21 19:06:43,93866.04,FIELD,2026-01-30 09:13:05
PAYMENT0022834,ACC0026203,2026-02-21 19:51:01,18289.63,,
PAYMENT0010379,ACC0011135,2026-02-21 20:04:35,114027.65,FIELD,2026-02-08 11:13:33
PAYMENT0015162,ACC0013448,2026-02-21 20:33:31,139320.45,,
PAYMENT0002905,ACC0017833,2026-02-21 20:39:51,1056.26,SMS,2026-01-16 00:32:06
PAYMENT0012012,ACC0020216,2026-02-21 20:59:58,123893.35,SMS,2026-02-01 21:04:57
PAYMENT0003206,ACC0027609,2026-02-21 22:07:59,67295.76,SMS,2026-01-31 17:26:03
PAYMENT0009342,ACC0024212,2026-02-21 22:21:44,146925.8,,
PAYMENT0013058,ACC0028326,2026-02-21 22:35:38,45910.74,VOICE,2026-02-15 09:26:04
PAYMENT0023387,ACC0007006,2026-02-21 22:54:06,136758.03,SMS,2026-01-29 12:53:34
PAYMENT0016370,ACC0008331,2026-02-21 23:08:28,139404.09,WHATSAPP,2026-02-18 07:14:57
PAYMENT0006064,ACC0007046,2026-02-21 23:13:26,123914.15,VOICE,2026-01-10 06:55:56
PAYMENT0007349,ACC0016708,2026-02-21 23:22:10,158.41,SMS,2026-01-20 03:42:58
PAYMENT0019403,ACC0004444,2026-02-21 23:45:44,20278.04,WHATSAPP,2026-01-12 15:21:56
PAYMENT0014559,ACC0028314,2026-02-21 23:47:27,80561.61,,
PAYMENT0023007,ACC0000291,2026-02-22 01:14:54,137937.2,SMS,2026-02-21 05:53:00
PAYMENT0018813,ACC0017296,2026-02-22 01:27:16,133736.17,VOICE,2026-01-26 10:15:33
PAYMENT0012884,ACC0016442,2026-02-22 02:32:19,137432.53,,
PAYMENT0004472,ACC0010062,2026-02-22 04:12:29,130777.64,,
PAYMENT0012635,ACC0003412,2026-02-22 05:01:08,37985.17,VOICE,2026-02-18 05:45:42
PAYMENT0007109,ACC0002693,2026-02-22 05:06:30,143918.78,SMS,2026-01-26 09:21:55
PAYMENT0020509,ACC0019062,2026-02-22 05:32:18,23136.93,,
PAYMENT0010486,ACC0021179,2026-02-22 05:46:05,97163.43,WHATSAPP,2026-01-22 11:16:25
PAYMENT0007718,ACC0001909,2026-02-22 07:02:16,7829.36,VOICE,2026-01-07 22:47:41
PAYMENT0003291,ACC0022910,2026-02-22 07:39:18,88392.71,,
PAYMENT0011969,ACC0013240,2026-02-22 07:52:05,70794.38,SMS,2026-02-21 02:37:29
PAYMENT0008494,ACC0010081,2026-02-22 08:02:24,6626.72,SMS,2026-02-01 07:45:57
PAYMENT0000939,ACC0017291,2026-02-22 08:09:39,2437.23,SMS,2026-02-16 14:58:06
PAYMENT0018200,ACC0018225,2026-02-22 08:59:10,143306.94,VOICE,2026-01-16 22:53:28
PAYMENT0017528,ACC0009430,2026-02-22 10:06:58,107986.66,,
PAYMENT0004712,ACC0004118,2026-02-22 10:10:52,40924.13,FIELD,2026-02-07 15:24:24
PAYMENT0016231,ACC0008394,2026-02-22 11:01:17,26472.66,SMS,2026-02-21 13:37:11
PAYMENT0001193,ACC0024540,2026-02-22 11:11:45,39237.66,,
PAYMENT0024159,ACC0006231,2026-02-22 11:19:21,46704.0,WHATSAPP,2026-01-27 04:37:52
PAYMENT0020969,ACC0010055,2026-02-22 11:25:38,73543.69,VOICE,2026-01-09 12:20:02
PAYMENT0008352,ACC0010214,2026-02-22 11:42:07,2656.94,WHATSAPP,2026-01-02 17:32:23
PAYMENT0018853,ACC0011536,2026-02-22 11:52:14,22641.84,WHATSAPP,2026-02-21 10:16:07
PAYMENT0023003,ACC0010293,2026-02-22 11:58:22,134138.91,VOICE,2026-02-01 19:45:28
PAYMENT0023730,ACC0014066,2026-02-22 12:00:56,66764.59,VOICE,2026-01-27 09:49:31
PAYMENT0011934,ACC0008129,2026-02-22 12:04:17,59348.28,,
PAYMENT0012381,ACC0001365,2026-02-22 12:24:57,141822.73,VOICE,2026-02-09 22:37:53
PAYMENT0014760,ACC0003877,2026-02-22 12:47:11,86767.76,SMS,2026-01-19 19:52:45
PAYMENT0010299,ACC0024370,2026-02-22 13:20:20,31232.04,VOICE,2026-02-02 21:06:01
PAYMENT0012097,ACC0023012,2026-02-22 13:33:21,101958.3,VOICE,2026-01-26 13:58:15
PAYMENT0001653,ACC0018969,2026-02-22 13:51:35,69197.69,SMS,2026-02-16 01:14:37
PAYMENT0002670,ACC0023762,2026-02-22 13:53:39,14595.61,VOICE,2026-02-15 04:33:37
PAYMENT0016046,ACC0010220,2026-02-22 14:36:56,87884.52,SMS,2026-01-21 19:29:56
PAYMENT0006767,ACC0023650,2026-02-22 15:15:46,52183.8,VOICE,2026-02-19 15:59:21
PAYMENT0021896,ACC0001975,2026-02-22 15:49:56,64565.03,WHATSAPP,2026-02-10 01:34:40
PAYMENT0003496,ACC0016101,2026-02-22 15:55:12,13189.06,SMS,2026-02-09 04:20:53
PAYMENT0004505,ACC0016986,2026-02-22 16:36:49,133129.6,VOICE,2026-01-24 23:42:55
PAYMENT0005685,ACC0015356,2026-02-22 17:21:58,115116.46,WHATSAPP,2026-02-21 22:42:55
PAYMENT0018136,ACC0010285,2026-02-22 17:43:11,95044.19,FIELD,2026-02-04 02:37:35
PAYMENT0015465,ACC0010444,2026-02-22 17:49:47,112391.91,,
PAYMENT0011828,ACC0006129,2026-02-22 18:07:47,149731.86,SMS,2026-02-10 09:14:57
PAYMENT0023806,ACC0002510,2026-02-22 18:42:47,76919.92,VOICE,2026-01-26 09:19:47
PAYMENT0007466,ACC0000849,2026-02-22 19:20:56,63036.91,WHATSAPP,2026-01-24 17:15:25
PAYMENT0013582,ACC0024620,2026-02-22 19:59:25,64166.88,,
PAYMENT0016577,ACC0028871,2026-02-22 20:05:08,97823.85,WHATSAPP,2026-01-05 10:09:24
PAYMENT0003352,ACC0029358,2026-02-22 21:14:40,108823.7,VOICE,2026-02-09 12:34:20
PAYMENT0015820,ACC0025576,2026-02-22 21:59:51,19412.51,SMS,2026-02-22 17:31:59
PAYMENT0018637,ACC0025090,2026-02-22 22:07:09,607.77,,
PAYMENT0024004,ACC0012989,2026-02-22 22:18:40,147265.04,VOICE,2026-02-09 14:20:31
PAYMENT0019547,ACC0012841,2026-02-22 23:33:21,34960.41,VOICE,2026-01-24 18:05:34
PAYMENT0005010,ACC0003626,2026-02-23 00:11:24,43542.05,VOICE,2026-02-06 23:53:09
PAYMENT0013885,ACC0013624,2026-02-23 00:26:31,16287.59,VOICE,2026-01-25 19:52:13
PAYMENT0010015,ACC0023016,2026-02-23 00:40:14,142278.46,VOICE,2026-01-28 06:43:15
PAYMENT0018016,ACC0029064,2026-02-23 00:57:59,76839.72,,
PAYMENT0000761,ACC0005392,2026-02-23 01:07:17,36437.4,,
PAYMENT0016283,ACC0025762,2026-02-23 01:15:36,68350.0,SMS,2026-01-25 08:41:10
PAYMENT0013303,ACC0018383,2026-02-23 01:23:02,31603.37,,
PAYMENT0021819,ACC0011598,2026-02-23 02:00:45,99003.62,VOICE,2026-01-19 00:16:22
PAYMENT0009031,ACC0011149,2026-02-23 02:24:23,66117.84,VOICE,2026-02-10 08:20:16
PAYMENT0007551,ACC0018620,2026-02-23 02:25:39,126163.26,FIELD,2026-01-19 10:45:12
PAYMENT0014653,ACC0023632,2026-02-23 03:04:57,96736.33,SMS,2026-02-05 00:09:53
PAYMENT0011895,ACC0020968,2026-02-23 03:08:19,138570.64,VOICE,2026-02-10 09:02:13
PAYMENT0005436,ACC0012509,2026-02-23 03:09:25,102919.76,FIELD,2026-01-29 23:40:31
PAYMENT0019778,ACC0015598,2026-02-23 03:32:43,48529.19,VOICE,2026-02-14 14:17:45
PAYMENT0016433,ACC0019227,2026-02-23 04:22:19,123207.43,VOICE,2026-02-14 23:05:22
PAYMENT0017584,ACC0004685,2026-02-23 04:22:57,149321.97,FIELD,2026-02-04 09:41:21
PAYMENT0006240,ACC0016745,2026-02-23 05:40:14,142403.58,VOICE,2026-02-21 20:06:53
PAYMENT0020953,ACC0006430,2026-02-23 06:09:44,119983.64,WHATSAPP,2026-01-03 15:12:04
PAYMENT0021959,ACC0028487,2026-02-23 07:03:44,58759.38,VOICE,2026-02-11 00:05:10
PAYMENT0013236,ACC0022055,2026-02-23 07:04:04,6261.85,VOICE,2026-01-07 08:38:32
PAYMENT0022700,ACC0015438,2026-02-23 07:05:30,79822.12,,
PAYMENT0021472,ACC0018273,2026-02-23 08:13:17,66298.01,FIELD,2026-01-08 00:35:51
PAYMENT0022871,ACC0026307,2026-02-23 08:35:29,144784.94,,
PAYMENT0002014,ACC0012154,2026-02-23 08:41:46,69614.03,SMS,2026-01-31 13:53:24
PAYMENT0003731,ACC0026785,2026-02-23 09:00:58,120660.36,SMS,2026-02-03 17:42:01
PAYMENT0023095,ACC0017089,2026-02-23 11:14:50,2731.72,VOICE,2026-01-15 14:35:20
PAYMENT0008470,ACC0026051,2026-02-23 11:23:28,33148.58,SMS,2026-02-12 13:47:33
PAYMENT0001930,ACC0029204,2026-02-23 11:31:41,17643.25,FIELD,2026-02-20 00:13:13
PAYMENT0021242,ACC0009834,2026-02-23 11:42:56,126374.1,SMS,2026-02-09 22:59:29
PAYMENT0022785,ACC0029748,2026-02-23 12:13:54,126677.9,VOICE,2026-02-22 00:26:51
PAYMENT0012111,ACC0003799,2026-02-23 12:14:06,96728.14,WHATSAPP,2026-02-01 08:06:50
PAYMENT0022593,ACC0007471,2026-02-23 12:18:39,20266.56,,
PAYMENT0010691,ACC0018748,2026-02-23 12:49:52,58657.81,WHATSAPP,2026-02-22 04:13:39
PAYMENT0008378,ACC0018499,2026-02-23 13:17:58,54046.08,VOICE,2026-01-20 23:15:17
PAYMENT0007974,ACC0020450,2026-02-23 13:24:06,76170.32,WHATSAPP,2026-01-07 08:21:10
PAYMENT0007227,ACC0001192,2026-02-23 13:36:49,20220.92,,
PAYMENT0009590,ACC0015432,2026-02-23 13:56:29,83581.82,SMS,2026-02-17 07:58:40
PAYMENT0022299,ACC0012338,2026-02-23 14:20:40,24668.65,VOICE,2026-02-08 01:18:20
PAYMENT0022155,ACC0014448,2026-02-23 15:32:16,106654.86,VOICE,2026-02-12 20:03:04
PAYMENT0022969,ACC0006716,2026-02-23 15:32:17,28112.55,,
PAYMENT0011576,ACC0019065,2026-02-23 15:51:33,31020.12,VOICE,2026-02-19 16:06:58
PAYMENT0024141,ACC0006734,2026-02-23 16:02:25,35649.38,VOICE,2026-01-18 00:20:29
PAYMENT0019731,ACC0001919,2026-02-23 16:53:21,112768.31,,
PAYMENT0008723,ACC0014549,2026-02-23 17:08:16,83357.67,FIELD,2026-02-14 18:53:03
PAYMENT0004341,ACC0002571,2026-02-23 17:19:30,11183.66,SMS,2026-02-21 18:02:10
PAYMENT0003087,ACC0001482,2026-02-23 18:30:10,128912.19,VOICE,2026-01-03 10:02:06
PAYMENT0002567,ACC0006015,2026-02-23 19:05:52,112067.03,,
PAYMENT0003930,ACC0018744,2026-02-23 19:08:40,85459.84,,
PAYMENT0014400,ACC0020641,2026-02-23 19:43:17,114924.72,FIELD,2026-01-25 14:54:35
PAYMENT0022074,ACC0021489,2026-02-23 19:46:33,133241.88,WHATSAPP,2026-01-24 22:15:06
PAYMENT0021854,ACC0027532,2026-02-23 20:01:02,89555.63,VOICE,2026-02-04 10:35:41
PAYMENT0000106,ACC0027036,2026-02-23 21:14:01,117166.92,WHATSAPP,2026-01-29 02:03:17
PAYMENT0015615,ACC0009877,2026-02-23 21:50:02,141381.61,WHATSAPP,2026-02-02 15:22:31
PAYMENT0006873,ACC0003466,2026-02-23 21:53:23,50817.41,WHATSAPP,2026-02-02 07:49:38
PAYMENT0015141,ACC0017923,2026-02-23 22:07:08,8258.46,,
PAYMENT0011694,ACC0002399,2026-02-23 22:09:04,3755.69,VOICE,2026-02-20 02:48:09
PAYMENT0009764,ACC0028770,2026-02-23 22:25:00,128516.71,FIELD,2026-01-19 00:47:59
PAYMENT0002208,ACC0001610,2026-02-23 22:47:03,68517.66,WHATSAPP,2026-02-16 18:15:12
PAYMENT0021926,ACC0024479,2026-02-23 23:11:49,108308.48,,
PAYMENT0022545,ACC0020718,2026-02-23 23:30:51,76899.26,VOICE,2026-02-23 15:48:16
PAYMENT0005048,ACC0002829,2026-02-24 00:27:18,84105.6,WHATSAPP,2026-02-08 17:43:41
PAYMENT0012264,ACC0016421,2026-02-24 01:24:12,58971.62,VOICE,2026-02-18 14:55:26
PAYMENT0018350,ACC0022569,2026-02-24 02:08:08,135325.03,VOICE,2026-02-07 04:33:35
PAYMENT0021936,ACC0018869,2026-02-24 02:22:54,77139.11,VOICE,2026-02-23 20:53:14
PAYMENT0013724,ACC0023696,2026-02-24 02:34:34,90828.99,SMS,2026-01-12 23:02:13
PAYMENT0000587,ACC0016511,2026-02-24 02:50:35,133388.19,VOICE,2026-02-05 21:09:39
PAYMENT0009016,ACC0010721,2026-02-24 02:50:47,148442.47,SMS,2026-02-04 02:38:24
PAYMENT0001028,ACC0013746,2026-02-24 03:55:37,17881.24,WHATSAPP,2026-01-01 02:29:03
PAYMENT0015075,ACC0028381,2026-02-24 04:31:25,127713.32,VOICE,2026-02-22 06:37:57
PAYMENT0014329,ACC0006695,2026-02-24 04:40:50,14189.61,WHATSAPP,2026-02-19 07:07:42
PAYMENT0017420,ACC0004176,2026-02-24 04:49:23,85055.9,SMS,2026-01-21 14:07:20
PAYMENT0000173,ACC0010737,2026-02-24 05:39:55,48748.2,VOICE,2026-02-13 23:29:00
PAYMENT0004363,ACC0017372,2026-02-24 05:51:33,62635.45,FIELD,2026-02-20 12:18:24
PAYMENT0024955,ACC0012046,2026-02-24 06:41:57,144967.4,VOICE,2026-01-10 19:16:42
PAYMENT0007872,ACC0017722,2026-02-24 06:45:55,4230.88,VOICE,2026-02-08 03:12:51
PAYMENT0010115,ACC0024783,2026-02-24 07:06:37,80153.66,VOICE,2026-01-04 11:21:17
PAYMENT0013160,ACC0019407,2026-02-24 08:36:41,38276.78,SMS,2026-02-03 21:07:30
PAYMENT0021253,ACC0002090,2026-02-24 08:54:51,106054.83,SMS,2026-01-07 14:22:37
PAYMENT0007796,ACC0016169,2026-02-24 09:03:33,136540.09,VOICE,2026-02-24 06:09:46
PAYMENT0010519,ACC0002180,2026-02-24 09:07:35,1820.08,VOICE,2026-01-30 06:33:48
PAYMENT0014966,ACC0004180,2026-02-24 09:34:25,89480.46,WHATSAPP,2026-02-21 16:13:57
PAYMENT0017845,ACC0013450,2026-02-24 09:44:12,94200.97,,
PAYMENT0000536,ACC0008669,2026-02-24 10:07:53,55598.59,VOICE,2026-01-15 02:10:24
PAYMENT0004827,ACC0026271,2026-02-24 10:08:11,53840.78,FIELD,2026-02-19 10:03:18
PAYMENT0003949,ACC0003616,2026-02-24 10:11:43,31292.99,VOICE,2026-01-20 13:42:35
PAYMENT0013647,ACC0017372,2026-02-24 10:20:45,61630.82,FIELD,2026-02-20 12:18:24
PAYMENT0001817,ACC0014892,2026-02-24 10:27:04,123114.81,,
PAYMENT0014995,ACC0028911,2026-02-24 10:29:20,129818.51,VOICE,2026-02-07 13:16:56
PAYMENT0001880,ACC0008346,2026-02-24 10:30:39,22971.53,VOICE,2026-01-09 00:35:42
PAYMENT0004495,ACC0013262,2026-02-24 10:37:42,39823.25,VOICE,2026-02-22 11:31:25
PAYMENT0014317,ACC0007293,2026-02-24 11:51:50,47980.1,WHATSAPP,2026-01-17 01:06:20
PAYMENT0024443,ACC0020023,2026-02-24 13:18:15,93830.08,VOICE,2026-01-26 13:26:49
PAYMENT0002604,ACC0014623,2026-02-24 13:37:25,25838.41,WHATSAPP,2026-01-13 22:27:52
PAYMENT0005995,ACC0012256,2026-02-24 13:46:32,121798.7,VOICE,2026-02-18 17:42:20
PAYMENT0004291,ACC0010163,2026-02-24 14:00:29,125805.44,SMS,2026-01-28 14:54:14
PAYMENT0014972,ACC0012570,2026-02-24 15:30:18,112105.43,SMS,2026-01-03 00:11:03
PAYMENT0023807,ACC0005983,2026-02-24 16:13:37,6066.95,,
PAYMENT0003732,ACC0005373,2026-02-24 16:17:05,123199.82,VOICE,2026-02-18 09:41:23
PAYMENT0004666,ACC0024619,2026-02-24 17:19:59,143943.37,VOICE,2026-02-19 12:59:58
PAYMENT0008039,ACC0003479,2026-02-24 17:40:29,28163.38,VOICE,2026-01-11 11:45:44
PAYMENT0012378,ACC0002914,2026-02-24 17:51:29,146359.32,VOICE,2026-01-23 03:12:18
PAYMENT0005507,ACC0011888,2026-02-24 17:56:11,75936.69,VOICE,2026-02-17 18:34:07
PAYMENT0024454,ACC0020322,2026-02-24 18:09:54,126667.36,VOICE,2026-02-11 21:44:47
PAYMENT0018484,ACC0001246,2026-02-24 18:18:08,94806.85,FIELD,2026-02-11 21:59:56
PAYMENT0019038,ACC0015389,2026-02-24 18:20:56,140129.31,,
PAYMENT0001859,ACC0023021,2026-02-24 18:48:21,32175.84,WHATSAPP,2026-02-13 12:35:29
PAYMENT0019176,ACC0021111,2026-02-24 19:13:06,9057.32,SMS,2026-02-17 12:14:12
PAYMENT0004630,ACC0017616,2026-02-24 20:21:10,95288.69,WHATSAPP,2026-01-07 05:41:45
PAYMENT0013099,ACC0002671,2026-02-24 20:46:37,68369.63,SMS,2026-02-20 00:18:31
PAYMENT0018429,ACC0025645,2026-02-24 20:50:11,144143.07,VOICE,2026-02-24 09:38:28
PAYMENT0023306,ACC0016901,2026-02-24 21:26:18,13287.13,SMS,2026-02-05 11:42:24
PAYMENT0007028,ACC0024093,2026-02-24 21:27:52,48502.52,WHATSAPP,2026-01-03 03:46:04
PAYMENT0018746,ACC0021188,2026-02-24 22:09:09,16195.87,VOICE,2026-02-04 02:07:39
PAYMENT0021357,ACC0005396,2026-02-24 23:02:04,16518.45,VOICE,2026-02-08 16:18:20
PAYMENT0014998,ACC0029020,2026-02-24 23:23:46,120880.33,VOICE,2026-02-06 18:45:37
PAYMENT0014361,ACC0008090,2026-02-25 00:21:51,115350.63,VOICE,2026-02-24 04:35:40
PAYMENT0018562,ACC0007679,2026-02-25 00:35:25,98561.58,,
PAYMENT0010463,ACC0026393,2026-02-25 01:47:25,51812.99,SMS,2026-01-30 10:59:51
PAYMENT0004592,ACC0005096,2026-02-25 02:00:33,147970.99,SMS,2026-02-13 01:54:56
PAYMENT0022783,ACC0024606,2026-02-25 02:27:12,93416.17,SMS,2026-01-30 18:11:56
PAYMENT0023846,ACC0028770,2026-02-25 02:39:16,35116.27,FIELD,2026-01-19 00:47:59
PAYMENT0014163,ACC0021521,2026-02-25 04:08:13,144014.85,VOICE,2026-01-26 13:10:21
PAYMENT0018176,ACC0016660,2026-02-25 04:19:48,38157.71,,
PAYMENT0002989,ACC0005593,2026-02-25 05:32:49,15815.94,VOICE,2026-01-24 22:07:03
PAYMENT0007546,ACC0011120,2026-02-25 05:40:00,127680.86,VOICE,2026-01-27 02:12:09
PAYMENT0000181,ACC0026541,2026-02-25 06:17:03,137958.54,,
PAYMENT0021338,ACC0018506,2026-02-25 06:27:49,11724.22,FIELD,2026-01-12 14:58:30
PAYMENT0024479,ACC0013928,2026-02-25 07:08:36,60489.75,VOICE,2026-01-29 20:13:02
PAYMENT0014847,ACC0000384,2026-02-25 07:11:58,80294.09,VOICE,2026-02-06 15:30:49
PAYMENT0010734,ACC0013265,2026-02-25 07:33:04,121083.85,VOICE,2026-01-29 06:59:33
PAYMENT0001796,ACC0029485,2026-02-25 07:39:48,147071.19,SMS,2026-01-28 17:51:46
PAYMENT0009730,ACC0004413,2026-02-25 07:40:36,131839.47,VOICE,2026-02-18 17:53:38
PAYMENT0004104,ACC0006127,2026-02-25 07:53:40,92064.97,,
PAYMENT0002046,ACC0029442,2026-02-25 08:40:14,144668.27,WHATSAPP,2026-02-12 16:18:08
PAYMENT0020397,ACC0026482,2026-02-25 09:09:14,91301.82,,
PAYMENT0018447,ACC0013603,2026-02-25 09:19:51,75502.85,FIELD,2026-02-16 14:48:36
PAYMENT0015954,ACC0015589,2026-02-25 09:21:01,130956.46,SMS,2026-02-12 23:34:54
PAYMENT0004002,ACC0007119,2026-02-25 09:35:17,13584.2,SMS,2026-02-14 12:12:08
PAYMENT0008362,ACC0024183,2026-02-25 10:13:25,38799.73,FIELD,2026-01-31 19:09:41
PAYMENT0018096,ACC0029298,2026-02-25 10:21:10,140641.5,VOICE,2026-02-25 06:29:12
PAYMENT0022083,ACC0025161,2026-02-25 10:59:05,67046.91,VOICE,2026-02-08 15:57:01
PAYMENT0021850,ACC0028773,2026-02-25 11:23:10,135202.18,,
PAYMENT0022573,ACC0011990,2026-02-25 11:27:28,3253.34,SMS,2026-01-13 08:30:49
PAYMENT0020297,ACC0008686,2026-02-25 11:30:47,142622.93,WHATSAPP,2026-02-22 23:08:03
PAYMENT0022272,ACC0005052,2026-02-25 12:24:06,117594.5,VOICE,2026-02-19 11:40:20
PAYMENT0016676,ACC0023386,2026-02-25 12:30:42,97367.26,WHATSAPP,2026-02-20 01:46:41
PAYMENT0019171,ACC0025244,2026-02-25 13:16:06,140976.86,WHATSAPP,2026-02-05 19:11:21
PAYMENT0014247,ACC0029327,2026-02-25 13:56:31,112052.58,WHATSAPP,2026-02-03 11:33:13
PAYMENT0013439,ACC0018185,2026-02-25 14:22:27,77998.69,VOICE,2026-01-16 17:47:23
PAYMENT0017056,ACC0025150,2026-02-25 14:25:42,74460.1,VOICE,2026-02-14 16:33:41
PAYMENT0013628,ACC0001102,2026-02-25 15:12:40,67802.83,,
PAYMENT0003160,ACC0007798,2026-02-25 16:55:14,45467.0,VOICE,2026-01-24 01:27:10
PAYMENT0021651,ACC0005577,2026-02-25 17:11:47,84573.0,SMS,2026-01-17 09:32:24
PAYMENT0022766,ACC0013532,2026-02-25 18:10:14,28754.27,SMS,2026-02-18 01:20:30
PAYMENT0005797,ACC0016589,2026-02-25 18:11:20,117130.47,WHATSAPP,2026-02-09 05:56:41
PAYMENT0011372,ACC0011769,2026-02-25 18:20:44,1629.33,FIELD,2026-01-03 13:07:44
PAYMENT0023761,ACC0012985,2026-02-25 18:25:40,61697.42,VOICE,2026-02-15 13:30:54
PAYMENT0009850,ACC0029444,2026-02-25 18:51:12,73166.1,WHATSAPP,2026-02-16 08:53:12
PAYMENT0010443,ACC0013692,2026-02-25 20:15:33,124649.07,WHATSAPP,2026-02-14 07:11:44
PAYMENT0024634,ACC0014254,2026-02-25 20:28:20,72126.67,,
PAYMENT0013776,ACC0003980,2026-02-25 20:30:04,58281.3,SMS,2026-02-18 10:51:04
PAYMENT0010038,ACC0007179,2026-02-25 20:33:44,73418.9,,
PAYMENT0018241,ACC0018929,2026-02-25 20:36:28,52037.1,WHATSAPP,2026-02-23 21:30:49
PAYMENT0023354,ACC0013390,2026-02-25 20:38:53,185.61,WHATSAPP,2026-02-09 11:18:58
PAYMENT0008729,ACC0023680,2026-02-25 20:57:05,106787.18,WHATSAPP,2026-02-02 13:30:25
PAYMENT0005078,ACC0023645,2026-02-25 21:20:52,94931.17,FIELD,2026-02-07 19:34:49
PAYMENT0003327,ACC0017623,2026-02-25 21:31:15,69257.79,WHATSAPP,2026-02-15 03:54:22
PAYMENT0022874,ACC0004966,2026-02-25 21:39:43,114343.31,SMS,2026-02-23 17:40:37
PAYMENT0004486,ACC0015695,2026-02-25 22:04:09,114093.06,WHATSAPP,2026-02-15 00:49:17
PAYMENT0015600,ACC0021313,2026-02-25 22:36:35,56698.57,FIELD,2026-02-10 00:35:48
PAYMENT0005771,ACC0001490,2026-02-25 22:49:40,11596.96,SMS,2026-01-24 20:24:47
PAYMENT0016200,ACC0029557,2026-02-25 22:58:12,31168.21,,
PAYMENT0021066,ACC0025498,2026-02-25 23:19:19,100515.16,VOICE,2026-02-07 23:35:59
PAYMENT0007948,ACC0002391,2026-02-26 00:16:31,34134.14,SMS,2026-02-24 23:53:25
PAYMENT0000938,ACC0028538,2026-02-26 00:39:59,132822.2,,
PAYMENT0002614,ACC0002581,2026-02-26 00:48:21,38925.74,,
PAYMENT0021353,ACC0017357,2026-02-26 01:08:03,45558.68,WHATSAPP,2026-02-24 09:51:52
PAYMENT0020335,ACC0019348,2026-02-26 01:30:32,85422.27,WHATSAPP,2026-02-03 18:50:10
PAYMENT0016800,ACC0006244,2026-02-26 01:43:14,93101.82,FIELD,2026-02-25 23:56:09
PAYMENT0007842,ACC0014748,2026-02-26 01:58:00,49353.21,WHATSAPP,2026-02-15 14:19:56
PAYMENT0014405,ACC0002160,2026-02-26 02:05:47,44510.2,WHATSAPP,2026-02-05 00:45:31
PAYMENT0018571,ACC0001234,2026-02-26 02:27:17,72349.59,FIELD,2026-02-12 10:44:17
PAYMENT0008359,ACC0024169,2026-02-26 03:09:38,14915.5,FIELD,2026-01-23 03:01:36
PAYMENT0023631,ACC0020556,2026-02-26 03:50:34,6630.08,FIELD,2026-01-16 04:02:04
PAYMENT0017825,ACC0004550,2026-02-26 03:59:45,35984.2,VOICE,2026-01-16 09:08:08
PAYMENT0011122,ACC0016798,2026-02-26 04:16:47,91676.93,VOICE,2026-01-05 13:13:33
PAYMENT0005664,ACC0021750,2026-02-26 04:40:27,113631.61,,
PAYMENT0012885,ACC0021331,2026-02-26 05:08:51,82572.84,WHATSAPP,2026-02-24 15:07:55
PAYMENT0000458,ACC0007572,2026-02-26 05:37:37,101382.95,VOICE,2026-01-31 19:03:02
PAYMENT0023566,ACC0014152,2026-02-26 05:39:18,143657.37,VOICE,2026-02-06 00:40:27
PAYMENT0008298,ACC0017976,2026-02-26 05:57:59,105048.07,WHATSAPP,2026-02-16 15:01:19
PAYMENT0009408,ACC0023004,2026-02-26 06:29:26,76641.3,SMS,2026-02-24 23:41:14
PAYMENT0015843,ACC0005067,2026-02-26 06:34:31,12221.82,VOICE,2026-02-17 02:05:09
PAYMENT0000399,ACC0000248,2026-02-26 06:53:51,119653.18,WHATSAPP,2026-02-11 17:44:26
PAYMENT0015476,ACC0004462,2026-02-26 06:54:49,24451.27,SMS,2026-02-23 08:22:57
PAYMENT0006153,ACC0006516,2026-02-26 06:55:48,62119.05,VOICE,2026-01-02 08:56:03
PAYMENT0005885,ACC0005485,2026-02-26 07:04:24,8642.96,VOICE,2026-02-15 14:33:46
PAYMENT0003231,ACC0017821,2026-02-26 07:08:07,122258.15,WHATSAPP,2026-02-20 09:37:12
PAYMENT0021186,ACC0023246,2026-02-26 07:16:09,70816.67,SMS,2026-02-16 07:03:10
PAYMENT0022808,ACC0020475,2026-02-26 07:17:32,67593.44,VOICE,2026-02-02 06:20:10
PAYMENT0001250,ACC0009338,2026-02-26 07:29:41,76649.47,,
PAYMENT0020032,ACC0012352,2026-02-26 08:35:20,52140.89,,
PAYMENT0021558,ACC0026548,2026-02-26 08:51:32,139774.56,VOICE,2026-01-15 09:45:52
PAYMENT0001546,ACC0016188,2026-02-26 09:09:19,116494.29,SMS,2026-02-03 21:26:50
PAYMENT0003720,ACC0017328,2026-02-26 09:12:05,138532.47,,
PAYMENT0010918,ACC0003260,2026-02-26 09:30:29,23200.37,SMS,2026-02-06 23:19:36
PAYMENT0022887,ACC0007212,2026-02-26 09:58:30,77731.42,,
PAYMENT0001185,ACC0017172,2026-02-26 10:10:04,125523.45,FIELD,2026-02-09 08:56:02
PAYMENT0010334,ACC0008889,2026-02-26 10:10:49,1750.12,FIELD,2026-02-10 06:50:48
PAYMENT0000120,ACC0014978,2026-02-26 10:36:49,144611.91,VOICE,2026-02-20 10:34:33
PAYMENT0010772,ACC0028404,2026-02-26 10:50:09,94759.64,VOICE,2026-02-20 05:54:06
PAYMENT0024099,ACC0007385,2026-02-26 11:01:49,40560.63,VOICE,2026-02-09 09:56:15
PAYMENT0011877,ACC0018609,2026-02-26 11:03:33,84194.01,WHATSAPP,2026-01-08 16:28:54
PAYMENT0021954,ACC0007964,2026-02-26 11:04:02,119190.02,VOICE,2026-01-17 18:54:11
PAYMENT0005144,ACC0021056,2026-02-26 11:04:34,41363.92,WHATSAPP,2026-01-23 14:50:02
PAYMENT0013428,ACC0017001,2026-02-26 12:15:20,64511.21,,
PAYMENT0016354,ACC0003682,2026-02-26 12:16:50,124317.22,VOICE,2026-02-21 00:15:18
PAYMENT0003561,ACC0020221,2026-02-26 12:30:51,119180.06,WHATSAPP,2026-02-19 21:32:32
PAYMENT0002960,ACC0008795,2026-02-26 12:49:56,4829.8,,
PAYMENT0023207,ACC0017096,2026-02-26 13:51:31,142412.24,VOICE,2026-01-27 13:34:06
PAYMENT0007858,ACC0015315,2026-02-26 13:59:06,117857.94,WHATSAPP,2026-02-14 07:12:34
PAYMENT0023038,ACC0005176,2026-02-26 14:25:19,142376.38,VOICE,2026-02-04 18:00:32
PAYMENT0009804,ACC0024246,2026-02-26 15:07:02,113739.33,VOICE,2026-02-21 13:15:07
PAYMENT0008668,ACC0025780,2026-02-26 15:51:38,35617.38,WHATSAPP,2026-02-15 01:21:23
PAYMENT0009597,ACC0004226,2026-02-26 15:53:14,141349.91,SMS,2026-02-09 02:41:35
PAYMENT0021628,ACC0007214,2026-02-26 17:21:58,49120.88,VOICE,2026-02-24 14:09:34
PAYMENT0012713,ACC0015236,2026-02-26 18:14:16,51337.36,WHATSAPP,2026-01-19 09:43:54
PAYMENT0013476,ACC0016731,2026-02-26 18:32:41,109030.96,VOICE,2026-02-10 22:57:49
PAYMENT0024521,ACC0012443,2026-02-26 18:54:21,55852.6,WHATSAPP,2026-02-05 21:33:12
PAYMENT0012166,ACC0023451,2026-02-26 18:59:04,146586.57,SMS,2026-01-11 02:39:58
PAYMENT0015986,ACC0004096,2026-02-26 19:57:12,58246.36,VOICE,2026-02-25 18:51:45
PAYMENT0024574,ACC0022810,2026-02-26 20:59:50,120025.63,,
PAYMENT0021698,ACC0008344,2026-02-26 21:11:49,146930.99,,
PAYMENT0017053,ACC0022652,2026-02-26 21:30:40,130542.0,VOICE,2026-01-06 11:19:27
PAYMENT0014096,ACC0015914,2026-02-26 21:40:50,114567.47,SMS,2026-01-02 02:13:19
PAYMENT0006684,ACC0002682,2026-02-26 22:48:08,108247.37,VOICE,2026-02-21 17:35:16
PAYMENT0013890,ACC0015136,2026-02-26 23:12:33,96062.13,WHATSAPP,2026-02-16 12:05:33
PAYMENT0022627,ACC0004922,2026-02-26 23:12:55,140473.89,,
PAYMENT0014865,ACC0014319,2026-02-26 23:17:06,86465.17,WHATSAPP,2026-01-02 15:34:49
PAYMENT0013374,ACC0026393,2026-02-27 00:08:38,140583.43,SMS,2026-01-30 10:59:51
PAYMENT0022030,ACC0010728,2026-02-27 00:55:39,24635.19,VOICE,2026-02-25 19:03:34
PAYMENT0006268,ACC0011135,2026-02-27 01:30:20,112238.59,FIELD,2026-02-08 11:13:33
PAYMENT0017294,ACC0026432,2026-02-27 01:41:54,138919.11,VOICE,2026-02-17 20:17:41
PAYMENT0000724,ACC0017344,2026-02-27 02:56:07,132663.11,FIELD,2026-02-20 19:57:22
PAYMENT0007982,ACC0006628,2026-02-27 04:00:26,87971.58,FIELD,2026-02-13 00:24:05
PAYMENT0007164,ACC0003465,2026-02-27 04:06:46,26519.0,SMS,2026-02-26 09:10:43
PAYMENT0023402,ACC0001049,2026-02-27 04:12:50,76814.76,,
PAYMENT0012195,ACC0029033,2026-02-27 04:17:05,54254.01,FIELD,2026-01-30 20:50:38
PAYMENT0020800,ACC0015255,2026-02-27 04:40:28,131109.42,VOICE,2026-02-24 05:07:45
PAYMENT0009994,ACC0014593,2026-02-27 04:44:09,91092.44,VOICE,2026-02-26 21:30:44
PAYMENT0024056,ACC0018855,2026-02-27 04:47:38,9888.32,VOICE,2026-01-24 16:01:31
PAYMENT0024278,ACC0002092,2026-02-27 06:14:10,6253.31,,
PAYMENT0001964,ACC0000047,2026-02-27 06:19:59,74999.99,VOICE,2026-02-18 23:52:31
PAYMENT0011800,ACC0014032,2026-02-27 06:37:20,101993.01,VOICE,2026-01-03 02:57:49
PAYMENT0003796,ACC0020133,2026-02-27 07:44:17,138770.78,VOICE,2026-01-07 20:15:42
PAYMENT0015708,ACC0012778,2026-02-27 08:09:41,73296.84,SMS,2026-02-16 03:18:43
PAYMENT0022440,ACC0026264,2026-02-27 08:29:06,134153.05,WHATSAPP,2026-02-04 07:00:15
PAYMENT0006888,ACC0013523,2026-02-27 09:04:07,141216.48,SMS,2026-02-04 07:39:13
PAYMENT0021204,ACC0027388,2026-02-27 09:31:10,38560.33,WHATSAPP,2026-02-17 00:09:42
PAYMENT0013602,ACC0006151,2026-02-27 09:38:15,128841.12,SMS,2026-02-18 09:55:37
PAYMENT0020919,ACC0001617,2026-02-27 10:15:36,120017.91,,
PAYMENT0006426,ACC0003290,2026-02-27 11:56:09,21285.79,VOICE,2026-01-08 17:37:06
PAYMENT0001321,ACC0009067,2026-02-27 12:06:56,73671.56,FIELD,2026-01-05 01:35:39
PAYMENT0017096,ACC0017901,2026-02-27 12:53:43,69049.39,WHATSAPP,2026-01-18 09:57:06
PAYMENT0010442,ACC0006476,2026-02-27 13:19:34,36918.94,,
PAYMENT0000921,ACC0008661,2026-02-27 13:20:40,14246.42,VOICE,2026-02-12 03:22:57
PAYMENT0024155,ACC0026974,2026-02-27 15:16:34,31158.91,VOICE,2026-02-04 23:21:59
PAYMENT0012362,ACC0017672,2026-02-27 15:35:21,103483.59,VOICE,2026-02-25 04:11:05
PAYMENT0016070,ACC0000676,2026-02-27 16:00:23,52622.08,SMS,2026-02-17 04:30:33
PAYMENT0021097,ACC0024850,2026-02-27 16:11:38,44224.36,FIELD,2026-02-15 04:30:30
PAYMENT0007938,ACC0012653,2026-02-27 16:22:26,115203.6,VOICE,2026-02-04 15:56:36
PAYMENT0006731,ACC0019531,2026-02-27 16:38:42,137179.81,VOICE,2026-02-07 04:26:29
PAYMENT0000049,ACC0020737,2026-02-27 16:41:48,58541.48,VOICE,2026-01-19 13:41:38
PAYMENT0007188,ACC0002769,2026-02-27 17:30:26,28345.18,VOICE,2026-02-19 12:52:56
PAYMENT0020913,ACC0012574,2026-02-27 17:37:25,37190.33,WHATSAPP,2026-01-13 14:16:25
PAYMENT0012733,ACC0001708,2026-02-27 19:05:12,43239.4,,
PAYMENT0011067,ACC0003494,2026-02-27 20:16:17,124491.35,WHATSAPP,2026-02-27 10:13:47
PAYMENT0022057,ACC0019584,2026-02-27 20:17:50,39374.92,,
PAYMENT0009215,ACC0026980,2026-02-27 20:52:55,80897.98,WHATSAPP,2026-02-24 15:47:16
PAYMENT0001374,ACC0007680,2026-02-27 20:55:46,124327.26,WHATSAPP,2026-01-31 22:27:47
PAYMENT0004208,ACC0021718,2026-02-27 21:30:19,53682.44,VOICE,2026-02-08 10:28:58
PAYMENT0004991,ACC0016643,2026-02-27 22:01:00,50072.85,VOICE,2026-01-30 22:22:08
PAYMENT0009120,ACC0029666,2026-02-27 22:11:05,43316.0,,
PAYMENT0007604,ACC0024101,2026-02-27 22:22:59,122517.54,,
PAYMENT0005337,ACC0019382,2026-02-27 22:34:42,113029.14,WHATSAPP,2026-02-21 05:13:47
PAYMENT0002421,ACC0026230,2026-02-27 22:48:06,55061.16,VOICE,2026-02-20 16:24:59
PAYMENT0003772,ACC0028336,2026-02-27 23:10:22,50587.97,,
PAYMENT0008203,ACC0017094,2026-02-27 23:50:12,71910.61,VOICE,2026-02-09 22:18:33
PAYMENT0023903,ACC0005380,2026-02-28 00:20:09,116125.41,WHATSAPP,2026-02-16 06:43:30
PAYMENT0009355,ACC0018869,2026-02-28 00:32:57,114600.16,VOICE,2026-02-23 20:53:14
PAYMENT0014193,ACC0009755,2026-02-28 00:55:48,5997.82,,
PAYMENT0010948,ACC0010792,2026-02-28 01:31:31,73434.13,,
PAYMENT0021976,ACC0017558,2026-02-28 01:36:43,101098.7,VOICE,2026-02-23 00:46:38
PAYMENT0012639,ACC0017844,2026-02-28 02:14:03,59057.04,WHATSAPP,2026-02-09 19:59:00
PAYMENT0002468,ACC0013426,2026-02-28 02:58:48,103878.11,VOICE,2026-02-15 06:14:13
PAYMENT0010718,ACC0027427,2026-02-28 03:22:44,62978.25,VOICE,2026-02-01 14:54:40
PAYMENT0014807,ACC0025238,2026-02-28 04:08:21,69206.09,,
PAYMENT0002752,ACC0010033,2026-02-28 04:35:33,8952.78,SMS,2026-01-18 15:50:54
PAYMENT0020021,ACC0014682,2026-02-28 06:52:15,94883.31,FIELD,2026-02-17 19:57:15
PAYMENT0019233,ACC0000903,2026-02-28 07:11:46,87117.6,VOICE,2026-02-07 15:12:02
PAYMENT0013696,ACC0029062,2026-02-28 07:13:29,11312.95,WHATSAPP,2026-01-24 13:39:17
PAYMENT0021905,ACC0006528,2026-02-28 07:25:31,70704.13,FIELD,2026-02-02 13:45:56
PAYMENT0011374,ACC0001703,2026-02-28 07:26:43,8301.48,,
PAYMENT0009858,ACC0006297,2026-02-28 07:39:57,130090.36,WHATSAPP,2026-02-17 20:39:25
PAYMENT0006120,ACC0028019,2026-02-28 08:19:10,30895.51,WHATSAPP,2026-02-21 11:25:43
PAYMENT0016791,ACC0015295,2026-02-28 09:03:15,56038.86,WHATSAPP,2026-01-29 23:04:00
PAYMENT0001211,ACC0004277,2026-02-28 09:32:40,46131.07,,
PAYMENT0017987,ACC0027978,2026-02-28 10:01:09,52222.26,,
PAYMENT0022266,ACC0023365,2026-02-28 10:22:13,46190.62,WHATSAPP,2026-02-24 21:01:05
PAYMENT0019398,ACC0000952,2026-02-28 10:32:07,57811.12,VOICE,2026-02-23 20:03:25
PAYMENT0014800,ACC0017087,2026-02-28 11:09:55,112063.91,WHATSAPP,2026-02-13 08:36:41
PAYMENT0023228,ACC0004229,2026-02-28 11:28:41,79177.6,VOICE,2026-01-16 22:58:11
PAYMENT0022442,ACC0001473,2026-02-28 11:48:31,10896.49,FIELD,2026-02-27 02:02:07
PAYMENT0012218,ACC0018555,2026-02-28 11:52:32,104845.39,VOICE,2026-02-06 11:19:58
PAYMENT0020108,ACC0013519,2026-02-28 12:26:41,5943.08,SMS,2026-02-04 05:09:30
PAYMENT0005781,ACC0004562,2026-02-28 12:54:20,46572.86,VOICE,2026-02-13 13:51:24
PAYMENT0002959,ACC0027599,2026-02-28 13:18:04,56951.04,VOICE,2026-01-21 09:25:34
PAYMENT0014620,ACC0019533,2026-02-28 14:08:02,120514.97,WHATSAPP,2026-02-07 06:54:54
PAYMENT0008055,ACC0026032,2026-02-28 14:22:48,107961.92,VOICE,2026-02-22 13:32:58
PAYMENT0020045,ACC0001211,2026-02-28 15:01:58,132574.98,SMS,2026-01-24 01:10:21
PAYMENT0001231,ACC0010608,2026-02-28 16:01:10,102202.89,,
PAYMENT0003227,ACC0016255,2026-02-28 16:07:17,19239.5,WHATSAPP,2026-02-18 23:06:41
PAYMENT0003341,ACC0001254,2026-02-28 16:57:14,139630.85,WHATSAPP,2026-01-08 14:15:18
PAYMENT0003218,ACC0018742,2026-02-28 17:23:07,72326.28,WHATSAPP,2026-02-02 14:09:26
PAYMENT0004539,ACC0005259,2026-02-28 17:26:42,110100.12,FIELD,2026-02-06 17:13:28
PAYMENT0021545,ACC0011798,2026-02-28 18:17:09,31950.67,WHATSAPP,2026-02-23 11:34:22
PAYMENT0020910,ACC0008914,2026-02-28 18:19:38,13620.49,,
PAYMENT0016079,ACC0028418,2026-02-28 18:46:29,122833.49,VOICE,2026-02-27 05:53:58
PAYMENT0018933,ACC0022711,2026-02-28 18:52:30,68826.53,VOICE,2026-02-25 05:56:45
PAYMENT0005856,ACC0010939,2026-02-28 19:13:28,73803.89,FIELD,2026-02-23 17:48:09
PAYMENT0012464,ACC0015923,2026-02-28 19:15:15,77271.02,FIELD,2026-02-18 20:41:15
PAYMENT0016789,ACC0013803,2026-02-28 19:48:28,16200.19,SMS,2026-02-27 09:38:15
PAYMENT0021560,ACC0018305,2026-02-28 20:22:56,1513.27,VOICE,2026-02-27 23:04:23
PAYMENT0006472,ACC0024499,2026-02-28 20:26:21,15482.13,VOICE,2026-01-03 17:25:27
PAYMENT0017812,ACC0007114,2026-02-28 21:54:35,26859.68,,
PAYMENT0018243,ACC0019094,2026-02-28 22:06:39,24931.99,,
PAYMENT0014954,ACC0027773,2026-02-28 22:35:36,23068.22,SMS,2026-02-12 22:18:01
PAYMENT0014737,ACC0011862,2026-02-28 23:05:31,4600.95,FIELD,2026-01-28 14:50:12
PAYMENT0001749,ACC0010194,2026-02-28 23:10:00,13660.81,,
PAYMENT0014921,ACC0012073,2026-02-28 23:24:15,83107.62,SMS,2026-02-25 06:16:20
PAYMENT0006408,ACC0016027,2026-02-28 23:24:16,149746.43,WHATSAPP,2026-02-23 18:08:33
PAYMENT0004531,ACC0019960,2026-02-28 23:57:08,64663.88,FIELD,2026-02-20 00:59:04
PAYMENT0023105,ACC0021136,2026-03-01 01:07:43,68558.52,VOICE,2026-02-25 21:56:37
PAYMENT0017280,ACC0001971,2026-03-01 01:43:08,73270.1,SMS,2026-01-12 10:19:01
PAYMENT0021855,ACC0025169,2026-03-01 03:12:45,57825.81,VOICE,2026-02-26 08:26:35
PAYMENT0018446,ACC0000831,2026-03-01 03:41:33,24300.3,VOICE,2026-02-17 22:25:11
PAYMENT0014703,ACC0001376,2026-03-01 03:43:35,108211.92,,
PAYMENT0020619,ACC0004948,2026-03-01 03:56:50,41974.72,WHATSAPP,2026-02-14 23:35:06
PAYMENT0006099,ACC0019294,2026-03-01 03:57:34,40073.99,VOICE,2026-02-28 02:54:16
PAYMENT0024486,ACC0020752,2026-03-01 05:21:42,127802.0,WHATSAPP,2026-02-09 04:06:11
PAYMENT0018392,ACC0018382,2026-03-01 05:29:22,81997.39,,
PAYMENT0017854,ACC0027986,2026-03-01 05:42:58,66299.3,SMS,2026-02-26 11:29:24
PAYMENT0008955,ACC0021342,2026-03-01 05:59:40,54499.28,WHATSAPP,2026-02-15 21:58:26
PAYMENT0006304,ACC0006929,2026-03-01 07:02:20,44881.19,SMS,2026-02-27 13:40:01
PAYMENT0003461,ACC0004739,2026-03-01 08:02:12,2953.13,SMS,2026-02-19 05:44:58
PAYMENT0011443,ACC0004647,2026-03-01 08:32:07,85814.35,,
PAYMENT0014058,ACC0017537,2026-03-01 08:51:39,85195.2,SMS,2026-02-18 06:11:12
PAYMENT0015459,ACC0014881,2026-03-01 10:11:26,63709.93,FIELD,2026-02-23 02:48:25
PAYMENT0013257,ACC0012104,2026-03-01 10:30:19,92885.44,VOICE,2026-01-20 19:25:26
PAYMENT0020188,ACC0010421,2026-03-01 11:09:49,5486.28,VOICE,2026-01-17 01:35:53
PAYMENT0011244,ACC0026078,2026-03-01 11:11:31,146138.54,WHATSAPP,2026-02-13 07:53:38
PAYMENT0021772,ACC0019690,2026-03-01 11:22:51,29294.72,,
PAYMENT0008761,ACC0008866,2026-03-01 11:29:20,132137.8,SMS,2026-02-06 15:46:43
PAYMENT0000218,ACC0011607,2026-03-01 11:46:47,136130.19,VOICE,2026-02-17 05:57:55
PAYMENT0010136,ACC0013934,2026-03-01 12:21:47,58234.85,SMS,2026-01-13 02:57:12
PAYMENT0005097,ACC0007409,2026-03-01 13:24:32,124277.77,WHATSAPP,2026-02-07 15:50:04
PAYMENT0019504,ACC0025100,2026-03-01 13:56:29,31201.94,,
PAYMENT0003358,ACC0019210,2026-03-01 14:11:57,46877.57,VOICE,2026-02-19 07:34:42
PAYMENT0009980,ACC0018747,2026-03-01 15:09:04,93040.65,WHATSAPP,2026-02-12 05:25:22
PAYMENT0022667,ACC0020472,2026-03-01 15:35:21,4626.78,VOICE,2026-02-16 01:00:15
PAYMENT0022129,ACC0000610,2026-03-01 16:10:34,60209.48,VOICE,2026-02-12 15:16:29
PAYMENT0018436,ACC0020574,2026-03-01 16:21:11,93068.82,VOICE,2026-02-28 14:55:39
PAYMENT0018624,ACC0017190,2026-03-01 16:30:33,29895.42,WHATSAPP,2026-01-13 19:54:57
PAYMENT0020236,ACC0014067,2026-03-01 16:32:18,92764.76,VOICE,2026-01-28 14:49:21
PAYMENT0006150,ACC0024306,2026-03-01 17:51:34,80509.6,SMS,2026-02-14 06:31:59
PAYMENT0010117,ACC0017134,2026-03-01 18:06:49,101436.9,VOICE,2026-03-01 14:35:00
PAYMENT0020686,ACC0006535,2026-03-01 18:15:36,148434.02,WHATSAPP,2026-03-01 07:48:15
PAYMENT0010755,ACC0001894,2026-03-01 19:59:38,18266.73,SMS,2026-02-11 01:11:00
PAYMENT0016066,ACC0024501,2026-03-01 20:26:38,73478.56,SMS,2026-02-17 09:00:51
PAYMENT0020990,ACC0011561,2026-03-01 20:31:27,113719.38,VOICE,2026-02-20 18:16:06
PAYMENT0002883,ACC0024632,2026-03-01 21:28:11,107093.13,,
PAYMENT0021125,ACC0019724,2026-03-01 21:53:20,21755.15,,
PAYMENT0011203,ACC0021093,2026-03-01 21:59:12,15737.26,VOICE,2026-02-09 22:52:13
PAYMENT0008053,ACC0025461,2026-03-01 22:16:01,69729.01,VOICE,2026-02-15 16:15:50
PAYMENT0016712,ACC0004233,2026-03-01 22:19:35,90265.53,VOICE,2026-03-01 08:29:26
PAYMENT0003216,ACC0023475,2026-03-01 22:50:45,10601.68,WHATSAPP,2026-02-03 13:12:05
PAYMENT0005397,ACC0014129,2026-03-01 23:01:40,52823.15,VOICE,2026-02-17 14:00:20
PAYMENT0020528,ACC0020767,2026-03-01 23:30:59,138939.25,SMS,2026-02-16 10:32:31
PAYMENT0011858,ACC0011575,2026-03-01 23:38:17,142065.25,VOICE,2026-02-02 13:35:57
PAYMENT0014238,ACC0005178,2026-03-01 23:43:27,41277.14,FIELD,2026-02-15 14:26:07
PAYMENT0000793,ACC0011121,2026-03-02 00:01:40,71593.92,WHATSAPP,2026-01-24 21:37:38
PAYMENT0002278,ACC0018511,2026-03-02 00:48:57,83507.94,VOICE,2026-01-14 11:18:54
PAYMENT0001692,ACC0025229,2026-03-02 00:52:26,113165.0,FIELD,2026-01-26 00:05:32
PAYMENT0004452,ACC0008857,2026-03-02 01:27:55,33168.29,WHATSAPP,2026-02-19 06:36:43
PAYMENT0003936,ACC0012060,2026-03-02 02:09:44,103647.08,,
PAYMENT0014222,ACC0003892,2026-03-02 02:39:06,118170.95,WHATSAPP,2026-02-11 12:38:09
PAYMENT0010418,ACC0013602,2026-03-02 02:40:31,47445.44,FIELD,2026-02-22 16:34:06
PAYMENT0004794,ACC0020774,2026-03-02 02:41:46,58036.79,VOICE,2026-03-01 23:15:49
PAYMENT0018094,ACC0009298,2026-03-02 03:02:21,143984.59,WHATSAPP,2026-02-16 12:41:09
PAYMENT0010970,ACC0024498,2026-03-02 03:33:08,115360.36,FIELD,2026-02-11 09:17:39
PAYMENT0008001,ACC0002653,2026-03-02 05:00:31,61248.41,WHATSAPP,2026-02-06 06:12:34
PAYMENT0003685,ACC0011883,2026-03-02 05:11:57,59312.15,WHATSAPP,2026-02-25 11:39:36
PAYMENT0006904,ACC0022219,2026-03-02 05:13:06,50487.88,WHATSAPP,2026-02-24 21:05:20
PAYMENT0003928,ACC0014864,2026-03-02 05:57:44,98851.49,FIELD,2026-02-15 20:22:16
PAYMENT0006709,ACC0010378,2026-03-02 06:10:49,65125.48,VOICE,2026-01-19 19:57:44
PAYMENT0018345,ACC0016716,2026-03-02 06:39:21,88990.82,SMS,2026-02-23 20:18:56
PAYMENT0021597,ACC0027231,2026-03-02 08:21:25,62351.22,VOICE,2026-01-23 04:10:31
PAYMENT0010952,ACC0004410,2026-03-02 08:48:18,143792.54,VOICE,2026-02-10 21:35:29
PAYMENT0004402,ACC0026744,2026-03-02 09:21:14,105043.54,FIELD,2026-02-16 03:36:01
PAYMENT0019901,ACC0015134,2026-03-02 09:53:43,116823.41,FIELD,2026-02-19 18:34:38
PAYMENT0005247,ACC0002433,2026-03-02 09:55:25,141399.17,VOICE,2026-02-18 04:39:42
PAYMENT0011153,ACC0023989,2026-03-02 09:56:46,75427.95,WHATSAPP,2026-02-26 14:08:01
PAYMENT0016629,ACC0004370,2026-03-02 09:58:22,123142.29,SMS,2026-01-09 01:01:03
PAYMENT0011310,ACC0004361,2026-03-02 09:59:43,84442.05,VOICE,2026-02-19 06:03:39
PAYMENT0017541,ACC0029609,2026-03-02 10:39:18,90207.26,WHATSAPP,2026-02-26 13:01:25
PAYMENT0016396,ACC0015393,2026-03-02 10:47:34,82098.05,,
PAYMENT0019640,ACC0006894,2026-03-02 11:10:42,140650.98,WHATSAPP,2026-03-02 07:18:07
PAYMENT0010331,ACC0010985,2026-03-02 11:18:57,58636.86,WHATSAPP,2026-01-06 13:47:28
PAYMENT0014313,ACC0010795,2026-03-02 11:45:46,14481.41,SMS,2026-02-25 13:27:16
PAYMENT0011296,ACC0027459,2026-03-02 12:11:35,134304.66,VOICE,2026-01-24 20:04:39
PAYMENT0009785,ACC0001029,2026-03-02 12:17:31,26947.13,SMS,2026-01-20 11:17:25
PAYMENT0013171,ACC0028951,2026-03-02 12:28:16,123875.29,WHATSAPP,2026-01-15 20:24:58
PAYMENT0007960,ACC0027316,2026-03-02 12:31:18,115656.28,WHATSAPP,2026-02-15 19:58:01
PAYMENT0007094,ACC0027175,2026-03-02 13:04:35,19942.65,WHATSAPP,2026-02-17 15:16:57
PAYMENT0002974,ACC0014827,2026-03-02 13:18:52,120146.98,FIELD,2026-01-17 14:19:02
PAYMENT0010003,ACC0013181,2026-03-02 14:30:31,121770.94,,
PAYMENT0011962,ACC0023467,2026-03-02 14:34:50,73337.37,SMS,2026-02-13 18:48:11
PAYMENT0016951,ACC0009920,2026-03-02 14:56:15,123587.95,FIELD,2026-02-22 22:23:23
PAYMENT0023236,ACC0008407,2026-03-02 15:25:12,26347.36,VOICE,2026-02-10 23:49:14
PAYMENT0009301,ACC0008163,2026-03-02 15:57:14,49458.65,VOICE,2026-03-01 18:42:43
PAYMENT0015410,ACC0016934,2026-03-02 16:04:59,19502.63,VOICE,2026-02-26 18:09:25
PAYMENT0020068,ACC0012607,2026-03-02 16:16:23,101818.96,WHATSAPP,2026-02-01 10:28:55
PAYMENT0010127,ACC0018728,2026-03-02 16:24:20,98502.31,,
PAYMENT0007254,ACC0011910,2026-03-02 16:52:55,138578.67,SMS,2026-02-23 02:41:21
PAYMENT0019823,ACC0021530,2026-03-02 17:03:12,39301.81,WHATSAPP,2026-02-27 23:56:49
PAYMENT0024707,ACC0011053,2026-03-02 17:21:36,9309.19,VOICE,2026-03-02 06:01:15
PAYMENT0017781,ACC0029890,2026-03-02 17:35:38,135638.84,VOICE,2026-02-09 14:55:48
PAYMENT0017113,ACC0011638,2026-03-02 17:36:47,55716.85,WHATSAPP,2026-02-25 08:16:28
PAYMENT0005167,ACC0024966,2026-03-02 17:43:04,53809.51,VOICE,2026-01-10 00:23:08
PAYMENT0009344,ACC0002872,2026-03-02 18:38:58,148669.2,VOICE,2026-02-07 18:23:49
PAYMENT0017802,ACC0025027,2026-03-02 18:55:39,123691.24,VOICE,2026-02-06 05:56:34
PAYMENT0022115,ACC0001800,2026-03-02 19:27:54,21537.85,WHATSAPP,2026-02-13 08:22:04
PAYMENT0002326,ACC0002184,2026-03-02 20:03:12,139055.82,FIELD,2026-03-02 01:18:29
PAYMENT0013249,ACC0010584,2026-03-02 20:07:13,134980.78,FIELD,2026-03-01 14:04:23
PAYMENT0022452,ACC0002529,2026-03-02 20:07:56,140734.22,VOICE,2026-01-27 16:51:01
PAYMENT0012090,ACC0000445,2026-03-02 20:37:20,91564.2,VOICE,2026-02-11 11:25:06
PAYMENT0012383,ACC0028240,2026-03-02 20:55:17,62512.72,SMS,2026-01-22 01:18:34
PAYMENT0005082,ACC0013850,2026-03-02 21:00:23,80324.17,SMS,2026-02-09 12:29:05
PAYMENT0009217,ACC0014487,2026-03-02 21:21:19,106751.74,,
PAYMENT0002314,ACC0007886,2026-03-02 21:28:31,23990.33,,
PAYMENT0003066,ACC0017573,2026-03-02 21:49:46,108246.22,SMS,2026-02-22 13:19:33
PAYMENT0002924,ACC0016920,2026-03-02 22:00:35,123784.2,SMS,2026-01-12 18:41:26
PAYMENT0019984,ACC0004529,2026-03-02 22:13:55,76205.58,WHATSAPP,2026-02-17 00:03:23
PAYMENT0003903,ACC0014967,2026-03-02 22:43:20,25291.65,SMS,2026-02-19 06:42:10
PAYMENT0005485,ACC0009805,2026-03-02 23:43:13,7182.68,WHATSAPP,2026-02-26 11:05:05
PAYMENT0011388,ACC0025690,2026-03-02 23:43:27,85727.71,,
PAYMENT0013412,ACC0023642,2026-03-02 23:44:53,134213.51,FIELD,2026-02-04 14:11:28
PAYMENT0006681,ACC0024411,2026-03-03 00:00:20,26337.74,FIELD,2026-02-04 05:00:53
PAYMENT0018580,ACC0008953,2026-03-03 00:05:26,109008.6,VOICE,2026-01-02 20:51:02
PAYMENT0021716,ACC0016778,2026-03-03 00:49:06,14605.98,,
PAYMENT0020198,ACC0012612,2026-03-03 01:55:41,123727.75,,
PAYMENT0001260,ACC0016020,2026-03-03 02:06:40,99224.37,WHATSAPP,2026-02-10 20:14:37
PAYMENT0010339,ACC0020497,2026-03-03 02:22:32,50239.4,SMS,2026-01-27 09:37:42
PAYMENT0005606,ACC0025226,2026-03-03 03:08:10,111677.51,,
PAYMENT0024131,ACC0017148,2026-03-03 03:20:16,13029.08,WHATSAPP,2026-02-27 21:14:40
PAYMENT0011778,ACC0020068,2026-03-03 03:35:18,146523.46,VOICE,2026-02-26 00:35:37
PAYMENT0022557,ACC0023134,2026-03-03 03:39:35,48753.76,,
PAYMENT0004349,ACC0003266,2026-03-03 04:23:33,3959.41,WHATSAPP,2026-02-03 07:47:20
PAYMENT0009477,ACC0003411,2026-03-03 05:12:29,35110.84,,
PAYMENT0000005,ACC0001770,2026-03-03 06:08:23,115148.46,WHATSAPP,2026-02-09 18:03:12
PAYMENT0022270,ACC0023719,2026-03-03 06:08:33,104994.96,WHATSAPP,2026-02-05 17:25:20
PAYMENT0011544,ACC0011389,2026-03-03 07:03:53,115807.1,WHATSAPP,2026-02-18 20:53:19
PAYMENT0005032,ACC0006052,2026-03-03 07:21:05,40923.21,WHATSAPP,2026-01-19 03:30:41
PAYMENT0023068,ACC0003952,2026-03-03 07:21:07,107836.83,VOICE,2026-02-02 03:18:18
PAYMENT0010079,ACC0021794,2026-03-03 07:32:24,109328.84,SMS,2026-01-30 06:36:10
PAYMENT0006385,ACC0006381,2026-03-03 07:40:14,90170.13,VOICE,2026-02-13 19:34:52
PAYMENT0014076,ACC0011551,2026-03-03 07:54:53,140149.0,VOICE,2026-02-16 03:49:45
PAYMENT0018159,ACC0001435,2026-03-03 08:18:43,27376.28,VOICE,2026-01-09 16:06:00
PAYMENT0011309,ACC0011780,2026-03-03 08:25:38,4456.46,WHATSAPP,2026-02-16 19:46:02
PAYMENT0021900,ACC0002517,2026-03-03 08:41:24,24571.05,WHATSAPP,2026-01-04 02:13:56
PAYMENT0020672,ACC0015255,2026-03-03 09:18:03,123456.5,VOICE,2026-02-24 05:07:45
PAYMENT0021476,ACC0029694,2026-03-03 10:16:08,127566.92,VOICE,2026-02-24 18:42:43
PAYMENT0019939,ACC0024496,2026-03-03 10:30:53,87201.59,VOICE,2026-01-14 03:27:53
PAYMENT0013917,ACC0018129,2026-03-03 10:56:23,42947.21,VOICE,2026-02-03 15:16:16
PAYMENT0008787,ACC0026964,2026-03-03 11:10:38,106791.86,VOICE,2026-02-20 03:04:03
PAYMENT0001446,ACC0007973,2026-03-03 11:15:42,38522.92,VOICE,2026-01-02 00:37:21
PAYMENT0022521,ACC0021888,2026-03-03 11:16:25,106626.13,WHATSAPP,2026-01-29 06:09:11
PAYMENT0002597,ACC0024136,2026-03-03 11:22:59,37311.61,,
PAYMENT0007899,ACC0011402,2026-03-03 12:44:15,87895.66,FIELD,2026-02-15 22:33:02
PAYMENT0018340,ACC0026479,2026-03-03 12:59:06,33534.85,WHATSAPP,2026-02-14 08:45:23
PAYMENT0009245,ACC0011412,2026-03-03 13:17:44,79945.39,SMS,2026-01-26 00:16:34
PAYMENT0003468,ACC0005960,2026-03-03 13:22:47,123159.6,WHATSAPP,2026-02-07 07:34:40
PAYMENT0007677,ACC0017998,2026-03-03 14:03:17,62994.81,SMS,2026-02-03 04:30:35
PAYMENT0009849,ACC0020741,2026-03-03 14:14:32,82637.3,VOICE,2026-01-21 19:45:33
PAYMENT0018359,ACC0014978,2026-03-03 17:02:08,148064.02,VOICE,2026-02-20 10:34:33
PAYMENT0015796,ACC0008159,2026-03-03 17:22:07,106836.48,SMS,2026-02-21 16:31:20
PAYMENT0017853,ACC0010066,2026-03-03 19:30:15,29663.22,FIELD,2026-02-19 17:03:17
PAYMENT0012802,ACC0007810,2026-03-03 19:30:25,116739.74,VOICE,2026-02-18 00:38:54
PAYMENT0019146,ACC0001172,2026-03-03 19:32:25,84225.33,VOICE,2026-03-03 13:15:56
PAYMENT0015812,ACC0012145,2026-03-03 19:35:15,136919.24,WHATSAPP,2026-02-22 12:22:02
PAYMENT0022886,ACC0001036,2026-03-03 21:07:15,45320.33,VOICE,2026-01-31 11:55:30
PAYMENT0017472,ACC0017953,2026-03-03 21:40:39,47834.68,VOICE,2026-02-13 14:38:39
PAYMENT0019315,ACC0008442,2026-03-03 21:43:31,113450.1,WHATSAPP,2026-02-12 19:34:27
PAYMENT0017237,ACC0005335,2026-03-03 22:32:59,82150.18,SMS,2026-01-29 08:20:46
PAYMENT0003372,ACC0023037,2026-03-03 22:37:09,124690.87,SMS,2026-02-07 10:13:37
PAYMENT0001891,ACC0003671,2026-03-03 22:55:26,29918.04,VOICE,2026-01-30 17:12:13
PAYMENT0021984,ACC0003132,2026-03-04 00:10:39,117780.79,WHATSAPP,2026-02-04 13:12:35
PAYMENT0017361,ACC0021037,2026-03-04 00:24:35,1841.14,FIELD,2026-03-01 18:58:42
PAYMENT0022801,ACC0028937,2026-03-04 00:51:27,1145.9,VOICE,2026-02-13 03:56:24
PAYMENT0009600,ACC0016648,2026-03-04 01:01:45,60963.11,SMS,2026-03-01 05:57:03
PAYMENT0019696,ACC0002499,2026-03-04 01:55:38,86114.04,VOICE,2026-02-12 21:50:10
PAYMENT0003236,ACC0007920,2026-03-04 01:55:45,94845.31,SMS,2026-02-09 06:55:30
PAYMENT0014511,ACC0029264,2026-03-04 02:01:03,47898.46,WHATSAPP,2026-02-25 04:25:21
PAYMENT0016161,ACC0014613,2026-03-04 02:14:06,391.18,VOICE,2026-03-03 00:09:50
PAYMENT0016816,ACC0021787,2026-03-04 02:16:42,16673.13,SMS,2026-03-02 05:56:50
PAYMENT0018173,ACC0025099,2026-03-04 03:16:05,20408.77,WHATSAPP,2026-02-14 18:56:21
PAYMENT0022140,ACC0016438,2026-03-04 03:29:36,75564.07,VOICE,2026-01-13 15:23:16
PAYMENT0012087,ACC0000744,2026-03-04 03:59:31,41501.15,SMS,2026-01-24 21:43:43
PAYMENT0017452,ACC0024073,2026-03-04 04:12:16,63626.15,SMS,2026-01-14 15:38:47
PAYMENT0002640,ACC0020765,2026-03-04 04:30:20,145308.92,,
PAYMENT0014772,ACC0019687,2026-03-04 04:37:05,131599.18,WHATSAPP,2026-03-03 20:44:15
PAYMENT0009341,ACC0022034,2026-03-04 04:51:03,90827.16,SMS,2026-02-13 02:33:07
PAYMENT0018555,ACC0026605,2026-03-04 05:09:58,44940.0,WHATSAPP,2026-02-28 19:18:46
PAYMENT0013791,ACC0005685,2026-03-04 05:37:17,62448.15,VOICE,2026-03-04 00:16:18
PAYMENT0006286,ACC0024813,2026-03-04 05:48:02,65615.95,FIELD,2026-01-12 07:19:03
PAYMENT0022799,ACC0025521,2026-03-04 05:55:36,129708.33,WHATSAPP,2026-02-21 22:47:13
PAYMENT0014010,ACC0020043,2026-03-04 06:15:08,12782.11,WHATSAPP,2026-02-10 06:40:19
PAYMENT0003659,ACC0014205,2026-03-04 06:19:44,53752.91,FIELD,2026-01-26 04:40:07
PAYMENT0015220,ACC0012625,2026-03-04 06:21:28,143925.0,WHATSAPP,2026-02-25 13:10:08
PAYMENT0001833,ACC0007251,2026-03-04 06:54:02,10113.11,SMS,2026-02-27 14:36:09
PAYMENT0024287,ACC0026032,2026-03-04 08:21:35,12848.08,VOICE,2026-02-22 13:32:58
PAYMENT0017226,ACC0007909,2026-03-04 08:27:03,17909.17,VOICE,2026-02-23 12:58:53
PAYMENT0012734,ACC0006265,2026-03-04 08:49:04,119312.88,SMS,2026-01-23 02:58:24
PAYMENT0021123,ACC0015434,2026-03-04 09:04:56,37225.55,VOICE,2026-02-25 04:00:14
PAYMENT0003277,ACC0017325,2026-03-04 09:20:01,15977.14,,
PAYMENT0012788,ACC0022734,2026-03-04 09:39:21,46003.96,SMS,2026-02-18 19:46:04
PAYMENT0006977,ACC0012176,2026-03-04 10:29:08,77397.05,SMS,2026-01-16 12:43:06
PAYMENT0005842,ACC0012333,2026-03-04 10:37:29,96766.16,VOICE,2026-02-23 11:26:50
PAYMENT0001206,ACC0010587,2026-03-04 10:47:37,51616.1,,
PAYMENT0019846,ACC0007929,2026-03-04 11:25:45,122869.87,FIELD,2026-01-23 14:20:21
PAYMENT0004361,ACC0011345,2026-03-04 11:34:11,104325.89,WHATSAPP,2026-02-06 13:28:45
PAYMENT0021259,ACC0011752,2026-03-04 11:42:16,10667.45,VOICE,2026-02-13 02:29:02
PAYMENT0001350,ACC0004333,2026-03-04 12:40:58,123891.24,VOICE,2026-02-25 18:18:31
PAYMENT0018052,ACC0029523,2026-03-04 12:55:15,36532.86,SMS,2026-02-16 21:45:49
PAYMENT0006006,ACC0020462,2026-03-04 12:57:57,134684.98,VOICE,2026-02-16 23:55:51
PAYMENT0005064,ACC0001376,2026-03-04 13:20:58,113118.86,,
PAYMENT0011758,ACC0014065,2026-03-04 14:01:43,116106.9,VOICE,2026-01-22 06:36:10
PAYMENT0009693,ACC0013819,2026-03-04 14:22:30,118591.02,WHATSAPP,2026-02-26 17:11:58
PAYMENT0000070,ACC0000971,2026-03-04 14:22:37,77453.18,VOICE,2026-01-12 04:13:53
PAYMENT0015911,ACC0027018,2026-03-04 14:36:31,109456.63,SMS,2026-02-18 16:02:49
PAYMENT0002524,ACC0021919,2026-03-04 14:37:54,71050.66,VOICE,2026-03-01 14:11:01
PAYMENT0011616,ACC0001803,2026-03-04 14:45:30,78140.7,VOICE,2026-01-23 05:38:24
PAYMENT0016398,ACC0027895,2026-03-04 15:00:53,102017.73,VOICE,2026-03-03 10:09:17
PAYMENT0007861,ACC0008659,2026-03-04 15:05:37,7016.88,,
PAYMENT0019968,ACC0010079,2026-03-04 15:35:49,110828.3,VOICE,2026-01-17 23:16:42
PAYMENT0015290,ACC0025032,2026-03-04 15:37:24,137980.82,SMS,2026-02-16 04:20:13
PAYMENT0008499,ACC0015798,2026-03-04 16:29:37,97448.32,SMS,2026-03-01 13:05:39
PAYMENT0013715,ACC0029357,2026-03-04 16:58:59,33562.96,VOICE,2026-01-17 01:38:38
PAYMENT0012392,ACC0018158,2026-03-04 17:36:03,18625.16,SMS,2026-02-25 02:56:06
PAYMENT0006831,ACC0003075,2026-03-04 17:49:56,140203.32,SMS,2026-01-24 17:36:13
PAYMENT0007202,ACC0006224,2026-03-04 18:11:48,86195.41,VOICE,2026-02-28 08:57:11
PAYMENT0008956,ACC0005292,2026-03-04 19:06:29,31128.04,,
PAYMENT0007020,ACC0017969,2026-03-04 19:42:32,70406.51,FIELD,2026-03-02 10:42:25
PAYMENT0010898,ACC0006042,2026-03-04 19:56:19,108049.57,SMS,2026-03-02 14:24:12
PAYMENT0017363,ACC0006901,2026-03-04 20:03:50,42967.07,VOICE,2026-02-07 14:21:24
PAYMENT0014097,ACC0027079,2026-03-04 20:48:58,109367.17,VOICE,2026-03-01 13:19:06
PAYMENT0012356,ACC0018716,2026-03-04 23:10:42,87986.96,SMS,2026-02-22 18:04:50
PAYMENT0013752,ACC0003654,2026-03-04 23:27:00,89411.1,VOICE,2026-03-01 22:11:20
PAYMENT0021361,ACC0029523,2026-03-04 23:28:49,42616.08,SMS,2026-02-16 21:45:49
PAYMENT0017066,ACC0010656,2026-03-04 23:51:00,14804.7,VOICE,2026-02-25 23:02:43
PAYMENT0006353,ACC0028999,2026-03-05 00:01:54,93657.72,VOICE,2026-03-04 07:18:33
PAYMENT0021402,ACC0005433,2026-03-05 00:03:21,5143.69,VOICE,2026-03-03 11:55:19
PAYMENT0002838,ACC0022701,2026-03-05 00:42:40,53993.15,SMS,2026-02-12 08:30:43
PAYMENT0009216,ACC0015324,2026-03-05 01:15:01,105776.59,VOICE,2026-03-02 16:30:51
PAYMENT0008796,ACC0022736,2026-03-05 01:51:54,61170.6,VOICE,2026-03-04 22:59:08
PAYMENT0024126,ACC0023079,2026-03-05 02:08:09,124951.21,WHATSAPP,2026-02-27 11:43:53
PAYMENT0013397,ACC0010972,2026-03-05 02:20:41,132096.97,SMS,2026-02-19 02:50:24
PAYMENT0020181,ACC0002359,2026-03-05 02:21:01,115966.53,VOICE,2026-03-02 15:57:52
PAYMENT0014293,ACC0001985,2026-03-05 03:01:02,87982.6,VOICE,2026-01-15 15:08:56
PAYMENT0006077,ACC0009488,2026-03-05 03:38:08,145981.74,VOICE,2026-01-08 12:29:36
PAYMENT0008530,ACC0022028,2026-03-05 03:41:39,81142.54,WHATSAPP,2026-01-28 21:38:44
PAYMENT0020488,ACC0028944,2026-03-05 05:19:58,11259.71,SMS,2026-01-31 11:08:50
PAYMENT0021215,ACC0011474,2026-03-05 05:31:00,138496.63,VOICE,2026-02-15 23:24:37
PAYMENT0013817,ACC0004777,2026-03-05 05:50:00,23501.76,SMS,2026-01-02 09:27:50
PAYMENT0004875,ACC0006651,2026-03-05 06:04:57,114040.35,WHATSAPP,2026-02-08 06:17:57
PAYMENT0017574,ACC0026855,2026-03-05 06:29:12,39929.28,VOICE,2026-01-05 00:59:30
PAYMENT0016385,ACC0025774,2026-03-05 06:44:12,106936.72,WHATSAPP,2026-02-21 01:01:54
PAYMENT0011129,ACC0014994,2026-03-05 06:51:44,66118.53,VOICE,2026-02-10 06:07:42
PAYMENT0009191,ACC0005966,2026-03-05 08:02:08,84060.47,VOICE,2026-02-16 00:38:28
PAYMENT0004271,ACC0015911,2026-03-05 09:14:58,112293.22,WHATSAPP,2026-03-01 11:18:44
PAYMENT0017917,ACC0016437,2026-03-05 10:05:24,133973.03,VOICE,2026-02-24 19:39:08
PAYMENT0003913,ACC0014613,2026-03-05 12:27:03,34935.14,VOICE,2026-03-03 00:09:50
PAYMENT0010450,ACC0008188,2026-03-05 12:35:51,86884.51,WHATSAPP,2026-03-04 23:57:40
PAYMENT0013140,ACC0011765,2026-03-05 12:50:14,79631.21,WHATSAPP,2026-01-07 13:22:43
PAYMENT0015296,ACC0008783,2026-03-05 13:43:52,149223.86,VOICE,2026-02-24 01:56:03
PAYMENT0008624,ACC0029956,2026-03-05 14:22:38,94011.75,WHATSAPP,2026-01-30 09:39:23
PAYMENT0002894,ACC0010094,2026-03-05 14:23:56,82052.48,FIELD,2026-02-27 16:36:38
PAYMENT0009354,ACC0017360,2026-03-05 14:32:59,92831.16,VOICE,2026-02-21 08:45:28
PAYMENT0003158,ACC0027871,2026-03-05 15:46:59,11351.95,VOICE,2026-01-30 05:09:28
PAYMENT0003083,ACC0010117,2026-03-05 15:57:50,71613.07,,
PAYMENT0023678,ACC0016845,2026-03-05 16:07:23,22170.74,SMS,2026-02-10 23:54:42
PAYMENT0011632,ACC0022932,2026-03-05 16:37:31,131918.22,VOICE,2026-01-29 22:00:03
PAYMENT0018737,ACC0023727,2026-03-05 16:41:17,120897.47,SMS,2026-02-25 13:22:12
PAYMENT0018011,ACC0010801,2026-03-05 16:50:04,74753.73,SMS,2026-02-25 20:32:07
PAYMENT0009189,ACC0011857,2026-03-05 16:51:10,18353.3,VOICE,2026-03-04 07:50:39
PAYMENT0016225,ACC0025538,2026-03-05 17:27:37,33094.03,SMS,2026-01-30 22:49:14
PAYMENT0011700,ACC0014890,2026-03-05 18:33:56,13209.81,VOICE,2026-02-19 16:32:42
PAYMENT0004744,ACC0007613,2026-03-05 18:35:39,7394.63,FIELD,2026-02-12 22:20:14
PAYMENT0006346,ACC0004229,2026-03-05 19:13:34,35724.12,VOICE,2026-01-16 22:58:11
PAYMENT0023679,ACC0024105,2026-03-05 19:21:12,56399.25,VOICE,2026-01-20 12:34:59
PAYMENT0003765,ACC0019884,2026-03-05 19:37:57,84159.29,WHATSAPP,2026-03-01 13:54:17
PAYMENT0018421,ACC0011448,2026-03-05 19:41:11,123282.1,VOICE,2026-02-01 11:15:20
PAYMENT0020017,ACC0019296,2026-03-05 20:00:24,146188.52,VOICE,2026-03-04 19:54:30
PAYMENT0000697,ACC0020295,2026-03-05 20:14:01,79254.16,VOICE,2026-01-21 04:10:04
PAYMENT0015114,ACC0012937,2026-03-05 20:19:23,133714.31,WHATSAPP,2026-02-07 04:19:02
PAYMENT0005160,ACC0014261,2026-03-05 20:26:24,114187.54,VOICE,2026-02-03 02:32:27
PAYMENT0000392,ACC0006436,2026-03-05 22:16:40,17926.28,FIELD,2026-02-18 06:42:09
PAYMENT0011028,ACC0005053,2026-03-05 23:09:15,47158.92,VOICE,2026-02-23 16:10:04
PAYMENT0011485,ACC0009969,2026-03-06 00:39:48,56961.19,SMS,2026-01-30 08:48:32
PAYMENT0002515,ACC0025356,2026-03-06 00:50:50,32155.86,WHATSAPP,2026-03-05 13:42:44
PAYMENT0014845,ACC0006922,2026-03-06 02:04:39,4727.66,VOICE,2026-01-23 01:18:30
PAYMENT0009791,ACC0029423,2026-03-06 05:20:20,146425.09,VOICE,2026-02-10 13:31:14
PAYMENT0021494,ACC0025735,2026-03-06 05:21:18,140453.47,VOICE,2026-03-03 03:35:36
PAYMENT0000871,ACC0002954,2026-03-06 05:38:28,142080.37,VOICE,2026-02-28 23:58:57
PAYMENT0016002,ACC0016458,2026-03-06 05:47:08,69092.99,VOICE,2026-02-17 01:20:07
PAYMENT0011201,ACC0009187,2026-03-06 06:02:50,53319.4,SMS,2026-02-22 09:50:58
PAYMENT0014297,ACC0025213,2026-03-06 07:02:49,86512.29,,
PAYMENT0015349,ACC0019873,2026-03-06 07:50:36,139481.26,WHATSAPP,2026-02-06 06:03:42
PAYMENT0009292,ACC0020713,2026-03-06 08:11:38,40823.2,VOICE,2026-02-28 05:28:38
PAYMENT0003321,ACC0002569,2026-03-06 09:02:06,146414.31,,
PAYMENT0024057,ACC0015893,2026-03-06 09:05:10,33230.74,VOICE,2026-02-19 19:49:49
PAYMENT0012919,ACC0016632,2026-03-06 09:46:42,99144.59,FIELD,2026-02-08 03:12:46
PAYMENT0024329,ACC0006980,2026-03-06 10:06:04,128961.94,VOICE,2026-02-22 07:16:37
PAYMENT0018167,ACC0001664,2026-03-06 11:06:25,147037.46,VOICE,2026-03-02 18:13:05
PAYMENT0014947,ACC0013293,2026-03-06 11:15:03,4884.4,VOICE,2026-01-12 22:30:37
PAYMENT0022258,ACC0026883,2026-03-06 11:48:36,148027.08,SMS,2026-01-24 18:25:54
PAYMENT0003102,ACC0000692,2026-03-06 11:53:47,112186.01,VOICE,2026-03-04 06:43:18
PAYMENT0008046,ACC0016685,2026-03-06 12:02:19,71303.44,,
PAYMENT0008929,ACC0002271,2026-03-06 12:09:51,137949.95,,
PAYMENT0017642,ACC0017202,2026-03-06 12:26:43,13336.67,WHATSAPP,2026-03-04 17:13:08
PAYMENT0012306,ACC0024006,2026-03-06 12:44:37,90895.91,,
PAYMENT0005112,ACC0015024,2026-03-06 12:45:54,80050.91,VOICE,2026-02-25 20:39:53
PAYMENT0007879,ACC0028142,2026-03-06 13:00:33,123344.1,WHATSAPP,2026-01-26 16:50:32
PAYMENT0008746,ACC0024930,2026-03-06 13:04:24,122679.13,VOICE,2026-02-22 07:45:30
PAYMENT0003794,ACC0013709,2026-03-06 13:04:31,123890.76,VOICE,2026-02-14 14:01:03
PAYMENT0005878,ACC0006047,2026-03-06 13:57:51,121108.47,SMS,2026-01-01 04:35:14
PAYMENT0004056,ACC0004967,2026-03-06 15:12:24,119052.26,WHATSAPP,2026-02-08 16:27:15
PAYMENT0010008,ACC0016075,2026-03-06 15:23:21,25681.34,VOICE,2026-03-02 08:22:15
PAYMENT0021128,ACC0007190,2026-03-06 15:29:18,124854.98,WHATSAPP,2026-01-18 21:29:41
PAYMENT0017483,ACC0009962,2026-03-06 16:46:47,39677.12,VOICE,2026-02-14 01:27:46
PAYMENT0001994,ACC0005898,2026-03-06 16:59:00,75493.21,WHATSAPP,2026-03-03 19:55:25
PAYMENT0001068,ACC0025921,2026-03-06 17:30:34,119947.93,WHATSAPP,2026-02-27 19:39:44
PAYMENT0016486,ACC0011134,2026-03-06 17:56:05,81601.19,VOICE,2026-02-25 20:34:32
PAYMENT0010685,ACC0007200,2026-03-06 18:05:36,51714.49,SMS,2026-02-27 11:44:50
PAYMENT0018425,ACC0007876,2026-03-06 18:31:11,27627.94,WHATSAPP,2026-02-25 23:01:51
PAYMENT0023683,ACC0014911,2026-03-06 18:47:26,15852.45,VOICE,2026-01-27 17:26:33
PAYMENT0021690,ACC0025022,2026-03-06 18:48:30,147563.42,WHATSAPP,2026-03-04 07:52:53
PAYMENT0023100,ACC0018234,2026-03-06 19:06:53,42234.54,FIELD,2026-02-03 17:02:40
PAYMENT0001857,ACC0015011,2026-03-06 19:09:52,10617.21,VOICE,2026-02-15 05:59:07
PAYMENT0022259,ACC0025817,2026-03-06 19:45:51,140925.34,FIELD,2026-02-27 22:07:14
PAYMENT0012302,ACC0022751,2026-03-06 19:52:39,49608.8,FIELD,2026-01-29 15:50:50
PAYMENT0012342,ACC0015723,2026-03-06 20:33:18,136942.28,VOICE,2026-02-26 07:27:20
PAYMENT0006288,ACC0025841,2026-03-06 21:05:50,48486.4,SMS,2026-01-29 19:02:20
PAYMENT0015021,ACC0013097,2026-03-06 22:31:57,94860.4,WHATSAPP,2026-03-04 20:39:35
PAYMENT0019420,ACC0013403,2026-03-06 22:41:42,114977.04,,
PAYMENT0017145,ACC0023307,2026-03-06 22:47:15,39207.11,VOICE,2026-01-18 12:31:29
PAYMENT0000763,ACC0012690,2026-03-06 23:05:55,64191.63,VOICE,2026-02-14 20:27:53
PAYMENT0008721,ACC0027431,2026-03-06 23:52:38,36069.34,SMS,2026-03-06 19:58:18
PAYMENT0023756,ACC0029503,2026-03-07 00:39:43,114180.65,SMS,2026-02-17 00:43:51
PAYMENT0010082,ACC0010123,2026-03-07 00:49:13,133908.36,WHATSAPP,2026-01-27 06:30:50
PAYMENT0019537,ACC0015728,2026-03-07 01:02:31,47679.36,WHATSAPP,2026-02-03 04:39:54
PAYMENT0016456,ACC0009092,2026-03-07 02:05:31,20962.35,FIELD,2026-02-25 06:14:47
PAYMENT0021706,ACC0026491,2026-03-07 02:42:43,148779.17,SMS,2026-02-21 11:03:34
PAYMENT0019615,ACC0006039,2026-03-07 02:51:23,36517.04,WHATSAPP,2026-03-04 10:27:45
PAYMENT0016049,ACC0006077,2026-03-07 03:23:20,11009.57,SMS,2026-02-19 09:43:00
PAYMENT0005792,ACC0026202,2026-03-07 05:46:48,85234.96,SMS,2026-02-26 14:53:13
PAYMENT0015740,ACC0008055,2026-03-07 05:46:59,21999.86,VOICE,2026-02-27 10:34:45
PAYMENT0022264,ACC0015357,2026-03-07 06:24:03,129660.8,VOICE,2026-01-14 03:17:30
PAYMENT0013967,ACC0019068,2026-03-07 06:59:28,75052.7,FIELD,2026-03-03 12:53:59
PAYMENT0008555,ACC0004502,2026-03-07 07:45:56,30155.68,VOICE,2026-03-01 19:30:37
PAYMENT0022073,ACC0005606,2026-03-07 07:53:07,39922.58,FIELD,2026-02-19 09:06:32
PAYMENT0004450,ACC0012203,2026-03-07 08:38:31,64823.56,FIELD,2026-02-18 06:25:24
PAYMENT0009326,ACC0025082,2026-03-07 08:38:55,59657.24,WHATSAPP,2026-02-06 09:23:45
PAYMENT0012051,ACC0009511,2026-03-07 08:43:09,27837.42,VOICE,2026-01-27 21:07:39
PAYMENT0021962,ACC0016448,2026-03-07 10:22:51,66729.8,,
PAYMENT0009613,ACC0028821,2026-03-07 10:47:52,18842.96,WHATSAPP,2026-01-18 14:07:53
PAYMENT0012091,ACC0009025,2026-03-07 10:54:28,114491.36,VOICE,2026-02-08 10:33:25
PAYMENT0000857,ACC0004616,2026-03-07 12:42:41,68566.09,VOICE,2026-01-05 07:59:10
PAYMENT0023299,ACC0003391,2026-03-07 12:49:20,51944.94,SMS,2026-01-07 08:29:03
PAYMENT0009102,ACC0018986,2026-03-07 13:23:30,21673.41,FIELD,2026-02-01 20:49:00
PAYMENT0023267,ACC0002605,2026-03-07 13:26:24,84252.65,VOICE,2026-02-21 16:18:53
PAYMENT0024238,ACC0028551,2026-03-07 13:40:54,24628.99,VOICE,2026-03-01 17:25:52
PAYMENT0003471,ACC0012639,2026-03-07 13:49:11,101942.97,SMS,2026-02-22 14:51:17
PAYMENT0007788,ACC0004549,2026-03-07 14:01:20,133787.57,VOICE,2026-02-26 23:03:35
PAYMENT0013850,ACC0002583,2026-03-07 15:05:27,68696.34,,
PAYMENT0007405,ACC0002343,2026-03-07 15:28:49,97576.9,VOICE,2026-02-01 19:29:49
PAYMENT0016365,ACC0020188,2026-03-07 15:33:21,146357.89,VOICE,2026-02-10 09:36:26
PAYMENT0002042,ACC0024935,2026-03-07 15:34:36,24372.09,VOICE,2026-01-28 06:21:32
PAYMENT0000719,ACC0003505,2026-03-07 15:35:46,103993.62,VOICE,2026-02-16 14:12:23
PAYMENT0009934,ACC0007703,2026-03-07 16:21:34,106536.98,VOICE,2026-02-20 23:23:55
PAYMENT0019359,ACC0021675,2026-03-07 16:23:51,62238.23,WHATSAPP,2026-02-11 20:44:54
PAYMENT0019544,ACC0018321,2026-03-07 16:55:16,28651.89,SMS,2026-02-26 18:33:36
PAYMENT0007102,ACC0008167,2026-03-07 17:44:28,135810.77,VOICE,2026-03-07 14:46:53
PAYMENT0016061,ACC0019946,2026-03-07 18:16:57,44748.15,VOICE,2026-02-15 21:09:33
PAYMENT0013378,ACC0003890,2026-03-07 19:17:05,48355.39,WHATSAPP,2026-02-08 07:26:34
PAYMENT0014950,ACC0019770,2026-03-07 19:52:15,107002.77,VOICE,2026-03-05 03:29:41
PAYMENT0019850,ACC0017974,2026-03-07 21:03:33,145959.36,WHATSAPP,2026-02-22 19:34:33
PAYMENT0002106,ACC0002556,2026-03-07 21:32:56,85542.39,,
PAYMENT0018679,ACC0028986,2026-03-07 21:43:44,3018.29,VOICE,2026-02-27 10:04:49
PAYMENT0006038,ACC0009088,2026-03-07 22:29:44,92563.84,VOICE,2026-02-18 23:07:52
PAYMENT0008865,ACC0019362,2026-03-07 23:23:26,106724.3,,
PAYMENT0021138,ACC0010702,2026-03-08 00:33:10,23437.71,SMS,2026-03-02 05:01:00
PAYMENT0005029,ACC0019962,2026-03-08 00:45:10,112162.93,WHATSAPP,2026-01-28 04:29:26
PAYMENT0017597,ACC0020800,2026-03-08 01:04:23,80783.79,SMS,2026-02-22 14:07:53
PAYMENT0014707,ACC0005399,2026-03-08 01:05:07,116904.96,SMS,2026-03-04 05:18:58
PAYMENT0015952,ACC0017942,2026-03-08 01:28:33,120890.56,VOICE,2026-01-20 12:12:35
PAYMENT0022696,ACC0017217,2026-03-08 01:38:55,109116.4,VOICE,2026-01-27 20:10:04
PAYMENT0020699,ACC0029227,2026-03-08 01:41:13,129908.61,FIELD,2026-03-03 19:50:12
PAYMENT0010717,ACC0003307,2026-03-08 02:17:06,10036.86,WHATSAPP,2026-02-10 04:35:35
PAYMENT0013420,ACC0009272,2026-03-08 02:20:25,4021.59,VOICE,2026-02-23 01:06:38
PAYMENT0009921,ACC0017452,2026-03-08 02:35:19,33422.44,,
PAYMENT0020662,ACC0018023,2026-03-08 02:43:38,111707.59,SMS,2026-03-02 20:47:28
PAYMENT0004951,ACC0012330,2026-03-08 02:45:33,53601.4,WHATSAPP,2026-01-23 04:14:35
PAYMENT0007810,ACC0025013,2026-03-08 02:50:48,54066.97,WHATSAPP,2026-02-16 17:02:02
PAYMENT0006950,ACC0017662,2026-03-08 03:17:22,78415.81,,
PAYMENT0012380,ACC0018857,2026-03-08 03:38:27,32461.59,WHATSAPP,2026-02-24 04:08:33
PAYMENT0023182,ACC0018195,2026-03-08 03:46:17,56636.18,SMS,2026-02-10 13:35:57
PAYMENT0011130,ACC0024398,2026-03-08 04:54:49,24324.63,VOICE,2026-02-01 07:36:59
PAYMENT0010975,ACC0013010,2026-03-08 06:12:37,80458.8,VOICE,2026-01-16 01:42:35
PAYMENT0009696,ACC0014064,2026-03-08 06:18:00,49979.3,VOICE,2026-03-07 23:38:55
PAYMENT0008632,ACC0023404,2026-03-08 06:18:51,116137.1,VOICE,2026-03-06 06:40:08
PAYMENT0013025,ACC0015169,2026-03-08 06:39:47,1299.87,WHATSAPP,2026-02-09 06:28:21
PAYMENT0015682,ACC0027354,2026-03-08 07:28:40,24530.16,SMS,2026-02-28 02:37:13
PAYMENT0018017,ACC0026580,2026-03-08 07:31:11,11332.58,WHATSAPP,2026-02-26 03:15:50
PAYMENT0007131,ACC0014154,2026-03-08 07:49:12,94671.1,VOICE,2026-01-28 19:24:50
PAYMENT0000543,ACC0010093,2026-03-08 07:57:24,105504.07,FIELD,2026-02-23 19:58:45
PAYMENT0012004,ACC0021702,2026-03-08 08:20:32,44214.83,VOICE,2026-02-16 19:38:12
PAYMENT0015096,ACC0019487,2026-03-08 08:38:26,139684.71,WHATSAPP,2026-02-26 23:18:23
PAYMENT0020177,ACC0016510,2026-03-08 08:39:04,100315.54,FIELD,2026-02-19 07:32:47
PAYMENT0012409,ACC0005271,2026-03-08 08:40:51,1820.51,VOICE,2026-02-02 23:06:43
PAYMENT0007421,ACC0014691,2026-03-08 09:36:24,107593.16,SMS,2026-01-09 03:34:36
PAYMENT0011540,ACC0029558,2026-03-08 09:44:16,49380.23,VOICE,2026-02-21 00:23:43
PAYMENT0002843,ACC0013983,2026-03-08 09:52:05,82336.35,SMS,2026-01-25 06:07:17
PAYMENT0012722,ACC0021773,2026-03-08 10:01:50,15109.67,SMS,2026-02-21 08:41:22
PAYMENT0023277,ACC0020954,2026-03-08 11:47:39,53575.11,VOICE,2026-02-09 16:15:28
PAYMENT0010582,ACC0027303,2026-03-08 11:53:07,146745.8,FIELD,2026-02-16 06:20:55
PAYMENT0008581,ACC0010790,2026-03-08 12:06:14,16826.49,VOICE,2026-02-10 23:30:27
PAYMENT0000907,ACC0000953,2026-03-08 12:15:45,36443.48,VOICE,2026-02-13 12:57:00
PAYMENT0016870,ACC0007692,2026-03-08 12:31:43,139933.35,WHATSAPP,2026-03-07 05:05:08
PAYMENT0013670,ACC0011485,2026-03-08 12:37:13,143492.02,FIELD,2026-03-02 23:46:35
PAYMENT0016761,ACC0028133,2026-03-08 12:39:16,52134.46,VOICE,2026-02-24 11:11:54
PAYMENT0019137,ACC0015446,2026-03-08 12:49:20,133157.29,,
PAYMENT0007518,ACC0016279,2026-03-08 13:23:34,20252.34,WHATSAPP,2026-03-02 12:38:15
PAYMENT0006339,ACC0022777,2026-03-08 15:27:46,117153.5,VOICE,2026-03-06 12:55:01
PAYMENT0003879,ACC0003405,2026-03-08 16:00:07,128144.78,WHATSAPP,2026-03-04 23:26:41
PAYMENT0000646,ACC0012422,2026-03-08 16:09:46,75251.77,VOICE,2026-01-07 17:53:25
PAYMENT0013343,ACC0000744,2026-03-08 16:19:55,93022.44,SMS,2026-01-24 21:43:43
PAYMENT0003182,ACC0017646,2026-03-08 16:20:11,69180.8,VOICE,2026-01-14 17:22:43
PAYMENT0006633,ACC0006844,2026-03-08 16:43:58,103.68,VOICE,2026-03-04 21:02:45
PAYMENT0010686,ACC0029288,2026-03-08 16:48:23,97747.52,SMS,2026-02-20 00:19:00
PAYMENT0000014,ACC0017077,2026-03-08 16:59:47,12762.88,FIELD,2026-03-05 07:17:43
PAYMENT0005530,ACC0001313,2026-03-08 17:19:29,137271.25,VOICE,2026-03-05 10:23:04
PAYMENT0021572,ACC0025300,2026-03-08 17:39:05,72891.2,SMS,2026-03-01 16:05:45
PAYMENT0010782,ACC0002744,2026-03-08 17:48:30,140941.45,,
PAYMENT0020242,ACC0008784,2026-03-08 18:43:22,140249.24,WHATSAPP,2026-02-01 08:57:05
PAYMENT0013799,ACC0007241,2026-03-08 18:50:28,70576.62,WHATSAPP,2026-02-11 07:10:28
PAYMENT0014710,ACC0011693,2026-03-08 20:11:16,125879.08,WHATSAPP,2026-02-15 09:18:59
PAYMENT0024658,ACC0023997,2026-03-08 20:19:53,138799.25,VOICE,2026-02-22 17:48:52
PAYMENT0016849,ACC0008065,2026-03-08 20:55:35,136777.66,,
PAYMENT0000198,ACC0015555,2026-03-08 21:18:59,58677.23,WHATSAPP,2026-01-16 21:50:52
PAYMENT0023745,ACC0002167,2026-03-08 21:55:36,134718.29,VOICE,2026-02-20 23:39:24
PAYMENT0000351,ACC0004689,2026-03-08 22:30:05,52067.16,VOICE,2026-02-02 19:03:10
PAYMENT0022038,ACC0003616,2026-03-08 22:47:04,81318.96,VOICE,2026-01-20 13:42:35
PAYMENT0013387,ACC0009814,2026-03-08 23:34:16,20002.0,SMS,2026-03-02 01:45:11
PAYMENT0001113,ACC0013045,2026-03-08 23:46:31,135185.52,,
PAYMENT0024508,ACC0013858,2026-03-08 23:54:11,139808.36,VOICE,2026-02-16 10:32:34
PAYMENT0013863,ACC0005985,2026-03-09 01:24:03,35735.4,SMS,2026-02-02 09:41:54
PAYMENT0008995,ACC0017360,2026-03-09 01:43:57,74881.48,VOICE,2026-02-21 08:45:28
PAYMENT0018666,ACC0017563,2026-03-09 02:55:03,87104.49,SMS,2026-02-02 12:08:44
PAYMENT0019439,ACC0021933,2026-03-09 03:09:22,25701.61,SMS,2026-01-07 13:31:06
PAYMENT0017073,ACC0002107,2026-03-09 03:44:13,68516.72,SMS,2026-02-16 01:57:20
PAYMENT0016857,ACC0003991,2026-03-09 04:11:33,86394.71,VOICE,2026-02-17 12:51:03
PAYMENT0023136,ACC0017619,2026-03-09 04:20:30,99345.8,VOICE,2026-02-28 02:09:54
PAYMENT0016060,ACC0023535,2026-03-09 04:21:43,22642.93,WHATSAPP,2026-02-13 12:56:20
PAYMENT0022253,ACC0013523,2026-03-09 05:31:23,79544.88,SMS,2026-02-04 07:39:13
PAYMENT0014949,ACC0025653,2026-03-09 05:57:48,12888.22,FIELD,2026-03-06 16:57:02
PAYMENT0003672,ACC0000927,2026-03-09 06:10:55,82991.18,,
PAYMENT0000617,ACC0009724,2026-03-09 06:19:41,97038.69,VOICE,2026-03-04 16:34:01
PAYMENT0004792,ACC0017580,2026-03-09 06:29:33,46536.93,SMS,2026-02-17 07:01:37
PAYMENT0009686,ACC0006749,2026-03-09 07:01:14,111690.26,VOICE,2026-02-28 05:17:24
PAYMENT0002664,ACC0024281,2026-03-09 07:20:59,95884.11,VOICE,2026-02-18 21:29:49
PAYMENT0021403,ACC0007025,2026-03-09 07:36:29,28233.01,WHATSAPP,2026-03-07 03:37:03
PAYMENT0012699,ACC0011427,2026-03-09 07:42:51,114100.01,SMS,2026-03-05 09:35:11
PAYMENT0021124,ACC0000598,2026-03-09 07:44:20,89464.6,VOICE,2026-02-01 02:48:28
PAYMENT0006906,ACC0010519,2026-03-09 07:45:08,130326.4,SMS,2026-03-05 16:17:19
PAYMENT0004073,ACC0029381,2026-03-09 09:07:32,133505.78,SMS,2026-03-06 08:04:07
PAYMENT0003735,ACC0010972,2026-03-09 09:22:50,53804.89,SMS,2026-02-19 02:50:24
PAYMENT0001488,ACC0014099,2026-03-09 09:37:43,88075.75,WHATSAPP,2026-01-30 07:10:41
PAYMENT0004029,ACC0023988,2026-03-09 09:49:25,115385.11,,
PAYMENT0023138,ACC0018440,2026-03-09 10:20:58,106960.11,VOICE,2026-02-03 13:26:46
PAYMENT0018947,ACC0006746,2026-03-09 10:41:14,110413.47,,
PAYMENT0021639,ACC0011954,2026-03-09 11:22:45,71192.09,SMS,2026-03-06 05:44:13
PAYMENT0006853,ACC0004232,2026-03-09 11:55:16,30187.98,VOICE,2026-03-01 12:41:23
PAYMENT0003214,ACC0024791,2026-03-09 11:58:59,68109.01,VOICE,2026-01-28 20:13:44
PAYMENT0023635,ACC0003579,2026-03-09 12:15:09,118808.62,FIELD,2026-01-06 23:55:04
PAYMENT0019724,ACC0010330,2026-03-09 12:33:13,37047.15,SMS,2026-03-01 12:23:55
PAYMENT0006330,ACC0027409,2026-03-09 12:42:27,13150.6,VOICE,2026-02-22 06:24:03
PAYMENT0020306,ACC0025079,2026-03-09 13:19:55,45632.93,VOICE,2026-01-15 17:07:07
PAYMENT0011076,ACC0007235,2026-03-09 13:27:45,130372.61,FIELD,2026-02-27 05:17:38
PAYMENT0018150,ACC0029847,2026-03-09 13:31:44,28699.19,WHATSAPP,2026-01-20 07:29:34
PAYMENT0004966,ACC0007297,2026-03-09 13:35:39,33518.6,SMS,2026-02-16 09:21:52
PAYMENT0009955,ACC0011306,2026-03-09 13:44:40,5876.03,,
PAYMENT0007150,ACC0015555,2026-03-09 14:22:39,64860.39,WHATSAPP,2026-01-16 21:50:52
PAYMENT0022359,ACC0018155,2026-03-09 14:59:01,21250.23,VOICE,2026-03-08 12:38:33
PAYMENT0005306,ACC0019489,2026-03-09 15:17:55,109356.56,WHATSAPP,2026-02-21 20:22:32
PAYMENT0003823,ACC0007659,2026-03-09 16:40:36,144417.6,WHATSAPP,2026-02-26 04:17:57
PAYMENT0004480,ACC0003780,2026-03-09 17:49:03,30715.36,VOICE,2026-02-03 04:28:17
PAYMENT0000304,ACC0016882,2026-03-09 17:51:32,79307.39,WHATSAPP,2026-03-02 12:48:18
PAYMENT0005448,ACC0001547,2026-03-09 18:39:26,73063.59,SMS,2026-02-15 04:46:20
PAYMENT0024342,ACC0005116,2026-03-09 19:06:33,99160.56,WHATSAPP,2026-03-06 00:12:59
PAYMENT0024605,ACC0028240,2026-03-09 19:18:02,98158.75,WHATSAPP,2026-03-04 11:06:17
PAYMENT0011136,ACC0000204,2026-03-09 19:20:39,89324.93,SMS,2026-03-02 21:08:23
PAYMENT0009845,ACC0004303,2026-03-09 19:21:47,24309.29,,
PAYMENT0019317,ACC0002789,2026-03-09 19:36:41,14774.93,FIELD,2026-01-16 16:13:48
PAYMENT0012813,ACC0021210,2026-03-09 19:48:34,60890.26,VOICE,2026-02-27 16:39:09
PAYMENT0008996,ACC0023609,2026-03-09 19:56:39,147832.29,VOICE,2026-02-09 01:24:50
PAYMENT0005578,ACC0004675,2026-03-09 20:02:38,23245.62,,
PAYMENT0018220,ACC0016224,2026-03-09 20:42:40,59577.62,SMS,2026-02-26 18:31:38
PAYMENT0008123,ACC0017873,2026-03-09 21:19:53,74424.65,WHATSAPP,2026-02-16 00:31:53
PAYMENT0017601,ACC0002956,2026-03-09 21:59:23,37870.27,VOICE,2026-02-27 18:27:33
PAYMENT0008948,ACC0026747,2026-03-09 22:13:15,48926.55,VOICE,2026-03-08 12:36:26
PAYMENT0021737,ACC0029018,2026-03-09 22:22:35,4791.76,SMS,2026-02-25 19:10:49
PAYMENT0009103,ACC0023978,2026-03-09 23:04:51,2570.36,FIELD,2026-03-07 09:52:34
PAYMENT0022034,ACC0002240,2026-03-09 23:05:28,88663.33,FIELD,2026-02-05 16:40:21
PAYMENT0011120,ACC0002736,2026-03-09 23:14:22,19914.45,WHATSAPP,2026-02-06 10:32:39
PAYMENT0014622,ACC0013238,2026-03-09 23:38:25,26115.66,WHATSAPP,2026-03-09 09:55:32
PAYMENT0017651,ACC0023545,2026-03-09 23:40:09,18351.64,,
PAYMENT0024591,ACC0027644,2026-03-09 23:42:00,28634.63,WHATSAPP,2026-02-25 11:05:59
PAYMENT0006541,ACC0022592,2026-03-10 00:57:00,103126.46,VOICE,2026-03-06 19:46:56
PAYMENT0009452,ACC0027682,2026-03-10 01:39:49,136994.76,WHATSAPP,2026-01-13 15:23:19
PAYMENT0004196,ACC0010448,2026-03-10 01:46:13,43284.03,VOICE,2026-02-12 16:28:09
PAYMENT0006085,ACC0028603,2026-03-10 02:19:22,106876.54,WHATSAPP,2026-01-13 13:34:52
PAYMENT0004963,ACC0024561,2026-03-10 02:19:31,24555.48,FIELD,2026-03-01 02:28:07
PAYMENT0007804,ACC0019680,2026-03-10 02:34:56,65615.21,WHATSAPP,2026-01-16 03:26:54
PAYMENT0019972,ACC0000344,2026-03-10 02:45:34,41929.04,WHATSAPP,2026-02-16 09:56:42
PAYMENT0000985,ACC0018625,2026-03-10 03:22:07,43936.55,WHATSAPP,2026-03-09 00:00:41
PAYMENT0014589,ACC0025336,2026-03-10 04:31:15,38927.66,FIELD,2026-02-18 06:11:59
PAYMENT0006668,ACC0002694,2026-03-10 04:32:26,119982.48,FIELD,2026-02-05 19:07:22
PAYMENT0018708,ACC0007868,2026-03-10 04:54:12,108165.69,WHATSAPP,2026-02-09 23:35:21
PAYMENT0010077,ACC0015034,2026-03-10 05:06:38,64066.38,WHATSAPP,2026-02-10 02:55:35
PAYMENT0024484,ACC0023419,2026-03-10 05:42:12,22989.33,WHATSAPP,2026-03-10 03:30:41
PAYMENT0003527,ACC0026702,2026-03-10 06:18:02,74614.93,VOICE,2026-02-13 22:46:06
PAYMENT0011553,ACC0001005,2026-03-10 06:19:15,11473.39,WHATSAPP,2026-02-20 18:10:19
PAYMENT0023010,ACC0003649,2026-03-10 07:34:43,35794.95,VOICE,2026-03-09 04:50:45
PAYMENT0023291,ACC0008725,2026-03-10 08:19:58,33892.12,VOICE,2026-02-15 22:55:42
PAYMENT0006864,ACC0001543,2026-03-10 08:21:35,8579.99,VOICE,2026-01-10 20:20:26
PAYMENT0019153,ACC0029873,2026-03-10 08:40:18,11529.14,SMS,2026-02-27 01:27:55
PAYMENT0009480,ACC0002099,2026-03-10 09:06:04,51932.15,,
PAYMENT0012400,ACC0023232,2026-03-10 09:24:16,115978.89,VOICE,2026-02-11 22:34:57
PAYMENT0008434,ACC0010433,2026-03-10 09:56:46,30995.93,WHATSAPP,2026-01-21 15:30:24
PAYMENT0001169,ACC0025839,2026-03-10 10:02:54,128101.0,VOICE,2026-03-04 11:11:48
PAYMENT0008413,ACC0017229,2026-03-10 10:10:15,68827.17,SMS,2026-03-09 16:34:14
PAYMENT0009574,ACC0015898,2026-03-10 10:52:26,80072.92,WHATSAPP,2026-02-23 17:33:39
PAYMENT0009300,ACC0012843,2026-03-10 11:45:01,8270.46,WHATSAPP,2026-02-10 10:32:55
PAYMENT0004340,ACC0002217,2026-03-10 11:56:24,46930.3,SMS,2026-02-27 11:35:33
PAYMENT0006166,ACC0022321,2026-03-10 12:15:07,139178.59,WHATSAPP,2026-03-08 09:10:54
PAYMENT0022095,ACC0010137,2026-03-10 12:15:37,82378.45,VOICE,2026-03-05 09:55:28
PAYMENT0005216,ACC0020172,2026-03-10 12:58:25,119343.27,SMS,2026-02-07 03:47:03
PAYMENT0002833,ACC0014182,2026-03-10 13:07:36,2754.42,VOICE,2026-03-06 03:20:39
PAYMENT0023342,ACC0016913,2026-03-10 13:25:37,53998.77,WHATSAPP,2026-03-02 02:12:20
PAYMENT0020286,ACC0016607,2026-03-10 14:29:51,70126.55,VOICE,2026-03-05 16:56:01
PAYMENT0020886,ACC0024528,2026-03-10 14:33:39,39527.26,WHATSAPP,2026-01-05 13:41:19
PAYMENT0001896,ACC0022229,2026-03-10 14:34:45,70649.43,VOICE,2026-01-30 10:29:31
PAYMENT0016512,ACC0012571,2026-03-10 14:48:16,49728.36,VOICE,2026-01-11 06:06:20
PAYMENT0023286,ACC0012740,2026-03-10 15:01:44,54840.46,VOICE,2026-01-25 07:06:35
PAYMENT0001752,ACC0023586,2026-03-10 15:30:14,99673.22,VOICE,2026-03-04 06:49:52
PAYMENT0006922,ACC0010905,2026-03-10 15:44:03,116893.88,VOICE,2026-03-05 13:06:03
PAYMENT0003042,ACC0027841,2026-03-10 15:51:33,101565.79,FIELD,2026-02-27 20:28:09
PAYMENT0006696,ACC0013706,2026-03-10 16:05:48,90014.34,WHATSAPP,2026-02-28 20:07:26
PAYMENT0007095,ACC0019138,2026-03-10 16:35:14,60662.37,WHATSAPP,2026-02-18 20:45:39
PAYMENT0017863,ACC0022866,2026-03-10 17:32:40,129866.32,SMS,2026-03-08 07:45:08
PAYMENT0003588,ACC0027625,2026-03-10 18:11:04,92034.6,FIELD,2026-02-17 13:22:18
PAYMENT0004837,ACC0023443,2026-03-10 18:20:37,48667.07,FIELD,2026-01-26 00:26:28
PAYMENT0009986,ACC0021137,2026-03-10 18:28:55,5849.28,VOICE,2026-01-28 09:07:11
PAYMENT0001214,ACC0014205,2026-03-10 20:27:33,80924.31,FIELD,2026-01-26 04:40:07
PAYMENT0001688,ACC0011347,2026-03-10 20:37:17,90627.89,FIELD,2026-01-22 04:47:20
PAYMENT0019659,ACC0023318,2026-03-10 21:00:05,92264.55,WHATSAPP,2026-02-01 07:44:26
PAYMENT0024572,ACC0014462,2026-03-10 21:07:12,84307.58,WHATSAPP,2026-02-11 02:07:41
PAYMENT0011202,ACC0008817,2026-03-10 22:03:07,51765.75,SMS,2026-03-01 02:54:23
PAYMENT0008617,ACC0013253,2026-03-10 22:27:49,54125.95,WHATSAPP,2026-02-22 14:20:37
PAYMENT0015684,ACC0017951,2026-03-10 22:44:37,80446.13,VOICE,2026-03-10 15:58:48
PAYMENT0000243,ACC0004797,2026-03-10 23:07:45,84781.78,SMS,2026-03-06 17:12:35
PAYMENT0010737,ACC0014208,2026-03-10 23:21:51,54420.08,SMS,2026-03-03 06:01:33
PAYMENT0006983,ACC0020804,2026-03-10 23:44:53,44982.33,VOICE,2026-01-17 10:35:44
PAYMENT0004865,ACC0024031,2026-03-11 00:05:38,96419.6,VOICE,2026-03-01 18:37:12
PAYMENT0007540,ACC0018952,2026-03-11 00:16:48,101482.58,VOICE,2026-02-28 13:43:23
PAYMENT0006332,ACC0008256,2026-03-11 00:42:44,77087.96,FIELD,2026-03-03 01:47:06
PAYMENT0012677,ACC0008712,2026-03-11 00:43:17,86166.39,VOICE,2026-01-24 20:08:56
PAYMENT0010162,ACC0026671,2026-03-11 01:17:57,100179.52,SMS,2026-03-01 03:17:23
PAYMENT0024886,ACC0028632,2026-03-11 01:19:38,17100.84,VOICE,2026-01-22 11:40:11
PAYMENT0015355,ACC0019021,2026-03-11 02:18:32,141496.74,SMS,2026-02-17 14:34:47
PAYMENT0005320,ACC0017887,2026-03-11 03:01:42,4606.01,SMS,2026-02-25 21:30:26
PAYMENT0019622,ACC0011452,2026-03-11 03:08:44,110467.31,WHATSAPP,2026-02-14 22:03:39
PAYMENT0013603,ACC0010346,2026-03-11 04:08:00,19939.65,FIELD,2026-02-02 10:24:43
PAYMENT0004663,ACC0014827,2026-03-11 04:11:22,141436.68,FIELD,2026-01-17 14:19:02
PAYMENT0020206,ACC0012538,2026-03-11 04:12:51,95564.09,VOICE,2026-02-02 09:02:39
PAYMENT0000649,ACC0000161,2026-03-11 04:46:24,84159.62,VOICE,2026-02-26 18:30:49
PAYMENT0000758,ACC0017554,2026-03-11 05:33:05,41749.57,,
PAYMENT0005081,ACC0001098,2026-03-11 05:50:45,5666.91,SMS,2026-03-07 02:00:23
PAYMENT0011199,ACC0012681,2026-03-11 06:02:20,38986.67,SMS,2026-02-03 20:10:43
PAYMENT0024699,ACC0018082,2026-03-11 06:42:45,149234.83,VOICE,2026-02-24 11:21:59
PAYMENT0003405,ACC0004891,2026-03-11 08:12:57,136962.08,WHATSAPP,2026-03-07 04:13:54
PAYMENT0019522,ACC0014780,2026-03-11 08:41:54,20612.52,FIELD,2026-01-21 01:26:02
PAYMENT0022970,ACC0026894,2026-03-11 09:04:01,64359.93,,
PAYMENT0014948,ACC0000701,2026-03-11 09:38:43,127385.37,VOICE,2026-03-01 20:50:47
PAYMENT0019807,ACC0000028,2026-03-11 09:50:00,76804.63,WHATSAPP,2026-01-18 00:32:56
PAYMENT0004806,ACC0010031,2026-03-11 10:29:58,149397.97,WHATSAPP,2026-02-28 15:52:04
PAYMENT0006016,ACC0020638,2026-03-11 11:04:08,39155.29,SMS,2026-03-09 09:45:08
PAYMENT0019991,ACC0010794,2026-03-11 11:20:27,103258.41,VOICE,2026-03-11 09:47:32
PAYMENT0000360,ACC0018808,2026-03-11 11:50:34,26912.73,VOICE,2026-01-15 08:09:49
PAYMENT0002316,ACC0021279,2026-03-11 11:50:55,65592.37,SMS,2026-03-06 17:35:24
PAYMENT0009199,ACC0007108,2026-03-11 12:23:32,5198.31,,
PAYMENT0006714,ACC0019083,2026-03-11 13:06:26,86615.82,VOICE,2026-02-11 04:17:32
PAYMENT0019371,ACC0023223,2026-03-11 13:07:56,51211.16,VOICE,2026-01-12 22:58:51
PAYMENT0012636,ACC0006848,2026-03-11 13:45:18,19786.09,VOICE,2026-02-20 09:59:43
PAYMENT0022840,ACC0025933,2026-03-11 13:59:37,131339.48,WHATSAPP,2026-02-18 22:52:07
PAYMENT0010504,ACC0010536,2026-03-11 15:33:25,73958.35,WHATSAPP,2026-01-30 06:45:06
PAYMENT0012968,ACC0021896,2026-03-11 16:30:38,136197.37,VOICE,2026-02-22 20:54:40
PAYMENT0007000,ACC0027500,2026-03-11 17:06:31,109752.32,WHATSAPP,2026-03-06 16:14:10
PAYMENT0006772,ACC0029533,2026-03-11 17:21:56,103106.91,VOICE,2026-02-18 04:47:58
PAYMENT0014983,ACC0002264,2026-03-11 17:35:57,74185.56,SMS,2026-02-08 14:56:41
PAYMENT0015943,ACC0011516,2026-03-11 18:06:58,110465.37,VOICE,2026-02-19 08:43:38
PAYMENT0008920,ACC0011918,2026-03-11 18:47:26,29886.45,SMS,2026-03-01 18:50:15
PAYMENT0001455,ACC0011440,2026-03-11 18:51:28,120030.2,SMS,2026-03-09 14:33:31
PAYMENT0010928,ACC0001906,2026-03-11 18:55:24,34162.92,SMS,2026-02-26 07:01:02
PAYMENT0002768,ACC0004849,2026-03-11 20:24:10,81649.52,SMS,2026-02-14 05:11:26
PAYMENT0016999,ACC0007840,2026-03-11 20:25:16,89454.03,WHATSAPP,2026-02-28 15:32:03
PAYMENT0014185,ACC0017422,2026-03-11 21:40:41,118523.32,SMS,2026-03-09 06:17:39
PAYMENT0000607,ACC0016565,2026-03-11 22:35:39,94484.42,WHATSAPP,2026-02-24 01:33:43
PAYMENT0023597,ACC0027266,2026-03-11 22:36:19,37078.02,SMS,2026-02-27 13:21:05
PAYMENT0003971,ACC0011254,2026-03-11 22:43:30,18884.23,VOICE,2026-03-06 22:46:38
PAYMENT0003105,ACC0027183,2026-03-11 23:03:41,80462.65,SMS,2026-02-10 12:01:57
PAYMENT0020934,ACC0020346,2026-03-11 23:35:55,16459.31,SMS,2026-01-03 09:24:26
PAYMENT0015190,ACC0007525,2026-03-11 23:51:53,134521.75,VOICE,2026-01-09 16:29:16
PAYMENT0014738,ACC0006821,2026-03-11 23:53:38,102417.18,,
PAYMENT0011389,ACC0016251,2026-03-12 00:50:03,80827.27,VOICE,2026-02-02 11:59:55
PAYMENT0020671,ACC0026448,2026-03-12 01:01:05,50141.34,WHATSAPP,2026-03-10 20:17:55
PAYMENT0005429,ACC0026726,2026-03-12 01:38:07,49013.36,WHATSAPP,2026-03-04 06:31:57
PAYMENT0010088,ACC0026465,2026-03-12 02:22:49,95276.84,VOICE,2026-01-22 03:51:07
PAYMENT0002975,ACC0003229,2026-03-12 02:31:58,148293.77,WHATSAPP,2026-02-04 18:13:12
PAYMENT0009685,ACC0006181,2026-03-12 02:58:24,124138.72,WHATSAPP,2026-02-10 11:10:35
PAYMENT0000849,ACC0024760,2026-03-12 03:09:10,100942.27,,
PAYMENT0014187,ACC0005426,2026-03-12 03:41:07,104775.63,SMS,2026-02-18 16:19:21
PAYMENT0008643,ACC0017070,2026-03-12 04:02:59,97679.47,VOICE,2026-02-26 12:20:09
PAYMENT0000353,ACC0016488,2026-03-12 04:10:10,122550.82,VOICE,2026-02-11 19:15:50
PAYMENT0021557,ACC0021076,2026-03-12 04:16:49,22227.39,VOICE,2026-02-25 04:33:48
PAYMENT0009330,ACC0013697,2026-03-12 04:32:40,135431.76,WHATSAPP,2026-02-26 04:25:52
PAYMENT0013952,ACC0020442,2026-03-12 04:54:53,7072.06,VOICE,2026-01-31 17:19:41
PAYMENT0010700,ACC0016029,2026-03-12 05:18:17,7650.65,WHATSAPP,2026-02-09 20:31:35
PAYMENT0007836,ACC0015004,2026-03-12 05:37:42,130011.78,FIELD,2026-02-17 05:34:17
PAYMENT0019848,ACC0010618,2026-03-12 05:38:04,21941.51,VOICE,2026-03-08 02:41:49
PAYMENT0002460,ACC0009251,2026-03-12 05:47:04,59482.34,VOICE,2026-01-06 03:42:28
PAYMENT0020129,ACC0006205,2026-03-12 07:00:16,65418.6,WHATSAPP,2026-01-14 21:28:58
PAYMENT0015936,ACC0017531,2026-03-12 07:13:48,58140.95,VOICE,2026-03-09 04:58:28
PAYMENT0004898,ACC0012556,2026-03-12 07:18:07,129139.06,VOICE,2026-03-07 20:47:37
PAYMENT0021782,ACC0015408,2026-03-12 08:31:04,41216.05,WHATSAPP,2026-02-11 06:11:46
PAYMENT0017078,ACC0002090,2026-03-12 08:38:44,115109.99,SMS,2026-01-07 14:22:37
PAYMENT0020383,ACC0006245,2026-03-12 08:54:02,39151.0,VOICE,2026-02-27 09:44:07
PAYMENT0006455,ACC0025994,2026-03-12 09:00:17,39467.22,FIELD,2026-02-27 14:09:28
PAYMENT0000625,ACC0017563,2026-03-12 09:01:02,143203.41,SMS,2026-02-02 12:08:44
PAYMENT0022574,ACC0017134,2026-03-12 09:06:38,104494.12,VOICE,2026-03-01 14:35:00
PAYMENT0004127,ACC0001744,2026-03-12 09:09:07,63919.14,WHATSAPP,2026-03-12 03:38:00
PAYMENT0001826,ACC0008677,2026-03-12 10:00:04,135140.62,SMS,2026-01-25 09:40:00
PAYMENT0020825,ACC0024465,2026-03-12 10:18:23,34430.94,VOICE,2026-03-06 10:22:35
PAYMENT0024966,ACC0009313,2026-03-12 10:25:04,144247.43,WHATSAPP,2026-02-26 13:12:34
PAYMENT0012234,ACC0023557,2026-03-12 10:38:04,146704.26,VOICE,2026-02-26 01:36:03
PAYMENT0001233,ACC0005502,2026-03-12 10:51:55,112345.2,WHATSAPP,2026-01-23 13:40:39
PAYMENT0013360,ACC0016574,2026-03-12 11:54:31,109931.72,,
PAYMENT0006987,ACC0007314,2026-03-12 12:10:05,42852.92,WHATSAPP,2026-01-22 12:26:08
PAYMENT0007890,ACC0000849,2026-03-12 13:25:14,75547.89,WHATSAPP,2026-01-24 17:15:25
PAYMENT0002275,ACC0009039,2026-03-12 13:25:59,7530.61,VOICE,2026-01-30 22:43:37
PAYMENT0020700,ACC0001924,2026-03-12 14:17:25,6039.91,VOICE,2026-01-20 19:13:23
PAYMENT0013218,ACC0008477,2026-03-12 14:49:18,147899.21,VOICE,2026-01-10 12:14:20
PAYMENT0019329,ACC0001464,2026-03-12 14:54:18,107335.34,SMS,2026-02-27 14:51:46
PAYMENT0000899,ACC0001778,2026-03-12 15:01:23,46938.41,WHATSAPP,2026-03-02 01:56:01
PAYMENT0020661,ACC0006129,2026-03-12 15:32:52,119125.33,SMS,2026-03-08 14:15:25
PAYMENT0002006,ACC0023959,2026-03-12 15:34:00,146180.95,SMS,2026-02-26 23:24:57
PAYMENT0007615,ACC0002614,2026-03-12 16:27:42,23387.98,,
PAYMENT0023931,ACC0003671,2026-03-12 16:33:33,132155.79,VOICE,2026-01-30 17:12:13
PAYMENT0005355,ACC0007121,2026-03-12 16:45:15,47017.32,VOICE,2026-03-11 02:15:31
PAYMENT0008769,ACC0011008,2026-03-12 17:06:28,78073.08,VOICE,2026-03-01 08:25:59
PAYMENT0006833,ACC0003857,2026-03-12 17:46:33,75620.51,VOICE,2026-03-11 02:02:30
PAYMENT0022410,ACC0011002,2026-03-12 17:49:43,112115.07,VOICE,2026-01-24 16:22:08
PAYMENT0011984,ACC0015592,2026-03-12 17:53:03,38883.22,VOICE,2026-01-04 23:51:23
PAYMENT0015279,ACC0008051,2026-03-12 17:59:30,95923.89,SMS,2026-02-12 11:52:48
PAYMENT0015344,ACC0022189,2026-03-12 19:10:24,59669.13,WHATSAPP,2026-03-05 17:10:38
PAYMENT0009572,ACC0014125,2026-03-12 19:31:04,27828.39,FIELD,2026-02-22 23:36:11
PAYMENT0020361,ACC0013271,2026-03-12 19:42:33,64874.48,FIELD,2026-02-13 13:30:43
PAYMENT0017970,ACC0009564,2026-03-12 19:45:38,10677.97,VOICE,2026-02-23 11:32:33
PAYMENT0006453,ACC0021981,2026-03-12 21:01:37,79225.31,SMS,2026-02-20 03:58:31
PAYMENT0009040,ACC0024791,2026-03-12 21:20:53,104128.19,VOICE,2026-01-28 20:13:44
PAYMENT0003552,ACC0015456,2026-03-12 21:34:04,6998.95,SMS,2026-02-24 05:37:36
PAYMENT0014401,ACC0014016,2026-03-12 22:19:02,126506.74,WHATSAPP,2026-02-19 05:09:15
PAYMENT0016146,ACC0014188,2026-03-12 22:30:23,125812.15,VOICE,2026-02-19 06:06:56
PAYMENT0001914,ACC0020700,2026-03-12 23:18:25,134534.31,WHATSAPP,2026-02-07 20:45:27
PAYMENT0004975,ACC0017344,2026-03-13 00:02:07,48539.21,VOICE,2026-03-12 05:40:22
PAYMENT0024783,ACC0025101,2026-03-13 00:05:50,136843.84,FIELD,2026-03-10 22:33:24
PAYMENT0010572,ACC0023532,2026-03-13 00:09:03,137480.08,SMS,2026-02-16 13:37:21
PAYMENT0019338,ACC0010340,2026-03-13 00:19:07,52444.01,WHATSAPP,2026-02-10 10:48:48
PAYMENT0020474,ACC0013510,2026-03-13 00:23:56,75252.97,WHATSAPP,2026-03-01 15:45:50
PAYMENT0016132,ACC0022098,2026-03-13 00:32:22,40544.53,,
PAYMENT0009481,ACC0029337,2026-03-13 01:46:14,49743.51,,
PAYMENT0014771,ACC0001968,2026-03-13 02:15:26,826.19,WHATSAPP,2026-02-13 22:32:34
PAYMENT0015520,ACC0006151,2026-03-13 02:33:10,69366.78,SMS,2026-02-18 09:55:37
PAYMENT0024637,ACC0006141,2026-03-13 02:56:21,133800.46,SMS,2026-02-14 23:52:07
PAYMENT0020049,ACC0017929,2026-03-13 03:20:50,142406.71,WHATSAPP,2026-02-18 08:09:04
PAYMENT0016478,ACC0008990,2026-03-13 04:01:24,125744.0,VOICE,2026-02-27 09:50:24
PAYMENT0006989,ACC0016264,2026-03-13 04:28:35,70646.74,VOICE,2026-03-10 17:39:16
PAYMENT0023586,ACC0018439,2026-03-13 04:46:55,128559.23,WHATSAPP,2026-01-19 01:58:13
PAYMENT0006759,ACC0020123,2026-03-13 05:17:02,114675.84,SMS,2026-02-26 17:58:09
PAYMENT0012238,ACC0008624,2026-03-13 05:34:31,90199.7,WHATSAPP,2026-03-04 09:24:24
PAYMENT0006428,ACC0017427,2026-03-13 05:38:41,19136.9,WHATSAPP,2026-02-10 19:26:53
PAYMENT0014980,ACC0024921,2026-03-13 05:45:45,100997.17,WHATSAPP,2026-02-26 07:11:27
PAYMENT0003900,ACC0025087,2026-03-13 06:12:56,90586.84,VOICE,2026-02-05 06:56:05
PAYMENT0020337,ACC0022426,2026-03-13 06:21:53,68025.42,VOICE,2026-02-12 02:56:35
PAYMENT0004633,ACC0029363,2026-03-13 06:28:04,79388.94,VOICE,2026-03-09 08:42:06
PAYMENT0022650,ACC0025530,2026-03-13 06:59:00,28816.15,SMS,2026-02-16 19:14:26
PAYMENT0007579,ACC0006934,2026-03-13 07:36:58,73493.12,WHATSAPP,2026-03-09 04:06:28
PAYMENT0011386,ACC0005480,2026-03-13 07:48:59,50976.33,WHATSAPP,2026-03-03 18:20:02
PAYMENT0001549,ACC0018913,2026-03-13 07:51:56,13230.7,VOICE,2026-03-06 07:00:10
PAYMENT0009002,ACC0009148,2026-03-13 08:02:51,46920.18,,
PAYMENT0021914,ACC0021143,2026-03-13 08:15:53,82533.06,SMS,2026-02-08 13:57:39
PAYMENT0008141,ACC0027863,2026-03-13 08:16:43,21686.83,VOICE,2026-03-08 01:39:48
PAYMENT0018019,ACC0023858,2026-03-13 08:21:58,86170.14,WHATSAPP,2026-02-23 17:21:30
PAYMENT0012096,ACC0005511,2026-03-13 08:44:44,8367.92,VOICE,2026-02-12 02:06:12
PAYMENT0015298,ACC0022391,2026-03-13 08:54:37,74146.38,WHATSAPP,2026-01-12 10:44:18
PAYMENT0010841,ACC0023376,2026-03-13 10:18:41,67803.0,VOICE,2026-02-18 21:00:38
PAYMENT0024863,ACC0022572,2026-03-13 10:33:01,43515.45,WHATSAPP,2026-03-04 11:14:30
PAYMENT0013742,ACC0025368,2026-03-13 10:47:50,119547.21,VOICE,2026-03-11 13:51:20
PAYMENT0017962,ACC0018325,2026-03-13 11:22:13,7695.29,VOICE,2026-03-01 13:53:25
PAYMENT0020755,ACC0006060,2026-03-13 11:39:55,1404.3,SMS,2026-02-21 00:05:17
PAYMENT0021824,ACC0018817,2026-03-13 11:50:49,107641.16,VOICE,2026-03-01 02:37:25
PAYMENT0000628,ACC0012683,2026-03-13 12:14:11,82046.75,SMS,2026-03-11 12:01:16
PAYMENT0001552,ACC0009909,2026-03-13 12:30:37,10342.46,SMS,2026-03-04 20:28:06
PAYMENT0008212,ACC0024236,2026-03-13 12:36:46,116003.34,SMS,2026-03-12 01:59:02
PAYMENT0018161,ACC0010986,2026-03-13 13:06:36,109834.64,WHATSAPP,2026-02-11 19:33:16
PAYMENT0011649,ACC0010241,2026-03-13 13:26:28,134525.99,FIELD,2026-01-26 14:34:31
PAYMENT0021955,ACC0024055,2026-03-13 13:28:18,90889.5,VOICE,2026-02-18 04:50:26
PAYMENT0005016,ACC0008811,2026-03-13 13:45:11,39195.96,VOICE,2026-03-09 06:50:27
PAYMENT0016656,ACC0018846,2026-03-13 13:51:35,66377.11,VOICE,2026-02-20 05:31:13
PAYMENT0008267,ACC0014620,2026-03-13 14:21:46,55624.11,VOICE,2026-02-15 14:54:29
PAYMENT0024310,ACC0002142,2026-03-13 14:55:18,73792.63,FIELD,2026-02-09 22:33:49
PAYMENT0014374,ACC0007171,2026-03-13 15:21:02,21328.62,WHATSAPP,2026-02-27 00:54:16
PAYMENT0007676,ACC0016372,2026-03-13 16:05:02,31868.73,WHATSAPP,2026-02-14 23:09:26
PAYMENT0014727,ACC0026852,2026-03-13 16:14:17,38897.6,WHATSAPP,2026-02-19 23:14:16
PAYMENT0007778,ACC0000342,2026-03-13 16:17:05,30123.97,SMS,2026-02-15 13:48:54
PAYMENT0019125,ACC0010380,2026-03-13 16:19:38,132573.95,WHATSAPP,2026-01-21 04:21:45
PAYMENT0024761,ACC0018648,2026-03-13 16:28:20,69604.71,SMS,2026-03-08 12:55:34
PAYMENT0021792,ACC0003623,2026-03-13 17:41:24,118866.45,VOICE,2026-03-10 19:26:12
PAYMENT0010285,ACC0012189,2026-03-13 18:02:03,35305.37,WHATSAPP,2026-03-08 17:33:47
PAYMENT0023330,ACC0027064,2026-03-13 18:25:59,53660.37,WHATSAPP,2026-03-09 13:10:20
PAYMENT0022346,ACC0013189,2026-03-13 19:09:26,141000.89,WHATSAPP,2026-01-19 07:59:58
PAYMENT0010465,ACC0018067,2026-03-13 19:34:57,68432.17,SMS,2026-03-02 05:11:16
PAYMENT0021956,ACC0020521,2026-03-13 20:12:09,107708.25,SMS,2026-03-11 06:54:13
PAYMENT0018497,ACC0026037,2026-03-13 21:23:56,38196.83,SMS,2026-02-15 05:34:21
PAYMENT0024869,ACC0001463,2026-03-13 21:27:53,57829.9,WHATSAPP,2026-01-19 09:42:44
PAYMENT0017613,ACC0004091,2026-03-13 21:40:36,43538.67,VOICE,2026-01-12 15:00:57
PAYMENT0012857,ACC0019906,2026-03-13 22:10:56,28803.61,VOICE,2026-03-09 01:45:45
PAYMENT0006524,ACC0010981,2026-03-13 22:19:43,99404.06,FIELD,2026-02-07 13:12:44
PAYMENT0012214,ACC0009254,2026-03-13 22:22:34,121359.5,VOICE,2026-02-28 12:21:21
PAYMENT0000764,ACC0028494,2026-03-13 22:57:05,100601.88,VOICE,2026-03-10 23:33:56
PAYMENT0002523,ACC0026843,2026-03-13 22:57:38,57465.98,WHATSAPP,2026-03-08 20:38:14
PAYMENT0007993,ACC0015182,2026-03-14 00:05:39,6906.67,VOICE,2026-03-13 01:52:26
PAYMENT0001999,ACC0026279,2026-03-14 00:16:39,38214.13,VOICE,2026-02-24 10:49:30
PAYMENT0023016,ACC0012240,2026-03-14 00:25:15,125238.78,SMS,2026-03-09 22:51:06
PAYMENT0015499,ACC0022782,2026-03-14 01:40:04,117459.6,,
PAYMENT0020822,ACC0009644,2026-03-14 02:20:47,74199.89,VOICE,2026-02-15 00:14:56
PAYMENT0014754,ACC0003083,2026-03-14 03:14:24,71234.84,VOICE,2026-03-14 02:33:29
PAYMENT0004731,ACC0020882,2026-03-14 04:04:23,78475.17,WHATSAPP,2026-01-06 22:06:51
PAYMENT0001368,ACC0022714,2026-03-14 05:52:04,81707.43,SMS,2026-01-18 02:11:47
PAYMENT0001286,ACC0000394,2026-03-14 06:05:41,29865.53,VOICE,2026-03-06 18:18:40
PAYMENT0012133,ACC0016358,2026-03-14 07:28:15,48649.53,SMS,2026-01-30 12:47:32
PAYMENT0009404,ACC0015295,2026-03-14 08:09:04,92198.72,WHATSAPP,2026-03-13 00:59:35
PAYMENT0006779,ACC0001111,2026-03-14 08:19:12,48792.74,VOICE,2026-01-02 06:56:57
PAYMENT0009820,ACC0015805,2026-03-14 08:23:29,84527.46,WHATSAPP,2026-03-07 11:02:03
PAYMENT0022117,ACC0014768,2026-03-14 08:23:33,64815.68,VOICE,2026-02-21 10:51:24
PAYMENT0010911,ACC0013668,2026-03-14 08:29:58,27609.21,SMS,2026-03-06 17:12:49
PAYMENT0013809,ACC0014180,2026-03-14 08:31:57,136446.85,,
PAYMENT0014474,ACC0029442,2026-03-14 08:51:44,63205.4,WHATSAPP,2026-02-12 16:18:08
PAYMENT0015212,ACC0024319,2026-03-14 08:53:51,11975.37,WHATSAPP,2026-02-27 06:45:04
PAYMENT0004253,ACC0019778,2026-03-14 09:00:18,134908.42,SMS,2026-03-08 04:41:42
PAYMENT0009058,ACC0025715,2026-03-14 09:01:55,114853.05,VOICE,2026-03-12 21:50:25
PAYMENT0009319,ACC0018985,2026-03-14 09:06:38,63835.42,SMS,2026-02-26 03:06:17
PAYMENT0011615,ACC0008659,2026-03-14 09:17:46,107681.4,,
PAYMENT0000663,ACC0009797,2026-03-14 09:44:13,59687.83,FIELD,2026-01-19 21:43:52
PAYMENT0002140,ACC0003438,2026-03-14 09:52:28,61400.53,VOICE,2026-02-13 22:49:16
PAYMENT0010621,ACC0022150,2026-03-14 10:51:48,125554.3,FIELD,2026-03-09 17:23:29
PAYMENT0020702,ACC0024115,2026-03-14 11:47:30,129736.32,SMS,2026-03-07 18:07:35
PAYMENT0006535,ACC0010827,2026-03-14 11:49:20,95881.76,FIELD,2026-02-05 20:15:39
PAYMENT0004160,ACC0016234,2026-03-14 12:50:20,105857.65,FIELD,2026-02-09 23:30:12
PAYMENT0010281,ACC0006586,2026-03-14 13:10:42,118610.72,SMS,2026-02-03 18:09:40
PAYMENT0004075,ACC0014086,2026-03-14 13:35:40,67479.88,WHATSAPP,2026-01-11 15:48:16
PAYMENT0001134,ACC0025080,2026-03-14 13:49:49,108988.27,VOICE,2026-01-13 00:20:21
PAYMENT0018807,ACC0015482,2026-03-14 14:06:15,138037.64,SMS,2026-02-14 01:11:40
PAYMENT0022048,ACC0013118,2026-03-14 14:41:29,106744.87,FIELD,2026-02-25 17:06:29
PAYMENT0005533,ACC0026119,2026-03-14 14:45:13,17406.76,FIELD,2026-03-05 17:08:16
PAYMENT0006270,ACC0024799,2026-03-14 15:04:52,30393.12,SMS,2026-01-07 22:16:05
PAYMENT0019698,ACC0018795,2026-03-14 15:32:24,84872.29,WHATSAPP,2026-01-31 17:37:04
PAYMENT0016902,ACC0027977,2026-03-14 16:03:58,126759.0,WHATSAPP,2026-02-02 04:21:32
PAYMENT0015921,ACC0014048,2026-03-14 16:11:40,96946.03,WHATSAPP,2026-03-09 17:08:39
PAYMENT0006037,ACC0020941,2026-03-14 16:33:21,107587.09,VOICE,2026-02-11 20:00:59
PAYMENT0010128,ACC0025196,2026-03-14 16:48:48,144834.67,,
PAYMENT0006615,ACC0004729,2026-03-14 16:51:34,48220.53,VOICE,2026-01-28 15:36:00
PAYMENT0016368,ACC0026758,2026-03-14 18:42:32,140628.88,VOICE,2026-03-07 19:42:13
PAYMENT0022024,ACC0009723,2026-03-14 18:49:16,89404.85,VOICE,2026-02-27 02:52:58
PAYMENT0024524,ACC0017857,2026-03-14 19:24:33,48024.39,WHATSAPP,2026-02-06 21:11:25
PAYMENT0019565,ACC0019827,2026-03-14 20:19:43,36176.48,,
PAYMENT0018513,ACC0008110,2026-03-14 20:20:50,35417.5,WHATSAPP,2026-02-21 03:12:24
PAYMENT0017501,ACC0020056,2026-03-14 21:13:36,142762.47,VOICE,2026-03-02 18:33:54
PAYMENT0005420,ACC0023667,2026-03-14 21:19:52,89690.26,WHATSAPP,2026-02-21 10:48:18
PAYMENT0019223,ACC0009570,2026-03-14 21:26:14,42375.4,VOICE,2026-02-05 12:14:36
PAYMENT0001886,ACC0006862,2026-03-14 22:04:03,50418.24,WHATSAPP,2026-02-01 04:34:54
PAYMENT0000132,ACC0020395,2026-03-14 22:04:25,138332.2,WHATSAPP,2026-01-18 15:48:52
PAYMENT0010569,ACC0002643,2026-03-14 22:27:39,49360.91,VOICE,2026-03-03 08:03:12
PAYMENT0020288,ACC0027991,2026-03-14 22:32:45,130067.64,SMS,2026-03-05 21:57:29
PAYMENT0014197,ACC0027158,2026-03-14 22:36:41,92348.4,VOICE,2026-03-06 09:29:10
PAYMENT0000911,ACC0005936,2026-03-14 23:07:48,2327.27,VOICE,2026-01-24 15:12:33
PAYMENT0024992,ACC0006676,2026-03-14 23:34:01,137903.49,,
PAYMENT0021893,ACC0014023,2026-03-15 00:06:45,65794.34,VOICE,2026-02-19 18:11:06
PAYMENT0009987,ACC0003626,2026-03-15 00:31:52,63049.69,VOICE,2026-03-05 05:10:11
PAYMENT0007758,ACC0004649,2026-03-15 00:44:37,116210.1,VOICE,2026-02-14 17:48:27
PAYMENT0000505,ACC0023955,2026-03-15 01:07:37,96310.52,WHATSAPP,2026-02-03 07:41:19
PAYMENT0015747,ACC0028843,2026-03-15 01:34:01,125941.02,,
PAYMENT0008898,ACC0025420,2026-03-15 02:37:15,26067.84,WHATSAPP,2026-02-14 20:01:42
PAYMENT0007768,ACC0028029,2026-03-15 03:10:54,133952.11,,
PAYMENT0013781,ACC0019092,2026-03-15 03:15:49,15449.62,VOICE,2026-02-14 05:58:03
PAYMENT0011123,ACC0003856,2026-03-15 03:32:43,34461.03,VOICE,2026-02-27 00:09:31
PAYMENT0013912,ACC0016111,2026-03-15 03:38:04,88174.65,WHATSAPP,2026-02-16 19:29:42
PAYMENT0018431,ACC0027417,2026-03-15 04:17:10,134237.99,VOICE,2026-02-28 17:41:19
PAYMENT0007158,ACC0011941,2026-03-15 04:30:27,74792.39,SMS,2026-03-09 00:03:04
PAYMENT0003226,ACC0018352,2026-03-15 04:48:50,135803.14,VOICE,2026-03-05 06:33:25
PAYMENT0003130,ACC0014821,2026-03-15 04:57:05,100380.9,SMS,2026-02-20 16:02:17
PAYMENT0008178,ACC0000160,2026-03-15 05:23:20,19658.68,SMS,2026-02-12 04:34:25
PAYMENT0013292,ACC0015288,2026-03-15 05:32:23,131808.64,VOICE,2026-03-14 09:06:14
PAYMENT0009383,ACC0005618,2026-03-15 05:52:09,23395.32,WHATSAPP,2026-01-31 03:53:45
PAYMENT0011037,ACC0021505,2026-03-15 06:27:20,86033.08,VOICE,2026-03-07 03:44:46
PAYMENT0000404,ACC0023904,2026-03-15 06:48:49,84101.29,VOICE,2026-01-17 23:46:31
PAYMENT0001232,ACC0016369,2026-03-15 06:52:49,147780.56,WHATSAPP,2026-03-02 23:28:42
PAYMENT0005386,ACC0028751,2026-03-15 07:16:21,75828.37,VOICE,2026-03-12 09:49:06
PAYMENT0020275,ACC0017462,2026-03-15 07:48:12,115840.12,VOICE,2026-03-08 12:20:42
PAYMENT0008841,ACC0004850,2026-03-15 08:05:59,22970.76,WHATSAPP,2026-01-28 14:10:00
PAYMENT0019732,ACC0029012,2026-03-15 08:19:00,81179.82,VOICE,2026-02-22 19:56:33
PAYMENT0000739,ACC0026257,2026-03-15 08:24:48,132068.62,WHATSAPP,2026-02-23 04:24:26
PAYMENT0011399,ACC0020484,2026-03-15 08:31:42,39977.12,WHATSAPP,2026-03-13 03:00:36
PAYMENT0016293,ACC0022783,2026-03-15 08:34:17,44284.87,,
PAYMENT0006754,ACC0012159,2026-03-15 08:36:51,49053.57,VOICE,2026-02-18 12:42:27
PAYMENT0014835,ACC0001134,2026-03-15 08:43:46,68454.51,WHATSAPP,2026-03-08 10:57:51
PAYMENT0020794,ACC0028845,2026-03-15 09:58:01,143337.33,WHATSAPP,2026-02-27 07:07:55
PAYMENT0018508,ACC0015484,2026-03-15 10:00:25,56847.55,VOICE,2026-03-13 22:15:14
PAYMENT0023787,ACC0002501,2026-03-15 10:03:44,1067.34,,
PAYMENT0012747,ACC0003718,2026-03-15 10:10:11,4656.13,VOICE,2026-02-26 11:17:26
PAYMENT0021111,ACC0023601,2026-03-15 10:25:58,89100.98,,
PAYMENT0020733,ACC0002412,2026-03-15 10:48:00,129653.51,,
PAYMENT0011439,ACC0012951,2026-03-15 10:58:01,4468.01,FIELD,2026-02-25 07:33:56
PAYMENT0013833,ACC0005436,2026-03-15 12:10:59,116399.97,VOICE,2026-02-17 09:00:19
PAYMENT0022328,ACC0012259,2026-03-15 12:46:28,81608.53,WHATSAPP,2026-03-08 06:06:13
PAYMENT0007634,ACC0008810,2026-03-15 13:02:16,41143.96,SMS,2026-02-02 00:22:47
PAYMENT0014191,ACC0016400,2026-03-15 14:11:06,66243.71,WHATSAPP,2026-02-28 03:32:04
PAYMENT0011345,ACC0012162,2026-03-15 14:45:55,146055.97,WHATSAPP,2026-03-06 04:31:34
PAYMENT0009725,ACC0010902,2026-03-15 15:23:09,89871.86,SMS,2026-02-26 09:43:44
PAYMENT0007707,ACC0012857,2026-03-15 15:32:57,18159.4,VOICE,2026-03-06 17:27:53
PAYMENT0011802,ACC0026659,2026-03-15 16:14:31,48607.49,WHATSAPP,2026-01-23 23:58:26
PAYMENT0019294,ACC0025837,2026-03-15 17:22:26,33775.54,,
PAYMENT0005957,ACC0022435,2026-03-15 17:36:39,39631.26,WHATSAPP,2026-01-30 12:46:22
PAYMENT0017123,ACC0012455,2026-03-15 18:00:49,96463.09,SMS,2026-02-14 04:32:30
PAYMENT0019428,ACC0010813,2026-03-15 19:01:55,32569.02,VOICE,2026-01-19 09:31:57
PAYMENT0006025,ACC0001551,2026-03-15 19:35:01,128845.92,WHATSAPP,2026-03-13 01:36:50
PAYMENT0012160,ACC0020622,2026-03-15 20:14:09,79901.5,VOICE,2026-01-18 19:32:46
PAYMENT0003315,ACC0028911,2026-03-15 20:34:39,43491.08,VOICE,2026-02-07 13:16:56
PAYMENT0019758,ACC0009945,2026-03-15 20:45:43,96353.39,,
PAYMENT0022836,ACC0021038,2026-03-15 20:54:26,54045.38,VOICE,2026-02-25 11:19:28
PAYMENT0011338,ACC0011348,2026-03-15 21:09:10,102661.15,SMS,2026-03-04 13:11:36
PAYMENT0018919,ACC0008026,2026-03-15 21:25:42,134366.29,FIELD,2026-03-11 17:09:39
PAYMENT0000992,ACC0001256,2026-03-15 21:33:25,129881.26,FIELD,2026-02-10 00:18:28
PAYMENT0004424,ACC0021063,2026-03-15 21:36:28,18014.71,,
PAYMENT0002727,ACC0008335,2026-03-15 21:51:04,9217.98,VOICE,2026-03-01 19:36:17
PAYMENT0006536,ACC0015702,2026-03-15 22:01:50,90763.16,VOICE,2026-02-22 12:59:36
PAYMENT0006149,ACC0026390,2026-03-15 22:47:37,69233.73,SMS,2026-01-17 04:46:34
PAYMENT0007354,ACC0008979,2026-03-15 23:38:23,138158.8,VOICE,2026-03-13 20:52:01
PAYMENT0023018,ACC0004925,2026-03-15 23:46:49,143840.85,WHATSAPP,2026-02-18 03:18:04
PAYMENT0017328,ACC0019516,2026-03-16 00:01:29,48585.72,SMS,2026-02-26 01:06:01
PAYMENT0006249,ACC0017990,2026-03-16 00:27:27,44243.17,SMS,2026-02-20 21:29:07
PAYMENT0017341,ACC0004498,2026-03-16 00:27:55,29925.61,WHATSAPP,2026-01-10 18:52:35
PAYMENT0014940,ACC0027846,2026-03-16 00:47:39,6979.17,VOICE,2026-02-05 15:13:58
PAYMENT0011335,ACC0019317,2026-03-16 01:14:56,123008.81,SMS,2026-03-11 03:07:40
PAYMENT0023343,ACC0014462,2026-03-16 01:21:32,2440.19,WHATSAPP,2026-02-11 02:07:41
PAYMENT0004190,ACC0018582,2026-03-16 01:39:57,140681.82,WHATSAPP,2026-01-17 06:46:10
PAYMENT0024373,ACC0019097,2026-03-16 01:55:41,147867.94,SMS,2026-02-20 14:58:50
PAYMENT0024773,ACC0010654,2026-03-16 01:58:21,114363.81,VOICE,2026-03-04 15:45:00
PAYMENT0000742,ACC0016684,2026-03-16 02:02:07,14009.54,FIELD,2026-02-08 19:58:52
PAYMENT0011627,ACC0003398,2026-03-16 02:17:55,146710.53,SMS,2026-02-08 09:02:46
PAYMENT0002649,ACC0025139,2026-03-16 02:26:18,33683.77,VOICE,2026-02-25 16:16:17
PAYMENT0014672,ACC0008722,2026-03-16 02:49:44,14327.2,WHATSAPP,2026-02-09 14:40:52
PAYMENT0004914,ACC0003162,2026-03-16 02:50:59,69403.35,SMS,2026-03-05 09:08:08
PAYMENT0001807,ACC0022406,2026-03-16 02:54:12,91627.46,SMS,2026-03-08 06:52:22
PAYMENT0016170,ACC0022963,2026-03-16 03:17:59,40690.73,VOICE,2026-02-25 22:55:38
PAYMENT0014298,ACC0017738,2026-03-16 03:30:32,138961.98,FIELD,2026-01-29 20:14:43
PAYMENT0016899,ACC0029237,2026-03-16 03:33:39,11845.22,WHATSAPP,2026-02-09 02:26:35
PAYMENT0004170,ACC0024700,2026-03-16 03:53:44,41381.35,VOICE,2026-03-11 05:18:55
PAYMENT0011562,ACC0011716,2026-03-16 04:42:47,81096.88,SMS,2026-03-06 13:43:57
PAYMENT0008218,ACC0028971,2026-03-16 06:22:22,84366.16,VOICE,2026-02-19 09:56:00
PAYMENT0015538,ACC0018410,2026-03-16 07:04:27,99259.11,WHATSAPP,2026-02-21 23:09:57
PAYMENT0008154,ACC0012756,2026-03-16 07:26:31,117627.9,VOICE,2026-02-19 07:01:45
PAYMENT0016910,ACC0017348,2026-03-16 07:27:21,58459.53,VOICE,2026-03-04 11:40:33
PAYMENT0021155,ACC0013545,2026-03-16 08:06:32,21240.27,VOICE,2026-02-08 12:36:44
PAYMENT0004694,ACC0028650,2026-03-16 08:29:04,83572.7,SMS,2026-03-02 23:30:33
PAYMENT0012610,ACC0000485,2026-03-16 08:32:44,20268.61,WHATSAPP,2026-03-01 05:43:04
PAYMENT0003962,ACC0007755,2026-03-16 09:51:08,90568.01,SMS,2026-02-13 17:30:22
PAYMENT0009118,ACC0022627,2026-03-16 10:17:25,147909.77,FIELD,2026-02-20 13:21:51
PAYMENT0004769,ACC0004532,2026-03-16 10:29:49,66742.37,VOICE,2026-03-09 07:50:45
PAYMENT0009592,ACC0025729,2026-03-16 10:36:58,45848.93,WHATSAPP,2026-03-01 15:30:14
PAYMENT0023230,ACC0029146,2026-03-16 10:40:33,123342.01,VOICE,2026-02-20 10:36:50
PAYMENT0012717,ACC0003484,2026-03-16 10:45:12,62440.53,VOICE,2026-02-20 00:16:50
PAYMENT0009636,ACC0021134,2026-03-16 11:46:26,2904.78,VOICE,2026-03-01 08:00:09
PAYMENT0020987,ACC0016095,2026-03-16 12:14:46,146596.07,VOICE,2026-02-18 18:04:16
PAYMENT0008483,ACC0023276,2026-03-16 12:47:26,140611.95,VOICE,2026-03-15 13:10:23
PAYMENT0009632,ACC0022453,2026-03-16 14:01:31,71064.62,FIELD,2026-03-11 00:29:43
PAYMENT0014150,ACC0015715,2026-03-16 14:03:41,140188.87,SMS,2026-03-11 09:10:22
PAYMENT0005561,ACC0020946,2026-03-16 14:10:46,19256.9,VOICE,2026-02-05 01:16:17
PAYMENT0024376,ACC0028664,2026-03-16 14:30:02,110677.28,WHATSAPP,2026-02-18 18:49:37
PAYMENT0007571,ACC0026902,2026-03-16 14:56:57,145485.52,SMS,2026-03-10 12:52:07
PAYMENT0023576,ACC0016216,2026-03-16 14:58:02,127080.88,SMS,2026-03-10 16:31:11
PAYMENT0015214,ACC0018602,2026-03-16 15:30:57,19916.99,SMS,2026-03-06 02:58:41
PAYMENT0014739,ACC0006377,2026-03-16 16:08:38,65543.97,SMS,2026-03-08 06:39:12
PAYMENT0002213,ACC0001757,2026-03-16 16:11:56,112670.71,VOICE,2026-02-24 11:53:09
PAYMENT0014861,ACC0001019,2026-03-16 16:17:21,146260.16,SMS,2026-02-26 03:03:22
PAYMENT0004365,ACC0024663,2026-03-16 17:01:24,108588.15,VOICE,2026-02-08 09:25:43
PAYMENT0022176,ACC0024240,2026-03-16 17:11:38,69981.01,SMS,2026-03-15 00:24:51
PAYMENT0020676,ACC0004925,2026-03-16 17:13:19,36242.82,WHATSAPP,2026-02-18 03:18:04
PAYMENT0016552,ACC0023135,2026-03-16 17:55:10,137442.19,VOICE,2026-03-11 19:00:26
PAYMENT0007386,ACC0024722,2026-03-16 18:03:51,30254.85,FIELD,2026-03-03 09:58:08
PAYMENT0005908,ACC0002256,2026-03-16 18:49:30,91066.72,WHATSAPP,2026-03-14 03:05:06
PAYMENT0008042,ACC0014357,2026-03-16 19:03:23,112341.02,FIELD,2026-03-05 16:20:55
PAYMENT0024701,ACC0000341,2026-03-16 20:29:19,21977.61,SMS,2026-01-19 09:13:59
PAYMENT0020277,ACC0008671,2026-03-16 21:01:44,349.83,,
PAYMENT0018225,ACC0023327,2026-03-16 21:26:09,127771.94,VOICE,2026-02-13 19:45:45
PAYMENT0020839,ACC0020158,2026-03-16 21:26:20,27557.44,FIELD,2026-02-19 22:05:58
PAYMENT0019590,ACC0022343,2026-03-16 21:38:28,118509.2,SMS,2026-02-23 09:17:00
PAYMENT0019321,ACC0026958,2026-03-16 21:50:39,49310.12,SMS,2026-02-14 11:13:07
PAYMENT0013859,ACC0028518,2026-03-16 21:59:33,133194.51,SMS,2026-03-04 09:47:42
PAYMENT0013402,ACC0007028,2026-03-16 22:30:34,86859.63,VOICE,2026-03-06 15:10:47
PAYMENT0019288,ACC0015628,2026-03-16 22:34:39,13235.69,,
PAYMENT0024086,ACC0000575,2026-03-16 23:15:13,7078.89,SMS,2026-01-07 06:22:59
PAYMENT0024681,ACC0013800,2026-03-16 23:21:59,80368.75,SMS,2026-02-16 11:52:04
PAYMENT0005610,ACC0007561,2026-03-16 23:25:25,25340.27,WHATSAPP,2026-02-13 12:42:42
PAYMENT0022312,ACC0013174,2026-03-16 23:40:11,11217.09,SMS,2026-02-26 18:16:56
PAYMENT0016074,ACC0027482,2026-03-17 00:51:40,55667.96,VOICE,2026-03-12 00:18:28
PAYMENT0018440,ACC0018102,2026-03-17 00:58:24,131070.89,VOICE,2026-02-03 21:47:37
PAYMENT0020954,ACC0001506,2026-03-17 01:03:55,97213.34,WHATSAPP,2026-01-04 08:03:37
PAYMENT0015924,ACC0021241,2026-03-17 01:17:25,38844.32,FIELD,2026-03-02 09:31:44
PAYMENT0019285,ACC0004299,2026-03-17 01:22:57,57088.78,SMS,2026-02-19 14:41:36
PAYMENT0009695,ACC0016413,2026-03-17 01:28:15,109889.36,,
PAYMENT0008011,ACC0022195,2026-03-17 02:01:12,70827.08,,
PAYMENT0009485,ACC0021021,2026-03-17 02:10:26,67661.56,VOICE,2026-02-08 15:16:38
PAYMENT0005687,ACC0013832,2026-03-17 02:12:33,51457.15,VOICE,2026-03-02 14:56:57
PAYMENT0014046,ACC0004214,2026-03-17 02:23:39,140009.24,WHATSAPP,2026-03-14 19:02:08
PAYMENT0016428,ACC0016276,2026-03-17 03:04:21,109682.73,VOICE,2026-03-12 00:10:15
PAYMENT0022424,ACC0015076,2026-03-17 03:04:33,15987.17,WHATSAPP,2026-03-12 10:44:58
PAYMENT0005703,ACC0003508,2026-03-17 03:10:06,77919.76,WHATSAPP,2026-03-12 13:36:47
PAYMENT0001363,ACC0021756,2026-03-17 03:30:08,51711.23,VOICE,2026-02-25 19:08:19
PAYMENT0004054,ACC0004438,2026-03-17 03:56:47,57115.34,,
PAYMENT0022428,ACC0018681,2026-03-17 04:12:36,33009.85,WHATSAPP,2026-03-12 18:08:22
PAYMENT0016987,ACC0010843,2026-03-17 04:44:25,3822.11,VOICE,2026-03-02 15:25:41
PAYMENT0024962,ACC0011453,2026-03-17 04:45:28,7483.31,WHATSAPP,2026-02-15 01:10:25
PAYMENT0012295,ACC0022157,2026-03-17 04:47:46,48622.73,,
PAYMENT0014827,ACC0028685,2026-03-17 04:50:07,130865.36,WHATSAPP,2026-03-05 10:44:46
PAYMENT0002115,ACC0012954,2026-03-17 04:50:55,40584.72,WHATSAPP,2026-03-11 22:51:32
PAYMENT0019717,ACC0002210,2026-03-17 04:57:20,117911.32,VOICE,2026-03-10 05:35:14
PAYMENT0007087,ACC0015329,2026-03-17 05:34:42,149173.73,VOICE,2026-03-15 17:01:25
PAYMENT0001076,ACC0012259,2026-03-17 06:07:39,68047.54,WHATSAPP,2026-03-08 06:06:13
PAYMENT0003810,ACC0020548,2026-03-17 06:25:37,20202.77,VOICE,2026-03-01 06:26:59
PAYMENT0010671,ACC0009536,2026-03-17 06:35:19,142476.48,VOICE,2026-02-22 00:41:35
PAYMENT0001146,ACC0018160,2026-03-17 07:14:30,19031.33,VOICE,2026-03-06 14:33:23
PAYMENT0004494,ACC0015534,2026-03-17 07:19:46,99420.26,,
PAYMENT0006034,ACC0000327,2026-03-17 07:23:30,37055.46,VOICE,2026-02-22 10:51:57
PAYMENT0015265,ACC0024728,2026-03-17 07:48:09,149812.46,,
PAYMENT0015461,ACC0011621,2026-03-17 07:51:17,140127.26,VOICE,2026-03-15 04:12:27
PAYMENT0003799,ACC0009830,2026-03-17 07:58:49,62127.04,VOICE,2026-03-03 07:53:52
PAYMENT0022644,ACC0011721,2026-03-17 08:06:31,53428.91,WHATSAPP,2026-01-30 10:49:08
PAYMENT0018600,ACC0016759,2026-03-17 08:33:45,59227.29,SMS,2026-02-03 08:07:10
PAYMENT0000425,ACC0020862,2026-03-17 09:24:58,137725.8,,
PAYMENT0003581,ACC0009859,2026-03-17 09:42:30,74539.77,WHATSAPP,2026-02-28 08:21:01
PAYMENT0003811,ACC0015838,2026-03-17 10:04:42,67310.09,VOICE,2026-02-19 07:18:05
PAYMENT0012680,ACC0023823,2026-03-17 11:15:54,57985.74,VOICE,2026-03-08 21:54:58
PAYMENT0018575,ACC0016344,2026-03-17 11:26:09,17464.14,,
PAYMENT0008388,ACC0002582,2026-03-17 12:34:55,85223.36,WHATSAPP,2026-02-08 23:55:53
PAYMENT0003705,ACC0004937,2026-03-17 12:45:52,78158.08,VOICE,2026-03-08 13:48:44
PAYMENT0006139,ACC0013669,2026-03-17 13:00:49,47355.71,WHATSAPP,2026-03-15 08:42:01
PAYMENT0011951,ACC0007813,2026-03-17 13:25:04,20621.31,SMS,2026-03-16 12:12:47
PAYMENT0008975,ACC0007119,2026-03-17 13:28:19,48356.72,SMS,2026-02-14 12:12:08
PAYMENT0013107,ACC0019878,2026-03-17 13:29:20,32100.65,SMS,2026-02-23 15:37:30
PAYMENT0004892,ACC0015679,2026-03-17 13:47:02,88688.65,VOICE,2026-03-17 01:42:59
PAYMENT0022694,ACC0028892,2026-03-17 14:25:12,101634.09,VOICE,2026-01-23 04:08:53
PAYMENT0001170,ACC0012511,2026-03-17 14:54:25,104738.12,,
PAYMENT0000358,ACC0028838,2026-03-17 15:02:03,26348.96,VOICE,2026-03-07 03:10:56
PAYMENT0012935,ACC0006862,2026-03-17 15:10:55,123025.57,WHATSAPP,2026-02-01 04:34:54
PAYMENT0016928,ACC0018967,2026-03-17 15:19:51,87416.04,WHATSAPP,2026-03-10 16:57:22
PAYMENT0011930,ACC0012534,2026-03-17 15:32:23,3461.74,VOICE,2026-01-19 10:58:22
PAYMENT0018187,ACC0012840,2026-03-17 16:22:05,70880.19,WHATSAPP,2026-03-17 08:03:41
PAYMENT0024140,ACC0016576,2026-03-17 16:45:57,19686.35,VOICE,2026-02-17 12:23:37
PAYMENT0004848,ACC0016802,2026-03-17 16:46:09,7449.01,,
PAYMENT0020715,ACC0012655,2026-03-17 16:46:12,97870.87,WHATSAPP,2026-03-16 09:57:39
PAYMENT0008318,ACC0019465,2026-03-17 17:26:35,96107.55,SMS,2026-03-10 06:47:40
PAYMENT0003767,ACC0019602,2026-03-17 18:06:02,142210.93,WHATSAPP,2026-03-14 21:53:54
PAYMENT0004629,ACC0026832,2026-03-17 19:04:17,52152.95,VOICE,2026-03-12 05:51:38
PAYMENT0014666,ACC0006335,2026-03-17 19:32:49,66357.51,VOICE,2026-03-09 23:04:58
PAYMENT0016479,ACC0013644,2026-03-17 20:48:21,136602.91,VOICE,2026-02-14 00:16:07
PAYMENT0020749,ACC0015708,2026-03-17 21:12:15,23505.3,SMS,2026-03-16 11:01:51
PAYMENT0012213,ACC0006033,2026-03-17 21:22:43,27097.93,,
PAYMENT0020028,ACC0005402,2026-03-17 22:36:54,65901.35,FIELD,2026-02-25 00:30:58
PAYMENT0006819,ACC0000531,2026-03-17 23:21:34,62415.99,SMS,2026-02-26 19:16:56
PAYMENT0013256,ACC0028523,2026-03-17 23:23:56,85385.37,VOICE,2026-03-16 09:48:11
PAYMENT0015238,ACC0003146,2026-03-17 23:39:15,9475.07,SMS,2026-02-18 03:52:02
PAYMENT0004246,ACC0021951,2026-03-17 23:57:14,72096.51,FIELD,2026-01-24 18:00:27
PAYMENT0023529,ACC0011732,2026-03-18 00:13:20,11520.23,WHATSAPP,2026-02-26 08:45:32
PAYMENT0002195,ACC0022597,2026-03-18 01:27:42,63015.48,VOICE,2026-01-31 00:52:49
PAYMENT0022020,ACC0014124,2026-03-18 01:38:20,68884.73,WHATSAPP,2026-02-25 14:14:49
PAYMENT0010978,ACC0000021,2026-03-18 01:53:34,112208.34,VOICE,2026-02-22 03:39:33
PAYMENT0005971,ACC0020129,2026-03-18 01:54:50,111892.05,FIELD,2026-03-02 06:04:09
PAYMENT0003937,ACC0021754,2026-03-18 01:56:23,60980.83,SMS,2026-02-21 01:18:09
PAYMENT0013753,ACC0025700,2026-03-18 02:05:36,71571.12,FIELD,2026-03-15 19:25:04
PAYMENT0009694,ACC0005867,2026-03-18 02:06:34,82651.08,,
PAYMENT0010661,ACC0023099,2026-03-18 02:33:42,116571.69,VOICE,2026-03-17 16:16:18
PAYMENT0005183,ACC0011260,2026-03-18 03:06:11,24188.37,VOICE,2026-02-15 09:59:21
PAYMENT0010510,ACC0012408,2026-03-18 03:09:55,73204.94,WHATSAPP,2026-03-17 16:47:00
PAYMENT0002050,ACC0002960,2026-03-18 04:30:55,127535.64,SMS,2026-03-11 13:10:22
PAYMENT0014348,ACC0009690,2026-03-18 04:42:47,8163.63,VOICE,2026-02-26 14:46:13
PAYMENT0010201,ACC0028995,2026-03-18 04:44:03,128649.93,WHATSAPP,2026-03-11 16:01:07
PAYMENT0001337,ACC0017659,2026-03-18 05:40:54,17385.63,WHATSAPP,2026-02-08 03:07:40
PAYMENT0009522,ACC0015640,2026-03-18 06:13:40,14504.23,VOICE,2026-03-04 18:20:14
PAYMENT0022559,ACC0020862,2026-03-18 06:20:58,6558.44,,
PAYMENT0008447,ACC0013832,2026-03-18 06:51:27,5597.27,VOICE,2026-03-02 14:56:57
PAYMENT0022619,ACC0002492,2026-03-18 06:52:43,2366.29,FIELD,2026-02-08 17:08:13
PAYMENT0009533,ACC0018928,2026-03-18 07:15:18,59973.24,VOICE,2026-03-04 01:50:36
PAYMENT0019587,ACC0010072,2026-03-18 07:29:43,50033.22,SMS,2026-03-02 14:10:11
PAYMENT0020465,ACC0003740,2026-03-18 07:43:18,74862.3,WHATSAPP,2026-02-21 07:40:30
PAYMENT0003089,ACC0024794,2026-03-18 08:13:59,144678.21,VOICE,2026-01-17 15:05:01
PAYMENT0017525,ACC0008778,2026-03-18 08:29:00,20306.91,VOICE,2026-01-29 12:24:38
PAYMENT0011665,ACC0025951,2026-03-18 08:34:11,59209.8,VOICE,2026-03-06 19:41:30
PAYMENT0024875,ACC0005014,2026-03-18 09:39:02,128303.94,FIELD,2026-03-15 23:00:09
PAYMENT0018870,ACC0001030,2026-03-18 09:56:11,3799.21,SMS,2026-02-23 12:18:43
PAYMENT0010899,ACC0021480,2026-03-18 10:01:16,25191.37,WHATSAPP,2026-02-21 22:53:16
PAYMENT0023171,ACC0008331,2026-03-18 10:27:08,39419.82,VOICE,2026-03-06 11:23:09
PAYMENT0000478,ACC0017716,2026-03-18 12:20:32,145227.95,WHATSAPP,2026-03-14 04:05:51
PAYMENT0012434,ACC0004409,2026-03-18 13:33:32,77142.62,WHATSAPP,2026-02-22 03:36:18
PAYMENT0003769,ACC0018578,2026-03-18 14:40:34,21346.66,WHATSAPP,2026-03-08 00:11:27
PAYMENT0004886,ACC0019984,2026-03-18 15:06:45,85817.52,VOICE,2026-01-29 23:36:31
PAYMENT0023340,ACC0024725,2026-03-18 15:13:49,6730.33,WHATSAPP,2026-02-14 13:41:22
PAYMENT0003429,ACC0004229,2026-03-18 15:48:36,28591.27,VOICE,2026-03-18 12:07:10
PAYMENT0016243,ACC0024970,2026-03-18 15:53:30,78013.91,FIELD,2026-03-17 11:38:36
PAYMENT0017934,ACC0019209,2026-03-18 17:21:22,59188.31,VOICE,2026-03-10 19:47:41
PAYMENT0007708,ACC0003522,2026-03-18 17:49:05,98280.71,,
PAYMENT0024512,ACC0025463,2026-03-18 17:56:22,930.9,VOICE,2026-03-06 21:09:20
PAYMENT0009519,ACC0002113,2026-03-18 18:08:59,67208.7,VOICE,2026-02-25 13:59:35
PAYMENT0000922,ACC0008165,2026-03-18 18:28:39,101089.61,,
PAYMENT0009510,ACC0003670,2026-03-18 18:40:14,28798.49,,
PAYMENT0000780,ACC0028457,2026-03-18 19:02:11,105399.74,,
PAYMENT0004499,ACC0017836,2026-03-18 19:36:16,43220.64,WHATSAPP,2026-02-10 19:02:38
PAYMENT0005602,ACC0013871,2026-03-18 19:37:14,120821.81,VOICE,2026-03-17 01:33:27
PAYMENT0003660,ACC0028237,2026-03-18 19:48:56,1562.4,WHATSAPP,2026-01-23 18:35:42
PAYMENT0016748,ACC0018387,2026-03-18 20:45:04,77609.18,VOICE,2026-02-21 15:49:01
PAYMENT0009678,ACC0022026,2026-03-18 20:59:02,55687.42,VOICE,2026-02-14 19:36:50
PAYMENT0001988,ACC0001026,2026-03-18 21:21:33,121953.08,FIELD,2026-02-27 01:19:18
PAYMENT0001356,ACC0025804,2026-03-18 21:30:06,91864.66,SMS,2026-02-20 02:01:55
PAYMENT0005811,ACC0018585,2026-03-18 21:55:52,55050.51,,
PAYMENT0020107,ACC0022218,2026-03-18 21:58:08,145905.47,VOICE,2026-03-03 09:29:38
PAYMENT0000673,ACC0023387,2026-03-18 22:07:07,22450.54,VOICE,2026-03-18 15:48:21
PAYMENT0016623,ACC0016147,2026-03-18 22:10:26,89575.12,WHATSAPP,2026-03-13 11:24:13
PAYMENT0016536,ACC0011280,2026-03-18 22:30:01,1339.26,VOICE,2026-03-05 21:48:26
PAYMENT0021448,ACC0028916,2026-03-18 23:05:24,51397.82,SMS,2026-03-07 11:08:10
PAYMENT0007036,ACC0026234,2026-03-18 23:36:42,147525.96,VOICE,2026-03-09 13:58:05
PAYMENT0002430,ACC0013488,2026-03-19 00:13:57,129121.11,WHATSAPP,2026-03-17 22:51:06
PAYMENT0014496,ACC0028547,2026-03-19 00:57:37,128341.01,SMS,2026-02-01 04:36:20
PAYMENT0023625,ACC0006392,2026-03-19 01:19:26,142054.61,,
PAYMENT0011890,ACC0016946,2026-03-19 01:21:03,47282.85,VOICE,2026-03-01 14:49:01
PAYMENT0024607,ACC0004206,2026-03-19 01:58:25,65923.31,VOICE,2026-02-28 02:43:53
PAYMENT0011571,ACC0025455,2026-03-19 02:14:50,93668.03,VOICE,2026-02-11 19:50:40
PAYMENT0005147,ACC0001488,2026-03-19 02:15:17,149691.14,VOICE,2026-03-05 18:34:04
PAYMENT0003103,ACC0006331,2026-03-19 02:19:16,74013.28,WHATSAPP,2026-03-02 17:48:15
PAYMENT0007891,ACC0016840,2026-03-19 02:32:52,50146.67,VOICE,2026-03-09 02:25:04
PAYMENT0000238,ACC0007902,2026-03-19 02:36:52,142884.24,SMS,2026-02-24 07:52:32
PAYMENT0021835,ACC0013835,2026-03-19 02:44:42,3432.96,WHATSAPP,2026-03-02 03:24:49
PAYMENT0017908,ACC0018763,2026-03-19 02:46:32,118355.52,VOICE,2026-02-09 00:11:50
PAYMENT0001594,ACC0023692,2026-03-19 03:16:32,51234.8,VOICE,2026-02-16 12:34:31
PAYMENT0010570,ACC0010275,2026-03-19 03:38:01,75048.99,SMS,2026-03-03 18:19:58
PAYMENT0022576,ACC0013631,2026-03-19 04:01:32,128510.89,SMS,2026-02-03 22:14:36
PAYMENT0018393,ACC0009018,2026-03-19 04:21:26,91976.41,WHATSAPP,2026-02-16 12:55:30
PAYMENT0011230,ACC0005492,2026-03-19 04:42:22,146703.81,VOICE,2026-03-08 20:58:44
PAYMENT0013667,ACC0022276,2026-03-19 04:56:16,48263.7,,
PAYMENT0017923,ACC0017924,2026-03-19 05:07:16,65953.95,WHATSAPP,2026-03-04 09:49:34
PAYMENT0007045,ACC0000111,2026-03-19 05:19:26,74027.66,WHATSAPP,2026-02-25 03:39:57
PAYMENT0008433,ACC0004841,2026-03-19 05:22:49,48262.56,FIELD,2026-03-13 18:12:15
PAYMENT0009207,ACC0002545,2026-03-19 05:49:42,127881.7,WHATSAPP,2026-03-05 17:57:09
PAYMENT0003407,ACC0025895,2026-03-19 05:51:25,93395.45,WHATSAPP,2026-02-27 04:33:26
PAYMENT0024963,ACC0014111,2026-03-19 05:59:42,91590.08,SMS,2026-03-03 01:39:13
PAYMENT0023526,ACC0024522,2026-03-19 06:30:02,11168.7,,
PAYMENT0021634,ACC0023666,2026-03-19 06:55:11,91060.51,VOICE,2026-03-12 02:49:31
PAYMENT0003389,ACC0029253,2026-03-19 07:16:34,141382.43,WHATSAPP,2026-02-27 06:03:32
PAYMENT0023164,ACC0011990,2026-03-19 07:38:03,95963.7,SMS,2026-01-13 08:30:49
PAYMENT0004659,ACC0025411,2026-03-19 07:39:10,6006.3,WHATSAPP,2026-03-01 20:21:53
PAYMENT0008539,ACC0000235,2026-03-19 07:39:47,38482.85,WHATSAPP,2026-03-04 06:13:59
PAYMENT0022231,ACC0005012,2026-03-19 08:07:51,71537.2,WHATSAPP,2026-03-02 12:29:39
PAYMENT0003433,ACC0023846,2026-03-19 08:08:42,122002.49,SMS,2026-03-05 08:37:59
PAYMENT0003173,ACC0002612,2026-03-19 08:36:18,38873.27,VOICE,2026-03-13 16:15:30
PAYMENT0019135,ACC0024642,2026-03-19 08:53:09,56641.06,SMS,2026-02-19 22:28:52
PAYMENT0010427,ACC0023153,2026-03-19 09:12:13,77438.48,VOICE,2026-02-23 16:27:18
PAYMENT0024504,ACC0000847,2026-03-19 09:38:15,137462.04,SMS,2026-02-27 17:14:31
PAYMENT0009254,ACC0016904,2026-03-19 10:11:59,113863.91,VOICE,2026-03-13 14:22:34
PAYMENT0010030,ACC0019574,2026-03-19 10:17:05,11831.34,SMS,2026-02-11 08:50:10
PAYMENT0004066,ACC0024816,2026-03-19 10:24:09,135162.1,,
PAYMENT0012250,ACC0001435,2026-03-19 11:15:34,96932.88,VOICE,2026-01-09 16:06:00
PAYMENT0017848,ACC0016661,2026-03-19 11:47:44,48366.87,VOICE,2026-03-10 03:38:32
PAYMENT0006832,ACC0025929,2026-03-19 12:34:41,24458.19,SMS,2026-03-05 18:57:03
PAYMENT0007255,ACC0007766,2026-03-19 13:46:41,33691.26,SMS,2026-03-07 09:54:51
PAYMENT0005433,ACC0016854,2026-03-19 14:22:44,111966.64,VOICE,2026-03-16 15:56:09
PAYMENT0002957,ACC0014946,2026-03-19 14:43:39,40787.51,VOICE,2026-02-23 22:54:06
PAYMENT0018496,ACC0010685,2026-03-19 14:53:02,100583.0,VOICE,2026-03-05 10:57:02
PAYMENT0021077,ACC0022020,2026-03-19 15:24:27,140865.49,WHATSAPP,2026-02-22 14:00:30
PAYMENT0015386,ACC0029257,2026-03-19 15:27:25,36780.3,SMS,2026-03-14 05:25:28
PAYMENT0016634,ACC0008141,2026-03-19 15:27:27,120853.72,SMS,2026-03-14 15:51:14
PAYMENT0005818,ACC0027311,2026-03-19 15:45:03,103985.66,VOICE,2026-02-17 12:20:04
PAYMENT0019794,ACC0010822,2026-03-19 16:29:00,28003.28,SMS,2026-03-09 18:05:18
PAYMENT0006410,ACC0026441,2026-03-19 16:35:57,54230.22,WHATSAPP,2026-02-03 03:26:51
PAYMENT0007757,ACC0029732,2026-03-19 17:10:32,4540.25,VOICE,2026-03-06 00:04:22
PAYMENT0002083,ACC0004761,2026-03-19 17:14:11,56862.78,WHATSAPP,2026-02-03 09:22:04
PAYMENT0018922,ACC0014371,2026-03-19 17:45:46,28866.98,VOICE,2026-03-16 06:46:34
PAYMENT0012140,ACC0019642,2026-03-19 18:16:05,72638.38,VOICE,2026-03-19 07:00:47
PAYMENT0018610,ACC0013106,2026-03-19 18:22:00,140685.1,VOICE,2026-03-06 12:05:32
PAYMENT0002892,ACC0008092,2026-03-19 18:50:35,87917.17,VOICE,2026-02-15 01:37:39
PAYMENT0020099,ACC0019199,2026-03-19 20:06:14,21977.72,SMS,2026-03-16 17:40:47
PAYMENT0020430,ACC0002742,2026-03-19 20:52:31,78404.57,,
PAYMENT0013422,ACC0027722,2026-03-19 20:57:19,136153.38,WHATSAPP,2026-03-13 16:12:05
PAYMENT0021527,ACC0004007,2026-03-19 21:16:51,137459.26,VOICE,2026-01-29 23:44:05
PAYMENT0004325,ACC0015378,2026-03-19 21:29:02,141759.81,VOICE,2026-03-19 14:31:31
PAYMENT0020810,ACC0017956,2026-03-19 21:29:05,72201.66,VOICE,2026-03-11 09:54:16
PAYMENT0018324,ACC0020887,2026-03-19 21:35:20,146167.91,,
PAYMENT0013041,ACC0023609,2026-03-19 22:17:28,36594.87,VOICE,2026-02-09 01:24:50
PAYMENT0007681,ACC0015496,2026-03-19 22:51:13,17781.75,WHATSAPP,2026-02-18 16:57:09
PAYMENT0015669,ACC0009620,2026-03-19 23:15:06,78716.23,,
PAYMENT0016288,ACC0012988,2026-03-19 23:16:37,93764.7,WHATSAPP,2026-03-04 09:53:24
PAYMENT0019525,ACC0012999,2026-03-19 23:48:48,38561.47,WHATSAPP,2026-01-30 03:59:43
PAYMENT0003859,ACC0005779,2026-03-19 23:56:19,6160.78,SMS,2026-02-26 10:27:28
PAYMENT0021669,ACC0027160,2026-03-20 00:30:39,4739.11,VOICE,2026-03-17 11:14:39
PAYMENT0014410,ACC0013846,2026-03-20 00:55:11,100281.85,VOICE,2026-02-19 02:29:56
PAYMENT0010509,ACC0022533,2026-03-20 01:31:20,103752.88,VOICE,2026-01-13 17:18:18
PAYMENT0018609,ACC0016854,2026-03-20 01:41:56,72822.6,VOICE,2026-03-16 15:56:09
PAYMENT0019133,ACC0000068,2026-03-20 01:50:45,144861.95,VOICE,2026-03-18 03:59:47
PAYMENT0016904,ACC0003429,2026-03-20 02:16:21,21654.27,SMS,2026-02-01 20:06:37
PAYMENT0020679,ACC0001946,2026-03-20 03:34:24,11668.55,WHATSAPP,2026-02-08 15:45:54
PAYMENT0006878,ACC0020747,2026-03-20 03:54:18,99655.92,WHATSAPP,2026-03-09 13:00:18
PAYMENT0009287,ACC0009371,2026-03-20 04:01:24,5793.64,WHATSAPP,2026-03-09 02:17:56
PAYMENT0022256,ACC0026882,2026-03-20 04:03:16,133053.04,VOICE,2026-03-17 13:05:09
PAYMENT0000202,ACC0010057,2026-03-20 04:14:47,123177.25,SMS,2026-03-06 06:02:43
PAYMENT0016238,ACC0006215,2026-03-20 04:52:21,82316.28,FIELD,2026-02-25 21:06:30
PAYMENT0023428,ACC0013727,2026-03-20 04:56:52,122253.13,WHATSAPP,2026-03-13 23:49:58
PAYMENT0016793,ACC0016565,2026-03-20 05:22:57,104352.4,WHATSAPP,2026-03-17 16:05:55
PAYMENT0008012,ACC0020960,2026-03-20 06:53:27,39547.43,VOICE,2026-02-24 08:56:48
PAYMENT0013575,ACC0008620,2026-03-20 06:54:06,84855.55,VOICE,2026-01-23 10:36:25
PAYMENT0000078,ACC0023036,2026-03-20 06:57:04,108410.18,VOICE,2026-03-19 20:31:41
PAYMENT0015036,ACC0004714,2026-03-20 07:09:53,141236.01,WHATSAPP,2026-03-11 04:44:26
PAYMENT0007375,ACC0004528,2026-03-20 07:13:10,71301.71,VOICE,2026-02-19 08:38:08
PAYMENT0016069,ACC0005273,2026-03-20 07:33:57,58397.14,,
PAYMENT0010282,ACC0023473,2026-03-20 07:57:02,140835.32,VOICE,2026-02-26 04:01:03
PAYMENT0006701,ACC0010749,2026-03-20 08:34:32,20256.05,WHATSAPP,2026-03-17 14:35:35
PAYMENT0001347,ACC0023319,2026-03-20 08:48:27,47250.01,VOICE,2026-03-13 13:22:18
PAYMENT0020594,ACC0022477,2026-03-20 09:17:27,91188.88,WHATSAPP,2026-02-08 13:09:06
PAYMENT0024265,ACC0014106,2026-03-20 09:45:10,119255.5,WHATSAPP,2026-03-05 01:54:13
PAYMENT0003738,ACC0020509,2026-03-20 10:08:29,147394.51,WHATSAPP,2026-03-12 22:29:01
PAYMENT0021214,ACC0019559,2026-03-20 10:37:29,76438.35,WHATSAPP,2026-02-15 07:33:24
PAYMENT0010714,ACC0001049,2026-03-20 11:17:53,149475.09,,
PAYMENT0017052,ACC0022892,2026-03-20 11:43:53,91151.21,VOICE,2026-03-19 01:46:02
PAYMENT0017709,ACC0010778,2026-03-20 11:57:47,57899.01,VOICE,2026-02-24 06:17:50
PAYMENT0010150,ACC0028597,2026-03-20 12:40:49,92150.52,WHATSAPP,2026-01-10 19:11:49
PAYMENT0000571,ACC0016569,2026-03-20 13:31:20,48949.64,SMS,2026-02-02 19:55:06
PAYMENT0011578,ACC0011354,2026-03-20 13:42:05,147237.71,VOICE,2026-01-17 17:38:05
PAYMENT0011285,ACC0022045,2026-03-20 13:54:06,132496.29,WHATSAPP,2026-03-16 20:19:54
PAYMENT0015007,ACC0010869,2026-03-20 14:19:21,109385.9,FIELD,2026-03-20 12:39:28
PAYMENT0016285,ACC0016612,2026-03-20 15:36:31,74748.43,VOICE,2026-03-07 18:34:40
PAYMENT0021529,ACC0010937,2026-03-20 16:12:34,148478.56,VOICE,2026-02-18 16:51:09
PAYMENT0023704,ACC0002704,2026-03-20 16:51:05,131223.21,SMS,2026-01-22 04:21:33
PAYMENT0011189,ACC0009399,2026-03-20 18:57:02,51583.38,WHATSAPP,2026-03-13 22:41:09
PAYMENT0010232,ACC0018048,2026-03-20 18:58:58,128626.87,FIELD,2026-02-25 21:31:43
PAYMENT0012781,ACC0016216,2026-03-20 19:19:09,113756.49,VOICE,2026-03-16 20:32:13
PAYMENT0000208,ACC0005131,2026-03-20 19:57:19,112003.11,VOICE,2026-03-14 15:10:33
PAYMENT0012709,ACC0005298,2026-03-20 19:57:26,60253.35,VOICE,2026-02-23 04:09:47
PAYMENT0006507,ACC0020108,2026-03-20 19:58:07,85504.66,,
PAYMENT0000815,ACC0028862,2026-03-20 20:01:10,110922.35,SMS,2026-03-13 08:53:14
PAYMENT0022334,ACC0016207,2026-03-20 20:18:40,50127.32,FIELD,2026-02-03 07:11:38
PAYMENT0012832,ACC0001490,2026-03-20 20:24:13,142097.12,SMS,2026-01-24 20:24:47
PAYMENT0004300,ACC0005639,2026-03-20 21:06:57,51950.13,FIELD,2026-02-20 05:51:06
PAYMENT0002475,ACC0022791,2026-03-20 21:11:29,145915.42,,
PAYMENT0005336,ACC0008662,2026-03-20 21:29:32,47936.26,VOICE,2026-03-06 10:23:58
PAYMENT0006086,ACC0015065,2026-03-20 21:36:26,58368.13,FIELD,2026-03-16 02:47:56
PAYMENT0010327,ACC0027240,2026-03-20 22:40:24,127608.51,WHATSAPP,2026-02-19 20:08:37
PAYMENT0024686,ACC0026149,2026-03-20 23:44:15,28050.68,VOICE,2026-02-07 20:21:47
PAYMENT0004284,ACC0021802,2026-03-20 23:55:43,93867.12,WHATSAPP,2026-01-06 13:09:23
PAYMENT0013241,ACC0001276,2026-03-21 00:07:29,35063.84,VOICE,2026-01-15 11:18:42
PAYMENT0010817,ACC0023401,2026-03-21 00:14:52,780.03,WHATSAPP,2026-03-19 11:14:40
PAYMENT0004921,ACC0029113,2026-03-21 00:15:26,15335.96,SMS,2026-03-18 15:01:06
PAYMENT0019191,ACC0025025,2026-03-21 00:24:43,46431.52,VOICE,2026-03-16 03:26:02
PAYMENT0009997,ACC0010710,2026-03-21 00:42:03,122843.63,VOICE,2026-02-26 18:50:11
PAYMENT0006849,ACC0001356,2026-03-21 01:00:05,109542.22,VOICE,2026-03-02 21:04:22
PAYMENT0024673,ACC0019679,2026-03-21 01:04:23,97993.25,WHATSAPP,2026-03-03 14:57:18
PAYMENT0022672,ACC0001057,2026-03-21 01:28:13,75848.32,VOICE,2026-02-22 06:37:36
PAYMENT0024735,ACC0026891,2026-03-21 02:00:10,34222.77,SMS,2026-03-16 15:48:59
PAYMENT0009990,ACC0015087,2026-03-21 02:57:22,58748.5,VOICE,2026-03-05 16:42:52
PAYMENT0010617,ACC0008407,2026-03-21 03:14:24,15151.53,SMS,2026-03-18 13:16:26
PAYMENT0004711,ACC0011058,2026-03-21 03:22:47,118570.67,SMS,2026-02-13 14:12:04
PAYMENT0020109,ACC0022550,2026-03-21 03:29:33,125791.4,VOICE,2026-03-12 23:22:08
PAYMENT0023292,ACC0004484,2026-03-21 03:57:41,149331.1,VOICE,2026-03-16 07:24:16
PAYMENT0024352,ACC0006348,2026-03-21 04:13:04,70016.95,SMS,2026-03-04 03:48:56
PAYMENT0021741,ACC0010596,2026-03-21 04:20:20,59516.26,VOICE,2026-02-10 19:52:01
PAYMENT0000565,ACC0029730,2026-03-21 05:22:15,20084.81,,
PAYMENT0006830,ACC0017882,2026-03-21 05:33:37,26636.79,WHATSAPP,2026-02-26 01:04:23
PAYMENT0000551,ACC0027598,2026-03-21 06:34:51,76564.19,SMS,2026-02-11 19:47:36
PAYMENT0012750,ACC0007934,2026-03-21 07:11:45,122921.45,VOICE,2026-01-27 14:25:44
PAYMENT0016567,ACC0028340,2026-03-21 08:07:24,132113.3,FIELD,2026-03-12 05:08:09
PAYMENT0024837,ACC0014596,2026-03-21 08:53:22,135249.31,WHATSAPP,2026-03-20 15:10:15
PAYMENT0008155,ACC0012845,2026-03-21 09:12:31,25421.59,WHATSAPP,2026-01-25 18:17:58
PAYMENT0003410,ACC0004184,2026-03-21 09:26:42,33691.35,,
PAYMENT0003983,ACC0003482,2026-03-21 10:20:29,102286.6,WHATSAPP,2026-02-11 08:24:31
PAYMENT0005425,ACC0011192,2026-03-21 10:27:54,19626.2,FIELD,2026-02-24 03:39:12
PAYMENT0012701,ACC0013952,2026-03-21 10:31:05,58349.71,VOICE,2026-02-09 02:35:14
PAYMENT0007300,ACC0000703,2026-03-21 10:46:27,91464.32,VOICE,2026-03-05 04:25:03
PAYMENT0013523,ACC0009624,2026-03-21 11:05:24,137537.96,VOICE,2026-03-06 06:17:17
PAYMENT0003982,ACC0004595,2026-03-21 11:25:17,9612.41,VOICE,2026-03-14 14:27:46
PAYMENT0014716,ACC0025721,2026-03-21 12:03:15,82713.23,VOICE,2026-03-18 08:05:56
PAYMENT0017500,ACC0003643,2026-03-21 12:10:48,100580.58,WHATSAPP,2026-02-02 21:44:10
PAYMENT0003499,ACC0004260,2026-03-21 12:28:00,121493.88,VOICE,2026-02-26 15:54:56
PAYMENT0006528,ACC0018894,2026-03-21 12:38:18,53978.96,VOICE,2026-03-21 00:51:27
PAYMENT0011407,ACC0004887,2026-03-21 13:12:02,103203.07,VOICE,2026-01-24 08:45:13
PAYMENT0013609,ACC0021169,2026-03-21 13:41:59,61455.58,FIELD,2026-01-23 00:04:11
PAYMENT0014063,ACC0016168,2026-03-21 13:44:29,74650.62,FIELD,2026-02-23 05:50:10
PAYMENT0012384,ACC0020167,2026-03-21 14:14:17,131642.81,SMS,2026-03-15 12:29:19
PAYMENT0015115,ACC0029432,2026-03-21 14:56:02,73917.6,VOICE,2026-03-13 04:53:07
PAYMENT0015968,ACC0028056,2026-03-21 15:45:07,111490.63,SMS,2026-02-20 01:07:17
PAYMENT0013123,ACC0022282,2026-03-21 16:15:45,42250.66,VOICE,2026-03-03 19:12:22
PAYMENT0011380,ACC0010413,2026-03-21 16:22:50,51087.27,VOICE,2026-02-10 17:14:10
PAYMENT0004760,ACC0004636,2026-03-21 17:04:09,67839.71,VOICE,2026-03-01 18:18:46
PAYMENT0012948,ACC0013674,2026-03-21 17:05:18,107570.18,VOICE,2026-03-10 07:42:48
PAYMENT0002810,ACC0027301,2026-03-21 17:49:04,36175.31,WHATSAPP,2026-03-06 09:55:52
PAYMENT0006945,ACC0008559,2026-03-21 18:14:58,102412.88,WHATSAPP,2026-01-18 03:37:48
PAYMENT0019754,ACC0013138,2026-03-21 19:04:41,143014.65,WHATSAPP,2026-03-16 17:44:19
PAYMENT0002276,ACC0007363,2026-03-21 19:38:51,129808.37,VOICE,2026-02-12 08:14:27
PAYMENT0009488,ACC0022227,2026-03-21 19:51:41,72673.94,VOICE,2026-02-18 19:35:37
PAYMENT0021927,ACC0009779,2026-03-21 20:01:57,28917.17,VOICE,2026-03-11 11:02:38
PAYMENT0010819,ACC0005484,2026-03-21 20:26:13,67191.54,,
PAYMENT0015016,ACC0027918,2026-03-21 20:37:36,51102.68,VOICE,2026-03-17 19:54:13
PAYMENT0020653,ACC0017391,2026-03-21 20:39:00,85308.93,WHATSAPP,2026-03-11 21:42:58
PAYMENT0024910,ACC0004566,2026-03-21 20:57:57,54872.81,WHATSAPP,2026-02-22 12:35:59
PAYMENT0011233,ACC0006225,2026-03-21 21:03:39,99039.64,VOICE,2026-03-17 02:43:40
PAYMENT0019969,ACC0018899,2026-03-21 21:46:21,11216.06,VOICE,2026-03-21 02:04:44
PAYMENT0008386,ACC0003430,2026-03-21 22:19:52,26180.48,SMS,2026-03-12 22:40:04
PAYMENT0012923,ACC0009978,2026-03-21 22:30:37,80643.93,,
PAYMENT0006593,ACC0027712,2026-03-22 00:59:43,41371.5,WHATSAPP,2026-03-19 21:14:10
PAYMENT0013485,ACC0020629,2026-03-22 01:03:33,143706.15,SMS,2026-03-03 08:40:53
PAYMENT0002552,ACC0012034,2026-03-22 01:34:03,6556.92,VOICE,2026-01-19 17:57:09
PAYMENT0024259,ACC0029811,2026-03-22 02:26:59,78284.44,VOICE,2026-02-14 21:50:06
PAYMENT0000741,ACC0017638,2026-03-22 03:03:44,128590.53,VOICE,2026-01-19 23:26:53
PAYMENT0014133,ACC0016524,2026-03-22 04:20:35,70243.06,VOICE,2026-01-23 02:15:32
PAYMENT0017774,ACC0025376,2026-03-22 05:05:31,95447.32,WHATSAPP,2026-03-21 21:23:28
PAYMENT0020265,ACC0014200,2026-03-22 05:13:04,46528.33,VOICE,2026-02-11 04:48:42
PAYMENT0012914,ACC0011385,2026-03-22 05:19:13,108361.66,WHATSAPP,2026-01-17 03:14:55
PAYMENT0015693,ACC0017629,2026-03-22 05:22:14,9713.24,SMS,2026-03-18 21:21:32
PAYMENT0018015,ACC0007893,2026-03-22 06:26:40,106832.26,WHATSAPP,2026-03-19 20:58:08
PAYMENT0001479,ACC0008202,2026-03-22 06:28:05,29484.75,WHATSAPP,2026-03-07 04:07:50
PAYMENT0017544,ACC0005972,2026-03-22 06:50:58,147225.84,WHATSAPP,2026-03-07 21:54:23
PAYMENT0006559,ACC0008968,2026-03-22 07:20:25,124647.25,WHATSAPP,2026-03-07 15:47:43
PAYMENT0012044,ACC0000269,2026-03-22 07:22:46,20982.04,FIELD,2026-01-04 20:36:00
PAYMENT0006506,ACC0005959,2026-03-22 07:57:00,142341.1,VOICE,2026-03-09 06:54:54
PAYMENT0016378,ACC0012426,2026-03-22 07:59:16,50170.23,VOICE,2026-03-11 12:59:25
PAYMENT0002065,ACC0020174,2026-03-22 08:00:48,70442.64,VOICE,2026-03-20 00:20:36
PAYMENT0012628,ACC0026002,2026-03-22 08:29:46,147639.18,VOICE,2026-03-16 17:35:30
PAYMENT0023652,ACC0025821,2026-03-22 08:46:46,102337.4,VOICE,2026-03-05 14:19:15
PAYMENT0024548,ACC0019988,2026-03-22 09:47:00,3330.23,,
PAYMENT0001533,ACC0025961,2026-03-22 09:52:33,78453.79,WHATSAPP,2026-03-04 09:16:18
PAYMENT0010590,ACC0005770,2026-03-22 10:31:43,67475.49,SMS,2026-03-01 15:42:32
PAYMENT0008251,ACC0021928,2026-03-22 11:05:46,63836.36,SMS,2026-03-19 18:57:17
PAYMENT0007755,ACC0024916,2026-03-22 11:12:19,15845.1,,
PAYMENT0018170,ACC0011120,2026-03-22 11:43:49,873.11,WHATSAPP,2026-03-14 17:53:28
PAYMENT0001834,ACC0025960,2026-03-22 12:09:49,120660.16,VOICE,2026-03-06 17:08:02
PAYMENT0018442,ACC0027509,2026-03-22 12:51:26,42947.25,WHATSAPP,2026-02-24 09:27:16
PAYMENT0001986,ACC0004739,2026-03-22 13:14:46,66889.92,VOICE,2026-03-03 07:41:32
PAYMENT0003743,ACC0027714,2026-03-22 14:00:04,100393.43,VOICE,2026-03-08 02:08:45
PAYMENT0001918,ACC0007291,2026-03-22 14:05:40,51298.43,VOICE,2026-03-03 22:55:40
PAYMENT0002852,ACC0023293,2026-03-22 15:10:32,102191.23,VOICE,2026-02-20 22:58:27
PAYMENT0019803,ACC0017834,2026-03-22 15:43:25,1322.02,,
PAYMENT0021810,ACC0009080,2026-03-22 15:49:34,52282.17,VOICE,2026-02-18 06:35:06
PAYMENT0015118,ACC0019116,2026-03-22 15:55:27,71879.19,VOICE,2026-03-18 13:17:26
PAYMENT0014872,ACC0020729,2026-03-22 16:07:04,52294.7,,
PAYMENT0005292,ACC0002448,2026-03-22 16:10:44,69689.63,WHATSAPP,2026-02-12 21:21:56
PAYMENT0001617,ACC0006065,2026-03-22 17:16:47,43370.14,SMS,2026-03-06 05:54:36
PAYMENT0013995,ACC0006485,2026-03-22 17:25:37,12199.03,VOICE,2026-01-28 07:52:07
PAYMENT0009306,ACC0020393,2026-03-22 18:19:57,8734.75,VOICE,2026-01-31 04:48:03
PAYMENT0020985,ACC0005571,2026-03-22 18:22:13,142486.22,VOICE,2026-02-19 04:30:52
PAYMENT0000334,ACC0024624,2026-03-22 18:29:00,27942.29,VOICE,2026-02-14 10:53:10
PAYMENT0012146,ACC0011360,2026-03-22 18:32:21,44860.03,WHATSAPP,2026-03-21 19:26:12
PAYMENT0019029,ACC0012137,2026-03-22 19:48:59,78558.49,WHATSAPP,2026-02-22 01:51:37
PAYMENT0023055,ACC0009539,2026-03-22 20:13:30,137931.82,SMS,2026-03-11 15:11:23
PAYMENT0012657,ACC0009103,2026-03-22 20:56:34,56904.7,WHATSAPP,2026-02-11 04:57:49
PAYMENT0023281,ACC0029420,2026-03-22 21:18:04,119910.14,,
PAYMENT0022444,ACC0028311,2026-03-22 21:25:07,60957.11,,
PAYMENT0007710,ACC0017892,2026-03-22 21:37:50,122743.52,VOICE,2026-03-11 21:35:59
PAYMENT0016661,ACC0003758,2026-03-22 22:06:51,80832.58,SMS,2026-02-16 01:11:54
PAYMENT0004315,ACC0020348,2026-03-22 22:23:32,34934.9,SMS,2026-02-11 18:51:38
PAYMENT0004587,ACC0026349,2026-03-22 22:25:29,87080.55,SMS,2026-03-15 21:25:37
PAYMENT0024597,ACC0025389,2026-03-22 22:52:48,73325.42,WHATSAPP,2026-03-04 23:04:56
PAYMENT0020968,ACC0006701,2026-03-22 22:55:57,18044.78,FIELD,2026-01-12 09:37:13
PAYMENT0016734,ACC0028532,2026-03-22 23:08:08,62253.02,,
PAYMENT0021920,ACC0004581,2026-03-22 23:57:03,16883.46,VOICE,2026-02-16 03:53:09
PAYMENT0012686,ACC0009601,2026-03-23 00:03:33,10271.77,FIELD,2026-02-21 10:29:31
PAYMENT0008169,ACC0007677,2026-03-23 00:16:32,144996.18,FIELD,2026-03-01 03:59:57
PAYMENT0023334,ACC0017876,2026-03-23 01:05:42,127174.77,SMS,2026-02-28 04:19:41
PAYMENT0017819,ACC0008316,2026-03-23 01:21:40,99409.93,SMS,2026-03-02 13:20:15
PAYMENT0015704,ACC0026430,2026-03-23 01:37:11,77244.53,FIELD,2026-02-14 07:18:07
PAYMENT0021143,ACC0005773,2026-03-23 01:38:00,140101.18,SMS,2026-03-15 05:30:09
PAYMENT0009082,ACC0013866,2026-03-23 01:46:16,123334.32,SMS,2026-03-12 19:15:27
PAYMENT0000340,ACC0013707,2026-03-23 01:47:06,32895.48,VOICE,2026-02-27 11:08:16
PAYMENT0001096,ACC0008672,2026-03-23 01:55:26,36318.28,VOICE,2026-03-12 17:51:46
PAYMENT0024806,ACC0020018,2026-03-23 01:59:44,73267.44,FIELD,2026-01-13 05:29:09
PAYMENT0008279,ACC0021768,2026-03-23 02:58:11,111722.87,,
PAYMENT0007597,ACC0024520,2026-03-23 03:36:10,104085.62,,
PAYMENT0023544,ACC0022649,2026-03-23 03:38:58,865.95,VOICE,2026-03-04 13:47:14
PAYMENT0010751,ACC0015385,2026-03-23 04:03:43,3215.21,SMS,2026-01-31 18:10:46
PAYMENT0002990,ACC0020932,2026-03-23 04:07:33,138805.98,VOICE,2026-02-20 23:45:30
PAYMENT0002317,ACC0014847,2026-03-23 04:12:30,33184.79,WHATSAPP,2026-03-18 00:57:55
PAYMENT0001509,ACC0002778,2026-03-23 04:47:20,44767.4,SMS,2026-02-19 23:20:12
PAYMENT0006274,ACC0027504,2026-03-23 05:36:21,71987.22,VOICE,2026-02-28 00:10:41
PAYMENT0011140,ACC0009184,2026-03-23 05:44:42,118038.41,VOICE,2026-01-25 19:02:04
PAYMENT0003215,ACC0016617,2026-03-23 05:52:30,2139.9,SMS,2026-02-24 00:23:34
PAYMENT0022949,ACC0012200,2026-03-23 05:55:03,64916.88,WHATSAPP,2026-03-18 15:22:56
PAYMENT0003299,ACC0022127,2026-03-23 05:56:53,70245.29,VOICE,2026-01-26 13:06:54
PAYMENT0004248,ACC0025764,2026-03-23 06:01:25,69896.62,VOICE,2026-03-20 01:34:13
PAYMENT0012498,ACC0026166,2026-03-23 06:05:42,123941.63,SMS,2026-03-01 17:00:51
PAYMENT0024218,ACC0015475,2026-03-23 06:25:14,50783.94,WHATSAPP,2026-02-12 09:10:23
PAYMENT0010518,ACC0024233,2026-03-23 06:43:17,15890.71,WHATSAPP,2026-02-07 07:37:25
PAYMENT0022580,ACC0023479,2026-03-23 06:47:56,63904.58,SMS,2026-03-15 08:42:39
PAYMENT0022106,ACC0026535,2026-03-23 06:49:25,142270.47,WHATSAPP,2026-03-03 01:33:31
PAYMENT0024362,ACC0010775,2026-03-23 07:31:43,125278.42,WHATSAPP,2026-01-10 23:21:39
PAYMENT0020807,ACC0017642,2026-03-23 07:39:19,82137.51,,
PAYMENT0002034,ACC0014578,2026-03-23 08:28:23,147810.23,WHATSAPP,2026-03-06 05:11:36
PAYMENT0007689,ACC0005437,2026-03-23 08:32:31,109622.06,WHATSAPP,2026-02-15 23:34:15
PAYMENT0000868,ACC0009603,2026-03-23 08:45:23,91928.69,SMS,2026-03-18 09:06:28
PAYMENT0015785,ACC0003354,2026-03-23 08:53:34,14446.33,SMS,2026-02-27 07:54:46
PAYMENT0006512,ACC0002298,2026-03-23 08:56:10,58689.81,VOICE,2026-03-12 02:45:15
PAYMENT0011620,ACC0016737,2026-03-23 11:12:48,110016.68,VOICE,2026-03-07 07:53:44
PAYMENT0008870,ACC0006580,2026-03-23 11:19:49,73146.54,WHATSAPP,2026-03-16 20:15:36
PAYMENT0018422,ACC0010902,2026-03-23 11:49:49,133688.48,SMS,2026-03-18 19:32:35
PAYMENT0011058,ACC0017934,2026-03-23 11:50:57,11992.52,,
PAYMENT0000951,ACC0009986,2026-03-23 12:30:11,105500.22,VOICE,2026-02-28 20:18:38
PAYMENT0010500,ACC0021853,2026-03-23 12:33:20,1010.25,VOICE,2026-03-23 11:16:34
PAYMENT0015310,ACC0028789,2026-03-23 13:04:09,118101.56,WHATSAPP,2026-03-15 10:40:06
PAYMENT0018309,ACC0004665,2026-03-23 13:11:16,61441.16,VOICE,2026-01-10 12:21:35
PAYMENT0013669,ACC0017596,2026-03-23 13:13:02,81072.4,VOICE,2026-02-26 09:27:08
PAYMENT0019455,ACC0027936,2026-03-23 14:00:08,143632.18,WHATSAPP,2026-03-20 04:29:23
PAYMENT0009828,ACC0017586,2026-03-23 14:01:07,34542.08,FIELD,2026-03-18 11:05:51
PAYMENT0024690,ACC0029027,2026-03-23 14:09:46,65078.0,SMS,2026-03-23 11:39:02
PAYMENT0005107,ACC0002462,2026-03-23 14:14:41,39796.93,WHATSAPP,2026-02-22 22:45:50
PAYMENT0013383,ACC0006677,2026-03-23 14:24:50,145839.62,WHATSAPP,2026-01-04 05:32:35
PAYMENT0016557,ACC0028609,2026-03-23 14:54:04,139654.95,WHATSAPP,2026-01-20 07:16:23
PAYMENT0018255,ACC0025713,2026-03-23 14:59:20,6610.92,VOICE,2026-03-21 00:44:11
PAYMENT0023681,ACC0021485,2026-03-23 15:13:09,114647.49,VOICE,2026-01-30 10:56:44
PAYMENT0006526,ACC0012874,2026-03-23 15:19:18,50195.41,WHATSAPP,2026-01-31 02:51:41
PAYMENT0012206,ACC0023021,2026-03-23 15:23:01,25376.3,WHATSAPP,2026-02-13 12:35:29
PAYMENT0002795,ACC0019394,2026-03-23 16:03:50,66217.35,VOICE,2026-03-18 09:01:20
PAYMENT0022837,ACC0026073,2026-03-23 16:05:35,121095.11,,
PAYMENT0023188,ACC0024823,2026-03-23 16:18:25,67106.99,VOICE,2026-02-08 08:29:44
PAYMENT0006222,ACC0025832,2026-03-23 16:23:37,15731.23,VOICE,2026-03-03 10:52:42
PAYMENT0011482,ACC0007355,2026-03-23 16:43:49,43478.42,WHATSAPP,2026-01-30 05:02:25
PAYMENT0013489,ACC0018596,2026-03-23 17:04:54,78561.01,SMS,2026-03-13 08:12:06
PAYMENT0017265,ACC0001403,2026-03-23 17:11:40,63854.58,,
PAYMENT0000284,ACC0028762,2026-03-23 18:22:45,130155.49,SMS,2026-03-20 12:45:39
PAYMENT0024581,ACC0013336,2026-03-23 18:39:36,67869.11,VOICE,2026-03-08 13:04:40
PAYMENT0017896,ACC0003021,2026-03-23 18:49:10,72140.31,SMS,2026-02-24 10:16:05
PAYMENT0001339,ACC0005020,2026-03-23 18:50:56,72858.84,WHATSAPP,2026-03-12 07:59:34
PAYMENT0002709,ACC0002881,2026-03-23 20:46:09,11949.07,SMS,2026-03-03 04:12:21
PAYMENT0010037,ACC0012219,2026-03-23 20:49:29,3568.91,WHATSAPP,2026-02-01 13:24:05
PAYMENT0004415,ACC0002553,2026-03-23 21:30:09,66357.21,VOICE,2026-02-20 12:11:41
PAYMENT0023101,ACC0015481,2026-03-23 21:57:50,21603.67,SMS,2026-03-09 11:47:40
PAYMENT0011268,ACC0006871,2026-03-23 22:26:52,84663.18,VOICE,2026-02-07 01:00:15
PAYMENT0000644,ACC0017779,2026-03-23 22:28:38,127819.19,WHATSAPP,2026-02-28 19:45:50
PAYMENT0014898,ACC0007394,2026-03-23 22:33:56,24975.07,VOICE,2026-03-16 15:08:24
PAYMENT0012643,ACC0024757,2026-03-23 22:36:17,140929.16,,
PAYMENT0009360,ACC0008685,2026-03-23 23:35:04,55224.44,VOICE,2026-02-09 03:26:07
PAYMENT0002470,ACC0011883,2026-03-24 00:57:56,127896.3,WHATSAPP,2026-02-25 11:39:36
PAYMENT0024766,ACC0004174,2026-03-24 01:03:09,81838.61,VOICE,2026-03-04 10:24:07
PAYMENT0007220,ACC0024077,2026-03-24 01:17:11,108372.22,SMS,2026-03-22 16:49:18
PAYMENT0016515,ACC0016714,2026-03-24 01:39:36,138621.31,FIELD,2026-01-28 13:11:14
PAYMENT0004620,ACC0005905,2026-03-24 01:56:16,10770.07,SMS,2026-03-08 00:06:25
PAYMENT0019963,ACC0015870,2026-03-24 02:09:27,59750.76,SMS,2026-03-15 15:14:26
PAYMENT0003170,ACC0026579,2026-03-24 02:14:06,132068.36,VOICE,2026-03-06 08:49:39
PAYMENT0014702,ACC0008633,2026-03-24 02:35:49,46545.15,WHATSAPP,2026-02-02 06:07:57
PAYMENT0007086,ACC0015625,2026-03-24 02:43:24,3371.9,VOICE,2026-02-25 07:33:31
PAYMENT0006291,ACC0020729,2026-03-24 02:54:11,18367.18,,
PAYMENT0004282,ACC0011123,2026-03-24 03:22:31,71410.99,VOICE,2026-03-23 09:39:52
PAYMENT0000468,ACC0018127,2026-03-24 03:32:33,58729.77,,
PAYMENT0013097,ACC0028023,2026-03-24 03:43:51,56634.31,VOICE,2026-02-15 06:41:51
PAYMENT0011753,ACC0028272,2026-03-24 03:45:37,137984.44,SMS,2026-01-13 02:58:22
PAYMENT0003333,ACC0002033,2026-03-24 04:03:18,60890.82,WHATSAPP,2026-02-03 09:38:19
PAYMENT0007438,ACC0007785,2026-03-24 04:12:36,105259.43,VOICE,2026-03-09 16:47:04
PAYMENT0017737,ACC0000855,2026-03-24 04:15:09,61508.61,VOICE,2026-03-19 23:59:00
PAYMENT0002323,ACC0012978,2026-03-24 05:03:30,57975.31,WHATSAPP,2026-02-04 07:11:35
PAYMENT0004643,ACC0021990,2026-03-24 05:07:19,134229.02,VOICE,2026-01-10 06:54:00
PAYMENT0001950,ACC0025382,2026-03-24 05:10:28,84283.22,FIELD,2026-01-25 14:23:28
PAYMENT0011106,ACC0029884,2026-03-24 05:15:13,117774.36,VOICE,2026-02-26 04:26:10
PAYMENT0007258,ACC0025494,2026-03-24 05:18:30,63531.15,SMS,2026-02-18 01:45:26
PAYMENT0015539,ACC0023136,2026-03-24 05:19:48,39750.99,FIELD,2026-03-01 09:48:52
PAYMENT0022651,ACC0003429,2026-03-24 06:08:05,137735.31,SMS,2026-02-01 20:06:37
PAYMENT0016000,ACC0000070,2026-03-24 06:08:20,67987.31,SMS,2026-01-04 05:50:23
PAYMENT0013749,ACC0019925,2026-03-24 06:14:51,15220.88,,
PAYMENT0001299,ACC0024665,2026-03-24 07:39:58,148182.52,WHATSAPP,2026-01-29 17:57:32
PAYMENT0024272,ACC0023226,2026-03-24 08:21:10,95715.34,,
PAYMENT0017290,ACC0012912,2026-03-24 08:35:31,135709.22,SMS,2026-03-13 04:33:50
PAYMENT0004627,ACC0010998,2026-03-24 09:01:10,13254.0,WHATSAPP,2026-01-21 12:52:19
PAYMENT0007964,ACC0009522,2026-03-24 09:06:12,17167.52,SMS,2026-01-01 10:49:36
PAYMENT0010481,ACC0020466,2026-03-24 09:13:24,28994.02,WHATSAPP,2026-01-29 18:57:36
PAYMENT0022802,ACC0020420,2026-03-24 09:18:41,43435.82,FIELD,2026-02-11 14:19:25
PAYMENT0000626,ACC0008914,2026-03-24 10:42:52,52784.88,VOICE,2026-03-13 09:50:59
PAYMENT0002466,ACC0020961,2026-03-24 10:46:51,23073.13,,
PAYMENT0012748,ACC0019475,2026-03-24 10:54:11,17907.23,WHATSAPP,2026-03-10 09:47:09
PAYMENT0006527,ACC0000777,2026-03-24 11:31:20,149918.23,,
PAYMENT0013884,ACC0015251,2026-03-24 11:41:31,11662.86,WHATSAPP,2026-03-04 23:20:16
PAYMENT0002624,ACC0012517,2026-03-24 11:52:07,97622.43,VOICE,2026-02-23 06:06:33
PAYMENT0009161,ACC0027813,2026-03-24 14:56:07,104732.86,WHATSAPP,2026-03-14 15:09:30
PAYMENT0006309,ACC0023418,2026-03-24 14:57:41,102769.78,VOICE,2026-02-09 22:19:15
PAYMENT0006818,ACC0005507,2026-03-24 14:58:08,148966.92,WHATSAPP,2026-01-24 21:42:14
PAYMENT0024819,ACC0007154,2026-03-24 15:22:40,77016.15,VOICE,2026-03-14 23:55:47
PAYMENT0022891,ACC0022879,2026-03-24 15:33:01,115118.38,VOICE,2026-02-15 01:28:23
PAYMENT0006435,ACC0024411,2026-03-24 15:45:06,106533.38,VOICE,2026-03-19 04:56:41
PAYMENT0007495,ACC0019586,2026-03-24 15:58:32,99588.45,,
PAYMENT0008905,ACC0017228,2026-03-24 16:19:51,118435.78,VOICE,2026-03-11 00:50:30
PAYMENT0012495,ACC0015874,2026-03-24 16:34:09,12151.64,VOICE,2026-02-26 01:55:01
PAYMENT0018865,ACC0012473,2026-03-24 16:51:25,115415.58,SMS,2026-03-03 15:26:18
PAYMENT0011465,ACC0007992,2026-03-24 17:35:13,28618.07,FIELD,2026-03-14 06:00:48
PAYMENT0020556,ACC0012431,2026-03-24 17:59:38,78660.53,VOICE,2026-01-08 17:50:50
PAYMENT0003734,ACC0009203,2026-03-24 18:56:11,126901.47,SMS,2026-03-04 19:52:21
PAYMENT0003464,ACC0010941,2026-03-24 19:02:16,5634.66,VOICE,2026-03-21 02:52:11
PAYMENT0016645,ACC0027046,2026-03-24 19:17:18,93952.35,VOICE,2026-02-07 06:03:00
PAYMENT0014018,ACC0028615,2026-03-24 19:35:46,103222.04,SMS,2026-03-15 09:10:34
PAYMENT0008450,ACC0000167,2026-03-24 19:59:01,29814.17,WHATSAPP,2026-03-16 03:38:28
PAYMENT0016281,ACC0022141,2026-03-24 20:55:53,40506.21,VOICE,2026-02-01 12:16:44
PAYMENT0003469,ACC0023059,2026-03-24 21:16:31,5419.67,WHATSAPP,2026-03-15 16:07:03
PAYMENT0010237,ACC0012430,2026-03-24 21:30:32,96833.5,VOICE,2026-03-19 22:02:22
PAYMENT0019039,ACC0015452,2026-03-24 21:37:16,82970.16,SMS,2026-03-02 09:33:49
PAYMENT0000488,ACC0024181,2026-03-24 21:39:16,12875.63,VOICE,2026-03-13 18:00:28
PAYMENT0013699,ACC0016710,2026-03-24 22:01:07,13528.37,WHATSAPP,2026-03-21 12:26:05
PAYMENT0010197,ACC0008860,2026-03-24 22:05:28,63719.63,VOICE,2026-03-23 09:06:01
PAYMENT0014543,ACC0000500,2026-03-24 22:16:05,129567.18,WHATSAPP,2026-01-04 13:58:47
PAYMENT0010993,ACC0002772,2026-03-24 22:20:32,82178.82,SMS,2026-03-16 18:18:30
PAYMENT0000177,ACC0018547,2026-03-24 22:29:05,3229.11,WHATSAPP,2026-03-19 17:27:52
PAYMENT0008032,ACC0007632,2026-03-24 22:29:28,469.05,,
PAYMENT0008129,ACC0010236,2026-03-24 23:52:22,83466.16,SMS,2026-03-23 00:51:04
PAYMENT0022642,ACC0002537,2026-03-25 00:54:08,37954.14,WHATSAPP,2026-03-10 13:27:05
PAYMENT0006585,ACC0004787,2026-03-25 01:07:39,16983.81,FIELD,2026-03-19 11:39:47
PAYMENT0006265,ACC0003841,2026-03-25 01:28:34,140822.34,WHATSAPP,2026-03-24 05:12:56
PAYMENT0005466,ACC0023271,2026-03-25 02:34:43,92986.43,SMS,2026-03-02 10:14:29
PAYMENT0008078,ACC0007721,2026-03-25 02:57:30,44141.22,,
PAYMENT0005980,ACC0010672,2026-03-25 03:48:40,34163.96,WHATSAPP,2026-03-13 00:28:40
PAYMENT0011770,ACC0004486,2026-03-25 04:56:25,91677.14,VOICE,2026-03-15 12:37:38
PAYMENT0020753,ACC0008556,2026-03-25 05:04:04,52284.62,VOICE,2026-03-22 16:26:41
PAYMENT0021934,ACC0012367,2026-03-25 05:26:54,86343.53,SMS,2026-03-24 16:15:42
PAYMENT0005139,ACC0026657,2026-03-25 05:54:53,28625.98,WHATSAPP,2026-03-18 16:07:53
PAYMENT0000434,ACC0014813,2026-03-25 06:22:42,106411.42,,
PAYMENT0009618,ACC0002969,2026-03-25 06:46:19,9378.42,,
PAYMENT0015300,ACC0003538,2026-03-25 07:27:30,73384.23,VOICE,2026-03-20 21:15:09
PAYMENT0020233,ACC0023783,2026-03-25 07:58:29,63664.66,SMS,2026-03-11 17:50:04
PAYMENT0023383,ACC0000914,2026-03-25 08:27:38,147612.69,SMS,2026-02-12 20:36:57
PAYMENT0020055,ACC0011835,2026-03-25 08:47:07,99385.22,WHATSAPP,2026-02-26 17:42:12
PAYMENT0010824,ACC0018939,2026-03-25 10:08:16,87470.2,VOICE,2026-02-07 01:48:56
PAYMENT0014722,ACC0007071,2026-03-25 10:11:49,128198.44,VOICE,2026-02-13 10:29:00
PAYMENT0021980,ACC0007532,2026-03-25 11:01:48,69870.33,VOICE,2026-02-22 00:42:44
PAYMENT0011874,ACC0000846,2026-03-25 11:02:15,5506.18,VOICE,2026-01-18 23:03:21
PAYMENT0022249,ACC0022794,2026-03-25 11:24:34,12780.45,FIELD,2026-03-15 02:03:04
PAYMENT0008345,ACC0002588,2026-03-25 11:36:08,10630.87,FIELD,2026-02-13 21:19:53
PAYMENT0002518,ACC0027746,2026-03-25 11:40:49,116124.87,WHATSAPP,2026-03-22 07:48:56
PAYMENT0002146,ACC0016166,2026-03-25 11:41:08,799.09,WHATSAPP,2026-01-13 16:33:37
PAYMENT0017560,ACC0004275,2026-03-25 12:45:02,59957.75,VOICE,2026-03-11 12:08:59
PAYMENT0020015,ACC0004978,2026-03-25 12:47:55,3892.31,SMS,2026-03-05 03:04:12
PAYMENT0009194,ACC0023269,2026-03-25 13:29:58,111094.96,WHATSAPP,2026-03-09 02:22:14
PAYMENT0006822,ACC0026935,2026-03-25 13:37:07,138368.48,FIELD,2026-03-20 04:27:53
PAYMENT0009334,ACC0029096,2026-03-25 13:37:29,99808.42,SMS,2026-03-23 17:48:22
PAYMENT0003084,ACC0002126,2026-03-25 14:31:30,63955.48,FIELD,2026-03-07 11:02:53
PAYMENT0008379,ACC0010447,2026-03-25 15:18:39,50303.43,VOICE,2026-01-09 21:20:00
PAYMENT0005453,ACC0014837,2026-03-25 15:20:35,86268.12,FIELD,2026-01-13 08:17:59
PAYMENT0021089,ACC0028387,2026-03-25 15:38:05,6492.61,VOICE,2026-03-22 13:23:11
PAYMENT0018318,ACC0028425,2026-03-25 16:12:43,81445.13,SMS,2026-01-23 08:56:46
PAYMENT0005124,ACC0010101,2026-03-25 16:43:37,3411.43,FIELD,2026-03-10 09:21:24
PAYMENT0021709,ACC0019395,2026-03-25 16:53:03,60679.43,VOICE,2026-03-23 01:54:47
PAYMENT0011703,ACC0019022,2026-03-25 16:59:31,148371.67,VOICE,2026-03-06 05:58:28
PAYMENT0006241,ACC0002984,2026-03-25 17:05:09,96508.56,SMS,2026-03-15 05:34:51
PAYMENT0000440,ACC0005984,2026-03-25 17:48:37,119455.11,VOICE,2026-02-21 20:44:47
PAYMENT0009211,ACC0009947,2026-03-25 17:58:47,87694.59,WHATSAPP,2026-03-06 07:55:10
PAYMENT0003161,ACC0028933,2026-03-25 19:11:36,9192.51,WHATSAPP,2026-03-14 03:34:30
PAYMENT0002870,ACC0020685,2026-03-25 19:20:28,88301.82,WHATSAPP,2026-03-02 15:01:29
PAYMENT0003995,ACC0017753,2026-03-25 19:22:19,26335.41,SMS,2026-03-01 11:56:57
PAYMENT0008887,ACC0017109,2026-03-25 21:37:50,104768.51,VOICE,2026-03-25 08:29:57
PAYMENT0006406,ACC0002659,2026-03-25 21:49:15,2108.17,WHATSAPP,2026-03-01 04:12:00
PAYMENT0016738,ACC0018630,2026-03-25 21:54:49,37929.72,VOICE,2026-03-22 20:31:55
PAYMENT0010244,ACC0006182,2026-03-25 21:56:41,87879.23,VOICE,2026-03-21 21:29:32
PAYMENT0014455,ACC0020996,2026-03-25 22:07:10,138885.56,SMS,2026-01-16 03:10:56
PAYMENT0003924,ACC0022857,2026-03-25 22:16:41,38442.35,WHATSAPP,2026-02-24 21:22:17
PAYMENT0000233,ACC0006399,2026-03-25 22:20:45,81032.1,SMS,2026-02-27 19:10:21
PAYMENT0022933,ACC0013986,2026-03-25 22:21:06,67308.88,FIELD,2026-03-11 21:05:42
PAYMENT0009978,ACC0020384,2026-03-25 22:29:07,144753.56,VOICE,2026-03-19 18:04:01
PAYMENT0001790,ACC0011568,2026-03-25 22:30:04,126017.92,SMS,2026-03-04 10:32:01
PAYMENT0017275,ACC0005483,2026-03-25 22:34:41,120584.99,SMS,2026-03-21 13:27:47
PAYMENT0019136,ACC0013596,2026-03-25 22:55:24,143727.47,VOICE,2026-03-10 22:23:15
PAYMENT0017929,ACC0021488,2026-03-25 22:59:24,93207.81,FIELD,2026-03-11 08:25:22
PAYMENT0016290,ACC0004813,2026-03-25 23:08:20,11123.19,WHATSAPP,2026-02-13 21:33:21
PAYMENT0002446,ACC0002278,2026-03-25 23:25:10,119215.65,WHATSAPP,2026-02-27 06:47:13
PAYMENT0024007,ACC0016292,2026-03-25 23:26:21,28916.0,VOICE,2026-03-19 05:28:48
PAYMENT0014406,ACC0021015,2026-03-25 23:28:34,62935.27,FIELD,2026-03-19 21:04:30
PAYMENT0000598,ACC0005441,2026-03-25 23:52:15,137854.63,WHATSAPP,2026-03-24 07:40:28
PAYMENT0009985,ACC0018561,2026-03-26 00:44:27,32733.32,VOICE,2026-01-11 18:58:27
PAYMENT0023273,ACC0010653,2026-03-26 00:44:43,115044.02,,
PAYMENT0006267,ACC0014204,2026-03-26 01:17:50,91792.53,VOICE,2026-03-13 03:22:20
PAYMENT0005747,ACC0016960,2026-03-26 01:20:05,7329.15,VOICE,2026-03-20 12:38:13
PAYMENT0019413,ACC0003760,2026-03-26 01:27:52,53161.95,VOICE,2026-03-19 12:21:04
PAYMENT0019141,ACC0002291,2026-03-26 02:14:27,15647.62,VOICE,2026-02-22 11:10:34
PAYMENT0022274,ACC0010229,2026-03-26 02:30:35,60700.86,SMS,2026-02-05 06:11:38
PAYMENT0022443,ACC0022815,2026-03-26 02:48:50,87051.14,WHATSAPP,2026-03-22 12:03:44
PAYMENT0004498,ACC0003199,2026-03-26 02:56:15,8429.88,VOICE,2026-03-07 17:11:53
PAYMENT0004283,ACC0004772,2026-03-26 03:08:48,133029.51,WHATSAPP,2026-02-14 05:21:33
PAYMENT0020869,ACC0003990,2026-03-26 03:16:46,64727.63,VOICE,2026-02-07 18:07:35
PAYMENT0024539,ACC0014368,2026-03-26 03:20:47,7248.36,VOICE,2026-03-23 17:52:42
PAYMENT0015864,ACC0012032,2026-03-26 03:21:36,142190.15,VOICE,2026-03-24 21:28:26
PAYMENT0008303,ACC0000192,2026-03-26 03:31:14,129332.63,SMS,2026-01-09 14:42:43
PAYMENT0021699,ACC0024460,2026-03-26 03:54:34,90877.38,WHATSAPP,2026-03-19 01:22:05
PAYMENT0004538,ACC0002058,2026-03-26 04:00:12,93871.63,WHATSAPP,2026-03-16 00:39:19
PAYMENT0015839,ACC0011289,2026-03-26 04:02:48,61580.71,SMS,2026-03-06 19:43:37
PAYMENT0008273,ACC0013838,2026-03-26 04:49:44,36637.62,FIELD,2026-03-09 04:11:35
PAYMENT0021522,ACC0020136,2026-03-26 05:08:20,28425.45,VOICE,2026-03-24 09:40:20
PAYMENT0002497,ACC0011416,2026-03-26 06:01:41,39338.45,SMS,2026-03-22 13:55:27
PAYMENT0006763,ACC0016170,2026-03-26 07:47:12,52790.72,VOICE,2026-03-26 03:28:45
PAYMENT0012928,ACC0019875,2026-03-26 08:00:50,36974.26,WHATSAPP,2026-03-19 14:41:16
PAYMENT0003452,ACC0019487,2026-03-26 08:08:08,78760.57,WHATSAPP,2026-02-26 23:18:23
PAYMENT0011648,ACC0028192,2026-03-26 08:50:46,12953.85,WHATSAPP,2026-03-25 04:25:17
PAYMENT0019733,ACC0003326,2026-03-26 09:06:29,146128.1,VOICE,2026-02-09 23:47:52
PAYMENT0018820,ACC0021341,2026-03-26 09:08:24,104349.79,VOICE,2026-03-21 20:28:22
PAYMENT0008608,ACC0011069,2026-03-26 09:17:36,23584.24,VOICE,2026-02-19 14:37:58
PAYMENT0017327,ACC0020908,2026-03-26 09:40:20,80490.85,VOICE,2026-02-21 23:44:38
PAYMENT0004626,ACC0009652,2026-03-26 10:21:39,70343.33,,
PAYMENT0011489,ACC0024209,2026-03-26 10:38:14,8605.8,VOICE,2026-03-21 19:58:38
PAYMENT0004634,ACC0013097,2026-03-26 11:42:32,2078.9,WHATSAPP,2026-03-04 20:39:35
PAYMENT0001417,ACC0008742,2026-03-26 11:43:00,58677.32,VOICE,2026-03-11 00:02:57
PAYMENT0019707,ACC0025561,2026-03-26 11:49:36,140873.79,SMS,2026-03-14 21:36:54
PAYMENT0008877,ACC0012785,2026-03-26 11:56:48,37251.28,VOICE,2026-02-27 05:10:02
PAYMENT0024570,ACC0017677,2026-03-26 11:59:52,110537.24,,
PAYMENT0000291,ACC0010332,2026-03-26 12:07:19,109929.85,VOICE,2026-01-08 05:47:22
PAYMENT0005359,ACC0026228,2026-03-26 12:15:48,142562.88,VOICE,2026-02-19 09:16:13
PAYMENT0007582,ACC0017962,2026-03-26 12:49:42,119714.2,WHATSAPP,2026-03-09 17:51:32
PAYMENT0007219,ACC0010895,2026-03-26 12:58:27,4553.68,VOICE,2026-03-15 09:15:30
PAYMENT0016912,ACC0006265,2026-03-26 13:10:18,131067.2,VOICE,2026-03-21 07:25:51
PAYMENT0017400,ACC0009634,2026-03-26 13:59:22,123051.35,FIELD,2026-01-30 10:31:29
PAYMENT0018102,ACC0007451,2026-03-26 15:23:28,141828.49,VOICE,2026-03-24 17:54:31
PAYMENT0013000,ACC0006500,2026-03-26 15:55:50,99846.79,WHATSAPP,2026-03-21 21:11:15
PAYMENT0019882,ACC0022085,2026-03-26 16:50:46,61410.66,VOICE,2026-03-01 05:57:48
PAYMENT0023471,ACC0001574,2026-03-26 17:13:14,53412.7,VOICE,2026-03-16 23:47:09
PAYMENT0015094,ACC0024350,2026-03-26 17:13:23,36664.2,VOICE,2026-03-08 03:16:47
PAYMENT0012971,ACC0002046,2026-03-26 17:35:58,14470.84,VOICE,2026-02-04 00:52:52
PAYMENT0016441,ACC0007430,2026-03-26 18:15:12,141251.13,VOICE,2026-03-05 03:19:13
PAYMENT0000226,ACC0022115,2026-03-26 18:55:19,9079.61,FIELD,2026-03-10 12:19:47
PAYMENT0000768,ACC0029874,2026-03-26 19:08:36,88919.79,VOICE,2026-03-01 06:13:24
PAYMENT0010218,ACC0015685,2026-03-26 20:17:02,82343.94,WHATSAPP,2026-03-11 14:17:02
PAYMENT0005077,ACC0005634,2026-03-26 20:42:09,6594.69,VOICE,2026-03-17 03:45:05
PAYMENT0004796,ACC0008291,2026-03-26 20:49:54,21212.13,WHATSAPP,2026-02-27 23:18:09
PAYMENT0005404,ACC0020141,2026-03-26 21:49:52,135902.02,VOICE,2026-02-03 22:12:34
PAYMENT0008093,ACC0013580,2026-03-26 21:52:17,111589.81,WHATSAPP,2026-03-23 06:23:55
PAYMENT0021531,ACC0023908,2026-03-26 21:58:03,54571.91,WHATSAPP,2026-02-16 21:08:21
PAYMENT0020500,ACC0010806,2026-03-26 21:59:55,101025.68,FIELD,2026-03-13 07:42:57
PAYMENT0012918,ACC0010903,2026-03-26 22:26:02,42475.09,SMS,2026-03-03 04:29:43
PAYMENT0002559,ACC0023860,2026-03-26 22:26:24,131791.18,SMS,2026-03-23 10:32:47
PAYMENT0015870,ACC0022008,2026-03-26 22:59:25,101532.68,,
PAYMENT0015626,ACC0023074,2026-03-26 23:02:45,36451.7,SMS,2026-01-28 10:03:17
PAYMENT0010839,ACC0020932,2026-03-26 23:15:09,9354.61,VOICE,2026-02-20 23:45:30
PAYMENT0023081,ACC0017453,2026-03-26 23:37:30,39759.84,FIELD,2026-02-21 22:48:02
PAYMENT0016211,ACC0019470,2026-03-27 00:26:19,87254.88,VOICE,2026-03-19 00:50:33
PAYMENT0001088,ACC0028261,2026-03-27 00:52:34,146683.99,FIELD,2026-03-23 22:17:12
PAYMENT0018179,ACC0003622,2026-03-27 00:55:59,47576.45,WHATSAPP,2026-03-22 12:52:58
PAYMENT0009027,ACC0012525,2026-03-27 01:05:02,31866.58,WHATSAPP,2026-02-19 19:22:57
PAYMENT0008292,ACC0019602,2026-03-27 01:12:15,26509.46,WHATSAPP,2026-03-14 21:53:54
PAYMENT0002627,ACC0000032,2026-03-27 01:51:44,148264.74,VOICE,2026-03-26 01:14:32
PAYMENT0021801,ACC0022464,2026-03-27 01:52:24,84366.51,VOICE,2026-03-07 09:53:53
PAYMENT0015425,ACC0008281,2026-03-27 02:50:09,59815.58,VOICE,2026-03-11 18:17:33
PAYMENT0015399,ACC0006268,2026-03-27 02:52:46,127512.33,WHATSAPP,2026-03-01 03:54:06
PAYMENT0022701,ACC0001329,2026-03-27 03:06:39,90949.85,SMS,2026-01-21 00:53:36
PAYMENT0023694,ACC0016677,2026-03-27 03:50:55,30681.52,FIELD,2026-02-15 20:10:54
PAYMENT0003120,ACC0027945,2026-03-27 04:17:32,83295.39,SMS,2026-03-13 23:52:39
PAYMENT0001779,ACC0015002,2026-03-27 04:50:18,126328.88,VOICE,2026-03-02 23:33:57
PAYMENT0007113,ACC0011369,2026-03-27 05:03:09,16668.83,VOICE,2026-02-20 02:00:07
PAYMENT0008628,ACC0006215,2026-03-27 05:28:00,128935.19,FIELD,2026-02-25 21:06:30
PAYMENT0013157,ACC0017774,2026-03-27 05:57:19,59805.35,SMS,2026-03-21 13:58:29
PAYMENT0014830,ACC0006767,2026-03-27 06:33:10,96624.9,WHATSAPP,2026-03-19 23:35:56
PAYMENT0017089,ACC0006845,2026-03-27 08:29:00,17903.42,VOICE,2026-03-20 11:14:50
PAYMENT0018381,ACC0003117,2026-03-27 08:42:58,102815.17,VOICE,2026-03-23 11:02:47
PAYMENT0017181,ACC0015187,2026-03-27 08:46:52,142625.81,FIELD,2026-03-26 13:56:56
PAYMENT0024976,ACC0023982,2026-03-27 09:20:35,97258.67,WHATSAPP,2026-03-01 00:36:23
PAYMENT0015055,ACC0005973,2026-03-27 10:00:02,11000.47,VOICE,2026-01-23 13:35:22
PAYMENT0004780,ACC0002063,2026-03-27 10:24:27,95560.89,WHATSAPP,2026-03-08 09:56:19
PAYMENT0005063,ACC0022833,2026-03-27 10:27:53,112902.81,VOICE,2026-02-25 00:38:38
PAYMENT0006407,ACC0024853,2026-03-27 11:11:54,45527.47,VOICE,2026-02-20 20:45:32
PAYMENT0023216,ACC0008356,2026-03-27 11:46:37,112245.39,SMS,2026-03-05 04:51:00
PAYMENT0012288,ACC0017600,2026-03-27 12:13:29,38892.48,WHATSAPP,2026-03-01 06:53:36
PAYMENT0022776,ACC0013782,2026-03-27 12:17:56,70297.77,WHATSAPP,2026-03-16 13:31:19
PAYMENT0003676,ACC0007916,2026-03-27 12:19:10,149881.38,VOICE,2026-02-15 12:02:56
PAYMENT0011603,ACC0012898,2026-03-27 12:25:55,59944.87,VOICE,2026-03-03 20:18:01
PAYMENT0004111,ACC0019690,2026-03-27 12:36:43,12332.43,SMS,2026-03-25 05:58:17
PAYMENT0015533,ACC0016428,2026-03-27 12:37:44,29296.26,FIELD,2026-03-19 04:48:38
PAYMENT0004949,ACC0003344,2026-03-27 13:09:39,80055.19,VOICE,2026-01-02 04:16:32
PAYMENT0017738,ACC0013636,2026-03-27 13:53:27,99209.87,VOICE,2026-02-11 21:31:19
PAYMENT0016679,ACC0007455,2026-03-27 14:55:00,88898.56,,
PAYMENT0022165,ACC0028461,2026-03-27 15:20:05,62274.66,WHATSAPP,2026-03-21 23:16:24
PAYMENT0005022,ACC0026155,2026-03-27 15:34:09,109509.57,VOICE,2026-03-11 00:36:08
PAYMENT0012545,ACC0008001,2026-03-27 15:44:39,134631.33,SMS,2026-02-18 01:59:56
PAYMENT0005070,ACC0019227,2026-03-27 15:55:07,131797.75,VOICE,2026-03-24 09:10:46
PAYMENT0012588,ACC0027488,2026-03-27 16:38:31,69321.71,VOICE,2026-02-13 21:40:50
PAYMENT0022514,ACC0006659,2026-03-27 17:02:46,29478.43,VOICE,2026-03-20 04:58:24
PAYMENT0009290,ACC0019699,2026-03-27 17:19:35,93492.58,SMS,2026-02-04 07:50:13
PAYMENT0016824,ACC0001866,2026-03-27 18:04:38,55504.23,VOICE,2026-02-25 06:09:50
PAYMENT0014093,ACC0028004,2026-03-27 19:36:17,144424.35,VOICE,2026-03-24 09:16:29
PAYMENT0011661,ACC0025101,2026-03-27 19:37:00,104781.36,VOICE,2026-03-16 11:05:32
PAYMENT0024645,ACC0006742,2026-03-27 20:33:24,145737.68,SMS,2026-03-24 00:30:54
PAYMENT0023432,ACC0008005,2026-03-27 22:05:46,1578.35,VOICE,2026-03-27 20:53:27
PAYMENT0011602,ACC0028979,2026-03-27 22:59:49,133401.05,VOICE,2026-02-25 20:33:52
PAYMENT0018108,ACC0029402,2026-03-27 23:40:14,5680.34,SMS,2026-03-23 01:12:27
PAYMENT0010290,ACC0013267,2026-03-28 01:41:53,2940.42,VOICE,2026-03-02 15:08:43
PAYMENT0014356,ACC0025321,2026-03-28 01:57:54,129032.24,SMS,2026-03-19 09:37:11
PAYMENT0005619,ACC0023936,2026-03-28 02:17:24,111043.45,SMS,2026-01-30 13:42:58
PAYMENT0003153,ACC0026167,2026-03-28 03:04:59,143169.57,VOICE,2026-01-11 11:46:05
PAYMENT0002756,ACC0027631,2026-03-28 03:52:17,136142.32,SMS,2026-03-26 06:54:37
PAYMENT0005712,ACC0006925,2026-03-28 05:21:05,63098.97,WHATSAPP,2026-03-26 12:53:20
PAYMENT0014897,ACC0000999,2026-03-28 05:56:29,121464.46,WHATSAPP,2026-03-15 21:02:05
PAYMENT0018652,ACC0012641,2026-03-28 06:29:27,64717.99,VOICE,2026-03-13 17:51:41
PAYMENT0001626,ACC0002465,2026-03-28 07:08:43,42801.79,WHATSAPP,2026-02-21 00:14:53
PAYMENT0010411,ACC0015555,2026-03-28 07:09:43,55609.46,SMS,2026-03-18 04:42:58
PAYMENT0000483,ACC0003275,2026-03-28 07:11:29,59188.17,SMS,2026-03-18 12:30:19
PAYMENT0005126,ACC0017344,2026-03-28 07:41:26,46723.32,VOICE,2026-03-27 17:37:06
PAYMENT0016970,ACC0017693,2026-03-28 07:42:06,129903.57,SMS,2026-03-07 08:08:23
PAYMENT0002711,ACC0024039,2026-03-28 08:04:54,141462.81,VOICE,2026-02-13 11:30:23
PAYMENT0016839,ACC0007813,2026-03-28 08:38:43,112061.17,SMS,2026-03-16 12:12:47
PAYMENT0017570,ACC0028330,2026-03-28 08:55:37,67173.81,,
PAYMENT0015732,ACC0006556,2026-03-28 09:12:59,13251.77,FIELD,2026-03-06 11:18:38
PAYMENT0022190,ACC0028200,2026-03-28 09:56:54,111599.94,VOICE,2026-01-25 15:09:53
PAYMENT0014328,ACC0016718,2026-03-28 10:21:54,132218.39,SMS,2026-03-14 13:14:48
PAYMENT0007092,ACC0020065,2026-03-28 10:52:22,119495.73,VOICE,2026-03-25 05:45:29
PAYMENT0001507,ACC0026697,2026-03-28 11:32:58,6268.21,WHATSAPP,2026-03-04 11:59:22
PAYMENT0002929,ACC0021528,2026-03-28 11:41:12,86136.03,SMS,2026-03-01 05:14:11
PAYMENT0013513,ACC0028293,2026-03-28 13:38:58,109029.59,VOICE,2026-03-14 07:53:57
PAYMENT0001774,ACC0025624,2026-03-28 13:51:54,37974.84,,
PAYMENT0024430,ACC0010619,2026-03-28 13:59:51,41787.79,SMS,2026-03-23 12:59:53
PAYMENT0023448,ACC0027055,2026-03-28 14:13:13,94427.65,VOICE,2026-03-19 12:42:36
PAYMENT0019123,ACC0014373,2026-03-28 14:22:37,99033.37,WHATSAPP,2026-03-17 12:42:06
PAYMENT0004088,ACC0006389,2026-03-28 14:37:47,31866.7,SMS,2026-03-25 04:23:37
PAYMENT0001527,ACC0022781,2026-03-28 15:34:01,90839.86,WHATSAPP,2026-02-25 13:08:04
PAYMENT0009649,ACC0029296,2026-03-28 15:47:37,12324.82,VOICE,2026-02-13 20:14:21
PAYMENT0017224,ACC0027159,2026-03-28 16:02:21,142862.62,VOICE,2026-03-10 12:46:21
PAYMENT0024598,ACC0021663,2026-03-28 16:07:47,28054.03,VOICE,2026-02-22 21:03:11
PAYMENT0010822,ACC0009972,2026-03-28 16:42:37,39732.84,WHATSAPP,2026-03-15 20:35:53
PAYMENT0014320,ACC0017412,2026-03-28 16:42:48,128408.69,VOICE,2026-03-24 10:52:13
PAYMENT0019816,ACC0002573,2026-03-28 17:10:51,83824.17,WHATSAPP,2026-01-14 13:04:44
PAYMENT0001935,ACC0026700,2026-03-28 17:13:43,54324.68,FIELD,2026-03-23 00:05:35
PAYMENT0021395,ACC0020004,2026-03-28 17:15:53,106346.19,VOICE,2026-03-24 08:45:00
PAYMENT0018877,ACC0027200,2026-03-28 17:17:09,101834.89,SMS,2026-03-14 11:34:51
PAYMENT0020565,ACC0026238,2026-03-28 17:27:57,139783.48,FIELD,2026-03-22 22:43:42
PAYMENT0018146,ACC0008076,2026-03-28 17:49:03,41024.46,VOICE,2026-02-21 17:11:08
PAYMENT0024244,ACC0000592,2026-03-28 17:50:27,117030.35,WHATSAPP,2026-01-28 16:25:36
PAYMENT0009897,ACC0009722,2026-03-28 18:01:19,148411.26,SMS,2026-02-02 09:24:11
PAYMENT0009486,ACC0012418,2026-03-28 20:03:56,75832.75,VOICE,2026-01-03 08:34:46
PAYMENT0018592,ACC0021450,2026-03-28 20:50:42,57456.32,VOICE,2026-03-09 22:32:59
PAYMENT0017093,ACC0022944,2026-03-28 22:18:58,64029.98,WHATSAPP,2026-01-30 20:51:14
PAYMENT0011699,ACC0025204,2026-03-28 22:19:13,66222.26,WHATSAPP,2026-03-05 18:17:25
PAYMENT0018478,ACC0006142,2026-03-28 22:42:22,72742.05,VOICE,2026-02-21 15:31:59
PAYMENT0003225,ACC0027791,2026-03-28 23:01:53,119978.86,SMS,2026-03-08 20:24:47
PAYMENT0013703,ACC0000296,2026-03-28 23:28:08,109901.82,VOICE,2026-03-26 20:36:21
PAYMENT0012471,ACC0004792,2026-03-29 00:27:25,114099.76,FIELD,2026-03-10 20:26:23
PAYMENT0001372,ACC0014922,2026-03-29 00:31:03,69762.66,WHATSAPP,2026-03-22 22:35:26
PAYMENT0010253,ACC0003990,2026-03-29 00:34:02,71576.4,VOICE,2026-02-07 18:07:35
PAYMENT0002134,ACC0025311,2026-03-29 00:37:45,138528.77,VOICE,2026-03-21 21:31:41
PAYMENT0023795,ACC0012470,2026-03-29 01:07:37,7563.86,VOICE,2026-02-12 03:20:59
PAYMENT0019006,ACC0003738,2026-03-29 01:24:54,12334.49,SMS,2026-03-22 07:00:26
PAYMENT0014081,ACC0004523,2026-03-29 01:48:04,63549.56,VOICE,2026-03-20 21:31:07
PAYMENT0016097,ACC0017469,2026-03-29 02:02:42,16195.04,WHATSAPP,2026-01-08 02:46:56
PAYMENT0016395,ACC0010237,2026-03-29 02:06:22,91264.46,SMS,2026-03-26 03:48:02
PAYMENT0019910,ACC0012471,2026-03-29 02:19:43,90701.75,VOICE,2026-03-28 02:36:14
PAYMENT0010391,ACC0007053,2026-03-29 02:24:39,32614.2,VOICE,2026-01-29 11:31:49
PAYMENT0009391,ACC0000393,2026-03-29 02:35:07,23183.02,VOICE,2026-03-05 17:36:18
PAYMENT0015135,ACC0010736,2026-03-29 02:52:40,143683.49,SMS,2026-03-18 06:38:05
PAYMENT0014059,ACC0006885,2026-03-29 03:12:34,110404.27,FIELD,2026-03-11 08:01:01
PAYMENT0007800,ACC0010758,2026-03-29 03:45:54,20772.29,SMS,2026-03-19 11:57:56
PAYMENT0017752,ACC0023542,2026-03-29 04:22:23,91472.19,VOICE,2026-03-19 09:11:35
PAYMENT0020039,ACC0000616,2026-03-29 04:25:30,76260.77,VOICE,2026-03-03 03:03:09
PAYMENT0001083,ACC0006332,2026-03-29 04:38:23,147307.48,VOICE,2026-03-21 13:41:23
PAYMENT0006295,ACC0020359,2026-03-29 05:47:47,2548.9,VOICE,2026-01-31 13:06:31
PAYMENT0016179,ACC0028251,2026-03-29 06:10:38,8618.82,SMS,2026-03-28 14:31:37
PAYMENT0012673,ACC0002962,2026-03-29 07:12:46,112638.01,WHATSAPP,2026-03-15 00:09:13
PAYMENT0003723,ACC0001478,2026-03-29 07:23:29,57880.04,VOICE,2026-03-02 01:44:03
PAYMENT0024293,ACC0001434,2026-03-29 09:34:10,40677.68,VOICE,2026-03-23 17:54:59
PAYMENT0015422,ACC0002049,2026-03-29 10:47:56,120439.46,SMS,2026-03-22 00:43:34
PAYMENT0001957,ACC0001590,2026-03-29 11:29:25,85089.27,VOICE,2026-03-20 13:09:31
PAYMENT0007233,ACC0018187,2026-03-29 11:30:04,28828.75,WHATSAPP,2026-03-26 12:21:50
PAYMENT0006229,ACC0015875,2026-03-29 11:50:02,143231.25,VOICE,2026-03-08 19:49:41
PAYMENT0023753,ACC0010889,2026-03-29 12:00:27,143434.84,VOICE,2026-03-04 14:23:22
PAYMENT0014896,ACC0003268,2026-03-29 12:04:36,15472.49,VOICE,2026-03-26 07:27:03
PAYMENT0021880,ACC0024658,2026-03-29 12:46:44,101561.91,VOICE,2026-03-23 23:41:14
PAYMENT0016154,ACC0014977,2026-03-29 13:26:59,38626.56,VOICE,2026-02-08 19:44:02
PAYMENT0014536,ACC0015160,2026-03-29 14:46:44,13092.84,SMS,2026-03-23 23:40:08
PAYMENT0007552,ACC0016374,2026-03-29 14:50:25,65255.08,,
PAYMENT0020090,ACC0009588,2026-03-29 15:00:24,129503.78,WHATSAPP,2026-03-13 21:34:37
PAYMENT0009568,ACC0005753,2026-03-29 15:31:01,128771.46,WHATSAPP,2026-03-27 00:05:16
PAYMENT0016547,ACC0028898,2026-03-29 16:54:48,107969.11,VOICE,2026-03-25 16:47:42
PAYMENT0015502,ACC0027623,2026-03-29 18:02:43,59462.97,WHATSAPP,2026-03-11 07:24:56
PAYMENT0023483,ACC0008496,2026-03-29 18:13:20,125120.51,VOICE,2026-03-08 16:57:43
PAYMENT0023629,ACC0012199,2026-03-29 18:28:21,143330.38,WHATSAPP,2026-03-15 09:22:37
PAYMENT0021771,ACC0011299,2026-03-29 18:47:13,124507.4,SMS,2026-03-19 01:00:36
PAYMENT0022778,ACC0008848,2026-03-29 18:55:13,44923.67,VOICE,2026-03-28 14:18:55
PAYMENT0011920,ACC0005158,2026-03-29 19:19:14,65309.51,WHATSAPP,2026-03-25 03:31:23
PAYMENT0019497,ACC0003229,2026-03-29 19:33:05,98046.98,WHATSAPP,2026-02-04 18:13:12
PAYMENT0009683,ACC0015091,2026-03-29 19:37:34,56607.25,VOICE,2026-03-20 02:04:15
PAYMENT0006940,ACC0005361,2026-03-29 19:56:54,140949.88,SMS,2026-02-19 09:59:47
PAYMENT0015453,ACC0020983,2026-03-29 20:00:51,37480.64,VOICE,2026-03-11 08:34:09
PAYMENT0007566,ACC0027818,2026-03-29 20:21:13,38293.48,FIELD,2026-01-24 21:14:46
PAYMENT0024219,ACC0025223,2026-03-29 20:28:59,19016.14,WHATSAPP,2026-03-10 04:24:04
PAYMENT0006131,ACC0021817,2026-03-29 20:29:49,6313.1,VOICE,2026-02-19 13:51:33
PAYMENT0001781,ACC0010253,2026-03-29 21:21:07,121475.26,VOICE,2026-01-10 17:01:37
PAYMENT0005294,ACC0025827,2026-03-29 21:37:30,16615.14,VOICE,2026-03-24 02:36:11
PAYMENT0014189,ACC0017713,2026-03-29 21:41:57,3928.62,VOICE,2026-03-11 17:54:36
PAYMENT0023884,ACC0001072,2026-03-29 22:31:42,17736.18,VOICE,2026-03-20 22:34:44
PAYMENT0023356,ACC0005311,2026-03-29 22:43:52,15586.8,VOICE,2026-03-01 15:23:27
PAYMENT0002874,ACC0024086,2026-03-29 22:59:40,49418.8,WHATSAPP,2026-02-05 11:01:36
PAYMENT0004174,ACC0016521,2026-03-29 23:18:36,84957.95,WHATSAPP,2026-01-28 22:57:54
PAYMENT0004863,ACC0004432,2026-03-29 23:18:51,91944.17,FIELD,2026-03-19 04:17:45
PAYMENT0023741,ACC0005159,2026-03-30 00:08:13,52280.36,VOICE,2026-02-28 21:39:26
PAYMENT0003745,ACC0010560,2026-03-30 00:21:48,46777.94,VOICE,2026-01-22 06:18:33
PAYMENT0017508,ACC0025636,2026-03-30 00:27:22,40695.86,VOICE,2026-02-05 01:16:39
PAYMENT0012052,ACC0025467,2026-03-30 02:02:05,35615.74,,
PAYMENT0006565,ACC0025418,2026-03-30 02:17:24,41186.17,VOICE,2026-03-20 02:09:46
PAYMENT0021837,ACC0016029,2026-03-30 02:43:47,25202.18,WHATSAPP,2026-02-09 20:31:35
PAYMENT0007787,ACC0008216,2026-03-30 03:28:05,61614.82,WHATSAPP,2026-03-24 09:56:35
PAYMENT0018154,ACC0015707,2026-03-30 03:28:45,14885.26,VOICE,2026-03-08 18:44:01
PAYMENT0019098,ACC0028934,2026-03-30 03:42:08,51119.47,VOICE,2026-01-22 17:10:54
PAYMENT0023944,ACC0009471,2026-03-30 03:47:20,113556.81,SMS,2026-02-20 02:32:15
PAYMENT0004087,ACC0029979,2026-03-30 03:55:09,22932.24,VOICE,2026-02-06 22:41:53
PAYMENT0013592,ACC0026591,2026-03-30 04:00:32,26975.55,VOICE,2026-01-04 02:37:06
PAYMENT0003257,ACC0014539,2026-03-30 04:07:30,5365.44,WHATSAPP,2026-03-29 05:45:47
PAYMENT0006903,ACC0020758,2026-03-30 04:49:36,113509.35,WHATSAPP,2026-03-11 16:14:14
PAYMENT0004709,ACC0011369,2026-03-30 05:24:28,18364.64,VOICE,2026-02-20 02:00:07
PAYMENT0014013,ACC0013157,2026-03-30 07:45:45,121441.53,,
PAYMENT0013997,ACC0023294,2026-03-30 07:55:04,92296.92,WHATSAPP,2026-03-05 02:17:27
PAYMENT0007663,ACC0009399,2026-03-30 07:58:33,51039.77,WHATSAPP,2026-03-24 10:26:24
PAYMENT0020572,ACC0020674,2026-03-30 08:12:55,12958.16,FIELD,2026-02-24 03:14:38
PAYMENT0013540,ACC0029115,2026-03-30 08:14:43,4055.31,VOICE,2026-02-27 12:25:36
PAYMENT0023534,ACC0017562,2026-03-30 08:53:55,35907.18,WHATSAPP,2026-03-28 14:37:06
PAYMENT0017900,ACC0022039,2026-03-30 09:17:25,141367.9,SMS,2026-03-14 18:44:56
PAYMENT0017028,ACC0022691,2026-03-30 09:36:28,75864.28,VOICE,2026-03-01 21:39:29
PAYMENT0022656,ACC0026387,2026-03-30 09:45:17,1359.29,WHATSAPP,2026-03-20 20:33:43
PAYMENT0012469,ACC0021836,2026-03-30 09:50:34,106969.53,VOICE,2026-03-21 11:10:07
PAYMENT0016735,ACC0017321,2026-03-30 09:54:17,114202.62,SMS,2026-03-05 08:21:48
PAYMENT0006152,ACC0013008,2026-03-30 10:26:19,47493.64,SMS,2026-03-07 00:03:41
PAYMENT0009635,ACC0023465,2026-03-30 10:37:06,9041.34,VOICE,2026-03-27 14:22:05
PAYMENT0001294,ACC0027854,2026-03-30 10:53:11,149302.07,FIELD,2026-03-23 04:07:41
PAYMENT0023223,ACC0008186,2026-03-30 10:59:11,12014.43,SMS,2026-02-27 05:13:09
PAYMENT0010797,ACC0013326,2026-03-30 11:34:01,132921.05,VOICE,2026-03-20 22:08:42
PAYMENT0024385,ACC0000172,2026-03-30 12:42:07,4550.57,VOICE,2026-02-14 05:47:31
PAYMENT0015767,ACC0026597,2026-03-30 13:48:17,67381.79,VOICE,2026-03-11 05:55:29
PAYMENT0010581,ACC0005296,2026-03-30 13:53:00,108364.07,VOICE,2026-01-11 13:36:21
PAYMENT0022740,ACC0002015,2026-03-30 13:59:39,93158.26,FIELD,2026-03-24 18:28:49
PAYMENT0012785,ACC0011595,2026-03-30 14:13:58,2183.68,VOICE,2026-03-20 05:41:41
PAYMENT0009345,ACC0028081,2026-03-30 14:20:49,33967.04,VOICE,2026-01-13 02:11:38
PAYMENT0011668,ACC0004209,2026-03-30 14:28:19,83926.37,WHATSAPP,2026-02-27 21:15:23
PAYMENT0021072,ACC0022878,2026-03-30 14:37:02,74695.08,VOICE,2026-03-06 13:50:40
PAYMENT0013228,ACC0011034,2026-03-30 14:47:47,135586.8,WHATSAPP,2026-02-26 08:29:00
PAYMENT0015712,ACC0026294,2026-03-30 15:31:00,49239.42,WHATSAPP,2026-03-09 04:28:00
PAYMENT0013687,ACC0012525,2026-03-30 17:25:29,17582.64,WHATSAPP,2026-02-19 19:22:57
PAYMENT0005680,ACC0020029,2026-03-30 17:36:51,143197.25,VOICE,2026-03-16 06:43:42
PAYMENT0002848,ACC0027126,2026-03-30 17:45:12,108301.79,SMS,2026-03-25 02:16:36
PAYMENT0006764,ACC0011206,2026-03-30 17:55:46,59389.61,VOICE,2026-01-20 05:03:28
PAYMENT0018791,ACC0003874,2026-03-30 19:07:01,22429.71,WHATSAPP,2026-02-23 20:40:07
PAYMENT0023898,ACC0023297,2026-03-30 20:00:24,34926.41,SMS,2026-03-23 18:18:44
PAYMENT0007236,ACC0015908,2026-03-30 20:00:41,109204.67,VOICE,2026-02-13 22:07:00
PAYMENT0023801,ACC0023111,2026-03-30 20:07:20,133468.29,VOICE,2026-03-27 05:02:45
PAYMENT0017370,ACC0013396,2026-03-30 20:09:52,18999.43,VOICE,2026-03-08 17:55:44
PAYMENT0014818,ACC0023575,2026-03-30 20:34:17,31016.71,VOICE,2026-03-11 19:40:01
PAYMENT0010497,ACC0013845,2026-03-30 20:41:47,55971.74,VOICE,2026-03-09 02:44:52
PAYMENT0024071,ACC0005679,2026-03-30 22:41:36,71904.41,VOICE,2026-02-24 19:34:08
PAYMENT0017868,ACC0007728,2026-03-30 22:57:55,31187.47,,
PAYMENT0024492,ACC0005185,2026-03-30 22:58:03,117701.28,WHATSAPP,2026-03-25 13:11:30
PAYMENT0008082,ACC0014553,2026-03-30 23:20:20,13676.03,SMS,2026-03-28 03:46:33
PAYMENT0024556,ACC0005662,2026-03-31 00:17:40,121095.67,FIELD,2026-03-19 20:00:59
PAYMENT0002850,ACC0016255,2026-03-31 00:20:31,64434.07,VOICE,2026-03-22 22:41:49
PAYMENT0001119,ACC0000955,2026-03-31 00:28:29,57551.44,SMS,2026-03-24 16:57:25
PAYMENT0012067,ACC0000285,2026-03-31 00:42:57,86417.16,FIELD,2026-03-29 08:41:58
PAYMENT0005989,ACC0008697,2026-03-31 00:45:17,44648.14,SMS,2026-03-27 23:44:57
PAYMENT0006468,ACC0004596,2026-03-31 00:45:24,66658.69,VOICE,2026-03-11 09:17:17
PAYMENT0013506,ACC0006733,2026-03-31 01:41:03,53423.39,WHATSAPP,2026-01-23 13:22:26
PAYMENT0012110,ACC0011623,2026-03-31 02:06:52,83862.36,FIELD,2026-03-26 10:54:22
PAYMENT0019160,ACC0016894,2026-03-31 02:52:02,29834.54,FIELD,2026-02-22 12:09:22
PAYMENT0008170,ACC0020912,2026-03-31 03:12:24,123695.47,SMS,2026-01-22 06:50:48
PAYMENT0023561,ACC0012625,2026-03-31 04:24:40,11261.77,WHATSAPP,2026-02-25 13:10:08
PAYMENT0021233,ACC0014830,2026-03-31 04:52:22,84246.71,SMS,2026-02-28 12:32:09
PAYMENT0014518,ACC0009559,2026-03-31 04:53:29,66459.51,VOICE,2026-03-14 21:33:39
PAYMENT0009401,ACC0005683,2026-03-31 04:58:35,107328.39,VOICE,2026-03-19 01:01:21
PAYMENT0013216,ACC0009579,2026-03-31 05:01:38,10091.82,WHATSAPP,2026-02-25 12:51:58
PAYMENT0018370,ACC0012714,2026-03-31 05:10:15,93404.51,SMS,2026-03-26 03:42:11
PAYMENT0017352,ACC0000979,2026-03-31 05:13:14,14176.54,VOICE,2026-03-26 15:28:22
PAYMENT0006960,ACC0026390,2026-03-31 07:28:31,64173.98,SMS,2026-03-25 12:35:35
PAYMENT0010058,ACC0025049,2026-03-31 07:33:11,48604.48,WHATSAPP,2026-03-20 09:24:50
PAYMENT0000009,ACC0005092,2026-03-31 08:11:38,75028.44,WHATSAPP,2026-03-05 08:32:05
PAYMENT0014170,ACC0008240,2026-03-31 08:17:35,127948.4,VOICE,2026-03-15 00:16:12
PAYMENT0015084,ACC0020116,2026-03-31 09:45:31,28034.73,VOICE,2026-03-11 09:12:37
PAYMENT0018608,ACC0011370,2026-03-31 10:36:31,44843.89,WHATSAPP,2026-03-09 03:02:54
PAYMENT0015823,ACC0023551,2026-03-31 10:56:37,106606.09,WHATSAPP,2026-02-10 08:30:53
PAYMENT0023814,ACC0009338,2026-03-31 11:20:37,73733.95,SMS,2026-03-30 10:02:55
PAYMENT0000460,ACC0024367,2026-03-31 11:52:23,28553.37,WHATSAPP,2026-03-30 01:04:48
PAYMENT0000400,ACC0000944,2026-03-31 12:06:17,4292.79,SMS,2026-02-17 22:31:24
PAYMENT0013977,ACC0003584,2026-03-31 12:25:32,16068.63,VOICE,2026-03-03 11:22:45
PAYMENT0002789,ACC0028512,2026-03-31 12:37:25,132290.18,WHATSAPP,2026-03-20 02:28:23
PAYMENT0014134,ACC0006047,2026-03-31 15:04:05,124632.89,VOICE,2026-03-27 09:29:35
PAYMENT0023665,ACC0029658,2026-03-31 15:18:33,67745.74,WHATSAPP,2026-03-22 12:59:37
PAYMENT0016431,ACC0028609,2026-03-31 15:18:50,19758.9,WHATSAPP,2026-01-20 07:16:23
PAYMENT0019432,ACC0000326,2026-03-31 15:37:45,40351.44,WHATSAPP,2026-02-09 16:42:55
PAYMENT0024640,ACC0029858,2026-03-31 15:46:11,65796.05,VOICE,2026-01-21 11:52:25
PAYMENT0023358,ACC0012116,2026-03-31 16:11:50,40745.03,VOICE,2026-03-21 18:17:19
PAYMENT0008816,ACC0016217,2026-03-31 16:33:55,131828.68,VOICE,2026-03-09 02:13:25
PAYMENT0004097,ACC0004447,2026-03-31 16:59:30,104207.6,WHATSAPP,2026-03-29 01:46:41
PAYMENT0012913,ACC0021210,2026-03-31 17:05:37,99643.86,WHATSAPP,2026-03-29 21:08:58
PAYMENT0016535,ACC0025130,2026-03-31 17:57:50,130273.82,VOICE,2026-03-16 08:50:39
PAYMENT0023937,ACC0005658,2026-03-31 18:10:46,110139.28,WHATSAPP,2026-03-07 00:37:33
PAYMENT0021940,ACC0011652,2026-03-31 18:40:33,41824.52,WHATSAPP,2026-03-23 10:15:24
PAYMENT0024307,ACC0006900,2026-03-31 18:48:27,108869.03,,
PAYMENT0014340,ACC0017653,2026-03-31 18:58:53,87085.94,VOICE,2026-02-16 10:40:51
PAYMENT0010880,ACC0027289,2026-03-31 19:36:49,101414.49,SMS,2026-03-16 09:40:00
PAYMENT0008102,ACC0018853,2026-03-31 19:51:59,59354.84,FIELD,2026-03-19 17:09:29
PAYMENT0020462,ACC0007960,2026-03-31 19:55:54,36546.29,WHATSAPP,2026-03-04 05:23:43
PAYMENT0014873,ACC0014976,2026-03-31 21:07:48,91226.63,VOICE,2026-03-29 22:33:10
PAYMENT0015598,ACC0013891,2026-03-31 21:18:24,107014.42,VOICE,2026-02-02 16:28:04
PAYMENT0018403,ACC0015943,2026-03-31 21:39:23,42933.44,FIELD,2026-03-26 15:45:53
PAYMENT0022781,ACC0000154,2026-03-31 21:41:32,123943.53,FIELD,2026-03-02 01:09:00
PAYMENT0002025,ACC0022702,2026-03-31 21:57:10,139825.73,VOICE,2026-03-22 17:06:08
PAYMENT0018228,ACC0006667,2026-03-31 22:17:39,86895.02,VOICE,2026-03-16 13:49:07
PAYMENT0016162,ACC0023465,2026-03-31 23:21:57,124804.61,VOICE,2026-03-31 07:58:32
PAYMENT0019954,ACC0010960,2026-03-31 23:30:18,30656.56,WHATSAPP,2026-01-30 16:01:38
PAYMENT0022363,ACC0015202,2026-04-01 00:08:05,35500.77,SMS,2026-01-02 22:22:41
PAYMENT0003399,ACC0015265,2026-04-01 00:12:12,28249.96,FIELD,2026-03-25 09:58:32
PAYMENT0011604,ACC0007704,2026-04-01 00:26:55,89607.65,SMS,2026-03-26 13:57:16
PAYMENT0022035,ACC0004964,2026-04-01 00:33:03,46730.49,,
PAYMENT0020612,ACC0003028,2026-04-01 02:03:04,5483.02,WHATSAPP,2026-02-26 14:49:11
PAYMENT0014976,ACC0018243,2026-04-01 02:20:43,108577.47,SMS,2026-03-07 11:15:49
PAYMENT0014142,ACC0008815,2026-04-01 02:21:39,69773.37,FIELD,2026-03-30 17:19:10
PAYMENT0018697,ACC0001880,2026-04-01 02:43:16,23780.62,WHATSAPP,2026-03-17 20:14:01
PAYMENT0010836,ACC0008321,2026-04-01 03:09:24,98047.98,SMS,2026-03-25 23:35:41
PAYMENT0019139,ACC0003839,2026-04-01 03:13:49,105255.78,VOICE,2026-03-25 11:26:21
PAYMENT0023613,ACC0001098,2026-04-01 03:19:50,28266.14,SMS,2026-03-07 02:00:23
PAYMENT0008575,ACC0002336,2026-04-01 04:07:31,81365.48,WHATSAPP,2026-03-29 13:10:30
PAYMENT0009788,ACC0016720,2026-04-01 04:51:20,21705.26,SMS,2026-03-29 13:24:00
PAYMENT0011663,ACC0028186,2026-04-01 06:20:26,146199.75,WHATSAPP,2026-03-23 21:48:44
PAYMENT0006231,ACC0015150,2026-04-01 06:24:25,103810.38,VOICE,2026-03-16 19:22:44
PAYMENT0014748,ACC0007119,2026-04-01 06:26:22,21440.18,SMS,2026-02-14 12:12:08
PAYMENT0013175,ACC0023217,2026-04-01 06:26:48,32829.96,VOICE,2026-03-29 22:25:21
PAYMENT0022506,ACC0012669,2026-04-01 06:54:11,73958.85,VOICE,2026-02-03 23:51:54
PAYMENT0017643,ACC0008642,2026-04-01 07:32:35,115269.8,WHATSAPP,2026-02-17 16:48:17
PAYMENT0018598,ACC0027916,2026-04-01 08:29:41,98053.8,VOICE,2026-03-05 20:18:34
PAYMENT0023541,ACC0010605,2026-04-01 09:32:13,78733.21,VOICE,2026-03-24 18:53:36
PAYMENT0007101,ACC0001013,2026-04-01 10:03:37,30494.24,FIELD,2026-03-22 20:03:50
PAYMENT0013173,ACC0015066,2026-04-01 10:05:33,67770.01,VOICE,2026-03-18 02:36:30
PAYMENT0007081,ACC0018182,2026-04-01 10:09:11,75611.0,VOICE,2026-02-05 07:26:28
PAYMENT0014038,ACC0025238,2026-04-01 10:15:58,41008.24,,
PAYMENT0016609,ACC0017450,2026-04-01 10:17:59,13106.36,FIELD,2026-03-20 06:18:20
PAYMENT0016219,ACC0013890,2026-04-01 10:25:37,8767.4,SMS,2026-03-25 13:29:52
PAYMENT0019655,ACC0001106,2026-04-01 11:23:55,13346.56,VOICE,2026-03-01 12:34:30
PAYMENT0012220,ACC0000230,2026-04-01 11:57:03,67294.93,VOICE,2026-02-24 04:38:10
PAYMENT0017405,ACC0002993,2026-04-01 12:16:49,138254.34,WHATSAPP,2026-02-01 17:43:35
PAYMENT0015354,ACC0004565,2026-04-01 13:09:19,21983.92,VOICE,2026-03-06 00:29:05
PAYMENT0014413,ACC0018440,2026-04-01 13:25:42,74938.41,VOICE,2026-02-03 13:26:46
PAYMENT0008794,ACC0005944,2026-04-01 13:53:23,144109.77,VOICE,2026-01-19 07:06:42
PAYMENT0009542,ACC0000787,2026-04-01 15:07:35,82155.45,WHATSAPP,2026-02-27 04:39:49
PAYMENT0012371,ACC0021170,2026-04-01 15:22:59,145933.92,VOICE,2026-03-05 04:39:52
PAYMENT0008130,ACC0017023,2026-04-01 15:31:48,87140.38,WHATSAPP,2026-02-20 18:26:24
PAYMENT0007076,ACC0026208,2026-04-01 15:51:30,92889.55,FIELD,2026-03-10 19:16:46
PAYMENT0021301,ACC0011153,2026-04-01 16:41:08,117479.88,VOICE,2026-02-20 13:49:53
PAYMENT0010045,ACC0000219,2026-04-01 16:41:15,69078.02,VOICE,2026-03-22 08:17:11
PAYMENT0010997,ACC0020764,2026-04-01 17:10:42,136705.44,FIELD,2026-03-11 15:22:52
PAYMENT0020316,ACC0023978,2026-04-01 17:11:52,143488.79,FIELD,2026-03-07 09:52:34
PAYMENT0021554,ACC0017123,2026-04-01 17:52:14,101914.97,VOICE,2026-03-26 07:17:41
PAYMENT0009362,ACC0022620,2026-04-01 18:09:44,49005.5,SMS,2026-03-23 03:41:56
PAYMENT0001756,ACC0029150,2026-04-01 18:10:13,146622.16,SMS,2026-03-05 05:44:24
PAYMENT0007491,ACC0029838,2026-04-01 18:28:52,41344.04,VOICE,2026-03-13 18:09:00
PAYMENT0010729,ACC0005354,2026-04-01 19:09:48,60996.93,VOICE,2026-03-15 05:10:38
PAYMENT0019881,ACC0012388,2026-04-01 19:55:40,141328.07,SMS,2026-03-11 10:41:39
PAYMENT0007662,ACC0019949,2026-04-01 20:46:25,23729.39,FIELD,2026-04-01 07:23:00
PAYMENT0008498,ACC0015463,2026-04-01 21:24:34,67525.05,VOICE,2026-03-22 15:44:05
PAYMENT0024743,ACC0014109,2026-04-01 21:25:04,67213.82,VOICE,2026-03-27 11:11:47
PAYMENT0023717,ACC0017990,2026-04-01 21:37:38,98738.83,SMS,2026-02-20 21:29:07
PAYMENT0016045,ACC0023901,2026-04-01 21:41:02,59341.54,FIELD,2026-03-24 16:03:34
PAYMENT0019682,ACC0022821,2026-04-01 21:48:03,43584.84,VOICE,2026-02-19 15:35:02
PAYMENT0013900,ACC0021613,2026-04-01 22:27:18,92249.36,WHATSAPP,2026-03-19 01:04:51
PAYMENT0004903,ACC0029570,2026-04-01 23:43:15,13831.72,VOICE,2026-03-24 19:16:49
PAYMENT0013941,ACC0009628,2026-04-02 00:06:40,141253.15,FIELD,2026-03-15 01:40:58
PAYMENT0018054,ACC0005610,2026-04-02 00:16:34,21742.83,VOICE,2026-03-23 02:58:14
PAYMENT0004305,ACC0023669,2026-04-02 00:28:43,60138.2,FIELD,2026-03-29 21:56:51
PAYMENT0020394,ACC0010389,2026-04-02 00:39:50,81516.8,VOICE,2026-03-24 23:26:52
PAYMENT0009170,ACC0017136,2026-04-02 00:48:22,10860.66,FIELD,2026-02-22 09:34:31
PAYMENT0022855,ACC0002364,2026-04-02 00:53:26,120608.44,WHATSAPP,2026-03-25 10:21:10
PAYMENT0013736,ACC0009254,2026-04-02 01:30:10,25439.27,VOICE,2026-02-28 12:21:21
PAYMENT0004018,ACC0011240,2026-04-02 01:35:32,140847.43,VOICE,2026-03-20 02:28:48
PAYMENT0023713,ACC0014738,2026-04-02 01:38:36,129286.41,WHATSAPP,2026-01-21 11:55:18
PAYMENT0019524,ACC0002733,2026-04-02 01:54:14,23629.92,SMS,2026-03-19 07:55:47
PAYMENT0013861,ACC0022898,2026-04-02 03:21:17,76985.75,VOICE,2026-02-11 14:17:59
PAYMENT0012664,ACC0025080,2026-04-02 04:09:10,49171.79,VOICE,2026-01-13 00:20:21
PAYMENT0023620,ACC0003542,2026-04-02 04:45:31,72836.14,FIELD,2026-03-16 03:32:06
PAYMENT0007358,ACC0018652,2026-04-02 05:29:48,82537.97,WHATSAPP,2026-03-13 13:20:48
PAYMENT0002948,ACC0004652,2026-04-02 05:39:48,121837.48,FIELD,2026-03-11 05:16:49
PAYMENT0013168,ACC0005179,2026-04-02 05:49:58,45980.72,SMS,2026-03-17 12:25:21
PAYMENT0016397,ACC0013149,2026-04-02 05:53:10,29214.47,VOICE,2026-03-09 01:02:30
PAYMENT0002029,ACC0022664,2026-04-02 06:09:19,141688.73,VOICE,2026-02-22 09:15:39
PAYMENT0021425,ACC0013912,2026-04-02 06:23:29,126972.55,WHATSAPP,2026-02-24 19:07:40
PAYMENT0019838,ACC0020262,2026-04-02 06:42:54,98312.71,SMS,2026-02-06 19:09:24
PAYMENT0017412,ACC0004452,2026-04-02 07:04:08,104202.65,WHATSAPP,2026-03-16 04:43:07
PAYMENT0004134,ACC0021287,2026-04-02 07:14:27,87414.12,VOICE,2026-01-14 00:50:24
PAYMENT0019593,ACC0005269,2026-04-02 07:15:04,142764.44,VOICE,2026-03-17 09:37:44
PAYMENT0000898,ACC0010853,2026-04-02 07:25:47,30576.35,WHATSAPP,2026-02-24 09:41:18
PAYMENT0002168,ACC0011759,2026-04-02 07:55:03,47870.67,WHATSAPP,2026-03-20 09:05:21
PAYMENT0008788,ACC0017614,2026-04-02 08:00:48,65559.94,WHATSAPP,2026-01-03 09:46:20
PAYMENT0017111,ACC0007997,2026-04-02 08:03:25,100739.14,,
PAYMENT0010740,ACC0018766,2026-04-02 08:36:29,84509.36,WHATSAPP,2026-03-09 07:17:09
PAYMENT0010900,ACC0020058,2026-04-02 09:16:11,42764.94,VOICE,2026-03-01 10:22:37
PAYMENT0014349,ACC0018207,2026-04-02 09:55:13,59859.77,VOICE,2026-02-14 04:23:59
PAYMENT0000773,ACC0002338,2026-04-02 10:23:00,51210.19,VOICE,2026-02-02 03:18:20
PAYMENT0012013,ACC0021064,2026-04-02 10:28:08,149118.7,WHATSAPP,2026-03-23 19:02:55
PAYMENT0021694,ACC0017258,2026-04-02 10:28:45,17288.67,VOICE,2026-01-24 13:36:12
PAYMENT0018714,ACC0009041,2026-04-02 10:40:34,107032.51,WHATSAPP,2026-03-28 21:06:46
PAYMENT0012953,ACC0008488,2026-04-02 10:55:54,58263.34,WHATSAPP,2026-03-21 13:10:17
PAYMENT0010973,ACC0002532,2026-04-02 11:17:04,104143.3,VOICE,2026-03-21 02:07:59
PAYMENT0016510,ACC0015809,2026-04-02 11:30:32,137713.71,SMS,2026-03-02 17:33:11
PAYMENT0009445,ACC0013426,2026-04-02 11:35:19,34028.91,SMS,2026-03-21 23:52:47
PAYMENT0021300,ACC0021518,2026-04-02 13:02:42,92186.16,FIELD,2026-03-10 16:17:03
PAYMENT0018972,ACC0029791,2026-04-02 13:37:33,45532.61,SMS,2026-03-23 22:35:10
PAYMENT0001354,ACC0004128,2026-04-02 13:39:26,96194.19,SMS,2026-03-20 01:49:49
PAYMENT0010354,ACC0011653,2026-04-02 13:44:52,60997.24,WHATSAPP,2026-04-02 08:44:25
PAYMENT0003476,ACC0029316,2026-04-02 13:51:36,12797.36,FIELD,2026-03-01 21:26:17
PAYMENT0006414,ACC0028470,2026-04-02 14:19:46,46918.4,FIELD,2026-03-23 10:54:42
PAYMENT0014889,ACC0007731,2026-04-02 14:48:45,20868.15,WHATSAPP,2026-03-10 02:45:12
PAYMENT0023943,ACC0001503,2026-04-02 15:09:17,44694.42,SMS,2026-03-22 06:28:56
PAYMENT0016244,ACC0018001,2026-04-02 15:13:52,47557.35,SMS,2026-03-18 23:10:07
PAYMENT0024172,ACC0019709,2026-04-02 15:53:46,35429.54,FIELD,2026-01-18 11:48:26
PAYMENT0006566,ACC0005722,2026-04-02 16:02:19,28780.43,SMS,2026-03-15 13:02:01
PAYMENT0024338,ACC0005874,2026-04-02 16:46:38,35200.43,WHATSAPP,2026-03-11 01:14:12
PAYMENT0021336,ACC0024394,2026-04-02 17:26:23,71575.68,VOICE,2026-03-27 21:47:07
PAYMENT0003500,ACC0022850,2026-04-02 17:34:45,135250.04,SMS,2026-03-03 20:24:18
PAYMENT0005130,ACC0010729,2026-04-02 17:45:08,5766.76,FIELD,2026-03-31 06:37:04
PAYMENT0018880,ACC0025690,2026-04-02 17:50:11,53975.66,VOICE,2026-04-01 20:45:43
PAYMENT0015834,ACC0013661,2026-04-02 18:33:19,60370.04,VOICE,2026-03-20 01:52:40
PAYMENT0021498,ACC0014080,2026-04-02 19:25:17,76540.36,VOICE,2026-02-27 00:35:09
PAYMENT0017026,ACC0029281,2026-04-02 19:36:25,117595.68,VOICE,2026-03-03 05:48:07
PAYMENT0013751,ACC0027916,2026-04-02 19:50:34,55991.45,VOICE,2026-03-05 20:18:34
PAYMENT0011333,ACC0006592,2026-04-02 19:51:18,12622.38,WHATSAPP,2026-03-28 11:57:43
PAYMENT0003485,ACC0003789,2026-04-02 19:54:31,114318.74,FIELD,2026-03-11 20:32:00
PAYMENT0005280,ACC0000616,2026-04-02 20:15:59,72995.75,VOICE,2026-03-03 03:03:09
PAYMENT0011326,ACC0020382,2026-04-02 20:16:29,126316.59,WHATSAPP,2026-03-20 01:46:35
PAYMENT0018160,ACC0009188,2026-04-02 21:23:27,41532.73,VOICE,2026-02-12 00:40:02
PAYMENT0021907,ACC0001424,2026-04-02 21:30:37,4903.47,VOICE,2026-02-28 12:43:24
PAYMENT0017879,ACC0019631,2026-04-02 21:49:38,28697.54,FIELD,2026-03-29 01:52:06
PAYMENT0022313,ACC0026200,2026-04-02 22:57:05,19838.88,SMS,2026-03-22 16:24:24
PAYMENT0012165,ACC0017866,2026-04-02 23:10:07,81698.27,VOICE,2026-02-04 03:14:39
PAYMENT0013139,ACC0016233,2026-04-02 23:23:17,85308.13,SMS,2026-03-23 13:59:20
PAYMENT0021760,ACC0019955,2026-04-03 00:08:08,145233.63,WHATSAPP,2026-03-23 14:22:21
PAYMENT0016082,ACC0004710,2026-04-03 00:42:23,34147.14,VOICE,2026-03-27 11:19:57
PAYMENT0016030,ACC0015797,2026-04-03 00:59:54,63605.63,WHATSAPP,2026-03-15 11:26:46
PAYMENT0023690,ACC0016801,2026-04-03 01:59:04,38504.0,WHATSAPP,2026-02-28 14:33:23
PAYMENT0009436,ACC0026532,2026-04-03 02:10:26,26548.21,WHATSAPP,2026-03-18 03:50:49
PAYMENT0008793,ACC0019059,2026-04-03 05:12:31,64489.27,SMS,2026-03-06 13:43:34
PAYMENT0012825,ACC0006378,2026-04-03 06:12:07,92652.34,WHATSAPP,2026-04-02 19:50:15
PAYMENT0003379,ACC0017729,2026-04-03 06:29:35,93792.87,VOICE,2026-04-01 16:15:54
PAYMENT0006490,ACC0029544,2026-04-03 06:50:12,40814.83,SMS,2026-03-30 23:50:35
PAYMENT0006838,ACC0019902,2026-04-03 09:40:21,5339.37,WHATSAPP,2026-03-25 10:02:47
PAYMENT0008391,ACC0003036,2026-04-03 09:46:42,144560.31,WHATSAPP,2026-03-08 13:20:20
PAYMENT0018841,ACC0011719,2026-04-03 10:13:26,88374.85,FIELD,2026-03-08 20:59:58
PAYMENT0024998,ACC0024945,2026-04-03 11:04:18,92012.57,VOICE,2026-03-06 00:14:22
PAYMENT0005223,ACC0012890,2026-04-03 11:06:24,69779.55,VOICE,2026-03-21 01:47:12
PAYMENT0007369,ACC0002991,2026-04-03 11:10:11,123077.08,SMS,2026-01-26 19:18:48
PAYMENT0000618,ACC0023638,2026-04-03 11:34:23,36582.65,FIELD,2026-03-31 03:45:00
PAYMENT0017979,ACC0024311,2026-04-03 11:36:17,66847.81,,
PAYMENT0014663,ACC0010640,2026-04-03 11:56:54,135581.83,VOICE,2026-03-23 19:26:07
PAYMENT0015071,ACC0029223,2026-04-03 11:57:47,2581.86,,
PAYMENT0023062,ACC0010764,2026-04-03 12:11:28,89007.18,VOICE,2026-03-23 23:26:44
PAYMENT0004938,ACC0002473,2026-04-03 13:35:54,55990.16,SMS,2026-03-21 22:27:57
PAYMENT0022533,ACC0000398,2026-04-03 14:53:25,6851.85,VOICE,2026-03-11 23:58:24
PAYMENT0005269,ACC0023447,2026-04-03 15:29:22,100434.01,WHATSAPP,2026-04-03 10:37:31
PAYMENT0012190,ACC0018410,2026-04-03 15:41:40,32468.78,WHATSAPP,2026-02-21 23:09:57
PAYMENT0002297,ACC0026141,2026-04-03 15:45:47,46270.72,VOICE,2026-02-26 18:09:26
PAYMENT0019334,ACC0009248,2026-04-03 15:47:33,88969.53,VOICE,2026-03-23 16:57:05
PAYMENT0000687,ACC0022111,2026-04-03 16:21:37,92051.95,VOICE,2026-02-22 16:40:27
PAYMENT0007364,ACC0026885,2026-04-03 17:00:28,76482.3,WHATSAPP,2026-02-01 12:24:25
PAYMENT0016980,ACC0022061,2026-04-03 17:48:03,97362.59,WHATSAPP,2026-04-01 22:30:30
PAYMENT0013263,ACC0008434,2026-04-03 18:05:58,91677.64,SMS,2026-02-24 07:00:08
PAYMENT0020365,ACC0004838,2026-04-03 18:34:30,34607.96,VOICE,2026-03-19 15:01:41
PAYMENT0022637,ACC0012255,2026-04-03 19:00:17,123222.6,VOICE,2026-03-23 02:20:07
PAYMENT0002422,ACC0009791,2026-04-03 19:43:16,58489.48,WHATSAPP,2026-03-04 04:37:08
PAYMENT0021625,ACC0028386,2026-04-03 20:50:25,239.98,WHATSAPP,2026-03-07 17:17:52
PAYMENT0011054,ACC0013424,2026-04-03 21:08:54,47217.52,VOICE,2026-02-05 18:40:34
PAYMENT0021411,ACC0021612,2026-04-03 21:48:06,122912.92,VOICE,2026-02-25 19:49:12
PAYMENT0007360,ACC0007729,2026-04-03 22:05:13,132573.75,FIELD,2026-02-23 07:25:38
PAYMENT0006022,ACC0003764,2026-04-03 22:11:19,98778.06,VOICE,2026-04-02 02:13:22
PAYMENT0020591,ACC0015742,2026-04-03 22:45:34,88925.49,VOICE,2026-03-30 10:06:14
PAYMENT0011983,ACC0007369,2026-04-03 23:04:30,113973.83,WHATSAPP,2026-03-15 23:11:03
PAYMENT0015375,ACC0002347,2026-04-03 23:09:47,93661.32,SMS,2026-02-25 04:22:28
PAYMENT0010419,ACC0026118,2026-04-03 23:14:52,34201.74,FIELD,2026-03-19 23:54:47
PAYMENT0015672,ACC0023441,2026-04-04 00:30:28,86023.59,VOICE,2026-04-01 13:56:19
PAYMENT0015391,ACC0020666,2026-04-04 02:45:48,122401.19,WHATSAPP,2026-01-01 01:31:47
PAYMENT0017982,ACC0003930,2026-04-04 02:56:37,148436.55,VOICE,2026-03-18 10:14:34
PAYMENT0015183,ACC0024190,2026-04-04 04:01:04,133608.9,SMS,2026-03-25 16:27:45
PAYMENT0006257,ACC0019448,2026-04-04 04:01:32,21915.04,VOICE,2026-02-06 13:58:51
PAYMENT0023887,ACC0005391,2026-04-04 04:45:57,140791.48,WHATSAPP,2026-03-21 05:25:11
PAYMENT0003646,ACC0026702,2026-04-04 05:30:20,37377.57,VOICE,2026-03-20 05:48:52
PAYMENT0011598,ACC0005039,2026-04-04 05:30:32,105727.87,SMS,2026-02-01 10:21:31
PAYMENT0010461,ACC0001379,2026-04-04 05:44:08,110617.75,SMS,2026-03-24 16:02:15
PAYMENT0010756,ACC0021731,2026-04-04 05:45:01,89278.58,VOICE,2026-03-01 12:48:36
PAYMENT0011944,ACC0016456,2026-04-04 06:11:38,138124.32,SMS,2026-03-16 22:55:39
PAYMENT0006073,ACC0000768,2026-04-04 06:42:14,135878.93,,
PAYMENT0003104,ACC0019737,2026-04-04 07:05:35,12897.49,VOICE,2026-02-19 08:43:31
PAYMENT0004000,ACC0025892,2026-04-04 07:15:38,100389.88,FIELD,2026-03-22 10:13:41
PAYMENT0011149,ACC0028168,2026-04-04 07:18:38,17218.42,SMS,2026-03-19 14:50:01
PAYMENT0023734,ACC0015568,2026-04-04 07:27:05,66385.83,VOICE,2026-04-01 10:57:05
PAYMENT0003262,ACC0024323,2026-04-04 07:47:55,78021.31,WHATSAPP,2026-03-22 18:12:24
PAYMENT0001207,ACC0017365,2026-04-04 07:53:17,91094.82,VOICE,2026-03-15 11:53:12
PAYMENT0002534,ACC0026226,2026-04-04 08:30:19,139640.61,VOICE,2026-02-26 10:58:27
PAYMENT0004956,ACC0009831,2026-04-04 08:49:20,88346.1,VOICE,2026-03-22 06:19:45
PAYMENT0011966,ACC0001314,2026-04-04 08:57:09,34933.65,VOICE,2026-03-13 23:39:29
PAYMENT0017094,ACC0015711,2026-04-04 09:04:12,78456.29,WHATSAPP,2026-02-01 01:15:21
PAYMENT0012777,ACC0009801,2026-04-04 09:08:53,49297.59,VOICE,2026-03-04 18:59:11
PAYMENT0012835,ACC0024516,2026-04-04 09:09:41,4713.88,VOICE,2026-03-20 11:09:59
PAYMENT0010533,ACC0010684,2026-04-04 09:18:03,137522.75,WHATSAPP,2026-03-04 03:45:35
PAYMENT0003580,ACC0010575,2026-04-04 10:05:50,137524.93,FIELD,2026-03-18 23:29:23
PAYMENT0016731,ACC0014354,2026-04-04 10:56:02,42883.78,VOICE,2026-04-02 20:56:47
PAYMENT0023026,ACC0016637,2026-04-04 11:29:54,106885.68,VOICE,2026-03-14 01:33:54
PAYMENT0021514,ACC0001844,2026-04-04 11:34:29,140188.98,VOICE,2026-01-18 06:12:45
PAYMENT0016006,ACC0028123,2026-04-04 12:07:01,114532.36,VOICE,2026-03-23 01:36:52
PAYMENT0013087,ACC0009228,2026-04-04 12:14:55,112466.89,SMS,2026-04-04 02:00:24
PAYMENT0011288,ACC0005510,2026-04-04 12:18:49,33066.41,WHATSAPP,2026-04-02 18:17:16
PAYMENT0011109,ACC0014038,2026-04-04 12:52:00,46912.35,VOICE,2026-03-26 06:18:45
PAYMENT0006020,ACC0019500,2026-04-04 13:00:20,42752.99,VOICE,2026-04-04 09:27:10
PAYMENT0009312,ACC0005064,2026-04-04 13:06:27,57623.52,VOICE,2026-03-20 13:34:01
PAYMENT0012130,ACC0006696,2026-04-04 13:18:39,91889.55,FIELD,2026-03-24 10:42:41
PAYMENT0012992,ACC0012923,2026-04-04 13:39:48,36225.21,WHATSAPP,2026-02-23 00:03:24
PAYMENT0017536,ACC0015878,2026-04-04 13:50:53,112026.65,WHATSAPP,2026-03-13 09:33:25
PAYMENT0004338,ACC0024915,2026-04-04 14:27:42,13128.85,WHATSAPP,2026-02-20 21:17:39
PAYMENT0006547,ACC0004828,2026-04-04 16:12:56,78122.33,SMS,2026-03-11 04:57:29
PAYMENT0023153,ACC0025825,2026-04-04 17:37:15,26956.02,WHATSAPP,2026-01-31 12:43:42
PAYMENT0004685,ACC0019974,2026-04-04 17:43:49,31693.27,FIELD,2026-03-24 20:59:21
PAYMENT0005612,ACC0001718,2026-04-04 17:56:18,65218.02,FIELD,2026-02-25 23:44:29
PAYMENT0020385,ACC0024388,2026-04-04 18:18:33,110117.95,,
PAYMENT0019251,ACC0015487,2026-04-04 18:30:05,130789.63,VOICE,2026-03-15 02:24:29
PAYMENT0016149,ACC0007014,2026-04-04 19:18:01,77831.05,VOICE,2026-03-15 17:52:26
PAYMENT0013265,ACC0007836,2026-04-04 19:33:22,118062.93,VOICE,2026-03-28 00:40:12
PAYMENT0020391,ACC0016813,2026-04-04 19:52:56,39130.57,VOICE,2026-03-11 17:57:25
PAYMENT0021686,ACC0025375,2026-04-04 20:08:26,118027.39,,
PAYMENT0012142,ACC0027486,2026-04-04 20:13:45,34533.73,VOICE,2026-03-19 22:34:00
PAYMENT0011861,ACC0006088,2026-04-04 20:39:57,70312.99,WHATSAPP,2026-02-16 23:48:27
PAYMENT0004140,ACC0002457,2026-04-04 20:52:30,95359.09,SMS,2026-01-15 08:12:43
PAYMENT0019107,ACC0010817,2026-04-04 20:57:06,85158.56,SMS,2026-03-29 18:13:58
PAYMENT0013704,ACC0020343,2026-04-04 21:55:42,135817.36,WHATSAPP,2026-03-19 18:44:49
PAYMENT0004150,ACC0022511,2026-04-04 22:06:31,7686.06,WHATSAPP,2026-03-11 07:59:03
PAYMENT0007071,ACC0008347,2026-04-04 22:52:28,120649.5,SMS,2026-03-24 11:52:29
PAYMENT0005596,ACC0008592,2026-04-04 23:17:49,132548.26,SMS,2026-03-28 00:05:19
PAYMENT0009807,ACC0016762,2026-04-05 00:45:33,78571.43,SMS,2026-02-21 11:42:50
PAYMENT0017015,ACC0012554,2026-04-05 00:48:19,65378.96,VOICE,2026-02-05 20:53:56
PAYMENT0015379,ACC0019477,2026-04-05 01:29:07,128202.86,VOICE,2026-03-29 02:39:49
PAYMENT0014988,ACC0021546,2026-04-05 01:30:03,36717.32,SMS,2026-02-18 03:37:47
PAYMENT0012221,ACC0014774,2026-04-05 01:43:57,72800.96,FIELD,2026-03-14 13:53:15
PAYMENT0019900,ACC0028527,2026-04-05 02:33:23,36363.5,FIELD,2026-03-31 17:25:52
PAYMENT0009528,ACC0022517,2026-04-05 03:44:13,59527.01,WHATSAPP,2026-03-23 21:34:23
PAYMENT0016301,ACC0014824,2026-04-05 05:08:58,33115.71,FIELD,2026-03-29 10:09:50
PAYMENT0012131,ACC0011008,2026-04-05 05:46:06,79456.63,VOICE,2026-03-01 08:25:59
PAYMENT0003679,ACC0006748,2026-04-05 05:47:50,91128.06,VOICE,2026-02-27 00:28:20
PAYMENT0023370,ACC0015763,2026-04-05 06:38:44,89604.99,VOICE,2026-03-17 18:40:40
PAYMENT0004656,ACC0004400,2026-04-05 06:44:38,144472.46,WHATSAPP,2026-03-29 19:49:39
PAYMENT0001189,ACC0021214,2026-04-05 07:26:58,73174.53,VOICE,2026-03-11 05:50:12
PAYMENT0009109,ACC0022292,2026-04-05 08:03:35,129467.7,VOICE,2026-03-08 23:49:14
PAYMENT0022673,ACC0001064,2026-04-05 08:07:54,109436.15,VOICE,2026-03-11 10:32:23
PAYMENT0020782,ACC0014861,2026-04-05 08:09:39,90403.75,VOICE,2026-03-03 02:22:20
PAYMENT0003530,ACC0008475,2026-04-05 08:18:35,29982.99,WHATSAPP,2026-03-13 23:01:28
PAYMENT0022577,ACC0018044,2026-04-05 09:04:19,82788.35,VOICE,2026-03-27 03:39:53
PAYMENT0021675,ACC0001004,2026-04-05 09:25:06,128990.01,VOICE,2026-03-07 14:48:58
PAYMENT0001475,ACC0023831,2026-04-05 09:33:10,103346.95,VOICE,2026-01-30 18:39:48
PAYMENT0020808,ACC0006877,2026-04-05 09:41:05,107312.0,FIELD,2026-03-31 04:44:07
PAYMENT0001939,ACC0025146,2026-04-05 10:01:13,77548.53,FIELD,2026-03-01 04:58:43
PAYMENT0018796,ACC0016539,2026-04-05 10:20:47,10061.69,VOICE,2026-03-08 08:17:14
PAYMENT0016888,ACC0016239,2026-04-05 10:22:24,25019.98,WHATSAPP,2026-04-05 02:49:50
PAYMENT0016063,ACC0007585,2026-04-05 10:30:01,134566.63,SMS,2026-03-12 00:35:17
PAYMENT0017264,ACC0001382,2026-04-05 10:47:40,67359.53,WHATSAPP,2026-02-26 21:24:24
PAYMENT0001161,ACC0027426,2026-04-05 10:52:57,93358.85,SMS,2026-03-25 11:10:02
PAYMENT0015638,ACC0023084,2026-04-05 10:54:20,26295.68,SMS,2026-03-22 09:17:59
PAYMENT0019443,ACC0026697,2026-04-05 11:04:55,112959.48,SMS,2026-04-01 02:05:34
PAYMENT0009521,ACC0008593,2026-04-05 11:22:52,35863.74,SMS,2026-03-20 19:37:46
PAYMENT0012585,ACC0004201,2026-04-05 11:47:05,56581.47,VOICE,2026-03-30 07:57:22
PAYMENT0020951,ACC0028887,2026-04-05 12:18:59,70157.88,WHATSAPP,2026-01-13 07:04:44
PAYMENT0011842,ACC0013439,2026-04-05 12:28:33,34272.61,SMS,2026-01-21 07:48:04
PAYMENT0013331,ACC0014531,2026-04-05 12:38:38,110041.98,SMS,2026-02-28 07:44:10
PAYMENT0021528,ACC0001786,2026-04-05 13:19:22,111050.8,WHATSAPP,2026-04-04 00:03:32
PAYMENT0004489,ACC0005597,2026-04-05 14:21:33,11770.25,VOICE,2026-02-03 21:19:05
PAYMENT0005498,ACC0007979,2026-04-05 14:52:41,149687.37,FIELD,2026-03-26 15:27:35
PAYMENT0000895,ACC0013650,2026-04-05 15:16:46,55299.29,VOICE,2026-02-18 05:20:04
PAYMENT0014690,ACC0011485,2026-04-05 15:33:38,47267.71,VOICE,2026-03-29 06:09:02
PAYMENT0012789,ACC0025583,2026-04-05 15:37:43,55099.37,VOICE,2026-04-04 06:52:22
PAYMENT0001932,ACC0029074,2026-04-05 16:04:27,51682.37,,
PAYMENT0000491,ACC0017404,2026-04-05 17:06:13,39061.85,VOICE,2026-03-27 16:05:41
PAYMENT0011452,ACC0017670,2026-04-05 17:31:14,104023.26,WHATSAPP,2026-01-09 09:18:21
PAYMENT0020570,ACC0015604,2026-04-05 18:18:15,41687.6,,
PAYMENT0007569,ACC0002430,2026-04-05 19:29:17,146543.87,WHATSAPP,2026-03-04 18:02:35
PAYMENT0014204,ACC0009762,2026-04-05 19:30:55,59913.06,,
PAYMENT0006661,ACC0028214,2026-04-05 20:04:18,69897.82,SMS,2026-03-09 11:59:26
PAYMENT0005592,ACC0005585,2026-04-05 20:10:54,37612.04,WHATSAPP,2026-04-01 03:29:22
PAYMENT0007132,ACC0001667,2026-04-05 20:47:54,139998.27,VOICE,2026-01-11 20:11:42
PAYMENT0002270,ACC0027204,2026-04-05 20:49:28,20720.49,SMS,2026-03-25 18:31:50
PAYMENT0023895,ACC0012436,2026-04-05 21:00:30,98856.17,FIELD,2026-04-04 16:01:47
PAYMENT0022606,ACC0014678,2026-04-05 21:18:17,85294.55,FIELD,2026-04-04 10:25:10
PAYMENT0023124,ACC0017523,2026-04-05 21:38:30,16234.89,VOICE,2026-03-02 22:50:09
PAYMENT0017872,ACC0029245,2026-04-05 22:01:03,2127.36,VOICE,2026-01-24 02:07:51
PAYMENT0020150,ACC0001324,2026-04-05 22:09:58,32912.9,WHATSAPP,2026-03-23 21:43:02
PAYMENT0015817,ACC0017428,2026-04-05 22:11:53,58101.4,VOICE,2026-03-22 17:16:25
PAYMENT0001486,ACC0019266,2026-04-05 22:17:09,52615.72,VOICE,2026-03-24 08:13:49
PAYMENT0017156,ACC0004895,2026-04-05 23:18:45,87492.3,SMS,2026-01-29 19:19:34
PAYMENT0016962,ACC0026897,2026-04-06 00:02:56,9811.47,WHATSAPP,2026-03-06 04:22:03
PAYMENT0016227,ACC0019455,2026-04-06 00:05:38,55706.47,SMS,2026-02-11 03:02:13
PAYMENT0006255,ACC0010587,2026-04-06 00:25:44,35587.9,VOICE,2026-03-11 13:54:09
PAYMENT0005786,ACC0020672,2026-04-06 01:18:00,33186.08,VOICE,2026-03-18 12:20:56
PAYMENT0022070,ACC0014711,2026-04-06 01:21:38,4759.47,WHATSAPP,2026-04-05 23:09:50
PAYMENT0008866,ACC0006093,2026-04-06 01:49:35,29539.33,WHATSAPP,2026-02-03 12:18:01
PAYMENT0007327,ACC0020891,2026-04-06 02:06:46,28436.0,WHATSAPP,2026-03-24 12:08:53
PAYMENT0021122,ACC0029204,2026-04-06 02:17:05,42409.09,WHATSAPP,2026-03-30 02:07:43
PAYMENT0000675,ACC0009988,2026-04-06 02:26:29,58107.68,WHATSAPP,2026-03-22 11:14:03
PAYMENT0009846,ACC0000165,2026-04-06 02:41:17,34067.78,FIELD,2026-03-24 05:31:18
PAYMENT0011061,ACC0013688,2026-04-06 02:41:45,101027.69,WHATSAPP,2026-02-18 02:28:40
PAYMENT0000479,ACC0024197,2026-04-06 03:07:12,50843.37,VOICE,2026-04-05 01:08:51
PAYMENT0023907,ACC0001324,2026-04-06 03:17:53,27629.6,WHATSAPP,2026-03-23 21:43:02
PAYMENT0009570,ACC0025646,2026-04-06 03:21:09,111081.85,SMS,2026-03-01 17:54:28
PAYMENT0013893,ACC0014616,2026-04-06 03:36:23,144443.3,VOICE,2026-03-13 03:40:18
PAYMENT0020285,ACC0001236,2026-04-06 03:52:18,149097.8,VOICE,2026-03-30 05:28:47
PAYMENT0001011,ACC0021440,2026-04-06 04:26:54,143998.07,WHATSAPP,2026-03-06 06:09:39
PAYMENT0016653,ACC0007624,2026-04-06 04:27:08,66936.32,VOICE,2026-04-04 01:21:33
PAYMENT0017106,ACC0021340,2026-04-06 06:44:13,8519.96,SMS,2026-03-21 12:51:29
PAYMENT0019548,ACC0027277,2026-04-06 07:46:51,42654.72,VOICE,2026-04-04 21:26:49
PAYMENT0007280,ACC0002111,2026-04-06 07:51:30,5424.22,WHATSAPP,2026-01-15 00:26:59
PAYMENT0019292,ACC0028242,2026-04-06 08:49:44,55408.12,,
PAYMENT0024926,ACC0015692,2026-04-06 08:58:55,41111.11,,
PAYMENT0020880,ACC0025532,2026-04-06 09:31:21,75845.88,SMS,2026-03-15 08:55:01
PAYMENT0002292,ACC0027318,2026-04-06 09:39:59,79166.95,WHATSAPP,2026-02-23 02:26:02
PAYMENT0004133,ACC0027222,2026-04-06 09:42:17,87227.88,SMS,2026-03-28 02:38:46
PAYMENT0019281,ACC0005138,2026-04-06 10:08:14,10762.76,WHATSAPP,2026-02-22 21:26:15
PAYMENT0013079,ACC0010316,2026-04-06 10:28:39,1618.35,VOICE,2026-04-02 17:01:30
PAYMENT0006040,ACC0013018,2026-04-06 10:42:58,11455.87,VOICE,2026-03-15 07:12:23
PAYMENT0022804,ACC0016274,2026-04-06 11:07:57,22450.98,VOICE,2026-02-22 13:19:30
PAYMENT0010189,ACC0028908,2026-04-06 11:30:12,142792.01,FIELD,2026-03-24 21:27:23
PAYMENT0006227,ACC0016283,2026-04-06 12:01:25,980.56,VOICE,2026-02-02 03:42:03
PAYMENT0015193,ACC0009253,2026-04-06 12:37:13,17932.44,VOICE,2026-02-16 23:18:57
PAYMENT0020884,ACC0006758,2026-04-06 13:26:53,12799.56,VOICE,2026-01-31 13:52:51
PAYMENT0002373,ACC0007709,2026-04-06 13:43:19,59089.95,FIELD,2026-02-28 15:47:25
PAYMENT0011773,ACC0008641,2026-04-06 14:16:06,100449.05,VOICE,2026-02-17 19:42:51
PAYMENT0005479,ACC0024459,2026-04-06 14:31:30,85728.28,VOICE,2026-02-10 09:28:55
PAYMENT0002264,ACC0000237,2026-04-06 14:59:36,58894.79,VOICE,2026-03-15 19:23:50
PAYMENT0003450,ACC0020834,2026-04-06 15:20:26,138746.98,WHATSAPP,2026-03-09 02:50:51
PAYMENT0019071,ACC0005705,2026-04-06 16:36:24,35781.63,SMS,2026-02-23 16:49:10
PAYMENT0003302,ACC0023079,2026-04-06 16:43:23,79664.49,WHATSAPP,2026-04-01 08:29:56
PAYMENT0014375,ACC0005810,2026-04-06 16:56:20,6602.84,FIELD,2026-03-05 01:44:36
PAYMENT0000784,ACC0012734,2026-04-06 17:05:44,6650.6,SMS,2026-03-28 15:42:25
PAYMENT0019052,ACC0003151,2026-04-06 17:12:02,62268.56,,
PAYMENT0019090,ACC0029291,2026-04-06 17:20:30,39230.12,FIELD,2026-04-06 05:49:20
PAYMENT0005850,ACC0013086,2026-04-06 17:32:48,138800.97,VOICE,2026-04-01 19:38:12
PAYMENT0003260,ACC0020837,2026-04-06 18:14:06,10233.98,VOICE,2026-03-08 06:31:03
PAYMENT0000045,ACC0019329,2026-04-06 18:52:28,45538.35,FIELD,2026-03-12 19:37:08
PAYMENT0015401,ACC0007057,2026-04-06 20:12:52,94590.49,VOICE,2026-04-06 00:35:32
PAYMENT0006674,ACC0007407,2026-04-06 20:15:51,122641.87,WHATSAPP,2026-01-25 21:12:26
PAYMENT0003752,ACC0022390,2026-04-06 20:22:01,29934.8,SMS,2026-03-15 15:43:01
PAYMENT0004010,ACC0019233,2026-04-06 21:49:25,112920.41,WHATSAPP,2026-03-24 02:41:20
PAYMENT0006416,ACC0028353,2026-04-06 21:54:18,39181.81,VOICE,2026-03-10 16:31:47
PAYMENT0016835,ACC0013045,2026-04-06 23:00:46,28728.49,VOICE,2026-03-23 00:19:57
PAYMENT0003194,ACC0008984,2026-04-07 00:13:13,6129.77,VOICE,2026-04-03 23:16:48
PAYMENT0008910,ACC0022090,2026-04-07 00:13:15,21217.19,FIELD,2026-03-12 09:05:36
PAYMENT0008088,ACC0025628,2026-04-07 00:35:53,32836.24,VOICE,2026-02-17 15:27:42
PAYMENT0014277,ACC0001357,2026-04-07 00:39:56,74157.55,VOICE,2026-04-06 04:58:46
PAYMENT0023869,ACC0024380,2026-04-07 00:41:03,53310.68,WHATSAPP,2026-03-16 20:24:39
PAYMENT0003473,ACC0019275,2026-04-07 00:41:41,12190.89,,
PAYMENT0016438,ACC0027199,2026-04-07 00:43:43,84261.93,VOICE,2026-03-20 08:08:06
PAYMENT0012286,ACC0005323,2026-04-07 00:50:54,122376.05,VOICE,2026-03-25 19:26:33
PAYMENT0015133,ACC0011834,2026-04-07 01:04:36,76746.53,WHATSAPP,2026-04-04 00:04:44
PAYMENT0018647,ACC0012602,2026-04-07 01:49:07,26236.57,WHATSAPP,2026-03-03 20:55:31
PAYMENT0023312,ACC0005064,2026-04-07 02:15:44,46510.34,VOICE,2026-03-20 13:34:01
PAYMENT0005118,ACC0000990,2026-04-07 02:20:18,1009.62,VOICE,2026-02-21 13:58:55
PAYMENT0008875,ACC0026470,2026-04-07 02:29:08,140708.11,VOICE,2026-03-08 07:03:24
PAYMENT0014492,ACC0023942,2026-04-07 03:20:09,54636.51,VOICE,2026-03-23 01:42:54
PAYMENT0012461,ACC0008788,2026-04-07 04:05:00,45142.28,VOICE,2026-03-02 15:59:25
PAYMENT0005451,ACC0020507,2026-04-07 05:07:45,109293.31,WHATSAPP,2026-04-01 06:24:53
PAYMENT0013437,ACC0025739,2026-04-07 05:24:37,78825.06,SMS,2026-01-19 03:02:44
PAYMENT0003376,ACC0027706,2026-04-07 05:39:12,9865.73,WHATSAPP,2026-04-03 18:56:45
PAYMENT0015251,ACC0008641,2026-04-07 06:02:39,90815.48,VOICE,2026-02-17 19:42:51
PAYMENT0019718,ACC0017338,2026-04-07 06:03:36,105500.36,VOICE,2026-04-06 14:48:03
PAYMENT0020270,ACC0026368,2026-04-07 06:59:02,38356.71,SMS,2026-03-13 06:11:31
PAYMENT0010643,ACC0006411,2026-04-07 07:29:33,82298.2,VOICE,2026-04-04 18:50:32
PAYMENT0024873,ACC0006696,2026-04-07 07:29:48,105703.35,FIELD,2026-03-24 10:42:41
PAYMENT0016717,ACC0018487,2026-04-07 07:37:18,31853.32,VOICE,2026-01-26 03:08:32
PAYMENT0007002,ACC0028453,2026-04-07 07:44:12,96768.37,WHATSAPP,2026-03-29 13:31:56
PAYMENT0016437,ACC0025997,2026-04-07 08:00:31,83746.08,SMS,2026-03-11 00:40:17
PAYMENT0017976,ACC0010721,2026-04-07 08:31:13,27157.37,VOICE,2026-03-29 09:55:25
PAYMENT0021315,ACC0026397,2026-04-07 08:48:29,26350.37,FIELD,2026-04-05 05:03:04
PAYMENT0006927,ACC0026817,2026-04-07 10:28:59,52020.04,VOICE,2026-01-30 08:13:03
PAYMENT0023106,ACC0008546,2026-04-07 10:32:22,57652.97,VOICE,2026-02-23 00:59:48
PAYMENT0014083,ACC0016118,2026-04-07 10:44:14,77350.53,SMS,2026-02-21 00:29:14
PAYMENT0011725,ACC0004741,2026-04-07 10:51:46,17065.04,WHATSAPP,2026-03-30 16:34:56
PAYMENT0013668,ACC0021097,2026-04-07 11:29:52,91166.3,WHATSAPP,2026-03-28 05:09:23
PAYMENT0016160,ACC0008038,2026-04-07 11:44:37,73318.69,SMS,2026-03-24 16:40:16
PAYMENT0019487,ACC0015949,2026-04-07 11:55:24,14634.02,VOICE,2026-02-20 23:30:47
PAYMENT0004704,ACC0024674,2026-04-07 12:21:56,53722.58,VOICE,2026-04-02 10:17:15
PAYMENT0006125,ACC0008464,2026-04-07 12:23:34,22858.91,FIELD,2026-03-13 10:35:02
PAYMENT0000221,ACC0021456,2026-04-07 12:45:20,69676.13,FIELD,2026-03-21 18:40:06
PAYMENT0010110,ACC0016848,2026-04-07 12:45:23,81344.92,VOICE,2026-02-22 16:51:26
PAYMENT0018400,ACC0029161,2026-04-07 13:45:52,8027.94,SMS,2026-03-30 14:48:34
PAYMENT0012506,ACC0012266,2026-04-07 14:17:20,25454.58,SMS,2026-03-15 22:03:12
PAYMENT0013632,ACC0009033,2026-04-07 14:28:24,46239.28,VOICE,2026-04-02 00:33:44
PAYMENT0003548,ACC0003917,2026-04-07 15:21:35,49992.06,,
PAYMENT0002513,ACC0004895,2026-04-07 15:26:53,79564.01,SMS,2026-01-29 19:19:34
PAYMENT0019485,ACC0028021,2026-04-07 15:42:02,49277.46,SMS,2026-03-22 07:53:43
PAYMENT0011722,ACC0026587,2026-04-07 16:02:15,60869.92,SMS,2026-03-31 08:34:34
PAYMENT0021484,ACC0001384,2026-04-07 16:11:57,111298.88,WHATSAPP,2026-04-06 02:21:46
PAYMENT0002517,ACC0002961,2026-04-07 16:17:37,93869.32,VOICE,2026-03-01 19:43:01
PAYMENT0007010,ACC0013980,2026-04-07 16:30:57,99267.22,VOICE,2026-02-04 20:49:41
PAYMENT0000030,ACC0002796,2026-04-07 17:43:51,107924.04,FIELD,2026-04-03 06:39:26
PAYMENT0018668,ACC0018684,2026-04-07 18:33:30,83082.69,SMS,2026-03-14 09:58:43
PAYMENT0018629,ACC0001433,2026-04-07 18:35:13,123513.0,WHATSAPP,2026-03-29 04:18:30
PAYMENT0008400,ACC0028021,2026-04-07 18:38:29,38612.29,SMS,2026-03-22 07:53:43
PAYMENT0023503,ACC0020180,2026-04-07 19:20:56,67254.0,SMS,2026-02-04 02:24:08
PAYMENT0013163,ACC0024962,2026-04-07 19:21:37,8188.27,VOICE,2026-02-03 06:41:00
PAYMENT0012473,ACC0017292,2026-04-07 19:45:57,24877.83,SMS,2026-03-03 06:34:39
PAYMENT0011541,ACC0016926,2026-04-07 19:49:31,44592.91,,
PAYMENT0015370,ACC0000664,2026-04-07 21:02:18,12120.36,VOICE,2026-02-19 10:53:06
PAYMENT0004889,ACC0013996,2026-04-07 21:05:15,23469.65,SMS,2026-02-23 09:33:08
PAYMENT0012477,ACC0010036,2026-04-07 22:59:45,106107.49,SMS,2026-03-29 00:20:04
PAYMENT0013307,ACC0012866,2026-04-07 23:02:18,9819.3,VOICE,2026-02-05 12:43:39
PAYMENT0004276,ACC0006368,2026-04-07 23:33:11,118249.68,VOICE,2026-04-03 07:36:36
PAYMENT0004308,ACC0014803,2026-04-08 01:31:10,104271.5,SMS,2026-03-02 18:37:20
PAYMENT0018827,ACC0022928,2026-04-08 03:08:17,6790.77,WHATSAPP,2026-02-25 07:19:26
PAYMENT0010623,ACC0024183,2026-04-08 03:41:56,138556.17,FIELD,2026-01-31 19:09:41
PAYMENT0011732,ACC0004409,2026-04-08 03:58:46,12861.75,WHATSAPP,2026-02-22 03:36:18
PAYMENT0011803,ACC0013688,2026-04-08 04:15:04,40245.83,WHATSAPP,2026-02-18 02:28:40
PAYMENT0020566,ACC0028462,2026-04-08 04:17:58,132095.95,,
PAYMENT0002127,ACC0006175,2026-04-08 04:52:04,93795.82,VOICE,2026-04-06 02:28:15
PAYMENT0010529,ACC0004917,2026-04-08 05:06:01,49417.6,WHATSAPP,2026-04-06 12:25:45
PAYMENT0009765,ACC0003762,2026-04-08 05:08:50,136244.69,WHATSAPP,2026-03-22 03:59:16
PAYMENT0024348,ACC0011985,2026-04-08 05:55:55,129393.76,WHATSAPP,2026-03-30 17:56:05
PAYMENT0020903,ACC0006992,2026-04-08 06:01:50,37852.24,VOICE,2026-03-05 05:18:11
PAYMENT0023719,ACC0005110,2026-04-08 06:10:25,91734.03,VOICE,2026-04-07 12:26:18
PAYMENT0012684,ACC0023648,2026-04-08 06:21:55,132470.48,VOICE,2026-03-17 01:34:33
PAYMENT0008650,ACC0009334,2026-04-08 06:46:27,85283.26,VOICE,2026-03-23 04:27:57
PAYMENT0007308,ACC0022480,2026-04-08 06:54:33,42855.91,VOICE,2026-03-25 14:13:46
PAYMENT0017097,ACC0007019,2026-04-08 07:38:24,111138.05,VOICE,2026-03-16 10:18:51
PAYMENT0006622,ACC0006404,2026-04-08 07:56:55,112938.0,WHATSAPP,2026-02-20 20:09:39
PAYMENT0024758,ACC0002340,2026-04-08 08:03:48,144223.52,VOICE,2026-02-24 02:26:22
PAYMENT0008436,ACC0024143,2026-04-08 08:10:32,125930.58,SMS,2026-03-13 08:27:13
PAYMENT0001008,ACC0000314,2026-04-08 09:18:08,87306.82,VOICE,2026-01-29 06:31:50
PAYMENT0010374,ACC0028424,2026-04-08 09:32:17,11629.93,,
PAYMENT0007203,ACC0002638,2026-04-08 10:07:41,24781.1,VOICE,2026-04-05 00:59:58
PAYMENT0010770,ACC0002828,2026-04-08 10:30:06,102195.87,VOICE,2026-04-02 06:29:28
PAYMENT0005551,ACC0000151,2026-04-08 10:36:52,23606.23,,
PAYMENT0020766,ACC0024492,2026-04-08 11:06:08,90970.99,SMS,2026-03-29 10:36:51
PAYMENT0024383,ACC0020509,2026-04-08 11:12:02,138601.33,WHATSAPP,2026-03-12 22:29:01
PAYMENT0008284,ACC0005655,2026-04-08 11:23:18,59736.5,VOICE,2026-03-20 23:26:43
PAYMENT0007554,ACC0020718,2026-04-08 11:33:31,136235.08,VOICE,2026-02-23 15:48:16
PAYMENT0007422,ACC0027438,2026-04-08 11:35:55,131721.5,VOICE,2026-03-08 23:57:53
PAYMENT0004702,ACC0013894,2026-04-08 11:50:41,12274.35,WHATSAPP,2026-04-06 11:33:10
PAYMENT0021790,ACC0010555,2026-04-08 12:10:08,49156.87,VOICE,2026-03-11 15:53:02
PAYMENT0018188,ACC0014022,2026-04-08 12:19:25,91387.0,VOICE,2026-03-27 12:20:43
PAYMENT0016041,ACC0006321,2026-04-08 12:30:10,38501.97,WHATSAPP,2026-01-08 07:05:41
PAYMENT0011260,ACC0009256,2026-04-08 12:38:46,49199.13,WHATSAPP,2026-03-17 02:57:18
PAYMENT0014000,ACC0027125,2026-04-08 13:18:04,112582.11,,
PAYMENT0016881,ACC0014816,2026-04-08 13:29:10,111705.97,VOICE,2026-02-11 02:28:54
PAYMENT0012114,ACC0017440,2026-04-08 13:40:35,110959.63,VOICE,2026-03-15 06:24:53
PAYMENT0010179,ACC0017306,2026-04-08 13:45:12,10553.57,SMS,2026-01-30 05:55:17
PAYMENT0018792,ACC0015018,2026-04-08 14:19:54,58605.74,WHATSAPP,2026-03-15 21:15:43
PAYMENT0021022,ACC0028355,2026-04-08 14:22:49,137936.21,VOICE,2026-03-01 00:38:25
PAYMENT0006471,ACC0014162,2026-04-08 14:32:51,57518.57,VOICE,2026-03-06 19:07:58
PAYMENT0008801,ACC0010319,2026-04-08 14:46:06,60026.77,WHATSAPP,2026-04-02 09:46:34
PAYMENT0002467,ACC0010311,2026-04-08 14:53:15,107916.51,FIELD,2026-02-24 04:27:04
PAYMENT0018455,ACC0014497,2026-04-08 15:13:36,118396.73,WHATSAPP,2026-02-28 10:52:56
PAYMENT0013121,ACC0011241,2026-04-08 16:11:46,94219.63,VOICE,2026-03-31 14:17:31
PAYMENT0001727,ACC0012316,2026-04-08 16:21:37,35530.17,WHATSAPP,2026-03-30 22:22:29
PAYMENT0000717,ACC0028993,2026-04-08 16:39:57,33502.3,VOICE,2026-04-05 05:36:23
PAYMENT0009526,ACC0012929,2026-04-08 16:57:56,4172.92,WHATSAPP,2026-04-04 19:42:19
PAYMENT0008616,ACC0015441,2026-04-08 16:58:49,145853.82,SMS,2026-04-04 13:49:50
PAYMENT0012410,ACC0004943,2026-04-08 17:04:32,117594.81,VOICE,2026-02-14 07:06:13
PAYMENT0024501,ACC0001386,2026-04-08 17:08:25,64123.72,SMS,2026-01-20 19:30:45
PAYMENT0015472,ACC0004608,2026-04-08 17:18:25,86004.26,WHATSAPP,2026-03-19 15:48:50
PAYMENT0005788,ACC0027957,2026-04-08 18:13:03,75086.18,SMS,2026-02-26 18:21:55
PAYMENT0016895,ACC0008648,2026-04-08 18:35:13,73303.3,,
PAYMENT0001066,ACC0028465,2026-04-08 19:13:02,26183.0,VOICE,2026-03-06 17:19:21
PAYMENT0005314,ACC0025583,2026-04-08 19:36:55,37638.17,VOICE,2026-04-04 06:52:22
PAYMENT0009195,ACC0015717,2026-04-08 20:45:14,26464.63,VOICE,2026-03-12 02:35:14
PAYMENT0003874,ACC0012375,2026-04-08 20:48:58,41910.44,WHATSAPP,2026-02-28 13:08:09
PAYMENT0018970,ACC0012159,2026-04-08 22:02:23,16309.64,SMS,2026-03-28 06:13:29
PAYMENT0018798,ACC0002667,2026-04-08 22:43:38,49456.19,VOICE,2026-04-01 13:34:22
PAYMENT0007294,ACC0009074,2026-04-08 22:53:00,23302.08,VOICE,2026-02-17 04:56:08
PAYMENT0006877,ACC0013827,2026-04-08 23:33:09,59650.66,FIELD,2026-04-02 15:23:23
PAYMENT0014678,ACC0018642,2026-04-08 23:38:26,21795.06,SMS,2026-03-20 14:37:49
PAYMENT0020183,ACC0000781,2026-04-08 23:45:22,42314.65,VOICE,2026-03-06 06:27:57
PAYMENT0012244,ACC0019367,2026-04-09 00:13:03,145586.36,VOICE,2026-03-20 21:32:09
PAYMENT0001663,ACC0009670,2026-04-09 00:42:25,138096.24,FIELD,2026-03-12 13:31:33
PAYMENT0018712,ACC0001274,2026-04-09 00:55:13,37519.18,FIELD,2026-04-07 15:39:09
PAYMENT0022026,ACC0003176,2026-04-09 01:07:46,16382.9,WHATSAPP,2026-04-07 17:03:59
PAYMENT0019875,ACC0003147,2026-04-09 01:51:02,31980.11,VOICE,2026-03-03 19:22:46
PAYMENT0019873,ACC0025094,2026-04-09 02:26:46,103637.01,SMS,2026-03-24 10:24:59
PAYMENT0001155,ACC0024340,2026-04-09 02:59:25,85341.21,FIELD,2026-03-12 04:57:57
PAYMENT0012137,ACC0009643,2026-04-09 03:57:18,48553.12,VOICE,2026-03-25 20:16:01
PAYMENT0009587,ACC0005847,2026-04-09 04:29:30,72432.8,WHATSAPP,2026-02-26 14:45:25
PAYMENT0000648,ACC0006670,2026-04-09 04:41:02,76909.18,SMS,2026-03-24 23:48:49
PAYMENT0014623,ACC0021044,2026-04-09 06:04:07,21105.27,VOICE,2026-02-11 06:25:38
PAYMENT0020809,ACC0012893,2026-04-09 06:15:30,16485.31,WHATSAPP,2026-03-02 05:38:02
PAYMENT0022957,ACC0006388,2026-04-09 07:36:31,49484.06,VOICE,2026-03-31 04:57:47
PAYMENT0007368,ACC0015264,2026-04-09 07:42:41,93239.18,WHATSAPP,2026-02-03 00:43:10
PAYMENT0004934,ACC0028886,2026-04-09 07:44:17,120469.89,VOICE,2026-02-28 21:31:49
PAYMENT0005744,ACC0012170,2026-04-09 07:44:24,40985.46,VOICE,2026-02-03 22:55:03
PAYMENT0009854,ACC0003760,2026-04-09 07:52:41,20840.87,VOICE,2026-03-19 12:21:04
PAYMENT0016997,ACC0018269,2026-04-09 09:35:39,42522.46,VOICE,2026-02-06 00:00:03
PAYMENT0018184,ACC0011128,2026-04-09 09:52:22,35057.07,VOICE,2026-03-29 12:06:10
PAYMENT0007288,ACC0001495,2026-04-09 09:58:03,57315.88,VOICE,2026-03-27 04:24:00
PAYMENT0007145,ACC0026634,2026-04-09 10:56:32,47270.63,FIELD,2026-03-29 10:15:56
PAYMENT0017924,ACC0026630,2026-04-09 11:36:13,112820.79,VOICE,2026-04-02 23:58:43
PAYMENT0000896,ACC0007006,2026-04-09 13:48:29,74315.84,VOICE,2026-04-08 12:40:59
PAYMENT0024810,ACC0014687,2026-04-09 14:12:46,40658.51,VOICE,2026-03-02 05:26:15
PAYMENT0016426,ACC0029163,2026-04-09 14:58:20,16304.43,WHATSAPP,2026-03-14 16:25:40
PAYMENT0011902,ACC0022302,2026-04-09 14:58:43,20139.51,VOICE,2026-02-16 15:11:46
PAYMENT0011896,ACC0027831,2026-04-09 15:27:20,102472.74,WHATSAPP,2026-03-31 21:37:38
PAYMENT0001437,ACC0018499,2026-04-09 15:27:55,29787.85,VOICE,2026-03-13 19:47:15
PAYMENT0003366,ACC0023911,2026-04-09 15:40:09,53830.28,VOICE,2026-03-14 08:35:07
PAYMENT0019299,ACC0005836,2026-04-09 15:47:04,5490.47,VOICE,2026-03-28 18:42:46
PAYMENT0001731,ACC0018299,2026-04-09 15:58:51,115236.64,WHATSAPP,2026-03-26 23:30:21
PAYMENT0015184,ACC0021028,2026-04-09 16:30:10,7575.21,WHATSAPP,2026-04-02 14:16:16
PAYMENT0022861,ACC0020541,2026-04-09 16:31:42,81494.65,VOICE,2026-04-08 05:34:27
PAYMENT0019849,ACC0002779,2026-04-09 16:47:26,81313.99,SMS,2026-03-08 03:23:56
PAYMENT0009760,ACC0002191,2026-04-09 16:53:45,87308.74,VOICE,2026-03-02 05:48:18
PAYMENT0015848,ACC0000001,2026-04-09 17:09:27,114222.84,WHATSAPP,2026-04-09 09:39:25
PAYMENT0005754,ACC0013438,2026-04-09 17:24:25,33678.78,VOICE,2026-02-18 18:52:47
PAYMENT0009899,ACC0022685,2026-04-09 17:26:33,109494.37,VOICE,2026-04-09 13:34:01
PAYMENT0011117,ACC0005718,2026-04-09 18:14:22,19196.0,SMS,2026-03-12 03:07:56
PAYMENT0005639,ACC0012267,2026-04-09 18:27:26,26244.33,VOICE,2026-03-23 03:32:44
PAYMENT0020298,ACC0028620,2026-04-09 18:52:47,89172.61,WHATSAPP,2026-03-30 13:29:23
PAYMENT0018261,ACC0013069,2026-04-09 18:59:44,76010.83,SMS,2026-04-05 13:53:05
PAYMENT0015011,ACC0027282,2026-04-09 19:19:34,41390.85,VOICE,2026-03-17 07:36:55
PAYMENT0008229,ACC0000163,2026-04-09 19:26:17,105895.69,FIELD,2026-04-03 00:41:01
PAYMENT0020502,ACC0014673,2026-04-09 20:03:20,118750.25,SMS,2026-02-26 20:26:45
PAYMENT0017977,ACC0021979,2026-04-09 21:21:49,133360.39,VOICE,2026-03-28 18:55:18
PAYMENT0003908,ACC0019997,2026-04-09 21:58:02,25171.53,,
PAYMENT0010706,ACC0001061,2026-04-09 22:20:27,49115.25,SMS,2026-03-21 01:40:36
PAYMENT0014477,ACC0008250,2026-04-09 22:24:02,23558.03,FIELD,2026-04-07 19:46:20
PAYMENT0004578,ACC0019863,2026-04-09 22:42:53,4290.89,VOICE,2026-03-17 04:19:20
PAYMENT0023280,ACC0028412,2026-04-09 23:11:36,108632.06,VOICE,2026-03-09 18:28:33
PAYMENT0019686,ACC0019740,2026-04-09 23:12:16,117017.28,WHATSAPP,2026-04-01 20:32:06
PAYMENT0014542,ACC0008375,2026-04-09 23:19:05,96448.64,VOICE,2026-04-09 22:34:02
PAYMENT0022195,ACC0018329,2026-04-09 23:29:35,74443.18,,
PAYMENT0010936,ACC0001023,2026-04-09 23:48:37,40650.77,VOICE,2026-04-01 01:28:19
PAYMENT0010107,ACC0008666,2026-04-10 00:41:17,35373.92,VOICE,2026-03-18 18:56:35
PAYMENT0013511,ACC0015870,2026-04-10 01:04:46,135501.99,SMS,2026-03-15 15:14:26
PAYMENT0016085,ACC0011339,2026-04-10 01:24:05,48832.86,VOICE,2026-01-30 18:26:48
PAYMENT0012079,ACC0011966,2026-04-10 02:00:22,68046.31,SMS,2026-02-16 10:14:34
PAYMENT0009647,ACC0024100,2026-04-10 02:38:52,25670.12,,
PAYMENT0022206,ACC0010354,2026-04-10 02:44:44,82450.63,VOICE,2026-03-05 12:09:34
PAYMENT0023691,ACC0029283,2026-04-10 02:45:29,6536.25,WHATSAPP,2026-03-15 06:30:21
PAYMENT0002001,ACC0020258,2026-04-10 02:51:37,136874.64,WHATSAPP,2026-03-30 20:16:05
PAYMENT0018147,ACC0022514,2026-04-10 03:43:21,82987.82,VOICE,2026-03-25 20:38:28
PAYMENT0024546,ACC0020874,2026-04-10 04:08:18,59496.01,FIELD,2026-02-19 16:02:00
PAYMENT0024896,ACC0009877,2026-04-10 04:12:45,96555.44,VOICE,2026-03-14 21:08:33
PAYMENT0011301,ACC0010677,2026-04-10 04:40:59,65582.37,SMS,2026-02-23 01:53:43
PAYMENT0024092,ACC0005701,2026-04-10 05:24:37,132652.31,FIELD,2026-03-30 07:31:25
PAYMENT0003605,ACC0029071,2026-04-10 05:48:22,3538.21,VOICE,2026-03-31 21:22:32
PAYMENT0014227,ACC0015408,2026-04-10 06:59:19,144432.09,SMS,2026-03-29 09:28:23
PAYMENT0010266,ACC0025628,2026-04-10 07:02:11,69512.57,VOICE,2026-04-09 01:16:29
PAYMENT0020576,ACC0003872,2026-04-10 07:37:33,23970.21,WHATSAPP,2026-03-27 13:38:57
PAYMENT0020006,ACC0022108,2026-04-10 07:57:54,104651.87,VOICE,2026-04-02 10:26:55
PAYMENT0014885,ACC0023361,2026-04-10 08:03:44,54806.95,VOICE,2026-03-29 01:01:50
PAYMENT0000635,ACC0028931,2026-04-10 08:41:26,14901.76,VOICE,2026-03-03 06:04:33
PAYMENT0001596,ACC0000047,2026-04-10 09:35:38,111011.52,VOICE,2026-03-29 07:45:41
PAYMENT0011519,ACC0013671,2026-04-10 09:47:52,134845.48,WHATSAPP,2026-03-16 15:45:30
PAYMENT0015923,ACC0004753,2026-04-10 09:53:14,104846.62,VOICE,2026-02-17 20:52:48
PAYMENT0007983,ACC0004618,2026-04-10 09:56:50,107343.17,WHATSAPP,2026-04-07 08:17:12
PAYMENT0003189,ACC0019884,2026-04-10 10:14:43,140324.03,WHATSAPP,2026-04-09 04:52:17
PAYMENT0001709,ACC0010150,2026-04-10 10:31:30,121790.89,VOICE,2026-04-09 05:57:25
PAYMENT0003095,ACC0003677,2026-04-10 11:06:47,91094.61,VOICE,2026-03-28 03:53:34
PAYMENT0017132,ACC0015742,2026-04-10 11:10:56,137756.6,VOICE,2026-03-30 10:06:14
PAYMENT0017548,ACC0022315,2026-04-10 11:18:20,116529.27,,
PAYMENT0002754,ACC0024937,2026-04-10 12:06:01,98213.12,FIELD,2026-04-06 09:15:01
PAYMENT0003408,ACC0024438,2026-04-10 12:37:12,65255.9,FIELD,2026-03-11 15:48:19
PAYMENT0023990,ACC0013287,2026-04-10 13:15:26,108301.42,VOICE,2026-03-25 12:29:50
PAYMENT0010477,ACC0002629,2026-04-10 13:35:40,51277.95,SMS,2026-04-01 03:45:53
PAYMENT0016349,ACC0027144,2026-04-10 13:53:29,131676.37,SMS,2026-04-04 07:36:43
PAYMENT0022945,ACC0014561,2026-04-10 14:33:06,53677.8,VOICE,2026-03-23 21:08:52
PAYMENT0003651,ACC0024097,2026-04-10 14:36:52,143090.05,WHATSAPP,2026-04-09 13:28:09
PAYMENT0001662,ACC0026201,2026-04-10 14:41:46,145819.01,WHATSAPP,2026-04-07 13:06:23
PAYMENT0013115,ACC0007103,2026-04-10 15:29:04,43736.45,VOICE,2026-03-05 03:52:33
PAYMENT0001138,ACC0004019,2026-04-10 15:45:15,104422.17,SMS,2026-04-07 08:49:28
PAYMENT0007123,ACC0020199,2026-04-10 16:14:07,70609.47,SMS,2026-04-01 23:11:29
PAYMENT0011624,ACC0013085,2026-04-10 16:39:03,100764.56,VOICE,2026-04-09 07:14:04
PAYMENT0013761,ACC0008033,2026-04-10 17:27:05,36971.4,VOICE,2026-03-11 19:11:17
PAYMENT0016646,ACC0014346,2026-04-10 17:29:17,83359.54,VOICE,2026-02-23 01:50:13
PAYMENT0013154,ACC0016731,2026-04-10 17:33:36,80964.36,VOICE,2026-02-10 22:57:49
PAYMENT0019790,ACC0005925,2026-04-10 17:35:23,131163.04,FIELD,2026-03-23 03:25:37
PAYMENT0014221,ACC0020699,2026-04-10 17:44:45,135295.64,VOICE,2026-03-28 21:51:44
PAYMENT0001651,ACC0026097,2026-04-10 18:17:10,141836.54,WHATSAPP,2026-03-25 01:57:27
PAYMENT0007442,ACC0020738,2026-04-10 18:37:51,137590.89,VOICE,2026-04-05 04:36:25
PAYMENT0017581,ACC0007602,2026-04-10 18:48:41,25355.81,WHATSAPP,2026-02-24 18:27:13
PAYMENT0023363,ACC0002586,2026-04-10 19:01:43,32960.16,WHATSAPP,2026-04-07 14:20:25
PAYMENT0016205,ACC0004206,2026-04-10 19:11:42,92848.86,VOICE,2026-02-28 02:43:53
PAYMENT0020865,ACC0004841,2026-04-10 19:43:00,113998.9,FIELD,2026-03-13 18:12:15
PAYMENT0004189,ACC0028623,2026-04-10 20:51:56,92166.03,WHATSAPP,2026-01-27 14:28:50
PAYMENT0011170,ACC0009967,2026-04-10 21:06:47,117479.58,WHATSAPP,2026-03-19 10:51:31
PAYMENT0004383,ACC0001861,2026-04-10 21:20:19,43502.98,VOICE,2026-03-31 01:11:01
PAYMENT0015572,ACC0002707,2026-04-10 21:34:57,105286.03,SMS,2026-03-28 00:55:10
PAYMENT0011729,ACC0022794,2026-04-10 21:37:25,75158.24,WHATSAPP,2026-03-30 05:46:30
PAYMENT0018328,ACC0026849,2026-04-10 22:34:49,122417.7,SMS,2026-03-30 03:32:41
PAYMENT0002124,ACC0006458,2026-04-10 23:31:28,89343.92,WHATSAPP,2026-04-10 07:23:43
PAYMENT0018198,ACC0006038,2026-04-11 00:01:31,99801.02,,
PAYMENT0015179,ACC0026462,2026-04-11 00:09:11,50970.44,FIELD,2026-03-25 11:27:11
PAYMENT0014304,ACC0002045,2026-04-11 00:54:17,143835.99,VOICE,2026-03-10 00:29:31
PAYMENT0022961,ACC0021350,2026-04-11 01:15:03,80292.59,VOICE,2026-04-01 20:21:00
PAYMENT0017971,ACC0005824,2026-04-11 01:23:47,55398.75,VOICE,2026-03-09 17:31:56
PAYMENT0000516,ACC0013337,2026-04-11 01:31:56,141147.23,VOICE,2026-04-07 17:35:41
PAYMENT0021334,ACC0027207,2026-04-11 01:58:06,15790.76,VOICE,2026-02-09 16:46:09
PAYMENT0010005,ACC0007682,2026-04-11 02:20:22,54423.73,WHATSAPP,2026-04-10 16:15:14
PAYMENT0004462,ACC0023818,2026-04-11 03:03:30,13514.02,SMS,2026-04-10 10:05:07
PAYMENT0021848,ACC0023028,2026-04-11 03:04:52,100414.06,WHATSAPP,2026-04-08 01:11:16
PAYMENT0004887,ACC0018511,2026-04-11 03:47:20,91644.62,FIELD,2026-03-26 13:45:46
PAYMENT0011647,ACC0006953,2026-04-11 04:08:59,69711.44,VOICE,2026-03-20 13:45:41
PAYMENT0014673,ACC0025962,2026-04-11 05:55:11,94806.21,SMS,2026-03-20 03:10:13
PAYMENT0003814,ACC0010382,2026-04-11 06:03:59,63537.78,WHATSAPP,2026-04-01 18:07:42
PAYMENT0004441,ACC0029124,2026-04-11 06:06:51,149144.61,SMS,2026-04-08 14:35:27
PAYMENT0013824,ACC0019001,2026-04-11 06:19:00,38908.49,WHATSAPP,2026-03-31 05:45:27
PAYMENT0024354,ACC0002404,2026-04-11 06:23:32,392.0,FIELD,2026-03-14 20:28:05
PAYMENT0008777,ACC0028903,2026-04-11 06:24:47,18302.07,VOICE,2026-03-23 13:12:53
PAYMENT0004878,ACC0022483,2026-04-11 06:47:12,139053.23,WHATSAPP,2026-03-28 03:05:42
PAYMENT0023878,ACC0010979,2026-04-11 07:40:51,3199.28,VOICE,2026-04-08 00:21:59
PAYMENT0023242,ACC0029755,2026-04-11 08:11:55,145776.63,VOICE,2026-03-22 03:22:22
PAYMENT0002686,ACC0012653,2026-04-11 08:35:52,81696.33,VOICE,2026-04-04 16:32:52
PAYMENT0003172,ACC0001596,2026-04-11 09:24:31,29356.01,VOICE,2026-03-09 07:45:24
PAYMENT0011640,ACC0020254,2026-04-11 11:26:48,56467.37,WHATSAPP,2026-03-19 22:43:09
PAYMENT0017415,ACC0002035,2026-04-11 12:08:04,104422.44,WHATSAPP,2026-03-19 22:28:01
PAYMENT0009885,ACC0003137,2026-04-11 12:19:19,69226.82,VOICE,2026-04-09 06:44:33
PAYMENT0008891,ACC0001127,2026-04-11 12:19:23,129790.27,WHATSAPP,2026-04-10 19:00:24
PAYMENT0009628,ACC0009317,2026-04-11 13:18:17,77600.63,WHATSAPP,2026-03-13 08:30:15
PAYMENT0020542,ACC0021779,2026-04-11 13:42:17,58254.63,FIELD,2026-02-27 17:04:01
PAYMENT0024757,ACC0013654,2026-04-11 13:58:53,135102.14,VOICE,2026-03-15 07:59:50
PAYMENT0017538,ACC0002770,2026-04-11 15:33:27,104652.64,VOICE,2026-04-07 08:33:21
PAYMENT0007671,ACC0013463,2026-04-11 16:15:10,31313.03,SMS,2026-04-04 14:32:46
PAYMENT0007394,ACC0003961,2026-04-11 16:30:37,71889.47,VOICE,2026-04-11 00:20:09
PAYMENT0018591,ACC0005473,2026-04-11 16:38:51,75285.2,WHATSAPP,2026-02-22 20:26:34
PAYMENT0007911,ACC0005947,2026-04-11 16:47:57,109982.1,SMS,2026-03-02 12:01:39
PAYMENT0023404,ACC0025062,2026-04-11 16:53:31,115419.5,VOICE,2026-04-07 08:00:15
PAYMENT0006223,ACC0005697,2026-04-11 18:36:08,49782.34,VOICE,2026-04-08 03:55:16
PAYMENT0021428,ACC0001278,2026-04-11 19:41:45,20908.94,WHATSAPP,2026-02-18 18:04:37
PAYMENT0001784,ACC0001215,2026-04-11 21:11:22,112721.43,WHATSAPP,2026-03-28 06:51:22
PAYMENT0000504,ACC0024417,2026-04-11 21:26:42,47124.11,WHATSAPP,2026-04-08 05:55:21
PAYMENT0012452,ACC0015863,2026-04-11 21:49:34,42695.98,VOICE,2026-04-05 18:33:20
PAYMENT0022457,ACC0019005,2026-04-11 21:59:18,23427.45,WHATSAPP,2026-03-27 16:03:47
PAYMENT0003304,ACC0019691,2026-04-11 22:03:55,55618.35,VOICE,2026-04-11 15:03:08
PAYMENT0019161,ACC0016160,2026-04-11 22:40:57,140758.9,WHATSAPP,2026-02-27 19:45:25
PAYMENT0003140,ACC0020001,2026-04-11 22:55:13,32180.4,VOICE,2026-03-23 14:01:06
PAYMENT0017624,ACC0023312,2026-04-11 23:24:06,13600.25,VOICE,2026-04-01 00:59:02
PAYMENT0021407,ACC0018012,2026-04-11 23:35:30,77348.8,SMS,2026-03-20 05:02:14
PAYMENT0011755,ACC0023969,2026-04-12 00:25:01,133140.7,WHATSAPP,2026-04-09 08:13:10
PAYMENT0017142,ACC0002747,2026-04-12 00:35:08,92554.09,WHATSAPP,2026-02-13 03:04:01
PAYMENT0009743,ACC0008833,2026-04-12 00:49:35,56474.26,WHATSAPP,2026-03-09 02:46:38
PAYMENT0018837,ACC0025177,2026-04-12 00:57:32,77292.65,FIELD,2026-04-04 04:26:34
PAYMENT0024582,ACC0025801,2026-04-12 01:24:22,45336.05,VOICE,2026-03-20 03:30:01
PAYMENT0000216,ACC0007626,2026-04-12 02:10:06,37675.25,VOICE,2026-04-03 15:01:30
PAYMENT0008542,ACC0021131,2026-04-12 02:48:46,135718.46,VOICE,2026-04-01 10:12:39
PAYMENT0012401,ACC0020634,2026-04-12 03:33:10,113284.54,VOICE,2026-02-21 18:01:45
PAYMENT0001224,ACC0017132,2026-04-12 03:48:27,131069.44,SMS,2026-02-02 13:36:05
PAYMENT0014569,ACC0000863,2026-04-12 05:26:42,56681.4,,
PAYMENT0000859,ACC0000903,2026-04-12 06:09:16,67633.27,SMS,2026-03-23 10:26:04
PAYMENT0023329,ACC0010420,2026-04-12 06:17:35,56885.05,FIELD,2026-04-08 21:03:53
PAYMENT0013707,ACC0006777,2026-04-12 06:18:37,101932.29,VOICE,2026-04-09 13:13:41
PAYMENT0006250,ACC0019897,2026-04-12 06:26:35,11239.92,WHATSAPP,2026-04-12 02:47:48
PAYMENT0008034,ACC0004886,2026-04-12 07:01:23,20210.62,SMS,2026-02-11 12:27:44
PAYMENT0009969,ACC0002886,2026-04-12 07:05:48,112048.76,VOICE,2026-03-31 04:34:54
PAYMENT0020367,ACC0012912,2026-04-12 07:58:26,31682.04,FIELD,2026-03-27 00:20:25
PAYMENT0003964,ACC0028025,2026-04-12 08:13:22,52354.51,FIELD,2026-02-17 18:59:34
PAYMENT0011560,ACC0018909,2026-04-12 08:41:17,13483.68,FIELD,2026-03-06 21:57:12
PAYMENT0024100,ACC0001299,2026-04-12 09:05:14,145634.51,VOICE,2026-03-28 06:38:21
PAYMENT0009759,ACC0024319,2026-04-12 09:15:24,113079.56,VOICE,2026-03-17 06:49:59
PAYMENT0020205,ACC0020335,2026-04-12 09:25:21,10102.15,VOICE,2026-03-24 13:35:58
PAYMENT0000526,ACC0023528,2026-04-12 09:47:14,81144.12,SMS,2026-04-03 01:51:23
PAYMENT0012249,ACC0003136,2026-04-12 11:20:26,99656.32,WHATSAPP,2026-03-24 23:27:59
PAYMENT0020089,ACC0027293,2026-04-12 11:47:55,111178.35,WHATSAPP,2026-04-08 08:19:26
PAYMENT0019830,ACC0003641,2026-04-12 11:58:29,136328.01,VOICE,2026-04-08 10:50:54
PAYMENT0006856,ACC0012475,2026-04-12 12:07:12,129851.66,VOICE,2026-03-07 17:15:18
PAYMENT0008972,ACC0023866,2026-04-12 12:37:18,66092.16,VOICE,2026-02-06 01:27:33
PAYMENT0011834,ACC0026719,2026-04-12 12:48:07,101880.3,VOICE,2026-04-04 23:52:15
PAYMENT0003911,ACC0022921,2026-04-12 13:13:18,146465.83,WHATSAPP,2026-04-07 09:11:42
PAYMENT0002482,ACC0016746,2026-04-12 13:32:14,148551.27,SMS,2026-03-14 01:32:40
PAYMENT0023199,ACC0007717,2026-04-12 13:45:14,68693.01,WHATSAPP,2026-04-02 22:16:43
PAYMENT0014538,ACC0003103,2026-04-12 13:57:14,132543.52,WHATSAPP,2026-03-03 05:10:31
PAYMENT0016023,ACC0027070,2026-04-12 14:25:28,92812.0,VOICE,2026-02-12 03:20:20
PAYMENT0018531,ACC0017994,2026-04-12 14:36:31,122999.11,SMS,2026-03-28 09:26:28
PAYMENT0002495,ACC0000956,2026-04-12 16:37:20,105383.49,WHATSAPP,2026-03-07 22:00:12
PAYMENT0010493,ACC0017105,2026-04-12 17:17:09,136700.06,VOICE,2026-01-17 23:38:31
PAYMENT0024466,ACC0013679,2026-04-12 17:20:19,29840.65,SMS,2026-03-23 08:31:18
PAYMENT0009152,ACC0018880,2026-04-12 17:23:52,9898.71,VOICE,2026-04-12 14:54:38
PAYMENT0023021,ACC0027737,2026-04-12 18:04:16,25618.53,SMS,2026-03-23 11:33:42
PAYMENT0023008,ACC0026499,2026-04-12 18:10:21,74698.36,SMS,2026-04-09 08:54:53
PAYMENT0004245,ACC0015811,2026-04-12 18:15:30,118940.03,WHATSAPP,2026-01-02 15:39:39
PAYMENT0016218,ACC0010722,2026-04-12 18:42:03,91337.2,VOICE,2026-03-04 03:55:22
PAYMENT0012273,ACC0004819,2026-04-12 18:52:16,16489.26,FIELD,2026-04-06 11:07:05
PAYMENT0002738,ACC0002766,2026-04-12 19:20:43,113424.08,VOICE,2026-03-28 11:50:35
PAYMENT0008120,ACC0003105,2026-04-12 19:24:59,101244.15,WHATSAPP,2026-03-25 02:36:45
PAYMENT0018433,ACC0012238,2026-04-12 19:36:13,81624.27,VOICE,2026-04-11 09:48:40
PAYMENT0021925,ACC0028016,2026-04-12 19:46:47,22136.73,FIELD,2026-04-05 15:56:11
PAYMENT0005912,ACC0012611,2026-04-12 19:58:33,33129.97,VOICE,2026-03-02 02:35:56
PAYMENT0008156,ACC0024657,2026-04-12 20:38:45,37814.23,FIELD,2026-03-23 08:43:34
PAYMENT0002706,ACC0004393,2026-04-12 21:06:39,85426.82,VOICE,2026-04-12 04:51:16
PAYMENT0011081,ACC0025466,2026-04-12 21:07:40,116251.47,WHATSAPP,2026-03-23 23:48:29
PAYMENT0013858,ACC0012576,2026-04-12 21:10:20,106992.23,VOICE,2026-03-01 07:51:41
PAYMENT0011994,ACC0028367,2026-04-12 21:13:35,39500.54,WHATSAPP,2026-02-10 14:35:54
PAYMENT0005442,ACC0018409,2026-04-12 21:20:41,134996.4,WHATSAPP,2026-04-03 22:59:19
PAYMENT0020173,ACC0024337,2026-04-12 21:28:36,31624.13,WHATSAPP,2026-03-15 22:18:36
PAYMENT0017945,ACC0023216,2026-04-12 21:31:12,66119.53,WHATSAPP,2026-02-25 00:24:23
PAYMENT0005914,ACC0027863,2026-04-12 21:37:13,17287.8,VOICE,2026-03-24 17:47:37
PAYMENT0008556,ACC0012220,2026-04-12 21:46:24,84369.04,,
PAYMENT0002240,ACC0012355,2026-04-12 22:31:54,101495.23,SMS,2026-02-22 01:39:21
PAYMENT0005568,ACC0006025,2026-04-12 23:23:31,121971.14,VOICE,2026-02-23 09:19:19
PAYMENT0003203,ACC0015133,2026-04-12 23:35:51,63207.08,WHATSAPP,2026-03-29 19:28:41
PAYMENT0016965,ACC0016026,2026-04-13 00:23:22,60580.64,VOICE,2026-04-11 19:47:42
PAYMENT0006285,ACC0016273,2026-04-13 00:36:02,45582.51,FIELD,2026-04-05 03:10:34
PAYMENT0012605,ACC0024226,2026-04-13 01:39:47,127568.98,SMS,2026-03-31 23:39:12
PAYMENT0006635,ACC0024677,2026-04-13 02:08:44,109728.83,WHATSAPP,2026-03-25 21:04:00
PAYMENT0023148,ACC0009427,2026-04-13 03:59:37,65055.91,VOICE,2026-03-05 01:06:02
PAYMENT0020972,ACC0011974,2026-04-13 06:09:08,134900.82,WHATSAPP,2026-03-31 17:09:54
PAYMENT0002613,ACC0017733,2026-04-13 06:31:11,50826.31,FIELD,2026-03-25 15:38:38
PAYMENT0022983,ACC0008648,2026-04-13 06:47:49,64410.93,,
PAYMENT0002378,ACC0028826,2026-04-13 07:05:36,137278.75,VOICE,2026-04-09 18:01:02
PAYMENT0013223,ACC0025141,2026-04-13 07:29:11,61170.46,WHATSAPP,2026-02-03 21:36:54
PAYMENT0003689,ACC0023450,2026-04-13 07:32:23,102052.42,WHATSAPP,2026-03-02 07:26:15
PAYMENT0003059,ACC0027348,2026-04-13 09:00:51,49208.88,VOICE,2026-03-26 13:17:30
PAYMENT0005571,ACC0004358,2026-04-13 09:06:21,74962.6,WHATSAPP,2026-03-08 19:46:14
PAYMENT0021536,ACC0026714,2026-04-13 09:17:08,146627.07,SMS,2026-03-12 03:59:08
PAYMENT0021412,ACC0004891,2026-04-13 09:25:27,60099.47,WHATSAPP,2026-03-07 04:13:54
PAYMENT0005267,ACC0010859,2026-04-13 09:47:42,83478.55,VOICE,2026-04-12 17:16:46
PAYMENT0016261,ACC0020228,2026-04-13 09:49:59,87749.27,FIELD,2026-04-08 01:02:02
PAYMENT0013620,ACC0027950,2026-04-13 10:01:59,149280.39,,
PAYMENT0010849,ACC0008451,2026-04-13 11:54:52,31330.93,VOICE,2026-03-30 20:27:24
PAYMENT0020996,ACC0021636,2026-04-13 12:15:29,9268.28,VOICE,2026-03-12 09:27:32
PAYMENT0008022,ACC0014388,2026-04-13 12:15:51,5346.33,FIELD,2026-03-19 12:29:20
PAYMENT0008184,ACC0002308,2026-04-13 12:35:23,97361.37,WHATSAPP,2026-03-31 01:21:06
PAYMENT0002439,ACC0003423,2026-04-13 12:50:05,68467.88,SMS,2026-02-21 02:23:06
PAYMENT0010547,ACC0024043,2026-04-13 12:57:21,41867.26,WHATSAPP,2026-02-28 00:12:27
PAYMENT0005642,ACC0001946,2026-04-13 13:43:43,136223.36,WHATSAPP,2026-02-08 15:45:54
PAYMENT0020527,ACC0029216,2026-04-13 14:24:08,5623.78,VOICE,2026-02-28 17:57:29
PAYMENT0001987,ACC0015108,2026-04-13 15:23:29,139318.57,VOICE,2026-04-10 07:56:11
PAYMENT0022633,ACC0007608,2026-04-13 16:06:49,37121.49,SMS,2026-03-29 02:51:30
PAYMENT0011010,ACC0000129,2026-04-13 16:29:39,113253.76,VOICE,2026-04-13 05:01:33
PAYMENT0018551,ACC0000745,2026-04-13 16:33:31,17617.51,WHATSAPP,2026-04-12 03:31:32
PAYMENT0021049,ACC0026910,2026-04-13 16:50:55,43073.22,WHATSAPP,2026-04-10 18:14:19
PAYMENT0023627,ACC0021800,2026-04-13 17:03:43,140250.81,VOICE,2026-03-17 06:56:12
PAYMENT0018027,ACC0024709,2026-04-13 17:06:34,20007.52,SMS,2026-02-27 10:28:41
PAYMENT0024515,ACC0029106,2026-04-13 17:24:12,145751.89,SMS,2026-03-09 06:02:26
PAYMENT0016593,ACC0027290,2026-04-13 17:32:13,131751.24,WHATSAPP,2026-04-09 00:00:44
PAYMENT0013185,ACC0025340,2026-04-13 17:42:44,130815.15,VOICE,2026-03-03 14:46:48
PAYMENT0008348,ACC0004962,2026-04-13 18:30:03,100175.08,VOICE,2026-04-08 23:59:56
PAYMENT0006062,ACC0005025,2026-04-13 19:38:56,14056.14,,
PAYMENT0020991,ACC0002245,2026-04-13 20:14:26,20005.28,SMS,2026-04-04 16:39:16
PAYMENT0018607,ACC0021832,2026-04-13 20:28:39,131072.08,WHATSAPP,2026-03-28 09:22:24
PAYMENT0007307,ACC0016196,2026-04-13 20:28:42,80080.23,SMS,2026-03-17 03:36:02
PAYMENT0021620,ACC0004262,2026-04-13 20:32:44,7956.89,VOICE,2026-04-08 16:47:43
PAYMENT0011090,ACC0005583,2026-04-13 20:46:22,87063.74,VOICE,2026-04-11 17:10:57
PAYMENT0016558,ACC0012334,2026-04-13 22:00:46,42298.27,FIELD,2026-03-30 03:53:28
PAYMENT0024157,ACC0003850,2026-04-13 22:31:47,93497.24,,
PAYMENT0003326,ACC0026255,2026-04-13 23:19:47,93590.13,SMS,2026-03-08 01:53:43
PAYMENT0006586,ACC0024971,2026-04-13 23:40:28,48313.1,WHATSAPP,2026-03-04 07:42:32
PAYMENT0003367,ACC0008372,2026-04-13 23:49:10,123207.73,VOICE,2026-04-10 15:25:43
PAYMENT0018784,ACC0003294,2026-04-13 23:53:43,18033.62,WHATSAPP,2026-04-11 18:02:47
PAYMENT0010026,ACC0021130,2026-04-14 00:03:45,84199.74,VOICE,2026-03-29 17:36:26
PAYMENT0008045,ACC0011805,2026-04-14 00:21:49,106052.04,SMS,2026-01-18 05:59:38
PAYMENT0016947,ACC0020918,2026-04-14 00:28:05,26753.03,VOICE,2026-03-26 08:51:20
PAYMENT0003411,ACC0026199,2026-04-14 00:40:51,2898.86,WHATSAPP,2026-04-12 08:11:05
PAYMENT0000179,ACC0012647,2026-04-14 01:10:07,121328.43,FIELD,2026-04-13 23:04:41
PAYMENT0004804,ACC0022056,2026-04-14 01:28:38,49027.76,FIELD,2026-03-19 03:54:20
PAYMENT0023909,ACC0027698,2026-04-14 01:28:57,65689.44,WHATSAPP,2026-03-23 06:49:35
PAYMENT0020768,ACC0004302,2026-04-14 01:40:51,77877.54,VOICE,2026-03-13 23:56:35
PAYMENT0019198,ACC0021131,2026-04-14 02:09:05,128518.6,VOICE,2026-04-01 10:12:39
PAYMENT0002109,ACC0015546,2026-04-14 02:13:49,77611.69,WHATSAPP,2026-04-01 06:01:52
PAYMENT0007616,ACC0008541,2026-04-14 02:25:32,120945.73,VOICE,2026-04-10 05:39:02
PAYMENT0012438,ACC0024877,2026-04-14 02:46:38,456.86,VOICE,2026-03-31 21:44:37
PAYMENT0000935,ACC0026781,2026-04-14 02:50:52,8302.49,WHATSAPP,2026-04-12 20:27:07
PAYMENT0020503,ACC0009067,2026-04-14 03:16:10,148961.61,SMS,2026-04-06 00:07:17
PAYMENT0006070,ACC0010947,2026-04-14 03:24:03,37835.82,VOICE,2026-02-09 15:14:11
PAYMENT0008605,ACC0007862,2026-04-14 04:29:05,81553.76,SMS,2026-04-11 08:32:06
PAYMENT0004815,ACC0025893,2026-04-14 04:50:19,119890.72,VOICE,2026-02-23 08:07:50
PAYMENT0000474,ACC0000695,2026-04-14 05:01:09,72095.59,VOICE,2026-03-13 15:01:55
PAYMENT0002941,ACC0029133,2026-04-14 05:09:59,26177.52,WHATSAPP,2026-03-26 22:14:35
PAYMENT0004466,ACC0000795,2026-04-14 05:45:31,92543.26,SMS,2026-03-24 21:40:47
PAYMENT0010635,ACC0011899,2026-04-14 06:24:54,60068.35,VOICE,2026-03-07 15:42:59
PAYMENT0009253,ACC0010595,2026-04-14 07:28:29,91543.6,FIELD,2026-03-30 23:14:54
PAYMENT0014553,ACC0017255,2026-04-14 09:08:14,37889.17,VOICE,2026-03-28 06:17:52
PAYMENT0022354,ACC0029225,2026-04-14 10:00:00,58455.78,WHATSAPP,2026-03-15 20:25:54
PAYMENT0020668,ACC0002441,2026-04-14 10:14:50,61289.68,VOICE,2026-03-08 01:47:01
PAYMENT0017836,ACC0010232,2026-04-14 10:20:34,71819.7,WHATSAPP,2026-04-05 12:38:04
PAYMENT0009036,ACC0022131,2026-04-14 10:35:39,13002.43,SMS,2026-04-06 18:49:51
PAYMENT0016181,ACC0017789,2026-04-14 10:46:28,57560.54,VOICE,2026-02-24 01:16:46
PAYMENT0012474,ACC0019177,2026-04-14 11:13:54,62044.41,FIELD,2026-03-23 01:45:08
PAYMENT0003855,ACC0017912,2026-04-14 11:30:07,40444.32,VOICE,2026-04-13 08:00:01
PAYMENT0023388,ACC0025430,2026-04-14 12:00:27,146129.75,WHATSAPP,2026-04-01 21:10:03
PAYMENT0003842,ACC0015010,2026-04-14 12:14:01,148598.79,VOICE,2026-04-12 17:26:39
PAYMENT0005158,ACC0022279,2026-04-14 12:19:33,39215.51,FIELD,2026-02-27 04:37:07
PAYMENT0011554,ACC0025545,2026-04-14 13:55:28,99097.56,WHATSAPP,2026-04-07 17:02:12
PAYMENT0023859,ACC0016720,2026-04-14 14:21:18,138922.41,SMS,2026-03-29 13:24:00
PAYMENT0018205,ACC0028192,2026-04-14 14:31:57,112890.82,FIELD,2026-03-29 18:56:55
PAYMENT0003309,ACC0024754,2026-04-14 14:35:01,147477.45,VOICE,2026-03-22 23:00:33
PAYMENT0012590,ACC0014778,2026-04-14 14:43:41,113237.99,VOICE,2026-03-24 14:42:52
PAYMENT0024036,ACC0000922,2026-04-14 15:02:01,103604.13,SMS,2026-01-22 08:29:10
PAYMENT0019344,ACC0009199,2026-04-14 15:03:40,63228.37,SMS,2026-02-20 09:44:27
PAYMENT0017465,ACC0016662,2026-04-14 15:11:31,119589.61,WHATSAPP,2026-03-07 10:08:18
PAYMENT0016760,ACC0002208,2026-04-14 15:11:56,106626.19,WHATSAPP,2026-03-25 07:46:51
PAYMENT0009960,ACC0024821,2026-04-14 15:29:37,38036.5,VOICE,2026-03-29 00:00:36
PAYMENT0023587,ACC0028218,2026-04-14 15:33:18,81176.76,SMS,2026-02-16 21:52:23
PAYMENT0001739,ACC0002038,2026-04-14 15:40:42,60947.35,WHATSAPP,2026-04-12 14:33:57
PAYMENT0005120,ACC0025441,2026-04-14 15:55:06,77980.17,SMS,2026-03-31 05:08:17
PAYMENT0009457,ACC0008230,2026-04-14 16:15:46,5763.62,VOICE,2026-04-09 00:23:39
PAYMENT0020360,ACC0019193,2026-04-14 16:15:56,3882.55,VOICE,2026-03-05 09:05:47
PAYMENT0012289,ACC0023070,2026-04-14 16:33:10,98132.71,WHATSAPP,2026-04-09 11:35:59
PAYMENT0011466,ACC0017991,2026-04-14 17:05:19,102604.49,VOICE,2026-03-13 22:20:50
PAYMENT0005232,ACC0029747,2026-04-14 17:39:33,128804.73,SMS,2026-03-28 15:34:32
PAYMENT0012784,ACC0020067,2026-04-14 18:02:41,42700.28,VOICE,2026-02-02 19:52:33
PAYMENT0019815,ACC0008171,2026-04-14 18:13:37,30695.14,WHATSAPP,2026-03-12 02:47:35
PAYMENT0002977,ACC0014673,2026-04-14 18:41:19,61273.08,SMS,2026-04-14 12:36:17
PAYMENT0011002,ACC0002039,2026-04-14 19:07:19,53652.22,VOICE,2026-03-21 18:05:04
PAYMENT0005975,ACC0011032,2026-04-14 19:22:57,64944.14,SMS,2026-03-14 19:50:34
PAYMENT0005225,ACC0016448,2026-04-14 19:58:40,45921.64,VOICE,2026-04-01 12:24:52
PAYMENT0015649,ACC0002287,2026-04-14 20:04:34,102812.11,WHATSAPP,2026-04-14 10:28:51
PAYMENT0006821,ACC0023185,2026-04-14 20:57:25,88054.27,VOICE,2026-03-23 11:55:29
PAYMENT0009569,ACC0013557,2026-04-14 21:11:16,77242.67,VOICE,2026-02-28 02:14:45
PAYMENT0018588,ACC0006102,2026-04-14 21:15:57,84344.59,SMS,2026-03-23 03:45:55
PAYMENT0006789,ACC0006421,2026-04-14 21:57:20,16404.44,WHATSAPP,2026-02-19 04:56:56
PAYMENT0015223,ACC0003265,2026-04-14 23:00:23,116277.59,VOICE,2026-01-05 16:15:13
PAYMENT0009929,ACC0018327,2026-04-15 00:24:02,57937.36,FIELD,2026-03-26 07:52:15
PAYMENT0003492,ACC0026182,2026-04-15 00:47:46,139477.64,VOICE,2026-04-01 11:56:40
PAYMENT0014411,ACC0007770,2026-04-15 00:59:19,93774.61,WHATSAPP,2026-03-22 14:41:26
PAYMENT0011797,ACC0011440,2026-04-15 01:29:54,52601.98,SMS,2026-04-13 14:38:21
PAYMENT0018648,ACC0002385,2026-04-15 01:32:43,61473.04,WHATSAPP,2026-03-24 01:43:48
PAYMENT0017320,ACC0017382,2026-04-15 02:12:02,49624.83,WHATSAPP,2026-03-26 23:58:29
PAYMENT0017080,ACC0006006,2026-04-15 03:06:25,57783.35,VOICE,2026-02-09 13:51:25
PAYMENT0010856,ACC0015858,2026-04-15 03:07:52,148635.88,VOICE,2026-03-29 13:26:52
PAYMENT0011796,ACC0025593,2026-04-15 03:08:04,142030.76,SMS,2026-03-10 05:54:10
PAYMENT0012414,ACC0010726,2026-04-15 03:08:11,72739.36,WHATSAPP,2026-04-09 15:11:55
PAYMENT0012595,ACC0028643,2026-04-15 03:28:26,48449.41,WHATSAPP,2026-03-17 01:56:18
PAYMENT0009035,ACC0027666,2026-04-15 03:42:58,60655.47,WHATSAPP,2026-02-03 03:34:20
PAYMENT0014567,ACC0021877,2026-04-15 04:02:16,13543.27,FIELD,2026-03-04 22:18:58
PAYMENT0001760,ACC0019940,2026-04-15 04:21:37,31607.84,VOICE,2026-04-14 17:46:48
PAYMENT0017502,ACC0002910,2026-04-15 04:22:41,94433.04,VOICE,2026-04-03 16:09:00
PAYMENT0010205,ACC0028605,2026-04-15 04:39:51,13087.93,VOICE,2026-04-13 01:48:30
PAYMENT0023718,ACC0006792,2026-04-15 05:33:35,46614.49,VOICE,2026-04-03 14:06:08
PAYMENT0024877,ACC0018910,2026-04-15 06:56:22,42270.76,VOICE,2026-03-11 08:03:54
PAYMENT0006740,ACC0013441,2026-04-15 07:13:45,105446.65,SMS,2026-04-03 07:23:50
PAYMENT0021282,ACC0026233,2026-04-15 07:17:20,5901.46,WHATSAPP,2026-04-10 16:38:45
PAYMENT0022201,ACC0013746,2026-04-15 07:35:39,46984.0,VOICE,2026-03-18 17:57:55
PAYMENT0004303,ACC0028771,2026-04-15 07:39:10,78381.56,VOICE,2026-04-03 18:36:57
PAYMENT0003960,ACC0023256,2026-04-15 07:56:49,68566.1,WHATSAPP,2026-03-07 19:46:32
PAYMENT0013488,ACC0024435,2026-04-15 11:26:40,37154.99,VOICE,2026-04-13 06:28:32
PAYMENT0009263,ACC0015185,2026-04-15 11:48:58,68854.98,VOICE,2026-03-29 03:24:49
PAYMENT0009837,ACC0000126,2026-04-15 11:52:14,138805.01,VOICE,2026-02-24 12:27:40
PAYMENT0006799,ACC0008596,2026-04-15 12:08:13,57758.23,VOICE,2026-03-30 07:59:51
PAYMENT0007380,ACC0027723,2026-04-15 12:09:35,5808.24,FIELD,2026-02-08 08:20:15
PAYMENT0008921,ACC0007699,2026-04-15 12:21:54,101292.81,WHATSAPP,2026-02-25 18:51:57
PAYMENT0019000,ACC0026858,2026-04-15 13:38:23,26702.67,VOICE,2026-03-15 15:53:18
PAYMENT0018545,ACC0013024,2026-04-15 13:54:00,95905.07,WHATSAPP,2026-04-10 05:21:59
PAYMENT0014603,ACC0026173,2026-04-15 13:55:31,102011.5,FIELD,2026-04-11 14:45:22
PAYMENT0014327,ACC0023903,2026-04-15 14:34:48,4835.31,,
PAYMENT0021890,ACC0005902,2026-04-15 14:37:19,55235.41,WHATSAPP,2026-02-19 11:57:08
PAYMENT0007208,ACC0019958,2026-04-15 14:41:50,7954.01,VOICE,2026-02-22 16:27:39
PAYMENT0001276,ACC0002197,2026-04-15 14:46:02,35157.75,SMS,2026-02-27 17:17:25
PAYMENT0019592,ACC0010199,2026-04-15 15:13:48,2902.68,WHATSAPP,2026-03-25 08:06:17
PAYMENT0007535,ACC0005489,2026-04-15 15:20:23,55792.12,FIELD,2026-01-30 17:18:25
PAYMENT0008347,ACC0024281,2026-04-15 15:45:05,4396.03,WHATSAPP,2026-03-23 09:40:15
PAYMENT0017715,ACC0025467,2026-04-15 15:54:37,67925.34,VOICE,2026-04-05 22:46:50
PAYMENT0013611,ACC0015692,2026-04-15 16:16:16,89370.07,,
PAYMENT0008471,ACC0009204,2026-04-15 16:27:29,121970.02,SMS,2026-04-11 12:56:34
PAYMENT0015994,ACC0002270,2026-04-15 16:45:05,115027.9,FIELD,2026-03-17 19:06:10
PAYMENT0014273,ACC0001489,2026-04-15 16:51:19,97944.14,SMS,2026-03-15 05:53:35
PAYMENT0018733,ACC0007021,2026-04-15 16:59:11,107256.81,SMS,2026-02-01 02:28:51
PAYMENT0023812,ACC0004238,2026-04-15 17:02:42,147366.73,VOICE,2026-03-31 21:54:58
PAYMENT0005958,ACC0019517,2026-04-15 17:16:36,22334.57,VOICE,2026-03-29 04:54:43
PAYMENT0004027,ACC0024190,2026-04-15 17:25:45,57418.63,SMS,2026-03-25 16:27:45
PAYMENT0024961,ACC0022617,2026-04-15 17:46:56,503.76,WHATSAPP,2026-03-19 10:25:12
PAYMENT0005629,ACC0014735,2026-04-15 18:27:30,37926.12,SMS,2026-04-14 19:52:35
PAYMENT0015339,ACC0001437,2026-04-15 18:48:20,101590.51,FIELD,2026-03-12 22:05:16
PAYMENT0002509,ACC0001477,2026-04-15 19:09:43,46954.08,VOICE,2026-03-13 13:36:56
PAYMENT0013946,ACC0013379,2026-04-15 19:09:46,100394.02,WHATSAPP,2026-04-11 13:31:34
PAYMENT0024702,ACC0003492,2026-04-15 19:48:53,140010.97,FIELD,2026-02-12 06:32:38
PAYMENT0008698,ACC0003336,2026-04-15 19:59:38,11401.59,WHATSAPP,2026-03-23 05:04:21
PAYMENT0000128,ACC0022102,2026-04-15 20:05:59,92738.61,WHATSAPP,2026-04-05 01:52:05
PAYMENT0016089,ACC0015880,2026-04-15 20:47:58,44138.78,WHATSAPP,2026-04-01 14:03:37
PAYMENT0024517,ACC0002595,2026-04-15 21:19:11,48775.59,FIELD,2026-03-19 20:25:37
PAYMENT0008606,ACC0027091,2026-04-15 22:00:47,4226.36,WHATSAPP,2026-04-03 01:15:16
PAYMENT0005007,ACC0008219,2026-04-15 22:04:36,53279.8,WHATSAPP,2026-04-08 02:11:10
PAYMENT0022125,ACC0020007,2026-04-15 22:04:59,53131.47,VOICE,2026-04-05 12:11:40
PAYMENT0015559,ACC0003289,2026-04-15 22:18:09,25255.14,FIELD,2026-04-04 05:55:20
PAYMENT0005198,ACC0007629,2026-04-15 22:23:06,5665.99,SMS,2026-02-11 21:40:24
PAYMENT0010432,ACC0013233,2026-04-15 22:40:28,67193.78,WHATSAPP,2026-03-19 12:58:41
PAYMENT0011186,ACC0017770,2026-04-15 23:05:27,6303.91,,
PAYMENT0005502,ACC0009933,2026-04-15 23:33:57,56041.06,VOICE,2026-02-07 09:42:27
PAYMENT0008770,ACC0014846,2026-04-15 23:48:04,123710.6,WHATSAPP,2026-03-31 23:11:17
PAYMENT0008019,ACC0023628,2026-04-15 23:54:16,35045.91,WHATSAPP,2026-04-08 09:20:06
PAYMENT0019045,ACC0003727,2026-04-16 00:20:10,2629.93,WHATSAPP,2026-04-12 04:16:17
PAYMENT0010895,ACC0022284,2026-04-16 01:04:33,16415.07,VOICE,2026-03-29 09:26:11
PAYMENT0022221,ACC0019206,2026-04-16 01:25:47,95937.4,VOICE,2026-04-08 10:23:20
PAYMENT0022324,ACC0007910,2026-04-16 01:31:01,69344.28,WHATSAPP,2026-04-14 02:28:13
PAYMENT0009713,ACC0017531,2026-04-16 02:07:19,55792.05,FIELD,2026-04-01 16:49:01
PAYMENT0017844,ACC0016476,2026-04-16 02:23:53,18004.73,,
PAYMENT0016490,ACC0008816,2026-04-16 02:25:53,62647.09,,
PAYMENT0001196,ACC0028070,2026-04-16 02:31:53,132969.85,WHATSAPP,2026-04-11 10:11:07
PAYMENT0000744,ACC0029693,2026-04-16 03:12:30,14261.69,WHATSAPP,2026-01-02 17:30:26
PAYMENT0016373,ACC0009272,2026-04-16 04:11:53,70440.01,VOICE,2026-02-23 01:06:38
PAYMENT0019429,ACC0028159,2026-04-16 04:34:42,14535.56,FIELD,2026-03-01 16:33:42
PAYMENT0009006,ACC0003262,2026-04-16 04:49:03,75586.93,WHATSAPP,2026-03-29 21:14:12
PAYMENT0017627,ACC0011697,2026-04-16 05:03:02,16675.72,VOICE,2026-03-01 12:15:24
PAYMENT0005338,ACC0002788,2026-04-16 06:25:48,123742.6,VOICE,2026-04-13 00:50:22
PAYMENT0020521,ACC0025357,2026-04-16 06:34:47,99708.48,WHATSAPP,2026-03-09 09:14:17
PAYMENT0000040,ACC0010832,2026-04-16 06:56:09,144290.21,VOICE,2026-03-31 08:26:27
PAYMENT0009870,ACC0010687,2026-04-16 07:00:35,81098.05,SMS,2026-04-12 16:30:28
PAYMENT0012182,ACC0026727,2026-04-16 07:04:18,9833.11,WHATSAPP,2026-03-15 08:45:17
PAYMENT0005480,ACC0025227,2026-04-16 08:04:45,106573.71,VOICE,2026-04-10 21:40:41
PAYMENT0016700,ACC0027971,2026-04-16 08:05:55,147652.16,FIELD,2026-02-24 05:30:42
PAYMENT0018024,ACC0024541,2026-04-16 08:30:21,145607.3,VOICE,2026-03-15 22:17:20
PAYMENT0021297,ACC0003792,2026-04-16 08:59:17,75035.46,VOICE,2026-03-29 10:05:39
PAYMENT0009444,ACC0012916,2026-04-16 09:06:18,112183.61,SMS,2026-03-06 11:51:13
PAYMENT0002008,ACC0004976,2026-04-16 09:17:56,16350.76,VOICE,2026-01-13 16:01:39
PAYMENT0016906,ACC0000859,2026-04-16 09:23:23,37009.2,WHATSAPP,2026-04-14 14:40:56
PAYMENT0003712,ACC0005960,2026-04-16 09:39:03,24268.5,VOICE,2026-04-07 13:52:59
PAYMENT0005623,ACC0000410,2026-04-16 10:13:43,17039.72,WHATSAPP,2026-04-06 23:21:58
PAYMENT0006454,ACC0019205,2026-04-16 10:33:18,78651.44,VOICE,2026-03-27 10:57:48
PAYMENT0017714,ACC0015653,2026-04-16 11:14:09,123092.15,SMS,2026-04-14 22:22:12
PAYMENT0004049,ACC0001132,2026-04-16 11:25:26,29390.84,VOICE,2026-04-03 21:30:18
PAYMENT0024105,ACC0004012,2026-04-16 11:28:32,29419.57,WHATSAPP,2026-03-31 08:49:08
PAYMENT0007037,ACC0004487,2026-04-16 11:48:44,38365.6,WHATSAPP,2026-04-06 18:57:06
PAYMENT0018068,ACC0029114,2026-04-16 11:51:22,29392.45,VOICE,2026-04-11 06:48:41
PAYMENT0010021,ACC0027693,2026-04-16 11:58:10,82161.88,,
PAYMENT0004449,ACC0028497,2026-04-16 12:01:57,2902.68,VOICE,2026-04-03 03:22:20
PAYMENT0016307,ACC0001362,2026-04-16 12:09:55,18989.02,VOICE,2026-04-13 01:13:49
PAYMENT0013918,ACC0003481,2026-04-16 12:13:52,11929.14,WHATSAPP,2026-04-09 08:48:06
PAYMENT0016520,ACC0004130,2026-04-16 12:34:31,49746.45,VOICE,2026-02-20 14:11:03
PAYMENT0014339,ACC0006683,2026-04-16 13:30:04,71816.59,WHATSAPP,2026-03-16 23:39:44
PAYMENT0006982,ACC0018840,2026-04-16 13:45:37,72731.3,SMS,2026-04-07 13:39:31
PAYMENT0020141,ACC0001413,2026-04-16 14:04:32,9275.24,FIELD,2026-04-04 07:30:36
PAYMENT0013515,ACC0024457,2026-04-16 14:26:27,3202.0,WHATSAPP,2026-04-12 08:09:10
PAYMENT0014639,ACC0028049,2026-04-16 14:27:02,28826.21,VOICE,2026-04-13 08:32:13
PAYMENT0012728,ACC0029501,2026-04-16 14:43:12,141615.74,VOICE,2026-03-29 14:31:10
PAYMENT0002389,ACC0024255,2026-04-16 15:04:32,10542.29,WHATSAPP,2026-03-22 19:45:34
PAYMENT0004458,ACC0008340,2026-04-16 15:24:41,34455.24,FIELD,2026-02-03 23:30:16
PAYMENT0024350,ACC0009025,2026-04-16 15:31:02,50957.39,FIELD,2026-03-12 08:40:57
PAYMENT0021177,ACC0026755,2026-04-16 16:25:09,33152.66,VOICE,2026-04-11 07:13:46
PAYMENT0022543,ACC0018119,2026-04-16 17:08:31,23580.82,VOICE,2026-04-07 18:39:06
PAYMENT0018864,ACC0000933,2026-04-16 17:19:32,31251.88,WHATSAPP,2026-01-29 23:44:09
PAYMENT0019250,ACC0012036,2026-04-16 17:31:01,68489.32,VOICE,2026-03-30 18:21:19
PAYMENT0016312,ACC0003132,2026-04-16 17:58:29,130579.9,VOICE,2026-03-19 10:10:01
PAYMENT0009087,ACC0023498,2026-04-16 18:36:55,28142.64,WHATSAPP,2026-03-08 00:57:20
PAYMENT0022975,ACC0008053,2026-04-16 19:57:30,102618.48,WHATSAPP,2026-01-08 17:03:19
PAYMENT0006749,ACC0029114,2026-04-16 20:00:25,6582.96,VOICE,2026-04-11 06:48:41
PAYMENT0015018,ACC0001639,2026-04-16 20:15:48,96844.86,SMS,2026-03-30 09:54:04
PAYMENT0024153,ACC0011956,2026-04-16 22:01:36,122544.21,FIELD,2026-03-10 17:12:54
PAYMENT0004130,ACC0013609,2026-04-16 22:45:14,132484.81,FIELD,2026-03-14 04:57:09
PAYMENT0024902,ACC0008125,2026-04-16 22:53:00,33264.64,SMS,2026-04-06 05:00:44
PAYMENT0000176,ACC0028692,2026-04-16 22:55:45,4660.32,VOICE,2026-03-27 04:45:39
PAYMENT0006865,ACC0024960,2026-04-17 00:07:54,33618.46,SMS,2026-04-02 14:32:57
PAYMENT0004770,ACC0002261,2026-04-17 00:17:53,109106.77,SMS,2026-03-03 21:22:59
PAYMENT0023546,ACC0014425,2026-04-17 00:42:13,85206.1,VOICE,2026-03-17 01:15:07
PAYMENT0015458,ACC0010475,2026-04-17 01:00:19,147802.14,SMS,2026-03-23 04:39:44
PAYMENT0006916,ACC0019787,2026-04-17 01:18:29,22276.99,FIELD,2026-03-29 14:19:47
PAYMENT0021246,ACC0003999,2026-04-17 01:35:46,13998.02,VOICE,2026-03-15 23:57:12
PAYMENT0016952,ACC0020803,2026-04-17 01:55:41,118865.94,WHATSAPP,2026-03-19 18:20:12
PAYMENT0020359,ACC0009852,2026-04-17 02:16:52,1392.17,SMS,2026-04-12 15:28:28
PAYMENT0010965,ACC0011021,2026-04-17 02:49:31,49776.96,WHATSAPP,2026-03-30 08:30:52
PAYMENT0008757,ACC0027274,2026-04-17 03:47:23,96767.04,WHATSAPP,2026-03-02 19:31:15
PAYMENT0010203,ACC0026315,2026-04-17 04:18:03,134705.53,SMS,2026-03-30 00:56:13
PAYMENT0004944,ACC0000467,2026-04-17 04:28:18,95619.65,WHATSAPP,2026-01-20 13:58:50
PAYMENT0002718,ACC0008425,2026-04-17 05:10:08,129689.75,SMS,2026-04-05 04:27:06
PAYMENT0009958,ACC0007774,2026-04-17 05:20:09,36379.04,VOICE,2026-04-13 13:08:36
PAYMENT0011094,ACC0027965,2026-04-17 05:55:56,32743.1,VOICE,2026-03-24 23:19:55
PAYMENT0003617,ACC0019767,2026-04-17 06:28:15,76364.73,VOICE,2026-03-29 12:59:28
PAYMENT0011385,ACC0005673,2026-04-17 06:31:35,106293.96,VOICE,2026-04-04 22:57:20
PAYMENT0010273,ACC0015070,2026-04-17 06:45:30,21695.89,SMS,2026-04-15 18:10:14
PAYMENT0003585,ACC0013247,2026-04-17 06:54:12,131227.67,VOICE,2026-02-27 13:33:35
PAYMENT0006802,ACC0020149,2026-04-17 07:06:48,15882.6,VOICE,2026-02-21 11:53:32
PAYMENT0014652,ACC0005742,2026-04-17 07:17:14,96430.47,VOICE,2026-03-02 15:15:14
PAYMENT0013411,ACC0003361,2026-04-17 07:41:21,138599.25,VOICE,2026-03-20 19:23:15
PAYMENT0012201,ACC0018479,2026-04-17 09:27:53,8677.72,VOICE,2026-04-15 13:40:28
PAYMENT0015571,ACC0006652,2026-04-17 10:14:29,16642.78,WHATSAPP,2026-04-15 04:40:01
PAYMENT0017302,ACC0019162,2026-04-17 10:49:36,40247.26,VOICE,2026-03-05 01:34:57
PAYMENT0022047,ACC0026080,2026-04-17 11:05:11,102616.42,FIELD,2026-03-30 04:03:38
PAYMENT0004791,ACC0021549,2026-04-17 11:33:59,80455.2,FIELD,2026-04-05 20:12:26
PAYMENT0003057,ACC0004476,2026-04-17 11:37:20,120905.04,WHATSAPP,2026-03-24 13:12:49
PAYMENT0005024,ACC0006116,2026-04-17 12:17:44,119661.06,FIELD,2026-03-28 17:39:51
PAYMENT0017716,ACC0018437,2026-04-17 12:20:33,144641.29,VOICE,2026-04-01 21:47:33
PAYMENT0004216,ACC0018443,2026-04-17 12:30:11,2082.1,VOICE,2026-04-14 18:54:28
PAYMENT0012578,ACC0004981,2026-04-17 13:58:19,132016.55,VOICE,2026-01-28 11:30:31
PAYMENT0007704,ACC0027690,2026-04-17 14:21:26,58448.29,WHATSAPP,2026-01-31 12:44:13
PAYMENT0015531,ACC0026902,2026-04-17 15:10:21,41649.12,VOICE,2026-04-09 20:50:03
PAYMENT0004740,ACC0024189,2026-04-17 15:23:38,79018.96,SMS,2026-04-14 12:13:13
PAYMENT0022251,ACC0004622,2026-04-17 16:09:23,114789.92,VOICE,2026-03-09 13:16:10
PAYMENT0023798,ACC0019426,2026-04-17 16:24:05,83476.2,VOICE,2026-04-07 11:25:54
PAYMENT0013108,ACC0000567,2026-04-17 16:26:09,22015.4,WHATSAPP,2026-03-19 11:04:04
PAYMENT0009996,ACC0026607,2026-04-17 16:29:25,40241.69,VOICE,2026-04-09 04:14:36
PAYMENT0005133,ACC0022329,2026-04-17 18:04:32,25607.72,VOICE,2026-03-21 13:37:10
PAYMENT0023556,ACC0024527,2026-04-17 18:10:15,41878.07,VOICE,2026-04-05 22:33:35
PAYMENT0006196,ACC0022765,2026-04-17 19:08:35,12190.92,VOICE,2026-03-07 16:58:43
PAYMENT0005693,ACC0028335,2026-04-17 19:50:57,19035.43,FIELD,2026-04-10 21:31:36
PAYMENT0015984,ACC0015898,2026-04-17 20:30:04,78391.32,SMS,2026-04-17 06:22:52
PAYMENT0009184,ACC0015196,2026-04-17 20:38:26,13493.34,VOICE,2026-04-07 07:30:36
PAYMENT0020929,ACC0025425,2026-04-17 20:46:29,111383.21,SMS,2026-03-13 07:47:26
PAYMENT0012500,ACC0021359,2026-04-17 21:01:07,97466.31,WHATSAPP,2026-03-14 00:26:10
PAYMENT0020386,ACC0018121,2026-04-17 21:16:29,27104.63,VOICE,2026-03-29 03:39:57
PAYMENT0019096,ACC0028700,2026-04-17 21:48:41,114127.17,,
PAYMENT0006088,ACC0010471,2026-04-17 22:07:54,82341.75,WHATSAPP,2026-01-27 06:27:41
PAYMENT0012248,ACC0004608,2026-04-17 22:46:08,24621.12,WHATSAPP,2026-03-19 15:48:50
PAYMENT0002579,ACC0021271,2026-04-17 22:55:25,24991.74,FIELD,2026-04-01 03:40:29
PAYMENT0005341,ACC0013815,2026-04-17 23:14:38,40883.84,WHATSAPP,2026-04-07 02:27:41
PAYMENT0024306,ACC0022135,2026-04-17 23:15:43,27992.49,FIELD,2026-03-13 05:43:48
PAYMENT0012567,ACC0019965,2026-04-18 00:11:19,78708.85,FIELD,2026-03-25 23:55:40
PAYMENT0016606,ACC0011355,2026-04-18 02:06:03,3572.36,WHATSAPP,2026-04-14 10:29:05
PAYMENT0000890,ACC0013800,2026-04-18 02:23:26,105743.54,SMS,2026-02-16 11:52:04
PAYMENT0002684,ACC0009460,2026-04-18 02:37:03,113086.28,VOICE,2026-03-26 11:08:33
PAYMENT0010762,ACC0013393,2026-04-18 03:04:20,58423.89,VOICE,2026-03-26 04:15:14
PAYMENT0022684,ACC0019847,2026-04-18 04:20:03,148809.72,SMS,2026-04-10 20:06:05
PAYMENT0003647,ACC0020807,2026-04-18 05:22:03,111731.75,SMS,2026-03-27 19:24:28
PAYMENT0022427,ACC0029292,2026-04-18 05:29:09,24684.26,VOICE,2026-04-05 02:54:08
PAYMENT0009311,ACC0019657,2026-04-18 05:52:41,38647.36,SMS,2026-03-29 20:58:59
PAYMENT0013200,ACC0014358,2026-04-18 07:03:45,83518.37,WHATSAPP,2026-04-18 00:08:12
PAYMENT0003807,ACC0001976,2026-04-18 07:04:31,147440.94,WHATSAPP,2026-04-17 20:28:22
PAYMENT0020214,ACC0002601,2026-04-18 07:04:32,3613.46,VOICE,2026-01-31 21:41:13
PAYMENT0008439,ACC0016052,2026-04-18 07:53:12,125842.03,SMS,2026-03-07 13:25:38
PAYMENT0018705,ACC0019687,2026-04-18 07:57:43,113698.8,WHATSAPP,2026-03-03 20:44:15
PAYMENT0019853,ACC0027518,2026-04-18 08:21:03,124654.17,VOICE,2026-03-14 15:37:37
PAYMENT0022962,ACC0009043,2026-04-18 08:42:27,73402.21,SMS,2026-04-01 21:17:26
PAYMENT0001202,ACC0022088,2026-04-18 08:51:05,117868.64,FIELD,2026-04-13 07:51:25
PAYMENT0014440,ACC0015445,2026-04-18 08:53:36,3579.33,,
PAYMENT0022156,ACC0001471,2026-04-18 09:06:51,9714.81,VOICE,2026-01-25 14:57:02
PAYMENT0010780,ACC0002763,2026-04-18 09:16:14,116126.91,VOICE,2026-03-09 01:04:43
PAYMENT0001921,ACC0024465,2026-04-18 09:33:15,138227.38,SMS,2026-04-06 09:43:32
PAYMENT0005866,ACC0026782,2026-04-18 09:56:50,126915.73,VOICE,2026-03-23 12:50:08
PAYMENT0019780,ACC0018642,2026-04-18 12:01:50,23360.92,SMS,2026-03-20 14:37:49
PAYMENT0024284,ACC0026521,2026-04-18 12:28:32,144795.77,VOICE,2026-02-20 19:55:25
PAYMENT0021608,ACC0003800,2026-04-18 12:46:24,81946.99,WHATSAPP,2026-02-27 17:59:18
PAYMENT0013091,ACC0018505,2026-04-18 13:05:08,19380.02,SMS,2026-04-06 11:44:36
PAYMENT0011488,ACC0026704,2026-04-18 14:28:22,24049.92,SMS,2026-03-26 14:35:16
PAYMENT0013452,ACC0016173,2026-04-18 14:46:11,9719.42,SMS,2026-04-01 07:03:23
PAYMENT0018645,ACC0023776,2026-04-18 15:34:55,119273.49,VOICE,2026-02-16 06:30:06
PAYMENT0001175,ACC0005123,2026-04-18 17:23:12,23559.1,SMS,2026-04-10 14:53:33
PAYMENT0002927,ACC0006279,2026-04-18 18:32:53,113620.54,VOICE,2026-02-03 18:57:50
PAYMENT0008294,ACC0009892,2026-04-18 20:17:47,24256.3,,
PAYMENT0024973,ACC0024070,2026-04-18 20:59:53,129868.31,SMS,2026-04-17 08:22:20
PAYMENT0007454,ACC0005797,2026-04-18 22:32:19,12096.34,VOICE,2026-03-03 11:03:17
PAYMENT0009388,ACC0010069,2026-04-18 22:53:16,94453.46,WHATSAPP,2026-03-10 06:13:47
PAYMENT0010971,ACC0021631,2026-04-18 22:56:35,61968.54,VOICE,2026-04-03 10:43:04
PAYMENT0017542,ACC0007665,2026-04-18 23:13:13,93435.79,VOICE,2026-03-30 08:02:20
PAYMENT0005045,ACC0006157,2026-04-18 23:25:30,43943.01,WHATSAPP,2026-03-21 14:53:13
PAYMENT0024184,ACC0021178,2026-04-18 23:29:43,93415.24,VOICE,2026-03-27 23:45:06
PAYMENT0022954,ACC0012624,2026-04-18 23:42:59,107789.2,SMS,2026-04-06 10:42:13
PAYMENT0013547,ACC0001045,2026-04-18 23:48:48,125362.89,VOICE,2026-03-03 08:42:10
PAYMENT0003271,ACC0012692,2026-04-18 23:49:15,144330.64,VOICE,2026-03-24 23:53:53
PAYMENT0012082,ACC0000744,2026-04-19 00:32:28,27023.99,FIELD,2026-03-26 19:34:09
PAYMENT0021267,ACC0023988,2026-04-19 00:46:35,54788.16,,
PAYMENT0006233,ACC0011276,2026-04-19 01:10:08,91340.03,FIELD,2026-01-06 15:02:55
PAYMENT0007193,ACC0002408,2026-04-19 01:10:59,141383.71,WHATSAPP,2026-03-24 05:06:42
PAYMENT0001652,ACC0024668,2026-04-19 01:44:51,141720.92,FIELD,2026-04-10 06:10:19
PAYMENT0000573,ACC0008047,2026-04-19 01:59:51,82880.85,FIELD,2026-04-11 15:25:25
PAYMENT0003718,ACC0005329,2026-04-19 02:09:52,103280.62,VOICE,2026-04-01 09:28:04
PAYMENT0013045,ACC0004508,2026-04-19 02:30:00,98894.57,SMS,2026-03-28 14:24:28
PAYMENT0004861,ACC0005258,2026-04-19 02:42:27,18775.63,VOICE,2026-04-07 22:19:45
PAYMENT0009915,ACC0025500,2026-04-19 03:34:12,112154.28,WHATSAPP,2026-04-10 11:06:38
PAYMENT0015364,ACC0003429,2026-04-19 05:14:01,75139.83,WHATSAPP,2026-04-05 13:14:27
PAYMENT0000259,ACC0017587,2026-04-19 05:16:48,84833.21,FIELD,2026-04-09 03:18:41
PAYMENT0015701,ACC0006205,2026-04-19 06:19:41,106203.97,VOICE,2026-04-19 03:07:37
PAYMENT0021416,ACC0023974,2026-04-19 07:10:37,99635.55,VOICE,2026-04-07 01:47:52
PAYMENT0003303,ACC0014272,2026-04-19 07:36:55,59271.63,WHATSAPP,2026-04-07 23:11:29
PAYMENT0003551,ACC0022423,2026-04-19 07:44:30,46849.33,WHATSAPP,2026-03-23 18:51:28
PAYMENT0021176,ACC0003153,2026-04-19 08:16:27,17701.96,VOICE,2026-03-30 23:17:19
PAYMENT0024876,ACC0016725,2026-04-19 08:19:04,44243.33,WHATSAPP,2026-03-21 23:49:19
PAYMENT0017489,ACC0024080,2026-04-19 08:31:07,118428.39,WHATSAPP,2026-03-19 09:04:30
PAYMENT0009529,ACC0017734,2026-04-19 09:03:29,2999.3,VOICE,2026-03-20 20:30:16
PAYMENT0022649,ACC0029183,2026-04-19 09:30:32,43340.89,FIELD,2026-04-05 01:17:09
PAYMENT0009377,ACC0027985,2026-04-19 09:37:25,17163.05,WHATSAPP,2026-02-06 08:21:17
PAYMENT0018998,ACC0015023,2026-04-19 09:44:28,18559.54,WHATSAPP,2026-03-18 09:27:15
PAYMENT0007639,ACC0021253,2026-04-19 10:04:19,41813.93,WHATSAPP,2026-04-13 22:14:17
PAYMENT0013417,ACC0028695,2026-04-19 11:18:27,56896.79,WHATSAPP,2026-04-11 11:02:26
PAYMENT0008427,ACC0001725,2026-04-19 11:43:32,86443.12,SMS,2026-03-27 01:53:43
PAYMENT0009056,ACC0018379,2026-04-19 11:50:02,12936.07,VOICE,2026-04-01 14:31:28
PAYMENT0015655,ACC0003335,2026-04-19 11:53:36,27094.5,VOICE,2026-04-08 13:06:36
PAYMENT0006827,ACC0018894,2026-04-19 12:01:18,134207.55,VOICE,2026-04-18 14:10:41
PAYMENT0001423,ACC0013758,2026-04-19 12:27:45,138190.85,WHATSAPP,2026-02-25 01:58:19
PAYMENT0000060,ACC0021307,2026-04-19 12:29:59,103316.09,VOICE,2026-03-11 15:45:05
PAYMENT0010938,ACC0023167,2026-04-19 12:53:51,60809.25,VOICE,2026-03-08 10:07:50
PAYMENT0020013,ACC0016981,2026-04-19 13:00:12,134071.15,,
PAYMENT0016022,ACC0010875,2026-04-19 13:17:17,123253.64,FIELD,2026-02-06 14:37:30
PAYMENT0018391,ACC0027425,2026-04-19 14:31:52,45797.12,FIELD,2026-03-16 12:33:16
PAYMENT0001801,ACC0015811,2026-04-19 14:35:03,2949.83,WHATSAPP,2026-01-02 15:39:39
PAYMENT0023189,ACC0020426,2026-04-19 14:46:59,8775.91,VOICE,2026-04-14 23:23:14
PAYMENT0004545,ACC0015982,2026-04-19 14:49:21,145260.28,,
PAYMENT0018782,ACC0005451,2026-04-19 14:49:37,33868.6,WHATSAPP,2026-02-26 17:59:46
PAYMENT0013073,ACC0000690,2026-04-19 14:50:58,136998.71,VOICE,2026-03-10 06:23:07
PAYMENT0023935,ACC0026618,2026-04-19 14:53:49,85415.89,WHATSAPP,2026-02-16 19:42:00
PAYMENT0002219,ACC0011701,2026-04-19 14:57:13,142070.7,SMS,2026-02-23 22:21:27
PAYMENT0001105,ACC0015029,2026-04-19 15:10:42,37566.03,SMS,2026-03-19 16:02:11
PAYMENT0004327,ACC0028776,2026-04-19 16:00:48,83367.22,VOICE,2026-04-12 13:13:08
PAYMENT0012598,ACC0004902,2026-04-19 16:03:27,120254.03,VOICE,2026-04-17 04:33:17
PAYMENT0004112,ACC0016773,2026-04-19 16:30:19,118452.91,VOICE,2026-04-11 23:03:04
PAYMENT0005233,ACC0022701,2026-04-19 17:07:00,121002.75,FIELD,2026-04-07 20:48:30
PAYMENT0023047,ACC0001395,2026-04-19 17:18:17,82211.5,FIELD,2026-04-06 21:12:35
PAYMENT0006745,ACC0017145,2026-04-19 17:24:56,11095.18,VOICE,2026-03-23 00:45:14
PAYMENT0017805,ACC0002725,2026-04-19 18:05:52,77233.03,,
PAYMENT0022779,ACC0029115,2026-04-19 18:10:44,73226.82,SMS,2026-04-11 21:32:27
PAYMENT0020681,ACC0007315,2026-04-19 18:50:15,97737.85,WHATSAPP,2026-04-16 05:55:02
PAYMENT0022061,ACC0015242,2026-04-19 19:09:31,145460.88,VOICE,2026-03-15 00:16:02
PAYMENT0010803,ACC0029130,2026-04-19 19:59:48,98346.43,SMS,2026-02-16 21:15:48
PAYMENT0017262,ACC0002161,2026-04-19 20:18:19,141454.94,WHATSAPP,2026-04-10 16:41:19
PAYMENT0011512,ACC0007508,2026-04-19 20:24:35,56784.44,VOICE,2026-03-31 23:59:56
PAYMENT0019999,ACC0017431,2026-04-19 21:25:27,99898.62,VOICE,2026-04-15 19:31:58
PAYMENT0023538,ACC0019131,2026-04-19 21:33:35,310.37,VOICE,2026-03-07 19:31:44
PAYMENT0002170,ACC0029352,2026-04-19 21:39:27,106581.05,VOICE,2026-04-18 08:21:31
PAYMENT0020457,ACC0015268,2026-04-19 22:47:36,59000.13,VOICE,2026-04-09 21:14:56
PAYMENT0008559,ACC0016998,2026-04-19 22:55:52,50789.54,VOICE,2026-04-07 06:09:27
PAYMENT0003531,ACC0029734,2026-04-19 22:58:32,75815.51,VOICE,2026-03-18 07:57:07
PAYMENT0016350,ACC0029863,2026-04-19 23:02:35,99322.59,SMS,2026-03-17 01:02:45
PAYMENT0013996,ACC0005078,2026-04-19 23:22:35,136661.03,VOICE,2026-02-27 21:40:15
PAYMENT0004648,ACC0017467,2026-04-19 23:24:57,55812.33,VOICE,2026-02-07 07:35:58
PAYMENT0008079,ACC0010288,2026-04-20 01:55:25,40801.31,VOICE,2026-01-09 11:36:06
PAYMENT0020690,ACC0015331,2026-04-20 02:01:20,128737.88,FIELD,2026-03-22 15:25:45
PAYMENT0001273,ACC0027811,2026-04-20 02:51:59,13151.84,VOICE,2026-03-13 16:02:52
PAYMENT0010261,ACC0029435,2026-04-20 02:54:31,90028.53,WHATSAPP,2026-04-10 10:17:40
PAYMENT0000559,ACC0009964,2026-04-20 03:06:24,137904.25,VOICE,2026-03-04 11:51:47
PAYMENT0023374,ACC0025816,2026-04-20 03:22:30,112287.71,,
PAYMENT0005350,ACC0021665,2026-04-20 03:52:10,53282.44,SMS,2026-03-29 13:33:57
PAYMENT0010593,ACC0019636,2026-04-20 03:52:53,144280.18,VOICE,2026-04-15 01:28:10
PAYMENT0019914,ACC0012888,2026-04-20 04:17:09,10458.32,VOICE,2026-04-09 22:58:11
PAYMENT0003298,ACC0000468,2026-04-20 04:38:24,111118.26,VOICE,2026-01-30 18:08:38
PAYMENT0011859,ACC0016598,2026-04-20 04:57:55,149858.31,SMS,2026-01-12 16:05:24
PAYMENT0004213,ACC0003435,2026-04-20 05:14:34,143919.9,VOICE,2026-03-11 19:47:55
PAYMENT0000406,ACC0004162,2026-04-20 05:53:04,10618.66,SMS,2026-02-17 00:56:39
PAYMENT0021870,ACC0025030,2026-04-20 06:38:29,149540.49,VOICE,2026-03-18 03:36:00
PAYMENT0008830,ACC0014023,2026-04-20 06:43:00,65479.41,VOICE,2026-02-19 18:11:06
PAYMENT0004233,ACC0023897,2026-04-20 06:59:24,92477.19,WHATSAPP,2026-03-14 23:41:09
PAYMENT0009050,ACC0008443,2026-04-20 07:07:51,53032.2,,
PAYMENT0009132,ACC0002455,2026-04-20 07:21:41,146490.67,VOICE,2026-02-28 22:33:38
PAYMENT0023514,ACC0017429,2026-04-20 08:11:29,66432.14,WHATSAPP,2026-03-18 00:04:36
PAYMENT0011991,ACC0016264,2026-04-20 08:36:35,5070.35,VOICE,2026-03-10 17:39:16
PAYMENT0008377,ACC0005211,2026-04-20 08:43:54,20814.02,VOICE,2026-03-25 22:43:45
PAYMENT0021517,ACC0016369,2026-04-20 09:07:06,588.9,VOICE,2026-04-18 19:00:55
PAYMENT0018876,ACC0003946,2026-04-20 10:22:54,28473.9,VOICE,2026-03-11 09:30:36
PAYMENT0012105,ACC0000577,2026-04-20 11:29:26,12866.92,VOICE,2026-03-30 11:13:52
PAYMENT0005253,ACC0013164,2026-04-20 11:38:44,3194.43,VOICE,2026-03-25 11:50:52
PAYMENT0014708,ACC0022616,2026-04-20 11:39:30,101590.15,VOICE,2026-03-27 12:04:58
PAYMENT0015542,ACC0000542,2026-04-20 12:18:28,100017.73,WHATSAPP,2026-04-03 10:09:55
PAYMENT0014918,ACC0005558,2026-04-20 12:21:02,142592.4,VOICE,2026-04-07 06:39:13
PAYMENT0014104,ACC0029755,2026-04-20 14:06:05,71296.43,VOICE,2026-04-20 03:08:37
PAYMENT0011398,ACC0006441,2026-04-20 14:33:11,70490.17,WHATSAPP,2026-04-13 04:09:49
PAYMENT0020995,ACC0007147,2026-04-20 14:46:09,104804.89,WHATSAPP,2026-04-01 22:15:41
PAYMENT0020134,ACC0023333,2026-04-20 15:57:02,16431.0,VOICE,2026-04-10 00:52:39
PAYMENT0014809,ACC0006957,2026-04-20 16:06:37,22502.08,SMS,2026-03-28 11:07:55
PAYMENT0012208,ACC0000212,2026-04-20 16:11:16,81751.51,WHATSAPP,2026-04-15 01:10:58
PAYMENT0001989,ACC0022905,2026-04-20 16:54:28,41985.39,SMS,2026-03-28 17:48:10
PAYMENT0001344,ACC0026269,2026-04-20 17:33:10,12486.26,VOICE,2026-03-05 08:28:41
PAYMENT0002354,ACC0023618,2026-04-20 18:36:43,22887.39,VOICE,2026-04-15 19:36:25
PAYMENT0018814,ACC0009604,2026-04-20 20:26:39,14570.41,WHATSAPP,2026-04-06 12:55:38
PAYMENT0001091,ACC0017788,2026-04-20 20:50:50,83382.3,VOICE,2026-04-10 00:51:08
PAYMENT0014463,ACC0022657,2026-04-20 21:05:35,142815.29,WHATSAPP,2026-03-20 08:15:40
PAYMENT0014607,ACC0003046,2026-04-20 22:22:52,25982.87,SMS,2026-04-14 14:56:04
PAYMENT0022815,ACC0017736,2026-04-20 22:30:14,31479.21,VOICE,2026-03-19 03:33:54
PAYMENT0001501,ACC0028652,2026-04-20 22:35:30,66185.54,SMS,2026-04-08 23:38:53
PAYMENT0001163,ACC0024506,2026-04-20 23:06:59,111019.92,WHATSAPP,2026-04-14 00:47:02
PAYMENT0011047,ACC0027877,2026-04-20 23:58:24,109979.42,VOICE,2026-04-02 15:29:51
PAYMENT0016718,ACC0015452,2026-04-21 00:07:45,39486.11,SMS,2026-03-02 09:33:49
PAYMENT0003016,ACC0003879,2026-04-21 00:11:49,20574.62,SMS,2026-04-07 03:01:26
PAYMENT0007532,ACC0000374,2026-04-21 01:40:25,55963.15,FIELD,2026-03-13 00:31:59
PAYMENT0012339,ACC0009328,2026-04-21 02:08:21,133128.36,WHATSAPP,2026-03-15 13:36:11
PAYMENT0007398,ACC0017612,2026-04-21 02:33:57,7221.57,WHATSAPP,2026-03-25 13:24:51
PAYMENT0018141,ACC0016716,2026-04-21 02:48:50,70380.72,SMS,2026-03-07 23:54:36
PAYMENT0021116,ACC0024515,2026-04-21 03:19:22,110743.98,SMS,2026-04-08 16:43:53
PAYMENT0015962,ACC0010908,2026-04-21 03:20:30,68070.01,FIELD,2026-03-05 20:13:13
PAYMENT0010363,ACC0012802,2026-04-21 03:53:46,128616.94,VOICE,2026-04-17 04:45:31
PAYMENT0016155,ACC0009509,2026-04-21 03:55:26,148941.58,VOICE,2026-04-19 14:55:57
PAYMENT0020535,ACC0011945,2026-04-21 04:24:46,136238.14,FIELD,2026-04-10 22:15:57
PAYMENT0001016,ACC0017219,2026-04-21 04:43:05,137562.58,VOICE,2026-03-24 00:54:41
PAYMENT0003447,ACC0024117,2026-04-21 04:49:46,67957.17,WHATSAPP,2026-04-12 06:37:07
PAYMENT0011006,ACC0023295,2026-04-21 05:11:53,279.51,SMS,2026-04-18 08:05:31
PAYMENT0020835,ACC0001175,2026-04-21 05:16:54,135242.92,WHATSAPP,2026-04-01 16:29:52
PAYMENT0008634,ACC0009696,2026-04-21 05:43:39,26656.92,VOICE,2026-04-20 01:18:52
PAYMENT0018903,ACC0027485,2026-04-21 06:35:42,70574.28,VOICE,2026-04-20 15:23:21
PAYMENT0022109,ACC0002274,2026-04-21 07:07:06,139369.14,SMS,2026-04-08 23:31:06
PAYMENT0020532,ACC0028160,2026-04-21 07:30:31,54833.14,SMS,2026-03-21 19:14:54
PAYMENT0016212,ACC0024606,2026-04-21 08:18:30,86507.59,FIELD,2026-04-14 21:55:34
PAYMENT0010949,ACC0013803,2026-04-21 08:22:29,33972.39,WHATSAPP,2026-04-10 17:45:53
PAYMENT0016811,ACC0024200,2026-04-21 08:47:36,91637.01,SMS,2026-04-05 09:03:14
PAYMENT0013735,ACC0019338,2026-04-21 09:13:24,34696.36,WHATSAPP,2026-04-21 03:06:54
PAYMENT0018953,ACC0015125,2026-04-21 09:13:45,52680.49,VOICE,2026-04-12 16:18:36
PAYMENT0018688,ACC0017344,2026-04-21 09:18:57,26008.63,VOICE,2026-04-17 15:49:56
PAYMENT0001489,ACC0023795,2026-04-21 09:25:28,10845.71,VOICE,2026-03-29 03:15:53
PAYMENT0017344,ACC0024415,2026-04-21 10:19:25,49749.93,WHATSAPP,2026-04-15 06:34:20
PAYMENT0006844,ACC0010352,2026-04-21 10:33:39,28323.17,SMS,2026-04-20 07:31:00
PAYMENT0022032,ACC0023915,2026-04-21 10:36:55,118001.06,FIELD,2026-03-04 17:40:49
PAYMENT0005836,ACC0014440,2026-04-21 12:20:27,75740.25,VOICE,2026-04-08 21:22:07
PAYMENT0020154,ACC0023540,2026-04-21 12:21:55,110579.26,VOICE,2026-04-13 11:03:06
PAYMENT0017209,ACC0022556,2026-04-21 12:25:09,70345.71,VOICE,2026-02-13 20:23:17
PAYMENT0003205,ACC0027336,2026-04-21 13:41:24,119874.46,VOICE,2026-04-03 10:31:01
PAYMENT0021207,ACC0002886,2026-04-21 14:46:13,26678.57,VOICE,2026-03-31 04:34:54
PAYMENT0007023,ACC0016214,2026-04-21 15:04:01,97021.87,WHATSAPP,2026-04-04 16:41:21
PAYMENT0011384,ACC0029301,2026-04-21 15:31:38,2687.52,,
PAYMENT0010996,ACC0026721,2026-04-21 15:48:02,2529.63,VOICE,2026-04-11 04:39:43
PAYMENT0024360,ACC0002186,2026-04-21 16:11:22,1517.14,SMS,2026-02-19 05:03:14
PAYMENT0017568,ACC0005227,2026-04-21 16:46:10,101000.6,SMS,2026-02-23 15:47:52
PAYMENT0011785,ACC0013563,2026-04-21 17:31:12,41459.52,WHATSAPP,2026-01-18 22:31:40
PAYMENT0009537,ACC0028212,2026-04-21 17:58:17,2058.46,SMS,2026-04-21 08:13:10
PAYMENT0010922,ACC0012003,2026-04-21 18:12:53,20545.1,VOICE,2026-04-07 07:31:27
PAYMENT0012741,ACC0002087,2026-04-21 18:39:00,48132.95,VOICE,2026-02-27 21:33:34
PAYMENT0002846,ACC0012099,2026-04-21 18:49:11,3444.31,VOICE,2026-02-05 20:47:15
PAYMENT0015291,ACC0001401,2026-04-21 19:24:01,43611.29,SMS,2026-03-19 23:38:23
PAYMENT0012274,ACC0025462,2026-04-21 19:39:41,17833.11,VOICE,2026-03-30 01:05:00
PAYMENT0019952,ACC0010618,2026-04-21 19:51:00,14993.49,VOICE,2026-03-08 02:41:49
PAYMENT0016925,ACC0021415,2026-04-21 20:19:59,131312.99,FIELD,2026-01-01 10:17:26
PAYMENT0013590,ACC0025099,2026-04-21 20:22:36,113033.88,WHATSAPP,2026-02-14 18:56:21
PAYMENT0019514,ACC0004579,2026-04-21 21:23:04,94394.04,VOICE,2026-04-16 11:18:34
PAYMENT0012360,ACC0029043,2026-04-21 21:59:11,36432.85,SMS,2026-04-15 17:40:52
PAYMENT0023073,ACC0024695,2026-04-21 22:18:45,8854.48,SMS,2026-02-06 18:19:26
PAYMENT0011128,ACC0029839,2026-04-21 22:32:53,86522.82,VOICE,2026-04-01 05:44:46
PAYMENT0020501,ACC0018774,2026-04-21 22:37:23,45477.09,SMS,2026-04-17 10:55:32
PAYMENT0000227,ACC0008859,2026-04-21 22:44:03,15551.77,VOICE,2026-03-27 20:42:48
PAYMENT0023339,ACC0020331,2026-04-21 22:45:42,13551.56,VOICE,2026-04-18 08:53:00
PAYMENT0017773,ACC0012900,2026-04-21 22:52:51,111219.67,WHATSAPP,2026-03-31 10:08:18
PAYMENT0009689,ACC0012476,2026-04-21 23:04:51,127032.26,VOICE,2026-04-12 17:17:54
PAYMENT0006624,ACC0020755,2026-04-21 23:04:59,67407.44,VOICE,2026-02-19 11:17:06
PAYMENT0001370,ACC0011476,2026-04-21 23:12:49,145786.78,FIELD,2026-03-22 20:08:47
PAYMENT0019376,ACC0000381,2026-04-21 23:34:56,120202.37,FIELD,2026-04-19 19:52:03
PAYMENT0005145,ACC0004223,2026-04-21 23:38:04,67207.61,WHATSAPP,2026-04-12 21:51:18
PAYMENT0009387,ACC0016191,2026-04-21 23:50:50,143894.29,WHATSAPP,2026-03-19 03:49:14
PAYMENT0015311,ACC0029773,2026-04-22 00:01:10,72930.84,FIELD,2026-03-28 07:23:15
PAYMENT0024091,ACC0004395,2026-04-22 00:22:34,101285.08,FIELD,2026-02-24 10:00:22
PAYMENT0021806,ACC0015140,2026-04-22 00:30:16,103835.14,VOICE,2026-04-16 21:48:47
PAYMENT0020349,ACC0019242,2026-04-22 00:31:35,24995.6,SMS,2026-04-14 01:37:15
PAYMENT0014671,ACC0026577,2026-04-22 00:42:04,70621.56,WHATSAPP,2026-03-06 06:08:37
PAYMENT0000752,ACC0026913,2026-04-22 01:11:04,124351.96,SMS,2026-04-19 06:17:37
PAYMENT0018727,ACC0001730,2026-04-22 02:11:31,3736.95,,
PAYMENT0009403,ACC0018650,2026-04-22 02:49:34,23515.2,WHATSAPP,2026-03-28 09:34:00
PAYMENT0007186,ACC0009335,2026-04-22 03:30:14,129971.32,SMS,2026-04-15 07:26:41
PAYMENT0008143,ACC0025562,2026-04-22 03:32:49,87852.2,WHATSAPP,2026-04-12 03:12:49
PAYMENT0021681,ACC0000527,2026-04-22 04:11:20,36508.36,WHATSAPP,2026-04-19 17:15:17
PAYMENT0006075,ACC0003458,2026-04-22 04:20:57,123604.1,VOICE,2026-01-28 15:16:13
PAYMENT0010468,ACC0011554,2026-04-22 04:36:10,90823.98,VOICE,2026-04-11 01:20:57
PAYMENT0016005,ACC0004480,2026-04-22 05:36:34,69352.58,VOICE,2026-04-20 06:06:53
PAYMENT0008067,ACC0007724,2026-04-22 06:33:36,115676.83,FIELD,2026-04-11 23:46:40
PAYMENT0013301,ACC0006985,2026-04-22 06:34:44,28927.62,VOICE,2026-03-31 18:49:03
PAYMENT0017532,ACC0022630,2026-04-22 06:47:07,22490.45,FIELD,2026-01-27 11:44:19
PAYMENT0003247,ACC0028623,2026-04-22 07:39:23,113849.49,WHATSAPP,2026-01-27 14:28:50
PAYMENT0010558,ACC0025815,2026-04-22 07:48:25,90886.76,WHATSAPP,2026-03-26 18:33:31
PAYMENT0016318,ACC0023788,2026-04-22 08:08:00,130838.52,VOICE,2026-04-09 01:51:26
PAYMENT0005994,ACC0014356,2026-04-22 09:32:31,149329.98,WHATSAPP,2026-03-09 20:15:34
PAYMENT0020932,ACC0011417,2026-04-22 09:35:18,148555.43,WHATSAPP,2026-03-16 15:01:07
PAYMENT0017798,ACC0024985,2026-04-22 09:39:50,1652.38,SMS,2026-04-01 23:50:15
PAYMENT0013841,ACC0026308,2026-04-22 09:47:30,124024.62,WHATSAPP,2026-04-02 20:56:39
PAYMENT0021085,ACC0018956,2026-04-22 09:49:01,42769.6,VOICE,2026-03-14 15:17:46
PAYMENT0008674,ACC0028349,2026-04-22 10:11:37,96970.28,WHATSAPP,2026-04-13 19:12:24
PAYMENT0005939,ACC0010289,2026-04-22 10:53:43,79351.49,WHATSAPP,2026-04-11 10:24:40
PAYMENT0021107,ACC0014694,2026-04-22 11:17:51,6021.96,VOICE,2026-03-27 21:37:45
PAYMENT0017214,ACC0004577,2026-04-22 11:25:15,141686.83,VOICE,2026-04-01 20:36:30
PAYMENT0000273,ACC0015050,2026-04-22 12:11:13,9045.09,WHATSAPP,2026-04-03 12:56:26
PAYMENT0000833,ACC0016245,2026-04-22 12:51:08,81223.13,,
PAYMENT0006019,ACC0025708,2026-04-22 12:58:11,66168.86,VOICE,2026-02-05 11:17:36
PAYMENT0018320,ACC0011162,2026-04-22 13:28:07,31188.0,VOICE,2026-04-18 02:11:01
PAYMENT0021678,ACC0013547,2026-04-22 13:49:52,88966.63,SMS,2026-04-04 01:50:25
PAYMENT0017075,ACC0013254,2026-04-22 13:59:57,114751.52,WHATSAPP,2026-02-23 16:21:19
PAYMENT0002751,ACC0000556,2026-04-22 15:38:19,132205.97,FIELD,2026-04-13 06:44:13
PAYMENT0008831,ACC0025920,2026-04-22 15:38:39,113882.91,VOICE,2026-04-20 00:13:21
PAYMENT0018749,ACC0024761,2026-04-22 15:46:24,64325.67,VOICE,2026-03-18 16:42:29
PAYMENT0019923,ACC0013373,2026-04-22 16:38:15,11260.48,WHATSAPP,2026-03-10 01:13:01
PAYMENT0003728,ACC0028561,2026-04-22 16:38:46,74686.44,SMS,2026-04-18 05:47:43
PAYMENT0007156,ACC0013987,2026-04-22 16:40:28,37446.28,VOICE,2026-02-25 15:51:35
PAYMENT0014513,ACC0019702,2026-04-22 17:51:19,89158.21,VOICE,2026-01-13 10:42:40
PAYMENT0019436,ACC0010351,2026-04-22 18:23:59,137444.82,SMS,2026-03-19 17:01:35
PAYMENT0012946,ACC0026543,2026-04-22 18:45:02,135420.43,VOICE,2026-04-08 17:32:37
PAYMENT0002842,ACC0029113,2026-04-22 19:22:57,114010.79,VOICE,2026-04-03 06:50:39
PAYMENT0010759,ACC0009110,2026-04-22 19:29:37,81613.86,WHATSAPP,2026-04-18 18:49:49
PAYMENT0011064,ACC0008835,2026-04-22 19:44:36,37315.62,VOICE,2026-03-06 04:39:19
PAYMENT0013297,ACC0023185,2026-04-22 19:47:54,5347.02,VOICE,2026-03-23 11:55:29
PAYMENT0023747,ACC0016167,2026-04-22 19:54:22,131433.92,VOICE,2026-03-27 15:32:25
PAYMENT0009793,ACC0027841,2026-04-22 19:54:55,27296.8,VOICE,2026-04-12 13:05:33
PAYMENT0014575,ACC0003904,2026-04-22 19:57:40,506.22,FIELD,2026-04-16 07:05:36
PAYMENT0002349,ACC0017347,2026-04-22 20:06:21,109367.49,WHATSAPP,2026-04-13 06:54:47
PAYMENT0019871,ACC0028129,2026-04-22 20:15:04,10912.99,SMS,2026-04-04 00:07:05
PAYMENT0014821,ACC0005770,2026-04-22 21:53:28,75073.07,SMS,2026-03-01 15:42:32
PAYMENT0017157,ACC0016479,2026-04-22 22:23:29,15015.87,VOICE,2026-03-31 10:10:28
PAYMENT0012147,ACC0006729,2026-04-22 22:35:01,51273.76,WHATSAPP,2026-04-10 01:01:55
PAYMENT0009469,ACC0018276,2026-04-22 22:47:41,103104.42,FIELD,2026-01-31 21:33:38
PAYMENT0005853,ACC0022315,2026-04-22 22:51:19,110968.66,WHATSAPP,2026-04-17 09:08:39
PAYMENT0012547,ACC0023177,2026-04-22 23:09:59,62575.13,SMS,2026-04-13 02:40:55
PAYMENT0007832,ACC0002034,2026-04-22 23:20:16,26973.04,FIELD,2026-04-06 09:03:53
PAYMENT0002819,ACC0004096,2026-04-22 23:40:38,74292.46,FIELD,2026-04-14 10:44:39
PAYMENT0023059,ACC0013137,2026-04-22 23:52:18,50686.9,VOICE,2026-04-17 02:04:22
PAYMENT0024485,ACC0015292,2026-04-23 00:57:44,49800.67,WHATSAPP,2026-04-18 15:51:04
PAYMENT0009426,ACC0012563,2026-04-23 02:49:07,113645.63,VOICE,2026-03-07 07:32:37
PAYMENT0015504,ACC0016932,2026-04-23 03:16:13,99583.04,VOICE,2026-01-31 20:23:19
PAYMENT0010814,ACC0010122,2026-04-23 03:30:00,98904.88,SMS,2026-04-11 01:19:38
PAYMENT0024497,ACC0003103,2026-04-23 03:49:44,131455.32,FIELD,2026-04-14 23:09:26
PAYMENT0014056,ACC0006625,2026-04-23 03:55:51,108405.2,VOICE,2026-04-21 18:06:54
PAYMENT0008063,ACC0013438,2026-04-23 04:07:15,137839.87,VOICE,2026-02-18 18:52:47
PAYMENT0023035,ACC0015979,2026-04-23 05:17:49,60662.52,VOICE,2026-03-10 02:27:11
PAYMENT0002149,ACC0024066,2026-04-23 05:38:24,79613.98,FIELD,2026-04-18 07:29:11
PAYMENT0010426,ACC0000061,2026-04-23 05:49:42,100529.08,WHATSAPP,2026-04-22 22:31:46
PAYMENT0002573,ACC0017876,2026-04-23 05:54:35,127702.5,SMS,2026-02-28 04:19:41
PAYMENT0002881,ACC0018314,2026-04-23 06:36:14,46986.14,FIELD,2026-03-30 08:52:12
PAYMENT0001715,ACC0008243,2026-04-23 06:42:32,57817.0,SMS,2026-02-20 23:09:13
PAYMENT0022262,ACC0018760,2026-04-23 06:59:19,96635.17,VOICE,2026-03-28 13:42:24
PAYMENT0012375,ACC0014835,2026-04-23 07:04:27,98500.85,VOICE,2026-04-09 19:44:01
PAYMENT0021875,ACC0020261,2026-04-23 07:49:30,70899.81,VOICE,2026-03-10 01:34:59
PAYMENT0002318,ACC0014951,2026-04-23 07:54:17,121487.33,VOICE,2026-04-14 09:21:23
PAYMENT0023849,ACC0010522,2026-04-23 08:25:04,49371.51,FIELD,2026-04-21 00:55:44
PAYMENT0003837,ACC0011360,2026-04-23 08:26:26,3934.71,WHATSAPP,2026-04-14 17:14:53
PAYMENT0019886,ACC0007863,2026-04-23 08:43:32,105207.93,VOICE,2026-03-23 09:46:26
PAYMENT0017788,ACC0013369,2026-04-23 09:21:09,135572.57,VOICE,2026-04-16 08:15:08
PAYMENT0009586,ACC0006261,2026-04-23 10:05:09,127424.83,VOICE,2026-03-09 23:40:07
PAYMENT0008259,ACC0006762,2026-04-23 10:30:13,21916.63,WHATSAPP,2026-03-29 12:10:00
PAYMENT0015029,ACC0028389,2026-04-23 10:57:41,97822.07,WHATSAPP,2026-02-17 16:42:06
PAYMENT0015127,ACC0028592,2026-04-23 11:02:10,80319.88,VOICE,2026-03-11 10:15:11
PAYMENT0024583,ACC0001792,2026-04-23 11:51:55,105311.48,FIELD,2026-04-02 13:33:35
PAYMENT0001842,ACC0005531,2026-04-23 11:56:19,15072.53,VOICE,2026-03-24 18:56:54
PAYMENT0010209,ACC0004952,2026-04-23 12:10:08,95965.24,WHATSAPP,2026-03-19 22:20:42
PAYMENT0006046,ACC0023620,2026-04-23 12:16:09,94894.65,SMS,2026-04-12 03:30:37
PAYMENT0007537,ACC0017812,2026-04-23 13:19:00,95737.26,VOICE,2026-04-22 16:30:53
PAYMENT0005992,ACC0018632,2026-04-23 13:27:15,118890.62,WHATSAPP,2026-04-18 03:56:12
PAYMENT0024264,ACC0020435,2026-04-23 13:34:01,74359.66,VOICE,2026-04-01 13:19:39
PAYMENT0013507,ACC0022994,2026-04-23 15:00:52,128049.7,SMS,2026-02-05 15:25:44
PAYMENT0004199,ACC0023311,2026-04-23 15:01:29,90659.0,VOICE,2026-04-02 15:07:55
PAYMENT0001537,ACC0001763,2026-04-23 16:01:40,9653.88,VOICE,2026-04-19 04:46:22
PAYMENT0001220,ACC0000246,2026-04-23 16:20:17,42553.29,,
PAYMENT0009394,ACC0002087,2026-04-23 16:42:55,72389.49,VOICE,2026-02-27 21:33:34
PAYMENT0006625,ACC0026388,2026-04-23 17:10:41,96794.71,SMS,2026-04-18 17:46:20
PAYMENT0014859,ACC0012608,2026-04-23 17:28:21,71020.87,SMS,2026-03-30 03:24:19
PAYMENT0005091,ACC0020472,2026-04-23 17:35:08,41529.85,SMS,2026-03-09 13:18:07
PAYMENT0007549,ACC0016348,2026-04-23 18:21:21,66058.69,VOICE,2026-03-25 23:53:31
PAYMENT0022018,ACC0020650,2026-04-23 18:44:38,103146.02,VOICE,2026-03-25 07:08:15
PAYMENT0013451,ACC0018624,2026-04-23 18:47:00,71776.16,SMS,2026-04-15 11:30:06
PAYMENT0020873,ACC0001581,2026-04-23 19:03:08,111938.38,VOICE,2026-03-14 11:35:38
PAYMENT0017009,ACC0011794,2026-04-23 19:56:09,29970.83,WHATSAPP,2026-04-22 04:48:52
PAYMENT0006660,ACC0011267,2026-04-23 20:47:32,134624.04,VOICE,2026-03-18 03:02:36
PAYMENT0017371,ACC0007141,2026-04-23 20:53:39,90600.82,SMS,2026-04-23 09:59:05
PAYMENT0010024,ACC0029600,2026-04-23 21:42:38,125403.92,VOICE,2026-03-07 06:00:07
PAYMENT0024624,ACC0016167,2026-04-23 22:08:01,54083.04,VOICE,2026-03-27 15:32:25
PAYMENT0002182,ACC0005599,2026-04-23 23:20:39,52367.07,SMS,2026-04-20 11:02:35
PAYMENT0016796,ACC0004818,2026-04-23 23:24:32,128392.48,VOICE,2026-04-15 05:47:29
PAYMENT0007725,ACC0023050,2026-04-23 23:30:25,147368.32,SMS,2026-03-04 00:01:00
PAYMENT0001053,ACC0018340,2026-04-23 23:52:30,141260.57,WHATSAPP,2026-04-14 22:42:15
PAYMENT0003789,ACC0025748,2026-04-24 00:19:55,82024.39,VOICE,2026-04-09 19:06:46
PAYMENT0011392,ACC0018033,2026-04-24 00:57:12,126973.91,WHATSAPP,2026-04-13 09:24:46
PAYMENT0014697,ACC0026350,2026-04-24 01:00:31,46171.19,VOICE,2026-04-20 12:28:56
PAYMENT0000436,ACC0026481,2026-04-24 01:50:45,73414.64,VOICE,2026-04-10 01:44:57
PAYMENT0004568,ACC0023544,2026-04-24 02:30:56,15077.69,VOICE,2026-02-04 15:37:09
PAYMENT0011344,ACC0008365,2026-04-24 02:39:00,115048.96,SMS,2026-03-17 00:42:33
PAYMENT0023120,ACC0022711,2026-04-24 02:50:34,105050.14,VOICE,2026-02-25 05:56:45
PAYMENT0020965,ACC0025336,2026-04-24 03:07:32,7246.17,VOICE,2026-04-09 06:53:42
PAYMENT0008997,ACC0026635,2026-04-24 03:42:33,77839.75,VOICE,2026-04-21 14:53:19
PAYMENT0001343,ACC0011809,2026-04-24 04:46:04,145453.24,FIELD,2026-04-16 20:58:44
PAYMENT0013391,ACC0025660,2026-04-24 05:01:20,68144.84,VOICE,2026-04-20 10:39:03
PAYMENT0000928,ACC0004623,2026-04-24 05:05:57,71285.89,WHATSAPP,2026-04-02 16:04:32
PAYMENT0011457,ACC0015027,2026-04-24 05:06:09,36533.87,WHATSAPP,2026-04-16 14:29:22
PAYMENT0008571,ACC0007686,2026-04-24 05:07:58,144503.75,VOICE,2026-03-14 12:49:44
PAYMENT0010139,ACC0014628,2026-04-24 05:34:25,130444.16,FIELD,2026-04-02 18:01:44
PAYMENT0019702,ACC0007608,2026-04-24 05:50:46,113651.09,SMS,2026-03-29 02:51:30
PAYMENT0023873,ACC0026752,2026-04-24 06:23:40,86994.54,VOICE,2026-04-21 02:41:05
PAYMENT0014089,ACC0001889,2026-04-24 07:01:13,35002.87,SMS,2026-04-17 11:01:33
PAYMENT0024406,ACC0005486,2026-04-24 07:06:39,36090.63,SMS,2026-04-12 21:38:07
PAYMENT0013755,ACC0020867,2026-04-24 07:10:24,16091.71,WHATSAPP,2026-04-22 18:54:05
PAYMENT0014451,ACC0000601,2026-04-24 07:42:45,107958.89,WHATSAPP,2026-03-25 06:59:15
PAYMENT0006159,ACC0020158,2026-04-24 08:37:13,115349.83,FIELD,2026-02-19 22:05:58
PAYMENT0021633,ACC0011967,2026-04-24 09:50:44,120838.32,FIELD,2026-03-25 21:19:52
PAYMENT0020636,ACC0014826,2026-04-24 09:58:28,41617.29,WHATSAPP,2026-03-24 07:19:23
PAYMENT0021546,ACC0017809,2026-04-24 10:02:22,27677.53,WHATSAPP,2026-01-22 08:11:29
PAYMENT0013921,ACC0005490,2026-04-24 10:04:25,84812.01,FIELD,2026-04-13 12:27:24
PAYMENT0021058,ACC0011051,2026-04-24 10:07:19,42039.47,VOICE,2026-04-16 03:12:56
PAYMENT0008839,ACC0007609,2026-04-24 10:12:03,84753.99,SMS,2026-04-08 22:03:13
PAYMENT0017286,ACC0012837,2026-04-24 10:44:41,125526.41,WHATSAPP,2026-03-24 16:17:57
PAYMENT0012123,ACC0028770,2026-04-24 10:55:50,8143.98,VOICE,2026-04-23 19:22:21
PAYMENT0007825,ACC0019202,2026-04-24 11:27:07,94605.42,VOICE,2026-03-14 16:17:48
PAYMENT0022897,ACC0004352,2026-04-24 11:37:06,40343.59,VOICE,2026-03-05 17:49:20
PAYMENT0013777,ACC0019263,2026-04-24 11:39:03,24958.99,VOICE,2026-04-23 11:53:15
PAYMENT0001158,ACC0009487,2026-04-24 12:15:03,50794.98,VOICE,2026-03-31 16:32:54
PAYMENT0022728,ACC0018575,2026-04-24 12:27:22,7251.51,WHATSAPP,2026-03-16 08:29:57
PAYMENT0001694,ACC0019220,2026-04-24 12:32:22,134153.97,VOICE,2026-04-09 19:00:51
PAYMENT0000470,ACC0010119,2026-04-24 12:35:56,28652.07,VOICE,2026-03-02 10:43:55
PAYMENT0020975,ACC0014619,2026-04-24 12:39:49,61903.0,SMS,2026-03-26 01:33:46
PAYMENT0015514,ACC0019117,2026-04-24 13:35:55,42249.37,WHATSAPP,2026-04-01 07:37:50
PAYMENT0011520,ACC0017823,2026-04-24 14:16:13,101986.44,VOICE,2026-03-30 03:12:56
PAYMENT0023564,ACC0020117,2026-04-24 15:29:49,21869.88,VOICE,2026-03-28 18:53:29
PAYMENT0013466,ACC0002532,2026-04-24 15:45:14,61736.67,VOICE,2026-03-21 02:07:59
PAYMENT0023611,ACC0018379,2026-04-24 16:04:12,1838.13,VOICE,2026-04-22 22:15:50
PAYMENT0006861,ACC0022319,2026-04-24 17:03:23,144199.53,SMS,2026-04-06 06:52:29
PAYMENT0020485,ACC0003648,2026-04-24 17:04:26,85465.09,VOICE,2026-03-26 18:17:53
PAYMENT0015570,ACC0014373,2026-04-24 17:11:40,123263.31,WHATSAPP,2026-03-17 12:42:06
PAYMENT0004425,ACC0013428,2026-04-24 17:23:14,109339.13,VOICE,2026-03-15 14:07:02
PAYMENT0013585,ACC0016365,2026-04-24 17:30:49,147800.75,VOICE,2026-04-21 06:01:04
PAYMENT0010579,ACC0016876,2026-04-24 17:44:30,125488.9,SMS,2026-03-22 11:44:03
PAYMENT0001376,ACC0003218,2026-04-24 18:46:35,1967.24,SMS,2026-03-01 01:50:35
PAYMENT0018979,ACC0006691,2026-04-24 19:05:12,127708.19,VOICE,2026-01-18 03:19:23
PAYMENT0015427,ACC0005963,2026-04-24 19:51:13,63113.67,VOICE,2026-04-04 07:19:50
PAYMENT0000192,ACC0015919,2026-04-24 19:51:17,122404.43,WHATSAPP,2026-04-12 12:21:02
PAYMENT0004136,ACC0025169,2026-04-24 21:21:37,13274.61,VOICE,2026-04-20 06:24:52
PAYMENT0001177,ACC0018867,2026-04-24 22:13:25,37233.38,SMS,2026-04-11 21:33:14
PAYMENT0012546,ACC0009613,2026-04-24 22:17:22,141598.85,VOICE,2026-03-02 08:52:22
PAYMENT0007245,ACC0029182,2026-04-24 23:13:45,109314.75,VOICE,2026-04-04 12:40:52
PAYMENT0003673,ACC0012801,2026-04-24 23:43:23,98722.79,VOICE,2026-04-23 11:34:32
PAYMENT0010539,ACC0010384,2026-04-24 23:48:54,55959.41,WHATSAPP,2026-03-04 20:28:41
PAYMENT0011685,ACC0015524,2026-04-24 23:50:51,148715.91,SMS,2026-03-20 08:40:23
PAYMENT0011496,ACC0020998,2026-04-25 00:32:44,3804.04,SMS,2026-03-30 15:06:31
PAYMENT0020396,ACC0018480,2026-04-25 01:11:00,58504.28,VOICE,2026-04-06 03:15:53
PAYMENT0009959,ACC0001226,2026-04-25 01:24:53,45274.89,VOICE,2026-02-14 14:01:36
PAYMENT0024204,ACC0022745,2026-04-25 01:40:54,93276.38,VOICE,2026-02-17 04:48:54
PAYMENT0024274,ACC0029301,2026-04-25 01:44:52,85014.2,,
PAYMENT0015876,ACC0010678,2026-04-25 01:46:30,109285.1,VOICE,2026-04-15 15:15:51
PAYMENT0018071,ACC0024244,2026-04-25 02:23:10,42002.56,VOICE,2026-04-11 00:25:17
PAYMENT0021623,ACC0023713,2026-04-25 02:44:44,114561.48,WHATSAPP,2026-02-19 17:13:03
PAYMENT0002646,ACC0015499,2026-04-25 02:58:27,16484.18,WHATSAPP,2026-03-25 10:49:01
PAYMENT0017516,ACC0008507,2026-04-25 03:36:31,85548.7,SMS,2026-04-10 17:59:55
PAYMENT0008326,ACC0013352,2026-04-25 03:54:40,31965.11,SMS,2026-02-24 12:29:08
PAYMENT0007697,ACC0014087,2026-04-25 03:55:28,120303.81,WHATSAPP,2026-03-31 13:27:12
PAYMENT0018860,ACC0017067,2026-04-25 03:57:57,148591.51,VOICE,2026-03-12 01:31:29
PAYMENT0007267,ACC0005559,2026-04-25 04:12:51,137591.1,VOICE,2026-04-09 18:25:11
PAYMENT0013326,ACC0028677,2026-04-25 04:28:44,39097.05,VOICE,2026-04-16 16:48:16
PAYMENT0020915,ACC0028321,2026-04-25 05:24:11,121899.09,FIELD,2026-04-03 17:08:16
PAYMENT0002574,ACC0001321,2026-04-25 05:33:21,84060.52,VOICE,2026-01-21 06:52:58
PAYMENT0020278,ACC0015950,2026-04-25 06:02:43,3626.23,SMS,2026-04-09 14:27:50
PAYMENT0012505,ACC0018783,2026-04-25 06:11:18,49375.07,VOICE,2026-04-14 07:27:05
PAYMENT0020582,ACC0017677,2026-04-25 07:24:20,85652.99,WHATSAPP,2026-04-24 00:00:07
PAYMENT0008872,ACC0007044,2026-04-25 07:32:46,49141.37,VOICE,2026-04-15 03:07:29
PAYMENT0019986,ACC0021587,2026-04-25 07:44:45,46208.1,SMS,2026-02-11 17:29:09
PAYMENT0020216,ACC0005679,2026-04-25 07:49:27,43535.73,VOICE,2026-02-24 19:34:08
PAYMENT0021754,ACC0018514,2026-04-25 09:07:18,36515.98,WHATSAPP,2026-04-03 02:43:12
PAYMENT0021426,ACC0008636,2026-04-25 10:00:08,42009.76,VOICE,2026-04-05 23:57:08
PAYMENT0009261,ACC0011106,2026-04-25 10:05:11,45449.94,SMS,2026-04-06 11:24:46
PAYMENT0007269,ACC0009945,2026-04-25 10:11:21,110322.96,VOICE,2026-03-16 04:50:08
PAYMENT0010368,ACC0009647,2026-04-25 10:14:24,68441.91,VOICE,2026-04-03 09:43:11
PAYMENT0003556,ACC0027606,2026-04-25 10:29:10,95982.27,,
PAYMENT0014098,ACC0015915,2026-04-25 10:33:31,9779.03,WHATSAPP,2026-04-09 16:03:05
PAYMENT0023459,ACC0007104,2026-04-25 10:39:22,67011.28,VOICE,2026-04-19 08:57:03
PAYMENT0024006,ACC0023648,2026-04-25 11:06:49,132211.99,VOICE,2026-03-17 01:34:33
PAYMENT0009968,ACC0017235,2026-04-25 11:15:03,58294.65,VOICE,2026-03-26 01:24:22
PAYMENT0000165,ACC0008253,2026-04-25 11:17:23,15244.45,SMS,2026-04-09 18:00:17
PAYMENT0005025,ACC0025996,2026-04-25 12:26:40,123825.71,VOICE,2026-04-20 11:30:13
PAYMENT0023316,ACC0016907,2026-04-25 13:03:50,37559.16,WHATSAPP,2026-04-21 11:39:05
PAYMENT0023169,ACC0027876,2026-04-25 13:18:29,13960.56,WHATSAPP,2026-04-18 16:37:49
PAYMENT0004563,ACC0024650,2026-04-25 13:58:15,44970.2,VOICE,2026-04-19 15:12:12
PAYMENT0004515,ACC0008210,2026-04-25 14:35:17,138730.97,VOICE,2026-04-19 06:07:05
PAYMENT0002592,ACC0019509,2026-04-25 14:42:51,22950.77,SMS,2026-03-18 04:16:50
PAYMENT0024565,ACC0023826,2026-04-25 14:44:38,94051.36,FIELD,2026-04-06 19:04:34
PAYMENT0010141,ACC0019865,2026-04-25 15:49:52,70868.17,VOICE,2026-04-16 06:16:54
PAYMENT0008953,ACC0012895,2026-04-25 16:11:22,14631.64,VOICE,2026-04-11 22:10:25
PAYMENT0023080,ACC0025523,2026-04-25 16:14:45,26185.31,WHATSAPP,2026-03-07 12:39:23
PAYMENT0019461,ACC0003650,2026-04-25 17:10:46,16776.63,SMS,2026-04-12 15:38:47
PAYMENT0002102,ACC0015624,2026-04-25 17:26:41,70497.3,VOICE,2026-03-05 14:26:07
PAYMENT0000774,ACC0011078,2026-04-25 17:43:41,36546.15,SMS,2026-04-08 10:34:06
PAYMENT0024237,ACC0008173,2026-04-25 17:48:43,94797.44,FIELD,2026-02-25 03:56:04
PAYMENT0000578,ACC0029245,2026-04-25 18:21:57,58999.8,VOICE,2026-04-19 04:47:54
PAYMENT0012667,ACC0000852,2026-04-25 18:36:22,44368.91,SMS,2026-03-06 12:14:30
PAYMENT0000096,ACC0026223,2026-04-25 19:02:38,68516.14,WHATSAPP,2026-04-05 09:01:10
PAYMENT0013324,ACC0000635,2026-04-25 19:24:33,121227.26,VOICE,2026-04-07 00:46:52
PAYMENT0008620,ACC0011087,2026-04-25 21:55:27,100229.45,VOICE,2026-04-01 12:14:56
PAYMENT0012497,ACC0024428,2026-04-25 22:32:41,11500.58,WHATSAPP,2026-04-10 20:41:09
PAYMENT0023126,ACC0006460,2026-04-25 23:19:06,93970.21,SMS,2026-04-20 13:31:09
PAYMENT0001268,ACC0003045,2026-04-25 23:57:08,48630.86,WHATSAPP,2026-03-25 02:09:38
PAYMENT0014769,ACC0014009,2026-04-26 00:02:34,23422.06,WHATSAPP,2026-03-14 20:34:26
PAYMENT0017225,ACC0001893,2026-04-26 00:54:22,17537.8,VOICE,2026-03-24 02:38:55
PAYMENT0012427,ACC0010396,2026-04-26 00:55:44,17701.36,VOICE,2026-04-24 22:58:18
PAYMENT0006595,ACC0029228,2026-04-26 01:06:34,40766.96,VOICE,2026-04-24 13:10:06
PAYMENT0002984,ACC0027383,2026-04-26 01:13:11,67786.39,FIELD,2026-04-12 09:29:41
PAYMENT0008315,ACC0013283,2026-04-26 01:46:27,137227.65,VOICE,2026-04-05 22:51:02
PAYMENT0024789,ACC0026173,2026-04-26 02:43:08,73287.1,VOICE,2026-04-24 15:07:32
PAYMENT0005005,ACC0026007,2026-04-26 02:53:11,130395.71,VOICE,2026-04-17 07:22:08
PAYMENT0003637,ACC0020919,2026-04-26 03:21:31,31517.57,VOICE,2026-04-18 23:45:42
PAYMENT0017681,ACC0024478,2026-04-26 03:23:57,116932.54,WHATSAPP,2026-04-25 08:28:31
PAYMENT0018305,ACC0012405,2026-04-26 03:31:10,63113.08,VOICE,2026-03-20 06:08:27
PAYMENT0012521,ACC0010290,2026-04-26 03:55:41,32517.46,VOICE,2026-04-14 01:55:27
PAYMENT0023565,ACC0029704,2026-04-26 04:14:45,132387.4,FIELD,2026-04-16 05:46:04
PAYMENT0008760,ACC0011876,2026-04-26 05:50:36,123344.57,VOICE,2026-03-02 17:25:08
PAYMENT0021673,ACC0022376,2026-04-26 07:01:59,21724.72,VOICE,2026-03-24 13:29:06
PAYMENT0001074,ACC0013889,2026-04-26 07:03:00,42111.29,WHATSAPP,2026-04-12 20:45:52
PAYMENT0002436,ACC0007259,2026-04-26 07:52:43,112313.85,,
PAYMENT0011533,ACC0028568,2026-04-26 08:03:55,147776.64,WHATSAPP,2026-04-02 08:51:31
PAYMENT0020977,ACC0012473,2026-04-26 08:48:54,55156.55,SMS,2026-03-03 15:26:18
PAYMENT0002668,ACC0013732,2026-04-26 08:53:28,96080.09,VOICE,2026-04-01 20:12:47
PAYMENT0013359,ACC0012921,2026-04-26 09:10:39,24753.43,VOICE,2026-02-18 15:33:27
PAYMENT0017099,ACC0018455,2026-04-26 09:46:53,138860.27,SMS,2026-03-29 09:22:07
PAYMENT0009407,ACC0002280,2026-04-26 11:13:50,3474.69,SMS,2026-04-19 15:21:09
PAYMENT0019406,ACC0006371,2026-04-26 11:36:50,67387.66,VOICE,2026-04-23 14:03:44
PAYMENT0014009,ACC0020329,2026-04-26 12:56:30,111792.02,VOICE,2026-04-21 03:17:05
PAYMENT0018424,ACC0014075,2026-04-26 13:02:13,21915.39,SMS,2026-03-18 11:35:03
PAYMENT0024600,ACC0020812,2026-04-26 14:26:19,39194.8,VOICE,2026-02-20 18:59:16
PAYMENT0018548,ACC0016868,2026-04-26 14:54:36,26182.03,WHATSAPP,2026-04-21 10:29:30
PAYMENT0001452,ACC0009040,2026-04-26 15:00:06,111929.77,WHATSAPP,2026-02-05 12:37:22
PAYMENT0008412,ACC0017644,2026-04-26 15:53:37,51468.22,VOICE,2026-03-24 09:03:15
PAYMENT0014294,ACC0023152,2026-04-26 16:02:13,50868.45,WHATSAPP,2026-04-19 15:56:51
PAYMENT0024824,ACC0009527,2026-04-26 17:02:15,51660.03,VOICE,2026-04-18 23:19:25
PAYMENT0003412,ACC0004366,2026-04-26 17:47:38,6551.49,WHATSAPP,2026-03-24 09:12:00
PAYMENT0009756,ACC0008638,2026-04-26 18:03:17,82113.96,VOICE,2026-04-15 08:37:40
PAYMENT0013926,ACC0017584,2026-04-26 18:06:12,123336.69,WHATSAPP,2026-01-07 00:36:10
PAYMENT0008792,ACC0029835,2026-04-26 18:27:06,66909.08,FIELD,2026-04-18 10:21:57
PAYMENT0024949,ACC0000980,2026-04-26 18:35:50,52193.03,SMS,2026-04-22 22:30:25
PAYMENT0008405,ACC0028632,2026-04-26 18:49:51,63475.03,VOICE,2026-01-22 11:40:11
PAYMENT0020161,ACC0023942,2026-04-26 18:52:14,69575.26,WHATSAPP,2026-04-13 04:02:49
PAYMENT0008730,ACC0028115,2026-04-26 19:09:32,97993.11,VOICE,2026-03-25 11:00:18
PAYMENT0002651,ACC0023195,2026-04-26 19:17:04,102922.1,WHATSAPP,2026-04-02 11:22:53
PAYMENT0015580,ACC0028168,2026-04-26 19:19:39,62449.5,SMS,2026-03-19 14:50:01
PAYMENT0003755,ACC0003343,2026-04-26 19:29:07,33042.38,WHATSAPP,2026-03-31 11:41:49
PAYMENT0016315,ACC0008734,2026-04-26 21:09:04,127951.83,VOICE,2026-03-30 02:02:34
PAYMENT0014919,ACC0001306,2026-04-26 21:28:49,44324.35,VOICE,2026-04-11 05:49:48
PAYMENT0024174,ACC0022644,2026-04-26 21:47:44,139756.11,FIELD,2026-04-22 12:31:24
PAYMENT0009645,ACC0020737,2026-04-26 22:32:15,90251.24,VOICE,2026-03-07 21:10:34
PAYMENT0022978,ACC0026717,2026-04-26 22:35:32,6835.94,VOICE,2026-04-25 23:53:27
PAYMENT0019166,ACC0008165,2026-04-26 23:19:36,131158.2,,
PAYMENT0007863,ACC0008699,2026-04-26 23:20:46,77524.79,VOICE,2026-04-04 22:31:57
PAYMENT0000811,ACC0011578,2026-04-27 00:00:34,111981.2,SMS,2026-04-01 15:56:47
PAYMENT0009463,ACC0022243,2026-04-27 00:58:31,148108.96,VOICE,2026-04-23 22:00:52
PAYMENT0007017,ACC0013073,2026-04-27 01:08:00,50228.55,SMS,2026-04-06 04:14:53
PAYMENT0004764,ACC0005263,2026-04-27 01:25:17,20158.15,WHATSAPP,2026-04-08 15:39:25
PAYMENT0011381,ACC0029862,2026-04-27 02:07:13,116569.46,VOICE,2026-04-22 11:12:48
PAYMENT0000502,ACC0010615,2026-04-27 03:44:10,148303.52,WHATSAPP,2026-02-17 11:03:14
PAYMENT0002066,ACC0023106,2026-04-27 03:50:09,131692.32,VOICE,2026-03-20 00:13:09
PAYMENT0004860,ACC0009305,2026-04-27 04:03:04,29477.94,WHATSAPP,2026-04-23 22:27:50
PAYMENT0008811,ACC0003461,2026-04-27 04:26:56,68879.78,VOICE,2026-04-08 12:51:13
PAYMENT0005841,ACC0004360,2026-04-27 05:04:42,55097.73,,
PAYMENT0009413,ACC0022666,2026-04-27 05:14:38,19564.08,,
PAYMENT0019899,ACC0014896,2026-04-27 05:29:09,34955.79,VOICE,2026-04-15 20:44:00
PAYMENT0024850,ACC0014548,2026-04-27 05:43:55,4106.57,VOICE,2026-02-26 04:42:18
PAYMENT0012586,ACC0012131,2026-04-27 06:21:34,149154.66,VOICE,2026-03-23 20:07:23
PAYMENT0019312,ACC0025342,2026-04-27 06:21:49,25497.98,VOICE,2026-03-09 08:25:27
PAYMENT0009085,ACC0026946,2026-04-27 06:39:00,8811.17,VOICE,2026-04-20 21:05:20
PAYMENT0004044,ACC0008919,2026-04-27 08:48:10,123478.41,WHATSAPP,2026-01-13 01:29:43
PAYMENT0015949,ACC0028960,2026-04-27 09:03:41,22113.79,VOICE,2026-04-15 19:02:39
PAYMENT0004919,ACC0004862,2026-04-27 09:37:12,136257.65,SMS,2026-04-06 10:19:53
PAYMENT0002844,ACC0021185,2026-04-27 10:25:36,99934.86,,
PAYMENT0020806,ACC0027464,2026-04-27 10:35:31,66483.62,VOICE,2026-04-17 01:14:21
PAYMENT0007732,ACC0028186,2026-04-27 10:54:36,51339.73,WHATSAPP,2026-03-23 21:48:44
PAYMENT0003875,ACC0023015,2026-04-27 10:57:07,61447.98,VOICE,2026-04-19 19:45:28
PAYMENT0016346,ACC0005759,2026-04-27 11:39:21,45912.41,FIELD,2026-04-18 08:18:01
PAYMENT0003888,ACC0023086,2026-04-27 11:41:47,93664.93,VOICE,2026-03-06 06:24:16
PAYMENT0008431,ACC0008699,2026-04-27 12:11:21,50926.88,VOICE,2026-04-04 22:31:57
PAYMENT0008568,ACC0010708,2026-04-27 12:27:02,76671.77,VOICE,2026-04-19 15:06:46
PAYMENT0000275,ACC0019524,2026-04-27 13:18:56,120023.54,WHATSAPP,2026-03-09 13:37:37
PAYMENT0011660,ACC0021779,2026-04-27 13:59:39,96384.06,FIELD,2026-02-27 17:04:01
PAYMENT0020197,ACC0002397,2026-04-27 14:40:08,44445.73,WHATSAPP,2026-03-16 18:04:24
PAYMENT0011666,ACC0001942,2026-04-27 15:17:22,127779.59,VOICE,2026-03-01 14:40:19
PAYMENT0015941,ACC0013284,2026-04-27 16:47:57,47626.03,VOICE,2026-04-27 16:19:46
PAYMENT0021076,ACC0005907,2026-04-27 18:32:29,55447.46,SMS,2026-04-25 01:24:42
PAYMENT0001151,ACC0024871,2026-04-27 18:52:07,112458.82,WHATSAPP,2026-04-15 02:29:09
PAYMENT0017835,ACC0025410,2026-04-27 19:02:28,136803.83,WHATSAPP,2026-02-14 13:43:29
PAYMENT0011636,ACC0019378,2026-04-27 19:54:37,137456.12,VOICE,2026-04-18 03:52:00
PAYMENT0015721,ACC0018042,2026-04-27 20:21:58,85755.47,WHATSAPP,2026-04-12 00:36:08
PAYMENT0002387,ACC0027399,2026-04-27 20:24:39,75457.36,VOICE,2026-01-07 06:58:21
PAYMENT0000279,ACC0001904,2026-04-27 20:32:05,70026.04,SMS,2026-03-05 17:21:53
PAYMENT0007054,ACC0018151,2026-04-27 20:50:57,129924.4,VOICE,2026-02-19 07:43:49
PAYMENT0017503,ACC0025333,2026-04-27 20:51:15,111668.24,SMS,2026-04-25 03:23:37
PAYMENT0020983,ACC0001487,2026-04-27 21:02:34,55685.4,VOICE,2026-04-16 15:08:02
PAYMENT0002230,ACC0025993,2026-04-27 21:03:55,70908.0,WHATSAPP,2026-04-17 14:19:20
PAYMENT0006589,ACC0010411,2026-04-27 21:12:11,127106.83,FIELD,2026-03-31 10:51:04
PAYMENT0018116,ACC0021742,2026-04-27 21:49:04,98071.03,VOICE,2026-04-25 10:29:27
PAYMENT0002335,ACC0015370,2026-04-27 21:58:01,143553.18,WHATSAPP,2026-03-15 14:45:31
PAYMENT0009399,ACC0009134,2026-04-27 22:05:55,145592.1,SMS,2026-04-15 00:45:35
PAYMENT0005814,ACC0002775,2026-04-27 22:38:51,73714.15,VOICE,2026-01-17 01:02:52
PAYMENT0012721,ACC0008877,2026-04-27 22:40:18,80615.46,SMS,2026-04-19 10:56:10
PAYMENT0000448,ACC0007858,2026-04-27 23:31:41,29464.02,SMS,2026-04-07 19:01:48
PAYMENT0024700,ACC0006448,2026-04-27 23:46:41,77993.88,FIELD,2026-02-15 03:56:16
PAYMENT0019926,ACC0016988,2026-04-28 00:24:57,30774.41,VOICE,2026-04-24 20:19:12
PAYMENT0000316,ACC0016873,2026-04-28 00:38:14,61042.85,VOICE,2026-04-21 09:55:11
PAYMENT0018215,ACC0029936,2026-04-28 00:50:30,109411.45,VOICE,2026-02-19 06:38:47
PAYMENT0021974,ACC0005403,2026-04-28 01:00:28,428.94,WHATSAPP,2026-04-18 01:55:57
PAYMENT0006002,ACC0021632,2026-04-28 01:00:37,25481.08,WHATSAPP,2026-03-20 17:57:17
PAYMENT0004024,ACC0013783,2026-04-28 01:18:48,40090.12,WHATSAPP,2026-04-16 15:34:07
PAYMENT0011391,ACC0010581,2026-04-28 01:58:20,24736.82,VOICE,2026-04-23 18:21:44
PAYMENT0008747,ACC0018028,2026-04-28 01:58:43,41091.21,SMS,2026-04-26 02:18:41
PAYMENT0005655,ACC0022942,2026-04-28 02:13:54,64148.32,VOICE,2026-04-09 03:08:37
PAYMENT0016753,ACC0015025,2026-04-28 02:20:45,131391.38,SMS,2026-04-22 08:10:02
PAYMENT0018781,ACC0024131,2026-04-28 02:55:44,107241.76,WHATSAPP,2026-04-15 18:24:48
PAYMENT0011462,ACC0021123,2026-04-28 03:03:21,10836.56,SMS,2026-04-18 10:09:27
PAYMENT0000550,ACC0011697,2026-04-28 03:11:12,20676.3,VOICE,2026-03-01 12:15:24
PAYMENT0020583,ACC0010380,2026-04-28 03:37:36,5140.37,SMS,2026-04-24 04:00:53
PAYMENT0002437,ACC0010277,2026-04-28 04:45:54,70809.0,WHATSAPP,2026-01-28 11:22:21
PAYMENT0007933,ACC0021062,2026-04-28 04:54:42,27791.66,WHATSAPP,2026-04-18 18:30:56
PAYMENT0007393,ACC0016411,2026-04-28 05:45:03,59431.24,VOICE,2026-04-22 00:26:36
PAYMENT0017750,ACC0021821,2026-04-28 05:57:11,131092.44,VOICE,2026-03-21 16:56:59
PAYMENT0015832,ACC0010745,2026-04-28 06:07:19,18964.41,VOICE,2026-04-27 00:33:52
PAYMENT0015429,ACC0002543,2026-04-28 06:28:02,86201.86,WHATSAPP,2026-04-25 06:35:37
PAYMENT0019662,ACC0014852,2026-04-28 06:44:29,4800.28,WHATSAPP,2026-03-19 06:52:27
PAYMENT0013143,ACC0016777,2026-04-28 07:23:48,134344.3,FIELD,2026-01-05 07:30:47
PAYMENT0018186,ACC0003246,2026-04-28 08:01:42,22900.51,WHATSAPP,2026-03-25 14:26:19
PAYMENT0000686,ACC0011755,2026-04-28 08:09:44,93338.78,VOICE,2026-04-24 19:06:19
PAYMENT0003148,ACC0000158,2026-04-28 08:16:01,37408.37,VOICE,2026-03-29 12:31:15
PAYMENT0011404,ACC0000365,2026-04-28 08:31:55,111251.78,VOICE,2026-04-22 22:06:48
PAYMENT0009803,ACC0006579,2026-04-28 09:12:46,132472.63,VOICE,2026-04-19 18:52:34
PAYMENT0014756,ACC0021411,2026-04-28 10:15:01,39340.74,SMS,2026-04-10 01:14:42
PAYMENT0016650,ACC0013939,2026-04-28 10:43:18,47423.24,VOICE,2026-04-07 10:15:03
PAYMENT0014199,ACC0028317,2026-04-28 11:38:14,50358.38,VOICE,2026-04-06 21:29:22
PAYMENT0005823,ACC0006453,2026-04-28 12:24:38,130760.04,WHATSAPP,2026-03-23 08:26:48
PAYMENT0015818,ACC0021571,2026-04-28 12:39:11,67296.31,VOICE,2026-04-21 03:35:57
PAYMENT0013528,ACC0018868,2026-04-28 13:48:32,125366.81,VOICE,2026-02-28 23:46:57
PAYMENT0003369,ACC0027635,2026-04-28 15:20:40,122806.9,WHATSAPP,2026-04-25 22:08:09
PAYMENT0006720,ACC0005226,2026-04-28 15:26:45,115962.95,,
PAYMENT0005961,ACC0007063,2026-04-28 15:43:17,133549.03,VOICE,2026-04-17 02:40:57
PAYMENT0007170,ACC0024332,2026-04-28 16:01:25,124881.16,VOICE,2026-03-31 22:00:22
PAYMENT0017059,ACC0013181,2026-04-28 16:42:42,105523.95,VOICE,2026-03-12 15:49:44
PAYMENT0007590,ACC0021820,2026-04-28 17:12:19,20258.59,WHATSAPP,2026-04-06 09:24:29
PAYMENT0003050,ACC0022102,2026-04-28 17:14:28,7210.29,WHATSAPP,2026-04-05 01:52:05
PAYMENT0015481,ACC0026147,2026-04-28 18:46:59,49054.0,VOICE,2026-04-16 23:36:32
PAYMENT0019247,ACC0003272,2026-04-28 19:04:50,103543.74,SMS,2026-03-28 00:32:49
PAYMENT0024330,ACC0021236,2026-04-28 19:24:56,76824.79,WHATSAPP,2026-03-17 11:35:39
PAYMENT0016332,ACC0019777,2026-04-28 19:41:11,135000.67,VOICE,2026-03-09 03:36:22
PAYMENT0008480,ACC0003412,2026-04-28 20:23:20,97159.31,WHATSAPP,2026-04-23 18:32:27
PAYMENT0001618,ACC0000736,2026-04-28 20:50:27,128620.66,WHATSAPP,2026-04-12 15:36:22
PAYMENT0006023,ACC0021697,2026-04-28 20:57:06,18299.28,WHATSAPP,2026-04-23 05:23:20
PAYMENT0001909,ACC0006966,2026-04-28 21:20:16,90284.61,VOICE,2026-04-22 21:17:35
PAYMENT0000041,ACC0025956,2026-04-28 22:03:24,94558.06,WHATSAPP,2026-03-26 22:31:50
PAYMENT0018048,ACC0019633,2026-04-28 22:09:26,78433.56,SMS,2026-03-26 16:28:04
PAYMENT0009564,ACC0015039,2026-04-28 22:21:27,32676.29,WHATSAPP,2026-04-11 22:47:52
PAYMENT0010528,ACC0028147,2026-04-28 23:35:52,18420.42,SMS,2026-04-25 13:18:01
PAYMENT0013230,ACC0021993,2026-04-28 23:49:25,24734.83,WHATSAPP,2026-04-19 18:58:23
PAYMENT0014258,ACC0018866,2026-04-29 00:18:17,143927.13,SMS,2026-04-27 18:05:53
PAYMENT0006432,ACC0005791,2026-04-29 00:50:12,66865.58,VOICE,2026-03-16 03:44:03
PAYMENT0021257,ACC0002779,2026-04-29 01:31:32,48667.23,SMS,2026-03-08 03:23:56
PAYMENT0011312,ACC0012551,2026-04-29 01:40:46,99062.45,,
PAYMENT0012394,ACC0003470,2026-04-29 01:57:42,10418.48,VOICE,2026-04-24 22:08:36
PAYMENT0002798,ACC0026941,2026-04-29 02:51:35,64392.42,SMS,2026-04-25 07:56:03
PAYMENT0018949,ACC0012169,2026-04-29 02:57:35,73850.32,VOICE,2026-04-04 03:35:12
PAYMENT0016270,ACC0012308,2026-04-29 03:49:28,105689.58,FIELD,2026-04-08 11:06:30
PAYMENT0004844,ACC0019900,2026-04-29 03:55:56,125185.74,,
PAYMENT0012613,ACC0019600,2026-04-29 04:14:26,138535.92,VOICE,2026-03-07 21:52:47
PAYMENT0007426,ACC0019010,2026-04-29 04:46:20,145748.94,WHATSAPP,2026-03-14 18:58:12
PAYMENT0021583,ACC0025864,2026-04-29 04:46:27,25184.7,VOICE,2026-03-29 18:09:47
PAYMENT0017711,ACC0020114,2026-04-29 04:48:11,50231.29,FIELD,2026-04-20 23:28:08
PAYMENT0008750,ACC0010776,2026-04-29 05:23:29,41868.11,VOICE,2026-03-18 19:02:36
PAYMENT0003292,ACC0016976,2026-04-29 05:40:44,42781.7,VOICE,2026-04-07 00:39:21
PAYMENT0007240,ACC0017985,2026-04-29 05:49:59,35396.14,WHATSAPP,2026-02-06 01:07:31
PAYMENT0015541,ACC0011602,2026-04-29 06:27:09,41163.78,SMS,2026-04-10 18:48:03
PAYMENT0010319,ACC0005464,2026-04-29 06:32:33,28751.84,SMS,2026-03-19 23:12:38
PAYMENT0014285,ACC0029947,2026-04-29 07:25:31,118723.86,VOICE,2026-04-09 08:46:29
PAYMENT0023499,ACC0006966,2026-04-29 07:56:13,146097.63,VOICE,2026-04-22 21:17:35
PAYMENT0014119,ACC0024614,2026-04-29 08:03:38,96828.52,SMS,2026-03-27 20:29:00
PAYMENT0001707,ACC0016444,2026-04-29 08:35:12,4115.56,SMS,2026-04-07 09:38:58
PAYMENT0023338,ACC0027654,2026-04-29 09:07:50,146435.81,VOICE,2026-02-27 18:29:52
PAYMENT0020891,ACC0010856,2026-04-29 09:10:21,142387.78,VOICE,2026-03-30 07:49:20
PAYMENT0021015,ACC0010919,2026-04-29 09:31:32,113780.61,SMS,2026-04-17 06:10:56
PAYMENT0005871,ACC0000470,2026-04-29 10:00:22,145040.04,SMS,2026-04-24 07:32:02
PAYMENT0022055,ACC0026925,2026-04-29 11:06:24,19761.16,VOICE,2026-02-27 03:54:42
PAYMENT0007998,ACC0017517,2026-04-29 11:20:49,36901.5,VOICE,2026-03-20 22:53:24
PAYMENT0012770,ACC0006483,2026-04-29 11:41:05,93867.39,WHATSAPP,2026-03-28 10:54:43
PAYMENT0007650,ACC0020480,2026-04-29 12:01:26,144761.51,WHATSAPP,2026-04-07 16:16:35
PAYMENT0009107,ACC0019113,2026-04-29 12:35:43,27049.31,WHATSAPP,2026-04-20 08:20:29
PAYMENT0010815,ACC0025572,2026-04-29 12:38:40,44144.63,SMS,2026-03-05 11:49:03
PAYMENT0020422,ACC0008533,2026-04-29 12:47:19,61898.19,SMS,2026-04-14 23:12:01
PAYMENT0017858,ACC0016904,2026-04-29 13:19:46,14872.49,VOICE,2026-04-07 14:49:22
PAYMENT0016974,ACC0022895,2026-04-29 13:40:44,107355.02,VOICE,2026-03-31 17:01:31
PAYMENT0002044,ACC0014516,2026-04-29 13:59:45,104429.03,WHATSAPP,2026-04-16 00:26:44
PAYMENT0002772,ACC0014721,2026-04-29 14:16:20,61759.41,SMS,2026-03-18 02:25:36
PAYMENT0019324,ACC0018374,2026-04-29 14:43:10,45843.52,SMS,2026-04-09 17:47:45
PAYMENT0014206,ACC0027879,2026-04-29 15:07:53,134176.69,VOICE,2026-04-12 13:10:53
PAYMENT0022720,ACC0019075,2026-04-29 15:40:15,86740.3,VOICE,2026-03-24 07:21:57
PAYMENT0003923,ACC0022233,2026-04-29 15:53:02,149927.42,WHATSAPP,2026-03-16 19:45:05
PAYMENT0010802,ACC0010327,2026-04-29 16:03:46,41855.29,VOICE,2026-03-23 09:47:56
PAYMENT0022285,ACC0018425,2026-04-29 16:10:53,66084.56,FIELD,2026-04-24 05:55:23
PAYMENT0020775,ACC0014065,2026-04-29 16:12:40,30885.8,VOICE,2026-04-13 14:29:35
PAYMENT0022500,ACC0002713,2026-04-29 16:25:18,146667.66,VOICE,2026-03-18 01:44:52
PAYMENT0021774,ACC0022136,2026-04-29 16:42:21,58209.78,VOICE,2026-04-20 12:40:03
PAYMENT0000772,ACC0017511,2026-04-29 16:43:12,90836.97,VOICE,2026-03-02 17:00:25
PAYMENT0022463,ACC0021380,2026-04-29 17:22:25,87785.18,VOICE,2026-03-20 20:32:34
PAYMENT0017700,ACC0015474,2026-04-29 17:23:07,1681.66,VOICE,2026-04-01 19:54:19
PAYMENT0010377,ACC0009252,2026-04-29 17:29:11,82816.98,VOICE,2026-04-03 17:36:49
PAYMENT0022796,ACC0029106,2026-04-29 19:58:07,42093.05,SMS,2026-03-09 06:02:26
PAYMENT0008009,ACC0000463,2026-04-29 20:11:28,57992.85,VOICE,2026-04-23 04:26:18
PAYMENT0009729,ACC0003326,2026-04-29 20:50:14,54549.25,WHATSAPP,2026-04-27 22:56:56
PAYMENT0017629,ACC0018317,2026-04-29 21:24:37,121390.92,VOICE,2026-03-27 22:12:00
PAYMENT0019920,ACC0004529,2026-04-29 21:32:29,118468.71,FIELD,2026-04-12 03:32:57
PAYMENT0011841,ACC0019790,2026-04-29 21:43:57,24735.49,SMS,2026-03-07 23:39:10
PAYMENT0001403,ACC0017807,2026-04-30 00:52:09,49858.29,SMS,2026-04-25 17:00:30
PAYMENT0008949,ACC0017164,2026-04-30 00:55:07,49548.33,WHATSAPP,2026-03-19 21:03:33
PAYMENT0014457,ACC0011478,2026-04-30 01:14:46,131892.92,WHATSAPP,2026-04-17 12:45:44
PAYMENT0003627,ACC0015491,2026-04-30 01:57:46,56838.24,WHATSAPP,2026-01-31 05:00:52
PAYMENT0018223,ACC0016113,2026-04-30 02:07:16,35984.53,SMS,2026-03-28 10:41:17
PAYMENT0014934,ACC0006758,2026-04-30 02:51:03,24889.95,WHATSAPP,2026-04-06 15:10:56
PAYMENT0011737,ACC0002054,2026-04-30 03:17:29,97753.35,VOICE,2026-04-19 03:33:26
PAYMENT0016655,ACC0001023,2026-04-30 03:21:39,64923.98,VOICE,2026-04-10 20:18:15
PAYMENT0021830,ACC0003006,2026-04-30 04:25:26,116289.53,SMS,2026-03-28 04:48:53
PAYMENT0003607,ACC0025305,2026-04-30 04:38:26,95256.71,VOICE,2026-04-29 02:29:21
PAYMENT0008847,ACC0011140,2026-04-30 05:22:02,120701.4,SMS,2026-04-30 02:45:57
PAYMENT0007457,ACC0012044,2026-04-30 05:43:34,111328.24,VOICE,2026-04-18 18:06:18
PAYMENT0020352,ACC0012846,2026-04-30 05:49:07,145406.07,WHATSAPP,2026-04-08 04:12:11
PAYMENT0009235,ACC0028608,2026-04-30 06:10:24,62830.75,VOICE,2026-04-18 14:47:26
PAYMENT0016247,ACC0008469,2026-04-30 06:22:36,18619.57,SMS,2026-04-04 20:24:20
PAYMENT0004406,ACC0019498,2026-04-30 06:28:36,5535.49,VOICE,2026-03-21 15:49:36
PAYMENT0015908,ACC0027407,2026-04-30 06:34:12,78390.83,VOICE,2026-04-24 11:53:02
PAYMENT0021654,ACC0016130,2026-04-30 06:38:06,149217.24,WHATSAPP,2026-03-24 15:40:00
PAYMENT0005617,ACC0003903,2026-04-30 06:53:29,46490.86,WHATSAPP,2026-03-26 21:52:48
PAYMENT0005244,ACC0027443,2026-04-30 07:30:58,91994.85,VOICE,2026-03-16 02:17:11
PAYMENT0000151,ACC0009993,2026-04-30 08:08:08,7251.09,VOICE,2026-01-11 05:50:33
PAYMENT0023796,ACC0007809,2026-04-30 08:45:13,36672.59,FIELD,2026-04-26 13:51:03
PAYMENT0016224,ACC0012273,2026-04-30 09:09:19,46948.9,SMS,2026-03-20 13:35:41
PAYMENT0008230,ACC0000490,2026-04-30 09:15:28,56321.34,VOICE,2026-03-15 05:05:47
PAYMENT0012119,ACC0012788,2026-04-30 09:18:48,119365.09,SMS,2026-03-23 16:00:49
PAYMENT0011970,ACC0003553,2026-04-30 09:22:41,20121.3,SMS,2026-03-20 23:43:19
PAYMENT0012071,ACC0024106,2026-04-30 09:59:04,108804.12,WHATSAPP,2026-04-28 08:19:18
PAYMENT0021808,ACC0011387,2026-04-30 10:00:05,23781.46,VOICE,2026-03-07 04:02:43
PAYMENT0005175,ACC0014018,2026-04-30 10:20:57,104027.41,SMS,2026-04-04 04:44:05
PAYMENT0005014,ACC0018407,2026-04-30 10:46:37,112915.04,VOICE,2026-04-19 14:39:56
PAYMENT0002879,ACC0027169,2026-04-30 10:55:04,105689.63,FIELD,2026-04-02 16:20:14
PAYMENT0020626,ACC0001541,2026-04-30 10:59:34,134495.14,VOICE,2026-04-22 23:00:11
PAYMENT0011065,ACC0009912,2026-04-30 11:38:10,100551.59,SMS,2026-04-17 13:24:17
PAYMENT0005510,ACC0004059,2026-04-30 12:15:19,106531.9,VOICE,2026-03-26 05:42:00
PAYMENT0012255,ACC0008351,2026-04-30 12:20:05,66058.99,VOICE,2026-03-30 18:13:46
PAYMENT0010834,ACC0016034,2026-04-30 13:22:14,64294.11,VOICE,2026-03-13 02:23:04
PAYMENT0007115,ACC0006551,2026-04-30 13:29:03,29222.88,VOICE,2026-01-08 11:04:45
PAYMENT0009809,ACC0000161,2026-04-30 13:31:07,144702.26,VOICE,2026-04-07 13:25:46
PAYMENT0016804,ACC0027288,2026-04-30 13:44:26,54679.35,FIELD,2026-02-03 01:35:52
PAYMENT0012283,ACC0001066,2026-04-30 14:02:50,70232.92,FIELD,2026-04-15 06:44:58
PAYMENT0009386,ACC0027656,2026-04-30 14:07:14,141935.64,SMS,2026-04-30 10:12:38
PAYMENT0008677,ACC0009124,2026-04-30 14:18:10,5572.25,VOICE,2026-04-29 16:39:10
PAYMENT0019995,ACC0011361,2026-04-30 14:38:00,71721.21,WHATSAPP,2026-03-31 06:43:21
PAYMENT0021840,ACC0022129,2026-04-30 14:53:36,85148.48,WHATSAPP,2026-04-10 18:49:26
PAYMENT0021635,ACC0025303,2026-04-30 15:24:27,125428.98,VOICE,2026-04-04 14:20:47
PAYMENT0008671,ACC0029418,2026-04-30 15:32:33,118524.94,WHATSAPP,2026-04-14 08:29:49
PAYMENT0006195,ACC0004318,2026-04-30 15:34:21,89157.45,FIELD,2026-04-17 20:08:05
PAYMENT0016233,ACC0006223,2026-04-30 15:42:23,90770.24,SMS,2026-04-24 09:16:16
PAYMENT0011849,ACC0001166,2026-04-30 16:05:51,77488.86,VOICE,2026-04-17 09:03:19
PAYMENT0003091,ACC0007447,2026-04-30 16:45:03,12149.78,VOICE,2026-03-15 18:46:43
PAYMENT0017909,ACC0020012,2026-04-30 16:53:13,114130.84,WHATSAPP,2026-04-06 20:05:40
PAYMENT0015273,ACC0014231,2026-04-30 17:42:28,54196.37,SMS,2026-02-22 07:26:25
PAYMENT0012402,ACC0007268,2026-04-30 18:30:47,85410.73,VOICE,2026-04-28 06:10:52
PAYMENT0012763,ACC0029998,2026-04-30 18:34:27,107663.41,VOICE,2026-04-30 10:11:27
PAYMENT0019265,ACC0018963,2026-04-30 19:18:02,3792.15,SMS,2026-04-22 16:03:48
PAYMENT0020547,ACC0012655,2026-04-30 19:59:59,3566.98,FIELD,2026-04-20 15:14:20
PAYMENT0001566,ACC0014483,2026-04-30 20:04:43,29040.6,WHATSAPP,2026-04-28 08:26:40
PAYMENT0013231,ACC0005120,2026-04-30 20:04:58,55266.5,SMS,2026-04-18 10:31:21
PAYMENT0011174,ACC0026471,2026-04-30 20:28:48,81789.48,VOICE,2026-03-18 15:59:33
PAYMENT0003183,ACC0014418,2026-04-30 20:32:13,110481.2,SMS,2026-04-25 16:44:50
PAYMENT0012642,ACC0008366,2026-04-30 20:34:41,74275.32,VOICE,2026-03-25 22:26:14
PAYMENT0011583,ACC0025593,2026-04-30 21:01:17,86829.06,FIELD,2026-04-24 02:22:28
PAYMENT0017136,ACC0003069,2026-04-30 21:20:02,136592.72,SMS,2026-03-21 02:14:17
PAYMENT0023431,ACC0002845,2026-04-30 21:28:05,13847.54,VOICE,2026-04-06 19:29:11
PAYMENT0019579,ACC0014003,2026-04-30 22:45:45,110209.1,FIELD,2026-04-29 15:28:04
PAYMENT0014034,ACC0004441,2026-04-30 23:31:39,115800.5,FIELD,2026-04-25 03:52:12
PAYMENT0020030,ACC0011477,2026-04-30 23:42:40,138825.12,FIELD,2026-02-12 14:11:44
PAYMENT0016942,ACC0001049,2026-04-30 23:43:13,113127.37,VOICE,2026-04-19 10:55:07
PAYMENT0004923,ACC0029044,2026-04-30 23:45:47,36091.75,VOICE,2026-04-29 10:01:33
PAYMENT0008911,ACC0022392,2026-05-01 00:01:39,119322.34,VOICE,2026-04-05 12:13:36
PAYMENT0013522,ACC0018045,2026-05-01 00:06:29,127570.88,VOICE,2026-02-12 04:38:44
PAYMENT0009923,ACC0001044,2026-05-01 00:12:49,55155.28,WHATSAPP,2026-04-05 01:24:44
PAYMENT0020357,ACC0022726,2026-05-01 01:10:14,144016.69,VOICE,2026-04-19 18:38:56
PAYMENT0020345,ACC0015688,2026-05-01 01:18:38,1309.18,VOICE,2026-03-25 20:15:26
PAYMENT0006544,ACC0027647,2026-05-01 01:31:32,62935.46,VOICE,2026-03-04 19:49:51
PAYMENT0007793,ACC0017236,2026-05-01 02:00:52,117117.11,WHATSAPP,2026-03-08 07:09:10
PAYMENT0022894,ACC0026930,2026-05-01 02:10:57,30724.89,SMS,2026-04-26 11:46:18
PAYMENT0009627,ACC0007630,2026-05-01 02:58:10,119036.94,WHATSAPP,2026-04-13 12:40:24
PAYMENT0013068,ACC0004714,2026-05-01 03:36:12,56497.78,WHATSAPP,2026-03-11 04:44:26
PAYMENT0010607,ACC0011240,2026-05-01 03:59:10,79395.43,VOICE,2026-04-29 23:53:52
PAYMENT0006148,ACC0025782,2026-05-01 04:07:49,147917.94,VOICE,2026-04-03 20:15:36
PAYMENT0006700,ACC0016151,2026-05-01 05:14:47,32257.42,WHATSAPP,2026-04-25 21:56:09
PAYMENT0018335,ACC0015241,2026-05-01 05:33:15,68143.27,VOICE,2026-02-27 02:16:53
PAYMENT0008461,ACC0008483,2026-05-01 05:45:24,9903.98,WHATSAPP,2026-04-14 02:45:53
PAYMENT0005499,ACC0028077,2026-05-01 06:04:14,111798.42,VOICE,2026-03-12 15:31:05
PAYMENT0024505,ACC0005088,2026-05-01 06:21:19,123724.43,VOICE,2026-03-26 05:32:57
PAYMENT0023439,ACC0013239,2026-05-01 07:15:20,48267.76,WHATSAPP,2026-04-22 02:44:53
PAYMENT0024964,ACC0010474,2026-05-01 08:07:37,45616.88,VOICE,2026-03-21 07:30:57
PAYMENT0021433,ACC0008274,2026-05-01 08:31:29,111263.0,WHATSAPP,2026-05-01 03:29:53
PAYMENT0007884,ACC0002113,2026-05-01 09:37:09,10226.23,VOICE,2026-04-23 02:07:56
PAYMENT0019447,ACC0002570,2026-05-01 09:56:09,57943.85,SMS,2026-04-24 00:58:24
PAYMENT0015610,ACC0000934,2026-05-01 10:17:15,140996.88,SMS,2026-03-27 13:12:16
PAYMENT0008652,ACC0001866,2026-05-01 10:54:07,34303.48,VOICE,2026-04-03 23:36:31
PAYMENT0006538,ACC0006154,2026-05-01 10:58:02,116180.01,FIELD,2026-04-15 06:12:30
PAYMENT0009140,ACC0016983,2026-05-01 12:01:22,148475.81,VOICE,2026-04-23 20:19:48
PAYMENT0013881,ACC0026587,2026-05-01 13:23:06,37106.23,SMS,2026-03-31 08:34:34
PAYMENT0022529,ACC0020629,2026-05-01 15:02:35,80896.83,WHATSAPP,2026-05-01 01:06:55
PAYMENT0002487,ACC0022429,2026-05-01 15:10:31,143000.29,FIELD,2026-04-19 17:39:52
PAYMENT0012333,ACC0017409,2026-05-01 15:17:49,66454.7,WHATSAPP,2026-04-24 09:27:16
PAYMENT0009626,ACC0022276,2026-05-01 15:50:10,30759.82,,
PAYMENT0015289,ACC0016250,2026-05-01 16:08:44,26925.19,SMS,2026-04-20 17:58:46
PAYMENT0004435,ACC0009653,2026-05-01 17:07:01,67105.02,VOICE,2026-04-13 09:08:13
PAYMENT0018121,ACC0001728,2026-05-01 17:26:23,14121.19,WHATSAPP,2026-04-29 06:04:05
PAYMENT0007632,ACC0019798,2026-05-01 17:58:21,10565.15,VOICE,2026-04-26 11:33:27
PAYMENT0019642,ACC0029434,2026-05-01 18:14:25,21304.62,VOICE,2026-04-21 13:49:13
PAYMENT0014169,ACC0027591,2026-05-01 18:16:44,46359.78,VOICE,2026-04-21 12:36:25
PAYMENT0020412,ACC0027082,2026-05-01 18:19:06,48507.66,SMS,2026-04-03 10:12:43
PAYMENT0017899,ACC0014084,2026-05-01 18:54:42,21431.68,FIELD,2026-03-19 15:17:31
PAYMENT0003136,ACC0005955,2026-05-01 19:39:38,30436.6,SMS,2026-02-18 01:14:30
PAYMENT0016992,ACC0010639,2026-05-01 21:18:57,71822.57,VOICE,2026-04-11 23:55:38
PAYMENT0010441,ACC0020552,2026-05-01 21:20:31,84435.98,FIELD,2026-03-05 15:25:03
PAYMENT0023815,ACC0021339,2026-05-01 21:42:55,148837.33,WHATSAPP,2026-02-26 17:22:53
PAYMENT0016526,ACC0012760,2026-05-01 21:44:04,131377.66,FIELD,2026-05-01 20:42:36
PAYMENT0010733,ACC0007709,2026-05-01 21:55:36,91494.89,FIELD,2026-02-28 15:47:25
PAYMENT0008880,ACC0002586,2026-05-01 22:06:02,37739.14,WHATSAPP,2026-04-07 14:20:25
PAYMENT0012941,ACC0015011,2026-05-01 22:40:06,144626.63,VOICE,2026-02-15 05:59:07
PAYMENT0008206,ACC0023944,2026-05-01 23:27:30,22215.65,WHATSAPP,2026-04-02 10:04:12
PAYMENT0002091,ACC0016950,2026-05-01 23:46:01,103183.3,FIELD,2026-02-17 23:23:04
PAYMENT0008771,ACC0011562,2026-05-02 00:24:22,5123.07,SMS,2026-04-08 19:17:01
PAYMENT0022488,ACC0006620,2026-05-02 01:26:15,73683.02,VOICE,2026-05-01 06:02:29
PAYMENT0024941,ACC0028763,2026-05-02 02:03:01,36361.86,FIELD,2026-04-26 17:25:50
PAYMENT0005114,ACC0027819,2026-05-02 02:15:09,79691.55,WHATSAPP,2026-03-28 07:24:36
PAYMENT0022980,ACC0026468,2026-05-02 02:37:14,34569.75,WHATSAPP,2026-04-11 15:16:52
PAYMENT0013165,ACC0016737,2026-05-02 03:10:50,28515.56,WHATSAPP,2026-04-12 02:38:15
PAYMENT0012945,ACC0024093,2026-05-02 03:36:21,98085.76,WHATSAPP,2026-04-03 15:14:10
PAYMENT0011145,ACC0001085,2026-05-02 03:57:42,66407.85,FIELD,2026-03-08 13:42:29
PAYMENT0004843,ACC0021259,2026-05-02 04:53:46,77758.04,WHATSAPP,2026-04-20 05:16:41
PAYMENT0019109,ACC0011317,2026-05-02 05:11:12,139419.47,WHATSAPP,2026-04-13 05:38:49
PAYMENT0005221,ACC0022321,2026-05-02 05:28:24,42961.0,FIELD,2026-03-11 00:53:23
PAYMENT0018468,ACC0009185,2026-05-02 06:01:48,45650.73,WHATSAPP,2026-04-18 04:56:03
PAYMENT0024021,ACC0009776,2026-05-02 06:12:47,135939.33,WHATSAPP,2026-03-26 19:35:26
PAYMENT0011449,ACC0013594,2026-05-02 06:17:46,82076.8,VOICE,2026-04-21 16:36:20
PAYMENT0003594,ACC0010883,2026-05-02 06:24:30,115286.23,FIELD,2026-04-17 03:28:32
PAYMENT0010154,ACC0006374,2026-05-02 07:10:22,96001.94,SMS,2026-03-23 19:40:45
PAYMENT0020639,ACC0006358,2026-05-02 08:20:01,79066.47,WHATSAPP,2026-02-24 03:53:53
PAYMENT0009790,ACC0015643,2026-05-02 09:17:35,52507.53,WHATSAPP,2026-03-29 09:30:45
PAYMENT0010366,ACC0018848,2026-05-02 09:31:39,60726.98,SMS,2026-04-24 18:59:30
PAYMENT0014612,ACC0027754,2026-05-02 10:46:25,81916.4,WHATSAPP,2026-03-23 18:14:00
PAYMENT0018829,ACC0017645,2026-05-02 10:49:21,70280.44,WHATSAPP,2026-04-08 11:13:35
PAYMENT0017890,ACC0022154,2026-05-02 10:50:26,81086.89,VOICE,2026-04-14 18:05:25
PAYMENT0024403,ACC0023208,2026-05-02 10:51:19,51942.97,WHATSAPP,2026-04-18 03:24:38
PAYMENT0024996,ACC0005539,2026-05-02 10:58:03,45550.09,VOICE,2026-03-02 22:54:00
PAYMENT0007355,ACC0015436,2026-05-02 11:41:40,71312.8,WHATSAPP,2026-04-26 19:44:14
PAYMENT0021773,ACC0003648,2026-05-02 11:44:09,10234.25,VOICE,2026-03-26 18:17:53
PAYMENT0010467,ACC0025219,2026-05-02 12:24:11,127744.58,VOICE,2026-04-09 19:24:38
PAYMENT0009589,ACC0014389,2026-05-02 12:24:39,66603.31,VOICE,2026-04-13 01:17:32
PAYMENT0014977,ACC0026108,2026-05-02 12:54:12,89513.41,SMS,2026-04-23 08:24:15
PAYMENT0023144,ACC0003873,2026-05-02 12:57:11,46697.31,VOICE,2026-04-17 08:11:00
PAYMENT0018537,ACC0020140,2026-05-02 13:10:43,130491.44,VOICE,2026-04-30 16:09:36
PAYMENT0012798,ACC0028823,2026-05-02 13:31:49,149218.04,FIELD,2026-03-01 10:22:56
PAYMENT0002547,ACC0023879,2026-05-02 13:33:42,69260.98,VOICE,2026-03-27 15:55:12
PAYMENT0023523,ACC0027864,2026-05-02 13:39:00,88937.71,SMS,2026-04-24 09:14:44
PAYMENT0022467,ACC0013409,2026-05-02 13:41:09,132954.77,WHATSAPP,2026-05-02 10:40:22
PAYMENT0016913,ACC0002629,2026-05-02 13:54:56,125568.25,VOICE,2026-04-11 01:25:56
PAYMENT0023757,ACC0022650,2026-05-02 15:11:11,120780.17,WHATSAPP,2026-04-09 09:18:37
PAYMENT0004025,ACC0019705,2026-05-02 15:26:46,7905.76,VOICE,2026-04-03 20:44:32
PAYMENT0012896,ACC0023861,2026-05-02 15:45:41,132139.18,FIELD,2026-04-20 01:54:21
PAYMENT0001179,ACC0019499,2026-05-02 16:39:39,45457.58,VOICE,2026-04-06 02:50:27
PAYMENT0011526,ACC0002830,2026-05-02 16:40:19,127864.67,VOICE,2026-04-05 15:37:31
PAYMENT0010567,ACC0025836,2026-05-02 16:41:59,21849.23,VOICE,2026-03-03 04:13:12
PAYMENT0000075,ACC0011649,2026-05-02 17:21:34,15950.65,WHATSAPP,2026-04-24 03:02:48
PAYMENT0021119,ACC0001700,2026-05-02 18:39:30,135227.68,SMS,2026-05-01 00:04:25
PAYMENT0018902,ACC0022146,2026-05-02 19:06:40,38758.09,VOICE,2026-03-06 22:29:01
PAYMENT0014381,ACC0025454,2026-05-02 19:09:07,23397.78,WHATSAPP,2026-04-25 21:03:59
PAYMENT0011038,ACC0028830,2026-05-02 19:09:14,149413.47,WHATSAPP,2026-03-14 21:22:57
PAYMENT0000310,ACC0012537,2026-05-02 19:14:57,108596.94,WHATSAPP,2026-04-22 18:27:49
PAYMENT0015886,ACC0026001,2026-05-02 19:18:59,19360.38,SMS,2026-04-12 13:36:16
PAYMENT0003324,ACC0020118,2026-05-02 20:11:59,21160.96,VOICE,2026-04-18 17:00:40
PAYMENT0003919,ACC0014393,2026-05-02 20:20:34,102554.75,SMS,2026-03-17 12:28:12
PAYMENT0022982,ACC0010872,2026-05-02 20:27:30,85791.97,VOICE,2026-04-10 15:35:55
PAYMENT0018736,ACC0013773,2026-05-02 20:42:47,130861.44,WHATSAPP,2026-04-28 00:43:04
PAYMENT0010164,ACC0029812,2026-05-02 21:07:59,57818.52,WHATSAPP,2026-04-11 16:18:32
PAYMENT0008820,ACC0018974,2026-05-02 22:16:49,80882.73,WHATSAPP,2026-05-02 00:33:30
PAYMENT0004687,ACC0019107,2026-05-02 23:11:21,19792.09,WHATSAPP,2026-02-24 19:55:28
PAYMENT0016334,ACC0011860,2026-05-02 23:30:23,87589.15,VOICE,2026-04-30 13:25:02
PAYMENT0000650,ACC0003768,2026-05-02 23:33:36,92250.18,VOICE,2026-04-28 03:38:13
PAYMENT0023071,ACC0018540,2026-05-02 23:39:50,68348.67,VOICE,2026-02-12 00:39:51
PAYMENT0024493,ACC0009515,2026-05-03 01:11:20,137369.1,VOICE,2026-04-17 12:28:14
PAYMENT0020899,ACC0017363,2026-05-03 02:27:27,130318.22,WHATSAPP,2026-05-02 04:38:18
PAYMENT0022434,ACC0020951,2026-05-03 02:28:16,1939.54,WHATSAPP,2026-04-28 14:39:27
PAYMENT0006654,ACC0026485,2026-05-03 02:29:41,36432.61,SMS,2026-04-20 15:18:18
PAYMENT0013156,ACC0009978,2026-05-03 02:32:26,90094.17,WHATSAPP,2026-03-23 23:54:14
PAYMENT0004682,ACC0006576,2026-05-03 02:44:26,74122.23,VOICE,2026-03-30 22:20:49
PAYMENT0015381,ACC0022119,2026-05-03 03:03:11,136325.2,FIELD,2026-04-26 02:56:02
PAYMENT0019268,ACC0011932,2026-05-03 03:16:07,92125.58,VOICE,2026-03-11 04:42:02
PAYMENT0005151,ACC0006392,2026-05-03 03:45:33,83168.71,VOICE,2026-04-15 06:17:45
PAYMENT0008810,ACC0029474,2026-05-03 04:02:45,67204.89,WHATSAPP,2026-05-02 07:19:05
PAYMENT0019644,ACC0027318,2026-05-03 04:44:44,91646.84,WHATSAPP,2026-02-23 02:26:02
PAYMENT0009682,ACC0010178,2026-05-03 06:09:18,29368.56,WHATSAPP,2026-03-30 12:10:57
PAYMENT0006768,ACC0009922,2026-05-03 06:17:20,9258.08,VOICE,2026-04-24 03:51:29
PAYMENT0022742,ACC0016973,2026-05-03 06:20:40,59668.55,SMS,2026-04-13 18:47:36
PAYMENT0003519,ACC0008160,2026-05-03 07:18:16,24326.08,VOICE,2026-04-07 04:43:26
PAYMENT0008528,ACC0006151,2026-05-03 07:29:11,25986.56,SMS,2026-02-18 09:55:37
PAYMENT0001409,ACC0021054,2026-05-03 07:57:27,83678.91,WHATSAPP,2026-04-01 11:47:04
PAYMENT0011394,ACC0006082,2026-05-03 08:18:28,87039.4,SMS,2026-04-06 12:15:01
PAYMENT0018944,ACC0007991,2026-05-03 08:35:46,69879.96,SMS,2026-04-05 10:31:55
PAYMENT0005810,ACC0021025,2026-05-03 08:46:14,53280.86,SMS,2026-04-29 18:32:37
PAYMENT0011083,ACC0020963,2026-05-03 08:55:45,130656.08,FIELD,2026-04-22 14:14:45
PAYMENT0002679,ACC0003010,2026-05-03 09:07:20,45293.34,VOICE,2026-03-25 01:32:18
PAYMENT0014614,ACC0017866,2026-05-03 09:27:53,134646.44,WHATSAPP,2026-04-19 01:35:22
PAYMENT0022539,ACC0014496,2026-05-03 09:33:03,108141.37,FIELD,2026-02-20 19:42:51
PAYMENT0021567,ACC0014848,2026-05-03 10:03:47,121203.5,VOICE,2026-02-06 07:18:14
PAYMENT0017455,ACC0005207,2026-05-03 10:09:59,128640.21,VOICE,2026-04-30 13:44:41
PAYMENT0011855,ACC0019630,2026-05-03 10:31:09,55839.81,VOICE,2026-04-06 16:57:39
PAYMENT0005488,ACC0004776,2026-05-03 11:31:08,97888.69,WHATSAPP,2026-04-29 00:41:40
PAYMENT0000733,ACC0015728,2026-05-03 12:46:12,138378.91,VOICE,2026-04-23 15:17:31
PAYMENT0023540,ACC0007452,2026-05-03 13:01:34,58088.51,VOICE,2026-03-23 17:11:34
PAYMENT0003061,ACC0027955,2026-05-03 13:27:02,49117.46,SMS,2026-04-08 06:22:58
PAYMENT0012637,ACC0004760,2026-05-03 13:27:27,43716.86,WHATSAPP,2026-05-01 16:34:08
PAYMENT0022283,ACC0028785,2026-05-03 13:31:16,49012.8,VOICE,2026-04-23 21:07:46
PAYMENT0004351,ACC0020650,2026-05-03 13:34:58,45295.44,VOICE,2026-03-25 07:08:15
PAYMENT0006138,ACC0006545,2026-05-03 13:37:09,129392.01,SMS,2026-01-16 03:32:49
PAYMENT0011929,ACC0012700,2026-05-03 13:41:27,83709.73,VOICE,2026-04-12 04:50:55
PAYMENT0023390,ACC0019493,2026-05-03 14:01:30,111299.21,VOICE,2026-03-05 20:47:39
PAYMENT0004004,ACC0029025,2026-05-03 14:50:57,87103.25,SMS,2026-04-29 13:48:03
PAYMENT0014198,ACC0025212,2026-05-03 15:50:33,67761.11,WHATSAPP,2026-04-26 03:06:00
PAYMENT0004522,ACC0022872,2026-05-03 16:31:05,132655.39,VOICE,2026-04-05 10:28:10
PAYMENT0019578,ACC0019399,2026-05-03 17:09:56,82563.43,FIELD,2026-03-11 11:48:16
PAYMENT0013398,ACC0024746,2026-05-03 17:59:35,7260.37,,
PAYMENT0024953,ACC0001894,2026-05-03 18:07:13,110695.77,WHATSAPP,2026-05-01 00:24:51
PAYMENT0021172,ACC0011323,2026-05-03 18:30:57,60942.07,VOICE,2026-01-01 17:11:47
PAYMENT0001007,ACC0001489,2026-05-03 19:34:53,37570.84,VOICE,2026-04-17 15:14:08
PAYMENT0024560,ACC0011763,2026-05-03 20:03:57,39133.79,WHATSAPP,2026-04-23 05:31:49
PAYMENT0015558,ACC0007305,2026-05-03 20:42:36,110257.63,WHATSAPP,2026-03-16 09:47:46
PAYMENT0017619,ACC0018450,2026-05-03 20:53:01,76339.9,WHATSAPP,2026-04-30 15:07:03
PAYMENT0021509,ACC0007397,2026-05-03 20:57:12,72700.87,VOICE,2026-04-08 19:29:58
PAYMENT0024122,ACC0026387,2026-05-03 22:43:22,130766.37,WHATSAPP,2026-03-20 20:33:43
PAYMENT0004388,ACC0013633,2026-05-03 23:12:34,94929.56,VOICE,2026-05-01 20:16:51
PAYMENT0014203,ACC0023639,2026-05-03 23:17:07,102636.09,VOICE,2026-04-02 13:03:23
PAYMENT0005613,ACC0000654,2026-05-03 23:50:18,57230.42,WHATSAPP,2026-03-10 18:35:34
PAYMENT0007309,ACC0026741,2026-05-04 00:16:12,142816.37,VOICE,2026-03-07 05:31:04
PAYMENT0011887,ACC0011337,2026-05-04 00:23:56,138505.77,WHATSAPP,2026-02-19 07:38:41
PAYMENT0023401,ACC0009230,2026-05-04 00:37:48,18734.48,FIELD,2026-04-06 07:11:56
PAYMENT0012972,ACC0012008,2026-05-04 01:07:02,92156.48,WHATSAPP,2026-04-24 23:13:25
PAYMENT0004698,ACC0024685,2026-05-04 02:04:58,71173.65,VOICE,2026-04-17 11:30:59
PAYMENT0010667,ACC0006727,2026-05-04 02:09:44,51437.15,WHATSAPP,2026-04-08 12:21:11
PAYMENT0014750,ACC0005626,2026-05-04 02:41:16,122850.31,VOICE,2026-04-24 16:45:08
PAYMENT0005127,ACC0021665,2026-05-04 02:46:33,89127.12,SMS,2026-03-29 13:33:57
PAYMENT0012113,ACC0013059,2026-05-04 03:00:04,133734.48,VOICE,2026-04-08 07:27:04
PAYMENT0007844,ACC0022597,2026-05-04 04:04:24,17006.61,SMS,2026-04-25 13:09:21
PAYMENT0008633,ACC0010022,2026-05-04 04:25:32,112301.61,VOICE,2026-01-21 13:37:51
PAYMENT0021445,ACC0021550,2026-05-04 04:39:10,9271.74,VOICE,2026-04-28 03:40:32
PAYMENT0012727,ACC0015288,2026-05-04 04:56:59,68333.75,VOICE,2026-03-14 09:06:14
PAYMENT0011215,ACC0013684,2026-05-04 05:18:47,149296.5,VOICE,2026-04-01 06:15:00
PAYMENT0016853,ACC0009351,2026-05-04 05:21:24,63281.03,VOICE,2026-03-25 10:41:43
PAYMENT0003269,ACC0000878,2026-05-04 06:24:25,116852.83,VOICE,2026-03-09 15:21:53
PAYMENT0017768,ACC0024153,2026-05-04 06:56:30,51793.93,SMS,2026-03-14 13:29:51
PAYMENT0020065,ACC0006841,2026-05-04 07:58:18,123712.61,VOICE,2026-04-10 09:08:36
PAYMENT0000577,ACC0007166,2026-05-04 08:43:15,107538.67,VOICE,2026-04-03 23:04:15
PAYMENT0022660,ACC0006915,2026-05-04 08:46:33,12729.64,WHATSAPP,2026-04-30 09:20:28
PAYMENT0003078,ACC0011690,2026-05-04 08:55:34,64202.66,VOICE,2026-04-08 05:50:13
PAYMENT0019490,ACC0011583,2026-05-04 09:18:22,100100.01,WHATSAPP,2026-03-05 20:42:14
PAYMENT0020116,ACC0016222,2026-05-04 09:18:44,111578.86,VOICE,2026-04-30 07:50:23
PAYMENT0013690,ACC0018433,2026-05-04 09:55:20,90361.3,SMS,2026-03-30 13:49:24
PAYMENT0016573,ACC0018084,2026-05-04 09:57:24,51743.8,WHATSAPP,2026-04-01 15:36:13
PAYMENT0014958,ACC0015017,2026-05-04 09:58:22,124447.67,VOICE,2026-04-03 11:09:04
PAYMENT0004936,ACC0025733,2026-05-04 10:17:09,40416.32,VOICE,2026-02-22 10:05:36
PAYMENT0024669,ACC0005022,2026-05-04 10:22:38,21770.69,VOICE,2026-04-19 06:06:47
PAYMENT0015393,ACC0009500,2026-05-04 11:25:51,70192.15,VOICE,2026-03-26 20:37:34
PAYMENT0021074,ACC0008433,2026-05-04 12:47:53,13567.67,VOICE,2026-05-02 15:44:32
PAYMENT0003822,ACC0007184,2026-05-04 13:00:24,130841.21,VOICE,2026-04-20 19:25:53
PAYMENT0015515,ACC0026235,2026-05-04 13:01:46,118223.08,FIELD,2026-04-22 14:38:09
PAYMENT0022910,ACC0012682,2026-05-04 13:02:07,4517.38,SMS,2026-05-02 06:54:46
PAYMENT0010845,ACC0029661,2026-05-04 13:10:26,124813.22,VOICE,2026-04-21 22:46:48
PAYMENT0017417,ACC0018775,2026-05-04 13:11:08,86803.42,,
PAYMENT0012647,ACC0026150,2026-05-04 13:20:52,76712.81,WHATSAPP,2026-04-29 04:13:01
PAYMENT0017342,ACC0022698,2026-05-04 13:34:25,18198.25,SMS,2026-03-17 13:28:57
PAYMENT0002322,ACC0013356,2026-05-04 13:49:53,101943.47,VOICE,2026-04-15 11:26:38
PAYMENT0008493,ACC0003289,2026-05-04 14:01:48,119702.03,WHATSAPP,2026-04-17 15:05:47
PAYMENT0016158,ACC0005821,2026-05-04 14:51:03,41256.34,FIELD,2026-03-26 16:39:46
PAYMENT0004743,ACC0002367,2026-05-04 14:55:59,42578.59,,
PAYMENT0009973,ACC0029283,2026-05-04 15:04:55,72803.45,WHATSAPP,2026-04-27 23:49:04
PAYMENT0018725,ACC0018262,2026-05-04 15:25:43,114498.23,VOICE,2026-04-15 04:58:48
PAYMENT0002194,ACC0027961,2026-05-04 15:46:39,101872.25,WHATSAPP,2026-04-11 19:44:27
PAYMENT0016115,ACC0012677,2026-05-04 15:50:33,97536.21,WHATSAPP,2026-04-27 16:16:40
PAYMENT0017386,ACC0012732,2026-05-04 16:50:37,111191.14,FIELD,2026-04-18 03:46:57
PAYMENT0000285,ACC0005044,2026-05-04 17:18:41,33238.97,FIELD,2026-01-13 08:29:57
PAYMENT0011708,ACC0019143,2026-05-04 18:40:57,131843.72,SMS,2026-04-21 00:09:27
PAYMENT0015803,ACC0011893,2026-05-04 18:41:52,122262.34,WHATSAPP,2026-02-19 21:34:39
PAYMENT0004238,ACC0020530,2026-05-04 19:29:47,420.58,SMS,2026-02-27 16:51:50
PAYMENT0004690,ACC0013890,2026-05-04 19:30:48,135636.92,SMS,2026-05-01 08:32:59
PAYMENT0019559,ACC0018126,2026-05-04 19:45:32,10625.76,VOICE,2026-04-15 04:23:20
PAYMENT0010933,ACC0029544,2026-05-04 20:03:00,54869.31,SMS,2026-03-30 23:50:35
PAYMENT0014117,ACC0014359,2026-05-04 20:12:13,3629.76,VOICE,2026-04-30 22:59:28
PAYMENT0006479,ACC0000876,2026-05-04 20:46:05,85452.38,WHATSAPP,2026-04-10 17:20:57
PAYMENT0020050,ACC0005183,2026-05-04 20:49:05,57071.11,WHATSAPP,2026-03-19 22:35:24
PAYMENT0000824,ACC0006035,2026-05-04 21:01:21,114813.96,WHATSAPP,2026-04-25 02:13:33
PAYMENT0004005,ACC0001911,2026-05-04 21:14:05,61847.51,VOICE,2026-04-27 11:30:37
PAYMENT0006021,ACC0025839,2026-05-04 21:18:55,114969.79,WHATSAPP,2026-04-30 04:06:42
PAYMENT0023660,ACC0028719,2026-05-04 21:21:24,93650.02,VOICE,2026-03-16 11:23:49
PAYMENT0005212,ACC0029230,2026-05-04 22:16:51,138266.99,VOICE,2026-04-16 15:58:36
PAYMENT0020407,ACC0022072,2026-05-04 23:11:18,91749.62,FIELD,2026-05-01 18:09:44
PAYMENT0004947,ACC0014794,2026-05-04 23:29:59,63274.67,FIELD,2026-04-05 01:49:05
PAYMENT0003698,ACC0013686,2026-05-04 23:36:01,9350.83,VOICE,2026-04-27 22:58:14
PAYMENT0015468,ACC0028293,2026-05-04 23:45:39,143430.97,VOICE,2026-03-31 16:50:48
PAYMENT0016589,ACC0009029,2026-05-05 00:55:06,97095.43,FIELD,2026-04-26 02:22:11
PAYMENT0009153,ACC0010079,2026-05-05 01:26:37,29492.45,SMS,2026-04-08 00:49:29
PAYMENT0000750,ACC0022358,2026-05-05 01:34:52,138621.43,SMS,2026-04-12 21:20:21
PAYMENT0002481,ACC0008507,2026-05-05 01:35:27,15797.11,SMS,2026-04-25 10:01:04
PAYMENT0019421,ACC0018924,2026-05-05 01:49:44,101249.64,VOICE,2026-05-04 06:07:15
PAYMENT0002897,ACC0028595,2026-05-05 02:22:08,34832.93,SMS,2026-05-02 09:42:28
PAYMENT0024494,ACC0028344,2026-05-05 02:25:14,108400.14,WHATSAPP,2026-04-08 05:31:43
PAYMENT0003510,ACC0010629,2026-05-05 03:03:51,113594.92,SMS,2026-04-29 05:04:11
PAYMENT0006151,ACC0013308,2026-05-05 03:22:48,143388.46,WHATSAPP,2026-04-14 04:33:09
PAYMENT0018232,ACC0029226,2026-05-05 03:51:09,23290.44,WHATSAPP,2026-04-03 12:17:23
PAYMENT0024522,ACC0028139,2026-05-05 04:05:17,116898.42,VOICE,2026-04-08 23:17:19
PAYMENT0004514,ACC0021547,2026-05-05 04:33:37,75489.87,WHATSAPP,2026-04-18 19:18:11
PAYMENT0014439,ACC0001037,2026-05-05 04:52:05,28360.91,FIELD,2026-04-29 20:34:17
PAYMENT0008183,ACC0029940,2026-05-05 05:44:31,141995.94,VOICE,2026-05-01 05:20:04
PAYMENT0004637,ACC0005989,2026-05-05 05:47:37,55504.17,VOICE,2026-04-08 12:56:03
PAYMENT0001630,ACC0018401,2026-05-05 06:21:08,120189.8,WHATSAPP,2026-04-28 01:48:46
PAYMENT0017196,ACC0013880,2026-05-05 06:35:08,38824.51,,
PAYMENT0017843,ACC0006268,2026-05-05 06:46:46,81792.09,WHATSAPP,2026-04-16 05:20:38
PAYMENT0002016,ACC0029026,2026-05-05 07:02:32,62739.58,VOICE,2026-03-18 07:03:57
PAYMENT0016450,ACC0006846,2026-05-05 08:03:25,9315.72,VOICE,2026-04-05 13:58:06
PAYMENT0012016,ACC0010166,2026-05-05 09:08:03,91196.07,SMS,2026-05-04 11:17:20
PAYMENT0019928,ACC0000293,2026-05-05 10:10:31,94515.86,SMS,2026-04-23 02:08:34
PAYMENT0021006,ACC0013138,2026-05-05 10:10:54,36319.44,WHATSAPP,2026-05-01 18:47:43
PAYMENT0012416,ACC0009838,2026-05-05 10:36:59,111076.79,FIELD,2026-05-02 21:53:40
PAYMENT0012468,ACC0017596,2026-05-05 10:56:59,141666.36,VOICE,2026-02-26 09:27:08
PAYMENT0011234,ACC0001490,2026-05-05 11:12:21,109410.9,VOICE,2026-04-21 22:29:34
PAYMENT0011949,ACC0029415,2026-05-05 11:36:10,96053.85,WHATSAPP,2026-01-27 18:39:10
PAYMENT0022780,ACC0016831,2026-05-05 11:56:22,140708.92,SMS,2026-04-13 15:28:02
PAYMENT0010750,ACC0003515,2026-05-05 12:03:53,8113.68,VOICE,2026-04-08 08:19:16
PAYMENT0002039,ACC0013417,2026-05-05 12:04:12,52052.73,FIELD,2026-04-06 20:42:44
PAYMENT0018673,ACC0014323,2026-05-05 12:14:29,105719.96,WHATSAPP,2026-04-17 08:47:26
PAYMENT0011957,ACC0004456,2026-05-05 12:28:48,112180.31,WHATSAPP,2026-03-30 21:18:27
PAYMENT0024716,ACC0017703,2026-05-05 13:01:19,99787.18,VOICE,2026-04-24 01:40:55
PAYMENT0018363,ACC0022616,2026-05-05 13:20:55,101917.04,VOICE,2026-03-27 12:04:58
PAYMENT0013187,ACC0000937,2026-05-05 13:29:54,86322.02,SMS,2026-04-24 06:34:28
PAYMENT0022375,ACC0028831,2026-05-05 14:21:09,46061.7,VOICE,2026-02-12 07:12:07
PAYMENT0007516,ACC0007142,2026-05-05 14:42:09,73438.58,VOICE,2026-04-26 19:42:52
PAYMENT0019028,ACC0026843,2026-05-05 14:46:04,105595.32,FIELD,2026-04-08 18:51:12
PAYMENT0019751,ACC0006912,2026-05-05 14:55:03,83420.14,WHATSAPP,2026-05-03 21:55:39
PAYMENT0014337,ACC0020066,2026-05-05 15:00:40,137177.12,VOICE,2026-04-28 09:35:22
PAYMENT0009072,ACC0004973,2026-05-05 15:25:54,111149.5,FIELD,2026-03-24 11:08:35
PAYMENT0002087,ACC0020550,2026-05-05 15:48:39,122506.16,SMS,2026-03-18 19:19:18
PAYMENT0000185,ACC0020304,2026-05-05 16:01:42,10638.78,SMS,2026-03-21 14:01:43
PAYMENT0012694,ACC0021769,2026-05-05 16:03:49,35378.84,FIELD,2026-05-04 23:05:54
PAYMENT0000203,ACC0008998,2026-05-05 17:25:56,41370.71,WHATSAPP,2026-03-15 02:07:16
PAYMENT0023311,ACC0007027,2026-05-05 17:34:10,43413.93,VOICE,2026-04-20 05:47:19
PAYMENT0000256,ACC0008101,2026-05-05 18:07:48,53566.06,SMS,2026-04-28 09:10:41
PAYMENT0022406,ACC0013944,2026-05-05 19:12:47,73470.23,FIELD,2026-05-01 22:14:51
PAYMENT0002669,ACC0025050,2026-05-05 19:55:33,49607.89,WHATSAPP,2026-03-20 02:57:35
PAYMENT0010326,ACC0024418,2026-05-05 20:34:06,121971.36,VOICE,2026-03-08 05:02:34
PAYMENT0013120,ACC0024383,2026-05-05 20:48:18,42315.4,SMS,2026-03-08 03:08:25
PAYMENT0007148,ACC0009567,2026-05-05 20:59:35,86695.87,VOICE,2026-04-11 12:03:25
PAYMENT0024087,ACC0000090,2026-05-05 21:01:04,51352.77,VOICE,2026-03-31 17:28:12
PAYMENT0005573,ACC0020751,2026-05-05 21:01:10,64479.4,VOICE,2026-04-24 02:03:13
PAYMENT0020793,ACC0009015,2026-05-05 21:10:36,137015.48,VOICE,2026-04-26 06:20:10
PAYMENT0001047,ACC0024804,2026-05-05 21:16:29,116994.07,SMS,2026-04-08 20:12:52
PAYMENT0022860,ACC0024530,2026-05-05 21:17:15,6506.33,VOICE,2026-03-21 13:23:59
PAYMENT0022652,ACC0020183,2026-05-05 21:32:29,15020.65,WHATSAPP,2026-04-19 00:08:10
PAYMENT0002241,ACC0012023,2026-05-05 22:14:20,103172.2,VOICE,2026-05-01 21:23:34
PAYMENT0011446,ACC0025914,2026-05-05 22:16:44,135347.68,WHATSAPP,2026-04-11 11:59:01
PAYMENT0005460,ACC0004964,2026-05-05 22:58:37,87692.88,,
PAYMENT0022345,ACC0018859,2026-05-05 23:11:40,39106.67,VOICE,2026-04-21 10:09:04
PAYMENT0016199,ACC0020891,2026-05-06 00:10:31,43098.14,WHATSAPP,2026-03-24 12:08:53
PAYMENT0014759,ACC0018719,2026-05-06 00:36:51,36628.0,VOICE,2026-04-09 12:33:06
PAYMENT0017218,ACC0023284,2026-05-06 01:31:32,1626.68,WHATSAPP,2026-04-05 01:37:30
PAYMENT0014467,ACC0018076,2026-05-06 01:35:00,31594.08,WHATSAPP,2026-05-01 01:02:34
PAYMENT0016501,ACC0008074,2026-05-06 01:40:50,113637.69,SMS,2026-03-04 04:30:25
PAYMENT0001810,ACC0017577,2026-05-06 01:55:11,93448.53,SMS,2026-02-19 13:12:23
PAYMENT0014123,ACC0029835,2026-05-06 02:16:58,99004.04,FIELD,2026-04-18 10:21:57
PAYMENT0000144,ACC0012971,2026-05-06 03:14:00,82354.24,VOICE,2026-04-27 16:50:46
PAYMENT0002144,ACC0023512,2026-05-06 03:50:24,109199.84,WHATSAPP,2026-04-23 12:55:07
PAYMENT0007279,ACC0024432,2026-05-06 03:55:14,130352.3,VOICE,2026-05-03 14:38:10
PAYMENT0019508,ACC0024579,2026-05-06 04:11:19,68267.88,WHATSAPP,2026-04-30 03:56:36
PAYMENT0004241,ACC0013006,2026-05-06 04:23:57,103532.44,WHATSAPP,2026-04-13 17:49:08
PAYMENT0005011,ACC0028641,2026-05-06 04:32:35,3425.24,WHATSAPP,2026-03-22 00:30:44
PAYMENT0016067,ACC0017019,2026-05-06 04:34:26,86289.09,VOICE,2026-04-24 03:41:26
PAYMENT0017925,ACC0016525,2026-05-06 05:04:28,60121.04,WHATSAPP,2026-05-03 04:14:59
PAYMENT0015725,ACC0010698,2026-05-06 05:11:01,114903.58,VOICE,2026-05-03 10:03:02
PAYMENT0012176,ACC0015860,2026-05-06 05:14:36,130315.22,VOICE,2026-04-05 01:12:58
PAYMENT0023467,ACC0022092,2026-05-06 05:16:44,93999.88,FIELD,2026-03-19 07:56:00
PAYMENT0019844,ACC0004701,2026-05-06 05:46:16,100623.66,FIELD,2026-04-20 12:23:18
PAYMENT0000940,ACC0023789,2026-05-06 05:53:15,97392.02,VOICE,2026-05-03 02:32:55
PAYMENT0000021,ACC0021407,2026-05-06 06:27:56,145099.11,SMS,2026-03-15 14:55:31
PAYMENT0008393,ACC0020993,2026-05-06 07:54:47,138072.56,VOICE,2026-04-03 22:22:01
PAYMENT0004576,ACC0028858,2026-05-06 08:40:55,112587.32,WHATSAPP,2026-04-01 00:17:40
PAYMENT0009279,ACC0024576,2026-05-06 09:25:17,18387.7,VOICE,2026-03-15 17:35:29
PAYMENT0023099,ACC0017689,2026-05-06 09:30:50,45139.59,FIELD,2026-03-12 05:37:42
PAYMENT0022017,ACC0025252,2026-05-06 09:32:17,142081.57,VOICE,2026-04-23 00:40:19
PAYMENT0006870,ACC0005628,2026-05-06 09:42:49,31532.77,VOICE,2026-05-02 09:40:48
PAYMENT0014843,ACC0016690,2026-05-06 11:38:44,87902.57,VOICE,2026-05-01 08:25:17
PAYMENT0021901,ACC0009892,2026-05-06 12:20:28,26107.31,,
PAYMENT0013716,ACC0028432,2026-05-06 12:33:22,85852.47,VOICE,2026-04-13 20:15:25
PAYMENT0011222,ACC0024459,2026-05-06 13:08:31,43537.56,VOICE,2026-02-10 09:28:55
PAYMENT0011607,ACC0019131,2026-05-06 13:17:53,145937.91,VOICE,2026-03-07 19:31:44
PAYMENT0024256,ACC0015622,2026-05-06 13:32:27,10523.85,SMS,2026-05-06 13:15:07
PAYMENT0013289,ACC0023887,2026-05-06 14:19:28,107759.24,WHATSAPP,2026-03-29 10:46:38
PAYMENT0003979,ACC0013761,2026-05-06 15:29:09,108312.88,SMS,2026-04-15 08:08:11
PAYMENT0022717,ACC0002426,2026-05-06 16:52:12,135568.23,SMS,2026-05-02 19:57:09
PAYMENT0023707,ACC0002044,2026-05-06 16:57:44,86663.01,WHATSAPP,2026-04-15 08:17:55
PAYMENT0018850,ACC0015031,2026-05-06 18:29:50,115918.88,WHATSAPP,2026-04-27 01:10:17
PAYMENT0002352,ACC0007183,2026-05-06 18:35:33,100413.38,SMS,2026-03-16 03:11:10
PAYMENT0008054,ACC0023412,2026-05-06 19:26:45,125849.69,SMS,2026-04-14 02:08:29
PAYMENT0007913,ACC0025352,2026-05-06 19:27:24,94278.9,VOICE,2026-04-29 06:31:49
PAYMENT0003106,ACC0009987,2026-05-06 20:18:58,135410.42,SMS,2026-05-02 09:46:50
PAYMENT0006872,ACC0029775,2026-05-06 20:29:32,83717.86,SMS,2026-05-05 16:51:15
PAYMENT0019275,ACC0009583,2026-05-06 21:14:31,29766.45,VOICE,2026-04-27 05:47:22
PAYMENT0001696,ACC0019676,2026-05-06 21:34:40,115640.51,SMS,2026-04-23 07:00:41
PAYMENT0000013,ACC0026504,2026-05-06 22:30:42,41543.11,VOICE,2026-01-24 11:10:09
PAYMENT0001927,ACC0015946,2026-05-06 23:22:58,16995.37,VOICE,2026-04-30 13:50:29
PAYMENT0017011,ACC0025399,2026-05-06 23:35:34,78722.33,VOICE,2026-04-29 13:50:10
PAYMENT0010512,ACC0007963,2026-05-06 23:38:59,148574.89,SMS,2026-04-25 00:28:43
PAYMENT0021055,ACC0008118,2026-05-06 23:48:16,70959.51,VOICE,2026-03-26 18:25:15
PAYMENT0010186,ACC0009255,2026-05-06 23:58:52,138446.09,,
PAYMENT0013214,ACC0028615,2026-05-07 00:11:45,25509.99,VOICE,2026-04-19 05:05:38
PAYMENT0016109,ACC0021258,2026-05-07 00:35:31,35859.97,FIELD,2026-05-06 04:49:32
PAYMENT0008779,ACC0011256,2026-05-07 00:43:10,131540.28,VOICE,2026-05-01 06:40:37
PAYMENT0006236,ACC0023597,2026-05-07 00:54:33,21996.83,WHATSAPP,2026-05-03 08:10:31
PAYMENT0019444,ACC0014601,2026-05-07 01:17:26,138038.35,VOICE,2026-02-26 11:25:34
PAYMENT0003632,ACC0024391,2026-05-07 01:21:19,65302.44,SMS,2026-04-17 18:34:34
PAYMENT0024125,ACC0014846,2026-05-07 01:28:35,141683.22,WHATSAPP,2026-03-31 23:11:17
PAYMENT0021386,ACC0012829,2026-05-07 01:32:22,107486.96,FIELD,2026-04-29 01:21:56
PAYMENT0019997,ACC0019683,2026-05-07 02:17:47,72464.85,VOICE,2026-04-03 06:21:45
PAYMENT0021018,ACC0020499,2026-05-07 02:52:17,113387.08,FIELD,2026-04-28 09:24:39
PAYMENT0007610,ACC0005998,2026-05-07 02:59:08,12364.38,VOICE,2026-05-05 17:52:59
PAYMENT0004756,ACC0013479,2026-05-07 03:14:40,115846.75,VOICE,2026-04-01 16:26:21
PAYMENT0020720,ACC0009040,2026-05-07 03:15:24,84648.05,WHATSAPP,2026-02-05 12:37:22
PAYMENT0004952,ACC0002500,2026-05-07 03:32:06,80462.3,WHATSAPP,2026-05-01 10:52:21
PAYMENT0016449,ACC0013944,2026-05-07 03:32:43,9941.6,FIELD,2026-05-01 22:14:51
PAYMENT0020492,ACC0020473,2026-05-07 04:12:15,17925.74,,
PAYMENT0010397,ACC0001464,2026-05-07 04:23:11,23624.45,SMS,2026-04-12 23:05:50
PAYMENT0007215,ACC0012609,2026-05-07 05:18:22,94550.13,VOICE,2026-04-06 19:51:02
PAYMENT0013682,ACC0004295,2026-05-07 06:42:59,124.29,VOICE,2026-05-06 16:11:53
PAYMENT0003342,ACC0022673,2026-05-07 06:46:44,127271.24,SMS,2026-04-26 15:14:33
PAYMENT0009313,ACC0010800,2026-05-07 06:52:08,23254.22,FIELD,2026-02-25 19:45:26
PAYMENT0003857,ACC0025814,2026-05-07 07:15:26,106199.88,VOICE,2026-04-18 07:01:24
PAYMENT0008482,ACC0026177,2026-05-07 07:22:43,106252.17,VOICE,2026-04-14 23:34:19
PAYMENT0024111,ACC0027322,2026-05-07 07:38:36,67104.78,FIELD,2026-03-21 14:28:20
PAYMENT0004869,ACC0025671,2026-05-07 08:01:11,7188.63,VOICE,2026-03-23 11:23:56
PAYMENT0014100,ACC0027491,2026-05-07 08:08:17,32309.0,VOICE,2026-04-25 11:09:14
PAYMENT0010901,ACC0009443,2026-05-07 08:22:36,26124.32,WHATSAPP,2026-04-13 17:47:00
PAYMENT0013491,ACC0007669,2026-05-07 08:29:04,12246.45,WHATSAPP,2026-02-25 00:54:02
PAYMENT0007138,ACC0010701,2026-05-07 08:46:20,62403.89,SMS,2026-05-03 17:54:30
PAYMENT0016711,ACC0029101,2026-05-07 09:13:51,95484.25,WHATSAPP,2026-05-03 10:23:55
PAYMENT0021039,ACC0027634,2026-05-07 09:33:49,63969.0,FIELD,2026-04-27 08:00:38
PAYMENT0004748,ACC0007872,2026-05-07 09:56:55,110546.21,FIELD,2026-04-28 23:29:41
PAYMENT0018989,ACC0002246,2026-05-07 09:57:59,5618.3,VOICE,2026-05-06 18:37:33
PAYMENT0011769,ACC0009009,2026-05-07 10:02:46,7115.28,SMS,2026-04-28 23:18:40
PAYMENT0005103,ACC0028942,2026-05-07 10:04:26,82748.18,SMS,2026-04-01 05:11:00
PAYMENT0007411,ACC0019740,2026-05-07 10:09:36,12367.83,WHATSAPP,2026-04-01 20:32:06
PAYMENT0010721,ACC0024469,2026-05-07 11:00:13,48612.99,WHATSAPP,2026-03-30 12:04:51
PAYMENT0014820,ACC0012697,2026-05-07 11:09:11,102728.41,VOICE,2026-04-04 11:29:35
PAYMENT0003482,ACC0023348,2026-05-07 11:37:51,6991.68,WHATSAPP,2026-04-16 07:58:57
PAYMENT0020860,ACC0002770,2026-05-07 11:43:07,12051.52,VOICE,2026-04-07 08:33:21
PAYMENT0018503,ACC0015531,2026-05-07 11:52:19,108999.61,VOICE,2026-02-26 15:57:50
PAYMENT0014770,ACC0013356,2026-05-07 12:32:36,76431.66,VOICE,2026-04-15 11:26:38
PAYMENT0013765,ACC0011194,2026-05-07 12:32:58,58605.9,SMS,2026-03-12 01:06:09
PAYMENT0006388,ACC0011605,2026-05-07 12:34:49,123245.29,VOICE,2026-03-17 12:21:12
PAYMENT0002859,ACC0006042,2026-05-07 12:37:31,90307.95,VOICE,2026-04-26 01:27:37
PAYMENT0004113,ACC0020787,2026-05-07 14:25:00,81582.61,WHATSAPP,2026-04-30 00:07:29
PAYMENT0000612,ACC0011865,2026-05-07 14:28:42,3724.7,WHATSAPP,2026-04-22 12:02:44
PAYMENT0023813,ACC0009155,2026-05-07 15:30:27,105134.66,WHATSAPP,2026-04-25 14:40:04
PAYMENT0005265,ACC0027809,2026-05-07 15:36:47,42090.92,VOICE,2026-04-23 12:42:35
PAYMENT0022830,ACC0018010,2026-05-07 16:11:10,95144.02,WHATSAPP,2026-03-28 23:02:58
PAYMENT0014393,ACC0029768,2026-05-07 16:16:15,15504.73,WHATSAPP,2026-05-04 09:57:24
PAYMENT0003175,ACC0003445,2026-05-07 16:44:51,16127.89,SMS,2026-04-10 15:35:55
PAYMENT0010551,ACC0024540,2026-05-07 19:31:58,124753.27,VOICE,2026-05-02 23:23:29
PAYMENT0016971,ACC0012147,2026-05-07 19:59:40,109547.47,VOICE,2026-04-21 22:09:04
PAYMENT0022287,ACC0013525,2026-05-07 20:05:13,13915.37,VOICE,2026-05-04 17:10:22
PAYMENT0001050,ACC0021093,2026-05-07 20:21:36,7889.76,VOICE,2026-04-21 23:12:06
PAYMENT0003776,ACC0003199,2026-05-07 20:23:20,108462.88,VOICE,2026-03-27 18:49:04
PAYMENT0012947,ACC0000484,2026-05-07 20:39:00,120382.14,VOICE,2026-04-27 10:18:06
PAYMENT0021380,ACC0015508,2026-05-07 20:50:34,43801.05,VOICE,2026-03-25 08:47:52
PAYMENT0000220,ACC0029555,2026-05-07 21:02:32,53545.32,VOICE,2026-05-01 13:38:19
PAYMENT0010302,ACC0020402,2026-05-07 22:16:55,131715.37,WHATSAPP,2026-02-12 02:02:56
PAYMENT0011569,ACC0024724,2026-05-07 22:23:48,120483.83,VOICE,2026-03-19 10:11:37
PAYMENT0015837,ACC0015730,2026-05-07 23:00:04,105907.67,SMS,2026-04-02 10:33:08
PAYMENT0016642,ACC0004968,2026-05-08 00:03:06,94249.32,WHATSAPP,2026-01-29 00:37:07
PAYMENT0019616,ACC0014143,2026-05-08 00:34:42,73528.16,SMS,2026-05-07 15:30:33
PAYMENT0003668,ACC0018784,2026-05-08 00:39:41,8557.32,SMS,2026-04-19 07:11:33
PAYMENT0007147,ACC0017307,2026-05-08 00:58:44,80493.21,SMS,2026-05-06 05:58:59
PAYMENT0016673,ACC0016232,2026-05-08 01:14:26,84278.89,VOICE,2026-03-24 21:29:58
PAYMENT0002565,ACC0002056,2026-05-08 01:15:45,89347.03,WHATSAPP,2026-03-19 09:36:31
PAYMENT0023800,ACC0022868,2026-05-08 01:34:42,91193.37,VOICE,2026-01-11 18:08:22
PAYMENT0019725,ACC0012644,2026-05-08 01:55:35,56425.38,,
PAYMENT0022616,ACC0014399,2026-05-08 02:11:14,17773.07,FIELD,2026-04-07 11:54:02
PAYMENT0015469,ACC0005602,2026-05-08 02:29:25,23195.98,VOICE,2026-04-17 17:35:55
PAYMENT0005491,ACC0021071,2026-05-08 02:31:22,57051.69,VOICE,2026-04-18 22:24:18
PAYMENT0018534,ACC0016252,2026-05-08 02:32:17,114146.45,SMS,2026-04-05 18:05:27
PAYMENT0005812,ACC0017578,2026-05-08 02:47:26,87584.16,VOICE,2026-05-04 15:26:26
PAYMENT0022675,ACC0023644,2026-05-08 02:47:37,104088.57,SMS,2026-04-04 08:51:38
PAYMENT0011127,ACC0024252,2026-05-08 03:00:31,4591.99,VOICE,2026-03-17 02:55:20
PAYMENT0018669,ACC0025010,2026-05-08 04:25:01,88605.52,VOICE,2026-05-01 11:28:27
PAYMENT0017114,ACC0009871,2026-05-08 05:45:01,97924.27,FIELD,2026-04-24 18:11:51
PAYMENT0001620,ACC0008406,2026-05-08 06:07:44,119879.18,FIELD,2026-05-07 16:18:28
PAYMENT0008059,ACC0022190,2026-05-08 07:00:40,2256.52,SMS,2026-05-06 00:13:57
PAYMENT0021371,ACC0029298,2026-05-08 08:04:43,72601.08,VOICE,2026-05-08 01:52:18
PAYMENT0004100,ACC0003035,2026-05-08 08:11:46,129972.3,FIELD,2026-04-28 10:13:34
PAYMENT0001639,ACC0007602,2026-05-08 08:16:04,93977.92,WHATSAPP,2026-04-26 22:56:16
PAYMENT0007297,ACC0004855,2026-05-08 08:22:10,123302.05,VOICE,2026-04-22 15:21:18
PAYMENT0019966,ACC0019603,2026-05-08 08:28:08,119669.7,VOICE,2026-03-17 12:30:46
PAYMENT0024243,ACC0029168,2026-05-08 08:54:24,141817.86,SMS,2026-05-04 10:53:45
PAYMENT0022750,ACC0014028,2026-05-08 09:17:27,2332.3,WHATSAPP,2026-04-16 15:48:46
PAYMENT0016864,ACC0021733,2026-05-08 09:32:57,25605.59,VOICE,2026-02-06 20:19:01
PAYMENT0006417,ACC0026794,2026-05-08 09:36:22,114710.25,FIELD,2026-03-25 00:25:39
PAYMENT0016241,ACC0019913,2026-05-08 11:38:59,71700.88,VOICE,2026-04-22 16:52:17
PAYMENT0000007,ACC0017147,2026-05-08 11:45:34,79641.72,WHATSAPP,2026-01-23 17:45:48
PAYMENT0002456,ACC0019196,2026-05-08 12:21:55,52380.89,VOICE,2026-05-06 14:52:56
PAYMENT0018460,ACC0025817,2026-05-08 13:01:23,125357.86,WHATSAPP,2026-04-18 11:12:28
PAYMENT0014007,ACC0028163,2026-05-08 13:11:58,51892.12,SMS,2026-03-13 02:40:21
PAYMENT0017916,ACC0019500,2026-05-08 13:15:21,83454.18,VOICE,2026-04-04 09:27:10
PAYMENT0022902,ACC0010498,2026-05-08 13:42:07,146722.95,VOICE,2026-03-15 14:41:48
PAYMENT0021495,ACC0024447,2026-05-08 14:07:36,71292.8,WHATSAPP,2026-05-05 15:32:36
PAYMENT0015213,ACC0001827,2026-05-08 14:36:28,133164.84,SMS,2026-05-04 04:15:18
PAYMENT0007623,ACC0001236,2026-05-08 14:42:41,96537.6,VOICE,2026-05-08 01:55:20
PAYMENT0017815,ACC0029005,2026-05-08 14:44:57,142422.79,SMS,2026-04-19 03:59:49
PAYMENT0011765,ACC0025672,2026-05-08 15:38:41,7179.33,SMS,2026-04-10 20:19:36
PAYMENT0000820,ACC0002960,2026-05-08 17:23:53,125045.91,SMS,2026-03-11 13:10:22
PAYMENT0020695,ACC0010308,2026-05-08 17:50:03,25953.77,VOICE,2026-03-18 07:31:17
PAYMENT0000091,ACC0000966,2026-05-08 19:25:23,138572.9,VOICE,2026-05-05 02:24:21
PAYMENT0019573,ACC0022418,2026-05-08 19:35:07,107210.89,VOICE,2026-03-25 05:09:46
PAYMENT0015658,ACC0023971,2026-05-08 20:44:04,139040.14,WHATSAPP,2026-04-10 19:53:40
PAYMENT0011566,ACC0024544,2026-05-08 20:50:24,4619.46,VOICE,2026-04-02 08:44:09
PAYMENT0000427,ACC0010735,2026-05-08 20:52:11,146508.98,FIELD,2026-03-19 01:59:04
PAYMENT0021611,ACC0028641,2026-05-08 21:41:47,29446.3,WHATSAPP,2026-03-22 00:30:44
PAYMENT0019454,ACC0005954,2026-05-08 22:26:46,102733.3,WHATSAPP,2026-03-31 03:06:11
PAYMENT0018390,ACC0000965,2026-05-08 23:04:14,88033.53,SMS,2026-05-03 21:05:08
PAYMENT0005474,ACC0019595,2026-05-09 02:04:16,91436.97,WHATSAPP,2026-04-12 15:04:28
PAYMENT0023969,ACC0002903,2026-05-09 02:24:44,136064.52,WHATSAPP,2026-03-10 02:54:22
PAYMENT0021939,ACC0027930,2026-05-09 02:34:17,110590.05,VOICE,2026-04-27 17:45:52
PAYMENT0008385,ACC0000417,2026-05-09 02:41:29,61872.33,VOICE,2026-04-06 19:12:39
PAYMENT0014640,ACC0013840,2026-05-09 02:47:07,128622.27,WHATSAPP,2026-04-23 20:54:54
PAYMENT0010469,ACC0018923,2026-05-09 03:46:58,3073.9,WHATSAPP,2026-05-05 08:00:47
PAYMENT0017395,ACC0012163,2026-05-09 04:19:03,21666.28,VOICE,2026-02-20 16:57:44
PAYMENT0005339,ACC0005473,2026-05-09 05:43:26,60477.54,VOICE,2026-05-03 18:49:45
PAYMENT0006400,ACC0009494,2026-05-09 05:46:27,139894.63,SMS,2026-04-29 21:02:00
PAYMENT0002262,ACC0022755,2026-05-09 05:53:10,15154.7,WHATSAPP,2026-05-07 11:04:47
PAYMENT0002381,ACC0029495,2026-05-09 06:03:51,10348.68,VOICE,2026-04-24 21:09:17
PAYMENT0022875,ACC0029625,2026-05-09 06:29:32,143535.22,VOICE,2026-05-03 02:38:22
PAYMENT0012411,ACC0005174,2026-05-09 07:06:15,1192.54,WHATSAPP,2026-03-25 05:42:38
PAYMENT0021346,ACC0028336,2026-05-09 08:14:45,112281.58,VOICE,2026-03-29 17:29:54
PAYMENT0013393,ACC0005283,2026-05-09 08:21:52,69570.92,VOICE,2026-04-08 18:59:38
PAYMENT0002867,ACC0025169,2026-05-09 08:24:48,9869.06,WHATSAPP,2026-05-09 06:34:21
PAYMENT0020029,ACC0021335,2026-05-09 08:25:44,111681.33,VOICE,2026-03-01 06:10:54
PAYMENT0022212,ACC0004610,2026-05-09 08:33:39,61793.2,FIELD,2026-05-04 16:44:20
PAYMENT0009963,ACC0023859,2026-05-09 09:01:04,101349.91,WHATSAPP,2026-04-12 19:08:53
PAYMENT0011690,ACC0009273,2026-05-09 09:19:13,3752.42,VOICE,2026-01-15 09:49:08
PAYMENT0024938,ACC0001278,2026-05-09 10:22:48,14696.77,WHATSAPP,2026-02-18 18:04:37
PAYMENT0010992,ACC0023113,2026-05-09 10:41:16,6604.94,SMS,2026-03-11 23:37:37
PAYMENT0015359,ACC0012807,2026-05-09 10:46:34,19791.45,SMS,2026-01-05 14:58:37
PAYMENT0015647,ACC0013508,2026-05-09 10:52:48,87752.14,SMS,2026-04-04 17:08:27
PAYMENT0024231,ACC0002080,2026-05-09 10:52:55,146516.58,FIELD,2026-03-31 14:38:42
PAYMENT0000962,ACC0001453,2026-05-09 12:17:57,82562.25,WHATSAPP,2026-05-08 10:33:27
PAYMENT0009337,ACC0017192,2026-05-09 12:27:33,131145.61,FIELD,2026-04-27 12:12:40
PAYMENT0007636,ACC0011539,2026-05-09 12:57:07,18525.31,,
PAYMENT0001222,ACC0003221,2026-05-09 16:04:31,70512.88,WHATSAPP,2026-03-10 15:29:41
PAYMENT0010071,ACC0003249,2026-05-09 16:12:53,115699.22,WHATSAPP,2026-03-14 03:40:32
PAYMENT0011217,ACC0014493,2026-05-09 17:16:26,111606.24,VOICE,2026-04-27 12:37:47
PAYMENT0005140,ACC0029149,2026-05-09 17:30:32,113322.02,VOICE,2026-03-31 06:51:35
PAYMENT0022727,ACC0023063,2026-05-09 17:44:49,146163.62,SMS,2026-04-26 19:14:22
PAYMENT0024636,ACC0024005,2026-05-09 18:20:33,84465.92,VOICE,2026-04-26 09:56:27
PAYMENT0015462,ACC0023488,2026-05-09 18:36:55,100497.0,WHATSAPP,2026-04-18 11:35:15
PAYMENT0007022,ACC0022168,2026-05-09 19:15:38,17484.49,WHATSAPP,2026-04-21 18:54:27
PAYMENT0009977,ACC0018291,2026-05-09 19:53:43,21890.48,FIELD,2026-04-24 01:35:52
PAYMENT0013899,ACC0012363,2026-05-09 20:48:52,91060.14,VOICE,2026-05-09 18:40:53
PAYMENT0023861,ACC0017839,2026-05-09 21:05:41,32432.01,WHATSAPP,2026-04-05 08:27:15
PAYMENT0000442,ACC0005027,2026-05-09 21:07:44,34265.56,VOICE,2026-05-07 19:32:08
PAYMENT0019749,ACC0003417,2026-05-09 21:09:31,115454.47,VOICE,2026-05-08 01:36:58
PAYMENT0009160,ACC0029399,2026-05-09 21:33:31,38394.88,WHATSAPP,2026-04-11 07:23:20
PAYMENT0021274,ACC0013893,2026-05-10 00:10:04,29431.69,VOICE,2026-04-14 12:45:26
PAYMENT0010405,ACC0016834,2026-05-10 00:19:57,24246.44,FIELD,2026-03-23 03:58:28
PAYMENT0010063,ACC0026356,2026-05-10 00:21:30,88341.96,FIELD,2026-05-07 02:59:42
PAYMENT0016776,ACC0009118,2026-05-10 01:31:27,105060.17,VOICE,2026-04-24 01:33:10
PAYMENT0002367,ACC0024420,2026-05-10 02:16:50,98302.28,FIELD,2026-04-01 06:44:03
PAYMENT0011612,ACC0022290,2026-05-10 03:12:42,77685.07,VOICE,2026-03-23 04:05:41
PAYMENT0005345,ACC0008897,2026-05-10 03:38:51,43500.62,VOICE,2026-05-08 18:17:40
PAYMENT0004750,ACC0024158,2026-05-10 03:52:20,69537.5,SMS,2026-05-05 05:22:55
PAYMENT0014402,ACC0013328,2026-05-10 04:00:06,73740.51,VOICE,2026-05-01 17:25:20
PAYMENT0009197,ACC0007795,2026-05-10 04:39:54,45740.55,VOICE,2026-05-07 02:21:55
PAYMENT0008609,ACC0005915,2026-05-10 04:58:43,11706.54,SMS,2026-05-02 01:49:25
PAYMENT0003056,ACC0002871,2026-05-10 05:01:17,122031.73,VOICE,2026-04-19 08:33:52
PAYMENT0006946,ACC0024533,2026-05-10 05:19:00,62784.11,FIELD,2026-04-20 13:27:32
PAYMENT0009944,ACC0013615,2026-05-10 05:28:24,72902.84,WHATSAPP,2026-04-22 18:10:43
PAYMENT0008993,ACC0009151,2026-05-10 05:32:03,63215.52,SMS,2026-04-29 11:31:52
PAYMENT0013510,ACC0016212,2026-05-10 05:54:47,72014.99,WHATSAPP,2026-03-06 15:24:17
PAYMENT0009771,ACC0013168,2026-05-10 06:16:57,33999.97,FIELD,2026-05-04 19:36:29
PAYMENT0002930,ACC0013995,2026-05-10 06:18:09,70333.06,VOICE,2026-03-31 17:53:09
PAYMENT0011026,ACC0014830,2026-05-10 06:32:25,115329.51,SMS,2026-02-28 12:32:09
PAYMENT0015601,ACC0023017,2026-05-10 06:37:45,81284.34,WHATSAPP,2026-05-03 08:39:53
PAYMENT0000158,ACC0010335,2026-05-10 07:05:31,89013.77,WHATSAPP,2026-05-07 13:20:20
PAYMENT0024399,ACC0019120,2026-05-10 08:16:17,103209.41,FIELD,2026-05-01 15:15:13
PAYMENT0003498,ACC0011369,2026-05-10 08:17:28,91511.57,WHATSAPP,2026-04-27 06:35:12
PAYMENT0005534,ACC0001209,2026-05-10 08:23:24,44133.72,FIELD,2026-03-29 02:10:49
PAYMENT0011371,ACC0002585,2026-05-10 08:24:51,1483.92,VOICE,2026-05-05 06:17:40
PAYMENT0001556,ACC0020418,2026-05-10 08:35:45,41354.61,SMS,2026-04-08 09:24:36
PAYMENT0018617,ACC0015568,2026-05-10 08:54:52,139126.4,VOICE,2026-05-01 00:29:25
PAYMENT0022010,ACC0016672,2026-05-10 08:57:11,35962.26,WHATSAPP,2026-04-08 01:14:50
PAYMENT0001519,ACC0009261,2026-05-10 09:03:38,17598.92,VOICE,2026-04-28 12:42:30
PAYMENT0013498,ACC0015921,2026-05-10 10:06:26,145785.23,VOICE,2026-03-28 00:03:41
PAYMENT0022992,ACC0024077,2026-05-10 10:16:31,10528.03,SMS,2026-05-03 15:53:12
PAYMENT0023752,ACC0008992,2026-05-10 11:08:52,86020.73,WHATSAPP,2026-04-30 11:08:10
PAYMENT0018958,ACC0021873,2026-05-10 11:58:19,17371.01,,
PAYMENT0005027,ACC0027622,2026-05-10 12:20:26,104934.01,WHATSAPP,2026-04-19 13:29:11
PAYMENT0010351,ACC0016584,2026-05-10 12:37:27,141990.16,WHATSAPP,2026-04-04 12:42:34
PAYMENT0003574,ACC0006554,2026-05-10 12:45:11,64678.66,VOICE,2026-05-08 01:23:45
PAYMENT0018373,ACC0027957,2026-05-10 13:16:59,65070.72,SMS,2026-02-26 18:21:55
PAYMENT0015254,ACC0001778,2026-05-10 13:22:16,27519.26,WHATSAPP,2026-05-05 21:24:34
PAYMENT0009719,ACC0006915,2026-05-10 14:47:46,112006.68,WHATSAPP,2026-04-30 09:20:28
PAYMENT0020826,ACC0017976,2026-05-10 15:15:29,63052.43,VOICE,2026-05-10 10:08:27
PAYMENT0012447,ACC0020662,2026-05-10 15:33:56,5903.06,FIELD,2026-04-01 11:29:26
PAYMENT0002661,ACC0012283,2026-05-10 15:39:21,39213.93,WHATSAPP,2026-04-29 00:36:08
PAYMENT0011035,ACC0010329,2026-05-10 15:46:01,62181.31,VOICE,2026-03-24 01:19:49
PAYMENT0006710,ACC0017356,2026-05-10 15:56:28,67123.36,SMS,2026-04-26 00:15:02
PAYMENT0006441,ACC0003321,2026-05-10 17:12:46,104438.24,VOICE,2026-03-25 05:43:04
PAYMENT0013933,ACC0011603,2026-05-10 17:33:12,61212.94,VOICE,2026-04-24 20:11:35
PAYMENT0009163,ACC0015811,2026-05-10 18:00:35,67958.1,WHATSAPP,2026-05-09 13:09:48
PAYMENT0013908,ACC0025194,2026-05-10 18:04:16,113400.28,WHATSAPP,2026-03-18 17:36:30
PAYMENT0000595,ACC0001492,2026-05-10 18:55:46,1998.55,VOICE,2026-05-09 20:07:04
PAYMENT0022523,ACC0018567,2026-05-10 19:10:15,68771.2,SMS,2026-04-08 15:40:56
PAYMENT0016328,ACC0023243,2026-05-10 22:09:49,127649.57,VOICE,2026-04-03 11:22:58
PAYMENT0019921,ACC0013064,2026-05-10 22:21:04,48615.65,VOICE,2026-04-24 19:18:43
PAYMENT0010271,ACC0005390,2026-05-10 22:23:58,74645.76,WHATSAPP,2026-04-23 22:25:42
PAYMENT0005905,ACC0000874,2026-05-10 23:06:03,45880.15,WHATSAPP,2026-05-03 08:55:59
PAYMENT0000709,ACC0022985,2026-05-10 23:24:33,33130.16,SMS,2026-05-09 04:38:52
PAYMENT0003334,ACC0027297,2026-05-11 00:00:53,70712.37,FIELD,2026-05-06 07:18:50
PAYMENT0021314,ACC0001175,2026-05-11 00:05:17,89537.72,WHATSAPP,2026-05-10 12:39:02
PAYMENT0018506,ACC0011027,2026-05-11 00:32:14,46757.41,WHATSAPP,2026-04-25 03:24:42
PAYMENT0011865,ACC0003775,2026-05-11 00:52:18,24732.76,VOICE,2026-05-04 11:53:36
PAYMENT0021849,ACC0013506,2026-05-11 01:47:11,67957.57,FIELD,2026-04-25 14:23:26
PAYMENT0020452,ACC0011478,2026-05-11 01:51:31,143935.67,WHATSAPP,2026-04-17 12:45:44
PAYMENT0011585,ACC0012304,2026-05-11 01:59:21,108139.82,WHATSAPP,2026-05-09 06:59:08
PAYMENT0008858,ACC0012424,2026-05-11 02:14:39,116337.36,SMS,2026-05-11 00:06:45
PAYMENT0008513,ACC0006863,2026-05-11 02:17:24,167.01,VOICE,2026-04-29 12:15:35
PAYMENT0019438,ACC0019889,2026-05-11 03:11:03,2826.33,FIELD,2026-05-01 04:41:25
PAYMENT0023260,ACC0001233,2026-05-11 03:34:37,2359.94,WHATSAPP,2026-04-18 14:42:26
PAYMENT0021569,ACC0000880,2026-05-11 04:29:02,34772.47,VOICE,2026-04-15 16:14:47
PAYMENT0002383,ACC0021921,2026-05-11 05:01:34,52806.81,VOICE,2026-04-28 23:05:24
PAYMENT0007315,ACC0017816,2026-05-11 05:15:59,92524.77,WHATSAPP,2026-04-29 19:51:54
PAYMENT0022118,ACC0025156,2026-05-11 05:33:29,145740.78,SMS,2026-03-31 06:37:16
PAYMENT0004414,ACC0009292,2026-05-11 05:57:24,147660.74,SMS,2026-05-10 00:30:22
PAYMENT0021096,ACC0012221,2026-05-11 05:59:31,122232.66,SMS,2026-04-14 21:32:40
PAYMENT0017531,ACC0000800,2026-05-11 06:14:50,65332.2,FIELD,2026-05-01 00:59:20
PAYMENT0022012,ACC0002057,2026-05-11 06:19:38,16843.55,VOICE,2026-05-05 08:59:33
PAYMENT0005251,ACC0010401,2026-05-11 06:43:16,69966.83,SMS,2026-05-03 05:32:51
PAYMENT0024793,ACC0020882,2026-05-11 06:57:46,141522.65,VOICE,2026-04-18 05:11:13
PAYMENT0020140,ACC0022341,2026-05-11 07:10:22,40836.71,WHATSAPP,2026-03-09 05:08:25
PAYMENT0018317,ACC0012934,2026-05-11 07:19:36,141340.47,WHATSAPP,2026-04-12 15:08:07
PAYMENT0003663,ACC0000155,2026-05-11 07:49:31,123047.96,WHATSAPP,2026-05-08 02:05:45
PAYMENT0003233,ACC0026926,2026-05-11 07:50:14,148095.13,SMS,2026-05-08 16:20:37
PAYMENT0018085,ACC0005095,2026-05-11 08:05:03,135502.41,VOICE,2026-05-10 21:53:00
PAYMENT0005334,ACC0002009,2026-05-11 08:37:53,33071.18,VOICE,2026-04-24 18:33:18
PAYMENT0009446,ACC0025531,2026-05-11 08:49:09,147560.51,SMS,2026-03-18 06:09:24
PAYMENT0001888,ACC0023799,2026-05-11 09:00:14,116441.58,WHATSAPP,2026-04-14 04:43:21
PAYMENT0008476,ACC0024854,2026-05-11 09:03:50,136093.73,SMS,2026-04-25 21:36:50
PAYMENT0012776,ACC0008912,2026-05-11 09:22:44,133722.53,SMS,2026-02-06 04:14:37
PAYMENT0023978,ACC0005803,2026-05-11 09:25:53,5416.08,VOICE,2026-05-05 02:16:16
PAYMENT0003329,ACC0022897,2026-05-11 09:46:54,85533.43,WHATSAPP,2026-05-04 02:19:40
PAYMENT0024907,ACC0022578,2026-05-11 10:00:42,45998.24,,
PAYMENT0012019,ACC0027498,2026-05-11 10:47:53,113265.12,WHATSAPP,2026-05-07 21:38:53
PAYMENT0011998,ACC0014321,2026-05-11 10:59:40,22852.99,SMS,2026-04-30 15:09:58
PAYMENT0011892,ACC0028588,2026-05-11 11:12:45,52680.37,VOICE,2026-05-02 18:57:18
PAYMENT0002857,ACC0018806,2026-05-11 11:17:00,138358.17,WHATSAPP,2026-04-11 20:35:36
PAYMENT0021150,ACC0009325,2026-05-11 11:22:33,37254.29,VOICE,2026-05-07 05:19:02
PAYMENT0014414,ACC0028347,2026-05-11 11:35:01,129226.03,SMS,2026-03-20 23:10:32
PAYMENT0004023,ACC0006094,2026-05-11 12:07:07,109465.24,VOICE,2026-03-29 11:18:41
PAYMENT0004137,ACC0018250,2026-05-11 12:43:44,143936.11,WHATSAPP,2026-05-09 01:49:58
PAYMENT0024771,ACC0006807,2026-05-11 12:48:49,80427.16,WHATSAPP,2026-03-08 08:09:17
PAYMENT0023580,ACC0022344,2026-05-11 12:58:38,109029.18,VOICE,2026-03-28 06:40:36
PAYMENT0009190,ACC0013712,2026-05-11 13:46:56,72350.55,WHATSAPP,2026-04-15 19:28:50
PAYMENT0004722,ACC0028492,2026-05-11 14:09:27,86782.25,VOICE,2026-01-31 20:33:45
PAYMENT0003762,ACC0003421,2026-05-11 14:22:25,113466.15,VOICE,2026-04-26 07:06:00
PAYMENT0021449,ACC0021321,2026-05-11 14:48:05,82771.59,VOICE,2026-05-07 12:37:49
PAYMENT0005034,ACC0016218,2026-05-11 15:16:52,137796.29,WHATSAPP,2026-03-11 17:51:04
PAYMENT0024128,ACC0028824,2026-05-11 15:21:27,112672.58,VOICE,2026-04-23 10:54:52
PAYMENT0021126,ACC0003933,2026-05-11 15:36:06,33552.49,VOICE,2026-04-25 18:40:32
PAYMENT0023908,ACC0028021,2026-05-11 15:56:27,11687.1,SMS,2026-03-22 07:53:43
PAYMENT0008558,ACC0019607,2026-05-11 16:01:31,116748.19,FIELD,2026-05-02 01:43:25
PAYMENT0004493,ACC0021012,2026-05-11 16:17:27,45325.12,WHATSAPP,2026-05-10 08:31:34
PAYMENT0016982,ACC0019884,2026-05-11 16:36:53,119598.17,WHATSAPP,2026-04-09 04:52:17
PAYMENT0011357,ACC0023169,2026-05-11 17:15:39,11923.38,WHATSAPP,2026-04-29 18:09:02
PAYMENT0013095,ACC0001718,2026-05-11 17:19:13,42528.82,VOICE,2026-04-30 21:24:30
PAYMENT0006280,ACC0026593,2026-05-11 18:20:59,71483.88,SMS,2026-05-11 17:45:09
PAYMENT0019217,ACC0027945,2026-05-11 18:27:40,136248.49,VOICE,2026-04-21 07:06:29
PAYMENT0007508,ACC0009799,2026-05-11 18:50:04,32887.21,VOICE,2026-04-26 10:07:22
PAYMENT0001238,ACC0017532,2026-05-11 18:52:26,71989.8,,
PAYMENT0004240,ACC0007770,2026-05-11 19:20:20,134119.41,WHATSAPP,2026-03-22 14:41:26
PAYMENT0023063,ACC0022584,2026-05-11 19:26:29,128577.43,SMS,2026-03-22 23:44:22
PAYMENT0016637,ACC0001044,2026-05-11 19:58:22,115624.27,SMS,2026-05-01 20:51:42
PAYMENT0019389,ACC0018317,2026-05-11 20:21:37,95445.41,VOICE,2026-04-30 20:24:17
PAYMENT0004226,ACC0006009,2026-05-11 20:27:56,115458.47,VOICE,2026-03-25 00:36:57
PAYMENT0023623,ACC0012579,2026-05-11 20:42:57,3567.39,VOICE,2026-04-11 22:06:32
PAYMENT0017339,ACC0003460,2026-05-11 20:45:46,103648.88,VOICE,2026-04-13 03:35:32
PAYMENT0001593,ACC0002314,2026-05-11 20:46:53,40022.62,VOICE,2026-03-25 05:12:47
PAYMENT0005713,ACC0000983,2026-05-11 21:14:27,31433.0,VOICE,2026-05-03 10:25:33
PAYMENT0004298,ACC0025971,2026-05-11 21:59:01,8335.49,FIELD,2026-03-27 19:56:06
PAYMENT0022439,ACC0026860,2026-05-11 22:24:22,124277.52,WHATSAPP,2026-04-25 21:48:35
PAYMENT0008878,ACC0018485,2026-05-11 22:28:41,70543.4,VOICE,2026-05-07 02:03:23
PAYMENT0004851,ACC0015377,2026-05-11 22:32:33,31963.33,WHATSAPP,2026-05-01 18:21:56
PAYMENT0023890,ACC0008890,2026-05-11 22:55:43,54672.62,VOICE,2026-04-12 18:20:56
PAYMENT0022277,ACC0020281,2026-05-11 23:19:48,94173.37,VOICE,2026-04-21 18:25:09
PAYMENT0023700,ACC0014589,2026-05-11 23:40:31,89268.03,SMS,2026-04-29 21:38:53
PAYMENT0006168,ACC0027129,2026-05-11 23:48:28,51695.34,VOICE,2026-04-29 14:05:23
PAYMENT0007423,ACC0020643,2026-05-12 00:14:32,102027.58,SMS,2026-03-08 03:36:02
PAYMENT0009910,ACC0009055,2026-05-12 01:08:32,12412.29,WHATSAPP,2026-03-13 19:42:37
PAYMENT0010048,ACC0015783,2026-05-12 01:11:27,104075.48,VOICE,2026-04-18 20:32:28
PAYMENT0003151,ACC0024524,2026-05-12 01:27:17,97592.48,SMS,2026-05-05 19:59:09
PAYMENT0020162,ACC0003522,2026-05-12 01:32:57,38435.77,SMS,2026-04-15 19:48:25
PAYMENT0011353,ACC0013222,2026-05-12 01:49:47,51766.27,SMS,2026-01-01 16:07:33
PAYMENT0008782,ACC0010388,2026-05-12 02:01:57,139428.81,WHATSAPP,2026-05-01 04:41:25
PAYMENT0000568,ACC0018860,2026-05-12 02:14:14,84426.45,FIELD,2026-04-23 22:54:11
PAYMENT0014244,ACC0013065,2026-05-12 02:22:23,31070.42,SMS,2026-04-12 21:13:15
PAYMENT0011705,ACC0004921,2026-05-12 02:26:01,11806.23,FIELD,2026-05-07 02:26:38
PAYMENT0005375,ACC0022795,2026-05-12 02:31:41,102953.17,VOICE,2026-05-10 01:58:23
PAYMENT0012518,ACC0019370,2026-05-12 03:19:23,118129.3,FIELD,2026-04-14 21:18:40
PAYMENT0007944,ACC0023907,2026-05-12 04:38:08,117798.1,VOICE,2026-04-24 05:04:21
PAYMENT0008716,ACC0012956,2026-05-12 05:04:33,143181.27,SMS,2026-03-14 05:41:00
PAYMENT0017820,ACC0005408,2026-05-12 05:39:00,106602.53,WHATSAPP,2026-04-17 02:40:33
PAYMENT0014326,ACC0012497,2026-05-12 05:58:19,38824.04,FIELD,2026-04-25 16:36:32
PAYMENT0004624,ACC0019877,2026-05-12 06:05:52,126132.59,SMS,2026-05-07 05:16:42
PAYMENT0005691,ACC0014505,2026-05-12 06:21:13,83193.36,SMS,2026-04-17 16:55:34
PAYMENT0020905,ACC0006683,2026-05-12 06:24:38,102284.32,VOICE,2026-04-16 20:50:01
PAYMENT0009830,ACC0008158,2026-05-12 06:40:05,102924.77,WHATSAPP,2026-04-21 17:45:47
PAYMENT0015657,ACC0012224,2026-05-12 06:46:05,70279.92,SMS,2026-02-03 16:14:29
PAYMENT0006102,ACC0015214,2026-05-12 08:36:19,73839.21,VOICE,2026-03-07 09:12:01
PAYMENT0014408,ACC0022201,2026-05-12 09:16:08,118790.76,WHATSAPP,2026-04-27 16:40:15
PAYMENT0014544,ACC0004947,2026-05-12 09:34:16,108680.29,FIELD,2026-04-18 21:28:59
PAYMENT0005142,ACC0018809,2026-05-12 10:49:05,12886.95,VOICE,2026-04-20 02:31:23
PAYMENT0022814,ACC0006640,2026-05-12 10:59:16,22443.8,VOICE,2026-04-16 04:40:40
PAYMENT0018628,ACC0000944,2026-05-12 11:07:59,31295.93,VOICE,2026-05-10 05:03:02
PAYMENT0005487,ACC0006027,2026-05-12 11:37:17,40593.27,SMS,2026-04-02 04:19:31
PAYMENT0012483,ACC0022741,2026-05-12 11:49:49,108432.29,VOICE,2026-04-30 23:18:40
PAYMENT0020982,ACC0024929,2026-05-12 12:01:28,30924.52,VOICE,2026-04-28 10:56:13
PAYMENT0024118,ACC0015015,2026-05-12 12:07:49,128506.7,VOICE,2026-05-10 01:32:18
PAYMENT0020799,ACC0005170,2026-05-12 13:20:29,97965.36,SMS,2026-04-13 13:11:49
PAYMENT0001804,ACC0011886,2026-05-12 13:55:00,60938.31,VOICE,2026-03-24 06:21:40
PAYMENT0002801,ACC0012019,2026-05-12 13:58:46,149711.4,WHATSAPP,2026-04-07 05:41:35
PAYMENT0004579,ACC0005086,2026-05-12 14:01:51,1439.41,VOICE,2026-04-25 03:44:17
PAYMENT0012707,ACC0024138,2026-05-12 14:26:59,60573.24,WHATSAPP,2026-04-25 00:55:33
PAYMENT0000187,ACC0009093,2026-05-12 14:35:52,62769.43,VOICE,2026-03-25 17:25:09
PAYMENT0013081,ACC0029813,2026-05-12 14:38:59,58710.7,WHATSAPP,2026-04-11 11:10:46
PAYMENT0022305,ACC0020510,2026-05-12 15:00:50,11947.07,SMS,2026-05-01 00:39:55
PAYMENT0005738,ACC0012227,2026-05-12 15:23:43,47511.02,VOICE,2026-03-28 14:54:08
PAYMENT0020560,ACC0024947,2026-05-12 15:33:04,119856.46,WHATSAPP,2026-04-21 01:34:20
PAYMENT0002919,ACC0006381,2026-05-12 15:34:55,149918.62,SMS,2026-04-17 20:41:19
PAYMENT0022812,ACC0020961,2026-05-12 15:46:03,135531.73,SMS,2026-03-31 07:34:40
PAYMENT0024588,ACC0020687,2026-05-12 17:30:03,85941.51,VOICE,2026-04-22 03:44:10
PAYMENT0002932,ACC0023940,2026-05-12 17:44:57,55741.06,,
PAYMENT0009456,ACC0026999,2026-05-12 18:03:12,97360.93,VOICE,2026-03-29 00:46:52
PAYMENT0023129,ACC0008924,2026-05-12 18:06:24,140273.02,VOICE,2026-05-09 23:01:06
PAYMENT0005654,ACC0026637,2026-05-12 18:53:22,42553.61,VOICE,2026-05-03 23:23:08
PAYMENT0002494,ACC0006247,2026-05-12 19:00:36,136260.05,VOICE,2026-01-14 11:29:49
PAYMENT0013286,ACC0013190,2026-05-12 19:37:59,38231.75,VOICE,2026-01-31 22:21:49
PAYMENT0022484,ACC0009115,2026-05-12 19:44:59,49666.37,WHATSAPP,2026-04-26 19:36:48
PAYMENT0016364,ACC0027432,2026-05-12 20:15:47,64277.71,FIELD,2026-04-04 21:19:36
PAYMENT0015350,ACC0016935,2026-05-12 20:24:23,34238.86,WHATSAPP,2026-04-28 07:03:33
PAYMENT0013386,ACC0027107,2026-05-12 21:25:30,15271.35,VOICE,2026-05-04 04:27:16
PAYMENT0001348,ACC0025751,2026-05-12 21:40:26,29743.79,VOICE,2026-04-14 11:33:43
PAYMENT0005462,ACC0008321,2026-05-12 22:39:03,64087.02,WHATSAPP,2026-04-14 07:24:54
PAYMENT0005513,ACC0018165,2026-05-12 23:04:56,26789.74,VOICE,2026-05-06 02:49:29
PAYMENT0010840,ACC0024876,2026-05-12 23:15:35,73377.47,VOICE,2026-05-02 12:13:51
PAYMENT0021002,ACC0001865,2026-05-12 23:50:23,94318.85,VOICE,2026-03-02 08:18:43
PAYMENT0017702,ACC0010930,2026-05-12 23:55:25,71591.04,VOICE,2026-04-25 17:42:35
PAYMENT0011190,ACC0019588,2026-05-13 00:03:35,66489.65,WHATSAPP,2026-01-28 13:33:31
PAYMENT0000725,ACC0014719,2026-05-13 01:00:05,23766.51,VOICE,2026-04-27 05:41:37
PAYMENT0012388,ACC0023150,2026-05-13 01:49:28,58798.06,WHATSAPP,2026-04-30 05:26:08
PAYMENT0002616,ACC0003338,2026-05-13 01:54:02,131575.58,WHATSAPP,2026-01-25 00:26:20
PAYMENT0015529,ACC0008015,2026-05-13 02:42:17,26776.79,FIELD,2026-03-15 11:00:23
PAYMENT0024632,ACC0000171,2026-05-13 02:55:17,81432.93,WHATSAPP,2026-05-01 11:41:41
PAYMENT0011355,ACC0017712,2026-05-13 03:06:45,145472.02,VOICE,2026-04-19 18:32:39
PAYMENT0005829,ACC0029782,2026-05-13 03:10:43,110110.89,VOICE,2026-04-03 01:01:09
PAYMENT0018511,ACC0025175,2026-05-13 03:38:18,103240.22,FIELD,2026-05-06 03:52:54
PAYMENT0005363,ACC0020576,2026-05-13 03:56:24,127966.25,FIELD,2026-03-26 23:15:51
PAYMENT0013034,ACC0022917,2026-05-13 04:46:35,18653.67,WHATSAPP,2026-04-24 14:25:22
PAYMENT0006136,ACC0024016,2026-05-13 05:03:28,143198.72,VOICE,2026-05-07 18:37:37
PAYMENT0022858,ACC0023257,2026-05-13 06:03:31,41604.5,VOICE,2026-05-05 08:53:27
PAYMENT0019013,ACC0010948,2026-05-13 06:10:29,91421.85,WHATSAPP,2026-02-22 02:54:19
PAYMENT0008719,ACC0002969,2026-05-13 06:40:28,101408.93,,
PAYMENT0015958,ACC0016455,2026-05-13 06:41:24,29989.1,WHATSAPP,2026-04-08 09:12:37
PAYMENT0003134,ACC0005782,2026-05-13 06:43:38,106571.61,VOICE,2026-02-28 00:42:25
PAYMENT0015030,ACC0013115,2026-05-13 07:02:38,8323.05,WHATSAPP,2026-05-11 01:54:53
PAYMENT0023531,ACC0010122,2026-05-13 07:07:31,57148.8,SMS,2026-04-11 01:19:38
PAYMENT0001481,ACC0015956,2026-05-13 07:47:38,58918.51,VOICE,2026-05-09 12:54:52
PAYMENT0020554,ACC0026293,2026-05-13 08:21:42,28040.95,WHATSAPP,2026-05-10 12:01:01
PAYMENT0003080,ACC0015445,2026-05-13 08:58:00,120334.18,,
PAYMENT0003463,ACC0010485,2026-05-13 09:31:47,108985.16,SMS,2026-04-28 01:10:24
PAYMENT0014404,ACC0024798,2026-05-13 09:37:24,142292.21,VOICE,2026-02-19 02:52:42
PAYMENT0016601,ACC0014970,2026-05-13 09:56:56,118741.76,VOICE,2026-05-04 00:46:35
PAYMENT0010113,ACC0015781,2026-05-13 10:34:25,27993.29,WHATSAPP,2026-04-23 22:11:43
PAYMENT0023853,ACC0025020,2026-05-13 11:43:30,106598.63,SMS,2026-03-26 13:03:20
PAYMENT0014102,ACC0024839,2026-05-13 12:19:57,104019.25,WHATSAPP,2026-05-12 19:36:47
PAYMENT0023422,ACC0013802,2026-05-13 12:24:14,37109.38,FIELD,2026-03-11 06:21:17
PAYMENT0018408,ACC0018057,2026-05-13 12:34:35,79225.78,FIELD,2026-05-05 17:48:00
PAYMENT0017384,ACC0016609,2026-05-13 13:33:28,82818.95,VOICE,2026-04-21 04:08:02
PAYMENT0012622,ACC0013789,2026-05-13 14:56:07,38126.85,VOICE,2026-05-11 07:24:40
PAYMENT0000364,ACC0026676,2026-05-13 14:58:58,104483.31,WHATSAPP,2026-01-08 13:58:42
PAYMENT0013064,ACC0026974,2026-05-13 15:02:25,116481.41,SMS,2026-03-24 06:13:44
PAYMENT0004596,ACC0002287,2026-05-13 15:31:40,116021.81,SMS,2026-05-11 16:01:39
PAYMENT0016443,ACC0026264,2026-05-13 15:50:12,117740.71,VOICE,2026-03-14 06:44:55
PAYMENT0002956,ACC0015923,2026-05-13 16:01:25,63630.86,FIELD,2026-04-17 02:37:49
PAYMENT0000917,ACC0005890,2026-05-13 16:49:29,146864.33,VOICE,2026-04-08 23:32:10
PAYMENT0016624,ACC0027868,2026-05-13 16:59:27,93166.12,SMS,2026-02-28 19:40:20
PAYMENT0006478,ACC0001969,2026-05-13 17:19:54,27619.52,VOICE,2026-04-24 21:19:50
PAYMENT0000691,ACC0005254,2026-05-13 18:58:44,43032.2,VOICE,2026-03-18 01:07:12
PAYMENT0008673,ACC0025639,2026-05-13 19:33:08,104718.84,SMS,2026-02-21 20:23:15
PAYMENT0004803,ACC0028446,2026-05-13 20:01:15,95875.23,FIELD,2026-05-06 15:26:22
PAYMENT0013047,ACC0014114,2026-05-13 20:34:01,74733.74,VOICE,2026-03-16 07:19:59
PAYMENT0005990,ACC0009369,2026-05-13 20:44:27,22657.11,SMS,2026-04-18 01:05:17
PAYMENT0016826,ACC0001982,2026-05-13 20:53:11,6332.42,VOICE,2026-04-28 05:13:00
PAYMENT0023446,ACC0021475,2026-05-13 20:59:30,92077.9,VOICE,2026-04-07 08:24:52
PAYMENT0015491,ACC0014941,2026-05-13 21:24:11,88519.07,WHATSAPP,2026-03-17 06:27:05
PAYMENT0004964,ACC0023908,2026-05-13 21:27:15,149893.01,VOICE,2026-04-26 03:31:19
PAYMENT0016465,ACC0010084,2026-05-13 21:52:26,48181.51,WHATSAPP,2026-04-30 08:07:28
PAYMENT0017948,ACC0014847,2026-05-13 22:14:50,51445.03,WHATSAPP,2026-04-11 06:28:12
PAYMENT0013914,ACC0001376,2026-05-13 22:33:19,117075.73,SMS,2026-05-02 19:27:09
PAYMENT0016144,ACC0015882,2026-05-13 22:35:52,19787.03,WHATSAPP,2026-03-23 00:08:14
PAYMENT0003867,ACC0022707,2026-05-13 22:43:22,117278.92,SMS,2026-05-02 18:44:50
PAYMENT0020828,ACC0003740,2026-05-13 22:45:05,83244.4,SMS,2026-05-11 12:23:12
PAYMENT0006081,ACC0012557,2026-05-13 23:12:23,48577.87,VOICE,2026-03-23 17:28:25
PAYMENT0014335,ACC0015207,2026-05-13 23:21:21,31755.76,SMS,2026-03-16 04:11:45
PAYMENT0016612,ACC0024518,2026-05-14 00:03:40,34636.96,SMS,2026-05-04 22:21:07
PAYMENT0000062,ACC0000673,2026-05-14 01:00:41,9328.84,SMS,2026-04-19 17:24:11
PAYMENT0014502,ACC0006569,2026-05-14 01:27:58,95298.86,WHATSAPP,2026-04-23 20:01:13
PAYMENT0012228,ACC0004134,2026-05-14 01:46:47,57742.51,VOICE,2026-05-13 01:22:51
PAYMENT0023624,ACC0009739,2026-05-14 02:57:47,85604.09,VOICE,2026-04-19 16:46:14
PAYMENT0008937,ACC0019352,2026-05-14 03:52:51,105542.98,WHATSAPP,2026-04-03 00:05:25
PAYMENT0020439,ACC0003064,2026-05-14 03:56:27,55836.1,SMS,2026-05-01 02:47:39
PAYMENT0003957,ACC0013181,2026-05-14 04:03:47,115440.16,VOICE,2026-03-12 15:49:44
PAYMENT0004902,ACC0021056,2026-05-14 04:06:16,6359.29,WHATSAPP,2026-04-23 02:40:56
PAYMENT0007531,ACC0000257,2026-05-14 04:12:06,89064.06,WHATSAPP,2026-05-13 18:38:18
PAYMENT0002302,ACC0025770,2026-05-14 04:21:21,93951.01,VOICE,2026-04-26 17:17:02
PAYMENT0010781,ACC0014504,2026-05-14 05:36:24,20063.24,SMS,2026-04-22 21:38:02
PAYMENT0022387,ACC0002869,2026-05-14 05:37:01,72368.13,VOICE,2026-04-21 12:18:04
PAYMENT0010014,ACC0006099,2026-05-14 06:00:09,110979.43,VOICE,2026-03-20 13:41:10
PAYMENT0014979,ACC0006275,2026-05-14 06:04:39,108400.11,WHATSAPP,2026-04-09 21:16:02
PAYMENT0000593,ACC0019432,2026-05-14 06:15:43,127022.11,SMS,2026-04-05 02:24:35
PAYMENT0000296,ACC0021539,2026-05-14 06:32:05,73053.63,VOICE,2026-05-11 03:40:55
PAYMENT0002603,ACC0002151,2026-05-14 07:46:48,144831.96,VOICE,2026-04-30 11:15:26
PAYMENT0011225,ACC0024670,2026-05-14 07:51:39,129900.44,VOICE,2026-04-10 02:15:34
PAYMENT0001390,ACC0001624,2026-05-14 07:52:59,85205.16,VOICE,2026-04-20 11:19:18
PAYMENT0009579,ACC0006962,2026-05-14 08:41:28,104723.41,WHATSAPP,2026-05-05 17:01:36
PAYMENT0016610,ACC0024256,2026-05-14 08:50:04,25039.42,VOICE,2026-05-10 10:17:01
PAYMENT0018569,ACC0026546,2026-05-14 10:21:04,88290.87,WHATSAPP,2026-05-13 12:19:47
PAYMENT0024031,ACC0002227,2026-05-14 10:48:11,70872.9,FIELD,2026-04-05 16:31:04
PAYMENT0012268,ACC0021830,2026-05-14 11:20:10,126588.48,,
PAYMENT0019670,ACC0025384,2026-05-14 11:23:38,132637.75,FIELD,2026-04-27 12:09:46
PAYMENT0001136,ACC0006442,2026-05-14 12:28:21,63156.22,FIELD,2026-04-29 20:32:48
PAYMENT0010250,ACC0018660,2026-05-14 12:38:25,22805.22,VOICE,2026-03-04 03:37:05
PAYMENT0022686,ACC0005519,2026-05-14 12:39:11,49802.6,,
PAYMENT0002077,ACC0005613,2026-05-14 12:55:30,135434.84,,
PAYMENT0024650,ACC0007652,2026-05-14 13:06:40,64408.09,SMS,2026-05-05 04:44:20
PAYMENT0001414,ACC0011350,2026-05-14 13:24:40,859.5,VOICE,2026-05-05 12:16:47
PAYMENT0004019,ACC0026987,2026-05-14 13:27:59,60227.23,WHATSAPP,2026-03-22 04:24:29
PAYMENT0022344,ACC0029330,2026-05-14 13:44:21,10735.51,WHATSAPP,2026-05-02 03:01:14
PAYMENT0013556,ACC0013134,2026-05-14 14:11:03,97022.62,VOICE,2026-01-09 21:03:09
PAYMENT0013738,ACC0024131,2026-05-14 14:15:26,103955.43,WHATSAPP,2026-05-10 10:36:45
PAYMENT0017469,ACC0004573,2026-05-14 14:29:28,36740.65,SMS,2026-03-29 13:47:15
PAYMENT0023202,ACC0006307,2026-05-14 15:49:55,72820.96,VOICE,2026-03-09 16:05:14
PAYMENT0008818,ACC0026011,2026-05-14 16:06:03,99255.34,WHATSAPP,2026-05-14 01:23:27
PAYMENT0020192,ACC0016900,2026-05-14 16:09:30,22294.7,WHATSAPP,2026-04-29 22:16:25
PAYMENT0020390,ACC0024232,2026-05-14 16:38:00,34480.53,WHATSAPP,2026-04-05 17:05:50
PAYMENT0017086,ACC0022926,2026-05-14 17:12:10,103558.19,WHATSAPP,2026-05-08 05:35:47
PAYMENT0003503,ACC0025191,2026-05-14 17:17:42,13036.77,WHATSAPP,2026-04-30 17:37:14
PAYMENT0004800,ACC0028456,2026-05-14 17:19:56,50336.95,VOICE,2026-01-10 16:28:44
PAYMENT0021280,ACC0021302,2026-05-14 17:43:38,14605.89,WHATSAPP,2026-03-23 09:18:03
PAYMENT0012860,ACC0008797,2026-05-14 17:45:43,75670.45,FIELD,2026-05-07 19:12:45
PAYMENT0004745,ACC0026393,2026-05-14 19:01:06,44629.17,VOICE,2026-05-04 03:23:26
PAYMENT0005903,ACC0000536,2026-05-14 19:12:37,36150.89,WHATSAPP,2026-01-06 09:51:13
PAYMENT0005733,ACC0019148,2026-05-14 19:17:02,29856.39,VOICE,2026-04-04 16:14:39
PAYMENT0018886,ACC0023211,2026-05-14 20:10:31,118052.18,VOICE,2026-05-05 07:51:06
PAYMENT0024870,ACC0000513,2026-05-14 20:37:20,33859.11,VOICE,2026-05-11 23:40:08
PAYMENT0015417,ACC0013934,2026-05-14 21:04:58,3536.51,WHATSAPP,2026-04-03 15:14:19
PAYMENT0021600,ACC0004701,2026-05-14 21:30:50,68861.11,VOICE,2026-05-10 13:43:27
PAYMENT0006756,ACC0022311,2026-05-14 22:19:52,43395.55,FIELD,2026-04-20 06:07:29
PAYMENT0024388,ACC0020054,2026-05-14 22:53:18,103963.2,WHATSAPP,2026-05-12 15:48:09
PAYMENT0013473,ACC0020885,2026-05-14 23:19:42,13228.62,WHATSAPP,2026-04-13 09:46:20
PAYMENT0006837,ACC0015377,2026-05-14 23:49:38,145434.03,VOICE,2026-05-13 19:21:43
PAYMENT0016831,ACC0020757,2026-05-14 23:50:28,20610.44,FIELD,2026-05-13 11:28:15
PAYMENT0018873,ACC0019346,2026-05-14 23:51:48,53947.35,WHATSAPP,2026-02-04 19:20:38
PAYMENT0007286,ACC0013117,2026-05-15 00:18:05,65576.56,VOICE,2026-05-09 17:43:18
PAYMENT0010924,ACC0026835,2026-05-15 00:41:44,16514.41,WHATSAPP,2026-03-27 12:15:08
PAYMENT0024770,ACC0029335,2026-05-15 00:47:02,142087.36,VOICE,2026-04-12 05:22:39
PAYMENT0010485,ACC0017192,2026-05-15 01:38:23,63829.43,FIELD,2026-04-27 12:12:40
PAYMENT0005231,ACC0011808,2026-05-15 01:55:22,98364.1,SMS,2026-04-20 09:02:31
PAYMENT0006891,ACC0003042,2026-05-15 01:59:57,72361.83,SMS,2026-05-12 02:20:46
PAYMENT0024739,ACC0009638,2026-05-15 02:26:33,70210.98,VOICE,2026-01-14 17:57:57
PAYMENT0013246,ACC0012254,2026-05-15 02:34:39,31392.08,WHATSAPP,2026-04-30 00:10:27
PAYMENT0009903,ACC0013907,2026-05-15 02:35:14,95317.71,VOICE,2026-04-20 03:42:57
PAYMENT0008390,ACC0000361,2026-05-15 02:50:07,75887.44,SMS,2026-04-28 05:46:33
PAYMENT0009081,ACC0027465,2026-05-15 03:24:32,141941.8,WHATSAPP,2026-03-24 23:13:43
PAYMENT0019258,ACC0005045,2026-05-15 04:04:02,127671.53,WHATSAPP,2026-01-15 06:43:31
PAYMENT0012129,ACC0000378,2026-05-15 04:31:37,134121.51,SMS,2026-03-31 12:07:57
PAYMENT0023498,ACC0013506,2026-05-15 04:34:39,21181.07,FIELD,2026-04-25 14:23:26
PAYMENT0020872,ACC0011474,2026-05-15 05:04:59,99641.38,FIELD,2026-04-14 06:56:38
PAYMENT0019705,ACC0004140,2026-05-15 05:06:33,121136.24,SMS,2026-03-04 09:45:06
PAYMENT0012135,ACC0013587,2026-05-15 05:28:50,14204.21,FIELD,2026-05-10 03:20:13
PAYMENT0024459,ACC0025942,2026-05-15 05:48:31,130484.59,WHATSAPP,2026-04-21 04:20:42
PAYMENT0008537,ACC0026602,2026-05-15 05:52:38,104040.86,SMS,2026-04-09 02:26:31
PAYMENT0004692,ACC0000843,2026-05-15 07:51:27,138455.28,VOICE,2026-05-09 00:51:40
PAYMENT0015951,ACC0011820,2026-05-15 09:51:32,61996.59,VOICE,2026-04-15 01:36:03
PAYMENT0008396,ACC0006905,2026-05-15 09:57:07,147070.52,VOICE,2026-02-05 00:24:45
PAYMENT0024311,ACC0004566,2026-05-15 10:28:19,38761.26,WHATSAPP,2026-05-08 01:43:22
PAYMENT0022599,ACC0002646,2026-05-15 10:38:28,102059.14,SMS,2026-05-10 07:34:43
PAYMENT0000347,ACC0015301,2026-05-15 11:28:36,52822.7,VOICE,2026-04-09 12:09:34
PAYMENT0007141,ACC0008766,2026-05-15 11:34:51,128994.57,VOICE,2026-04-28 09:30:53
PAYMENT0009534,ACC0015905,2026-05-15 12:15:06,39093.75,WHATSAPP,2026-03-29 08:56:50
PAYMENT0019345,ACC0014909,2026-05-15 12:43:33,32320.74,WHATSAPP,2026-04-12 08:21:39
PAYMENT0014989,ACC0001570,2026-05-15 13:04:57,84927.07,VOICE,2026-05-06 13:37:05
PAYMENT0018344,ACC0001088,2026-05-15 13:19:40,95573.05,FIELD,2026-04-11 09:30:48
PAYMENT0007118,ACC0023926,2026-05-15 13:24:03,48328.78,VOICE,2026-05-12 02:50:52
PAYMENT0020684,ACC0016438,2026-05-15 13:42:38,64102.08,WHATSAPP,2026-04-17 06:08:44
PAYMENT0014321,ACC0003347,2026-05-15 13:59:15,5007.9,VOICE,2026-03-24 16:02:55
PAYMENT0024286,ACC0027660,2026-05-15 14:14:33,103397.72,WHATSAPP,2026-04-04 10:54:04
PAYMENT0015206,ACC0025400,2026-05-15 15:30:34,37795.75,VOICE,2026-05-10 18:26:56
PAYMENT0019775,ACC0019291,2026-05-15 15:37:38,135137.93,FIELD,2026-04-10 23:46:29
PAYMENT0002200,ACC0009359,2026-05-15 16:56:42,28323.39,VOICE,2026-05-11 20:13:43
PAYMENT0008569,ACC0009353,2026-05-15 17:28:20,88111.08,SMS,2026-04-25 16:39:32
PAYMENT0021114,ACC0006126,2026-05-15 17:35:57,123216.81,VOICE,2026-05-01 00:24:38
PAYMENT0018578,ACC0023563,2026-05-15 17:39:03,121502.54,VOICE,2026-05-10 04:18:06
PAYMENT0017920,ACC0018340,2026-05-15 17:55:17,118870.76,WHATSAPP,2026-04-26 23:37:22
PAYMENT0000252,ACC0024746,2026-05-15 18:01:38,92354.27,VOICE,2026-05-11 08:04:29
PAYMENT0005322,ACC0008994,2026-05-15 18:08:18,43864.13,WHATSAPP,2026-03-27 21:04:59
PAYMENT0003055,ACC0001529,2026-05-15 18:34:23,28212.16,VOICE,2026-04-13 01:41:18
PAYMENT0010283,ACC0024947,2026-05-15 18:53:58,120190.57,WHATSAPP,2026-04-21 01:34:20
PAYMENT0011723,ACC0015652,2026-05-15 20:45:21,92453.19,FIELD,2026-03-13 05:52:58
PAYMENT0022350,ACC0018935,2026-05-15 21:12:29,105691.57,VOICE,2026-04-08 16:29:27
PAYMENT0003813,ACC0002838,2026-05-15 21:17:59,113248.05,WHATSAPP,2026-05-13 10:13:51
PAYMENT0019614,ACC0026625,2026-05-15 23:41:54,9305.32,VOICE,2026-05-14 02:42:54
PAYMENT0006485,ACC0004610,2026-05-15 23:42:27,86277.1,FIELD,2026-05-04 16:44:20
PAYMENT0020907,ACC0026494,2026-05-15 23:50:13,22938.27,VOICE,2026-04-07 17:08:52
PAYMENT0009179,ACC0001524,2026-05-15 23:52:42,34125.61,VOICE,2026-04-10 10:49:51
PAYMENT0009717,ACC0027316,2026-05-16 00:07:17,50285.94,VOICE,2026-04-26 06:39:33
PAYMENT0006600,ACC0013021,2026-05-16 00:40:44,149899.04,WHATSAPP,2026-05-15 10:24:15
PAYMENT0005187,ACC0016545,2026-05-16 01:30:14,55955.25,VOICE,2026-04-01 08:24:59
PAYMENT0015487,ACC0007481,2026-05-16 02:27:16,100107.4,WHATSAPP,2026-03-26 01:49:25
PAYMENT0020420,ACC0021192,2026-05-16 03:28:31,57454.1,SMS,2026-05-13 22:19:50
PAYMENT0014346,ACC0006241,2026-05-16 03:32:48,97959.51,VOICE,2026-03-09 05:36:17
PAYMENT0001058,ACC0025947,2026-05-16 05:10:40,67928.6,VOICE,2026-05-01 23:55:27
PAYMENT0007687,ACC0016271,2026-05-16 05:24:57,118584.68,WHATSAPP,2026-02-12 20:54:43
PAYMENT0000738,ACC0012442,2026-05-16 05:45:11,78426.01,WHATSAPP,2026-05-11 17:05:49
PAYMENT0007057,ACC0013907,2026-05-16 06:43:01,136198.2,VOICE,2026-04-20 03:42:57
PAYMENT0017939,ACC0028370,2026-05-16 07:17:39,116504.67,FIELD,2026-04-03 02:57:20
PAYMENT0018518,ACC0001206,2026-05-16 07:33:04,95029.13,VOICE,2026-04-02 13:25:42
PAYMENT0015679,ACC0005773,2026-05-16 09:22:59,54977.01,VOICE,2026-05-06 14:53:40
PAYMENT0015606,ACC0007657,2026-05-16 09:29:56,125905.02,VOICE,2026-03-20 18:43:23
PAYMENT0016413,ACC0027124,2026-05-16 09:38:54,81211.59,VOICE,2026-02-24 08:54:54
PAYMENT0015706,ACC0011167,2026-05-16 09:57:44,83875.56,SMS,2026-04-10 11:47:58
PAYMENT0015743,ACC0006089,2026-05-16 10:01:39,58453.7,SMS,2026-04-30 13:05:55
PAYMENT0005677,ACC0013699,2026-05-16 10:19:12,101942.01,VOICE,2026-05-06 00:20:52
PAYMENT0012328,ACC0026273,2026-05-16 10:20:22,149311.96,FIELD,2026-04-26 03:01:37
PAYMENT0004215,ACC0001831,2026-05-16 10:41:49,105957.69,VOICE,2026-03-23 17:30:40
PAYMENT0020303,ACC0013520,2026-05-16 11:11:08,102170.42,FIELD,2026-04-25 03:40:11
PAYMENT0008992,ACC0007069,2026-05-16 11:15:06,5569.54,VOICE,2026-03-17 07:37:57
PAYMENT0019817,ACC0019546,2026-05-16 11:16:37,51344.55,WHATSAPP,2026-04-17 06:17:14
PAYMENT0005423,ACC0024662,2026-05-16 11:18:08,27778.91,VOICE,2026-05-07 02:30:18
PAYMENT0017806,ACC0021796,2026-05-16 12:41:24,62661.04,WHATSAPP,2026-04-13 05:21:56
PAYMENT0012833,ACC0013936,2026-05-16 13:16:21,71981.08,FIELD,2026-04-22 20:51:21
PAYMENT0009358,ACC0017940,2026-05-16 13:35:23,141654.1,SMS,2026-02-02 19:05:14
PAYMENT0016714,ACC0028525,2026-05-16 14:05:17,24326.73,VOICE,2026-04-24 21:44:15
PAYMENT0018142,ACC0013944,2026-05-16 14:11:31,8700.12,FIELD,2026-05-01 22:14:51
PAYMENT0009746,ACC0007940,2026-05-16 14:36:19,87772.28,SMS,2026-03-05 04:31:40
PAYMENT0002226,ACC0027264,2026-05-16 14:54:30,38446.68,VOICE,2026-05-14 03:21:19
PAYMENT0015323,ACC0003508,2026-05-16 15:06:08,24518.18,WHATSAPP,2026-03-12 13:36:47
PAYMENT0000659,ACC0003450,2026-05-16 15:16:44,12791.34,SMS,2026-03-16 21:20:32
PAYMENT0004395,ACC0013353,2026-05-16 15:52:19,115625.06,VOICE,2026-04-26 12:47:51
PAYMENT0015415,ACC0020912,2026-05-16 15:54:08,124105.5,WHATSAPP,2026-05-07 08:00:22
PAYMENT0003612,ACC0010049,2026-05-16 16:01:31,82772.54,VOICE,2026-05-09 11:51:34
PAYMENT0017665,ACC0018205,2026-05-16 16:51:53,974.16,SMS,2026-04-29 07:18:46
PAYMENT0021951,ACC0021325,2026-05-16 17:16:06,126227.78,VOICE,2026-02-11 05:56:27
PAYMENT0011960,ACC0014009,2026-05-16 17:40:22,67190.7,VOICE,2026-04-29 18:34:11
PAYMENT0021933,ACC0001997,2026-05-16 17:53:21,132027.36,FIELD,2026-04-08 19:00:49
PAYMENT0003571,ACC0026220,2026-05-16 18:44:42,22268.9,WHATSAPP,2026-05-15 04:53:01
PAYMENT0023137,ACC0029381,2026-05-16 19:07:26,118585.2,VOICE,2026-05-01 10:56:54
PAYMENT0024409,ACC0012033,2026-05-16 19:34:38,79121.36,SMS,2026-05-15 18:58:26
PAYMENT0003655,ACC0016984,2026-05-16 19:47:22,127126.85,WHATSAPP,2026-05-05 13:23:50
PAYMENT0000662,ACC0019405,2026-05-16 19:56:12,70360.97,FIELD,2026-05-16 17:26:51
PAYMENT0017365,ACC0016170,2026-05-16 20:03:34,88697.04,VOICE,2026-04-17 21:43:25
PAYMENT0011155,ACC0022342,2026-05-16 20:36:48,7131.92,FIELD,2026-05-08 20:48:00
PAYMENT0023201,ACC0025403,2026-05-16 20:51:19,58693.16,SMS,2026-05-08 07:02:45
PAYMENT0022613,ACC0002145,2026-05-16 21:05:04,64215.81,FIELD,2026-04-28 04:20:25
PAYMENT0008840,ACC0009873,2026-05-16 21:10:26,115175.1,VOICE,2026-03-06 14:44:34
PAYMENT0001049,ACC0004302,2026-05-16 21:20:45,14736.39,WHATSAPP,2026-04-23 13:21:06
PAYMENT0001877,ACC0019205,2026-05-16 21:22:44,66746.44,WHATSAPP,2026-04-23 11:04:50
PAYMENT0018046,ACC0011335,2026-05-16 21:24:41,81922.53,WHATSAPP,2026-05-11 18:58:31
PAYMENT0018789,ACC0007182,2026-05-16 22:07:39,72298.53,VOICE,2026-03-29 04:19:20
PAYMENT0003339,ACC0000173,2026-05-16 22:41:39,149195.12,VOICE,2026-03-20 16:59:23
PAYMENT0014613,ACC0029088,2026-05-16 23:00:11,65782.45,SMS,2026-04-21 12:18:02
PAYMENT0014964,ACC0016980,2026-05-16 23:29:24,71196.71,SMS,2026-05-02 18:17:42
PAYMENT0014480,ACC0018010,2026-05-16 23:37:27,107532.5,WHATSAPP,2026-03-28 23:02:58
PAYMENT0016985,ACC0002017,2026-05-17 00:24:56,123159.67,SMS,2026-05-11 07:06:31
PAYMENT0018866,ACC0029800,2026-05-17 01:29:43,105219.84,WHATSAPP,2026-03-13 03:16:53
PAYMENT0005962,ACC0000808,2026-05-17 02:07:19,106556.83,VOICE,2026-05-09 13:44:29
PAYMENT0016013,ACC0028939,2026-05-17 02:17:46,121717.83,SMS,2026-05-14 10:19:54
PAYMENT0006867,ACC0004002,2026-05-17 02:33:47,34847.56,WHATSAPP,2026-04-25 13:45:27
PAYMENT0024033,ACC0017628,2026-05-17 03:00:11,48193.58,VOICE,2026-03-23 00:42:43
PAYMENT0018681,ACC0000544,2026-05-17 03:52:37,90140.58,WHATSAPP,2026-02-06 15:43:54
PAYMENT0020010,ACC0013228,2026-05-17 03:56:48,59975.99,SMS,2026-03-18 06:29:38
PAYMENT0002771,ACC0020268,2026-05-17 04:02:35,49513.45,WHATSAPP,2026-02-25 10:40:48
PAYMENT0005526,ACC0028434,2026-05-17 04:08:01,119570.89,WHATSAPP,2026-05-04 14:12:52
PAYMENT0003150,ACC0005332,2026-05-17 04:33:13,86988.29,SMS,2026-04-16 04:40:57
PAYMENT0000244,ACC0016421,2026-05-17 04:54:00,5593.75,WHATSAPP,2026-05-06 01:16:00
PAYMENT0009324,ACC0022032,2026-05-17 04:54:21,17157.85,SMS,2026-05-08 22:21:03
PAYMENT0014960,ACC0014847,2026-05-17 05:38:14,55239.6,WHATSAPP,2026-04-11 06:28:12
PAYMENT0013894,ACC0013440,2026-05-17 06:17:15,23966.47,FIELD,2026-05-08 13:54:45
PAYMENT0002478,ACC0028188,2026-05-17 06:25:22,123820.74,SMS,2026-05-11 12:37:15
PAYMENT0017364,ACC0014569,2026-05-17 06:33:02,74861.75,WHATSAPP,2026-05-16 08:40:16
PAYMENT0013182,ACC0023109,2026-05-17 06:40:29,37040.05,WHATSAPP,2026-04-22 18:08:41
PAYMENT0010739,ACC0001768,2026-05-17 06:44:23,40614.71,VOICE,2026-05-15 18:50:06
PAYMENT0018911,ACC0024997,2026-05-17 07:07:49,139174.2,VOICE,2026-05-15 00:02:18
PAYMENT0015152,ACC0023189,2026-05-17 08:38:36,19653.47,WHATSAPP,2026-04-05 11:43:51
PAYMENT0002358,ACC0025287,2026-05-17 08:47:34,81474.86,SMS,2026-05-01 01:40:03
PAYMENT0015345,ACC0020010,2026-05-17 09:43:27,19614.13,VOICE,2026-05-05 17:26:30
PAYMENT0006147,ACC0013572,2026-05-17 10:24:32,2016.82,SMS,2026-04-12 01:33:42
PAYMENT0000892,ACC0000606,2026-05-17 10:34:56,97898.65,VOICE,2026-04-19 12:00:30
PAYMENT0007695,ACC0012098,2026-05-17 11:36:01,27171.65,FIELD,2026-04-15 09:26:56
PAYMENT0004119,ACC0027043,2026-05-17 11:36:53,83763.01,VOICE,2026-02-04 07:01:05
PAYMENT0007716,ACC0005583,2026-05-17 12:26:34,115998.41,FIELD,2026-05-07 12:22:34
PAYMENT0005917,ACC0007629,2026-05-17 13:40:57,107525.57,WHATSAPP,2026-05-13 01:13:44
PAYMENT0010601,ACC0005206,2026-05-17 13:45:51,8614.75,VOICE,2026-04-03 10:39:16
PAYMENT0020264,ACC0021031,2026-05-17 13:47:44,90264.12,VOICE,2026-04-27 14:38:50
PAYMENT0011350,ACC0012929,2026-05-17 13:51:03,68290.23,VOICE,2026-04-22 05:35:15
PAYMENT0008451,ACC0025085,2026-05-17 14:14:06,81404.31,VOICE,2026-03-08 19:25:30
PAYMENT0012632,ACC0016168,2026-05-17 14:29:57,106861.93,WHATSAPP,2026-05-17 09:28:34
PAYMENT0013461,ACC0014100,2026-05-17 14:30:23,106925.35,VOICE,2026-05-07 10:05:56
PAYMENT0007922,ACC0011804,2026-05-17 15:06:47,93174.88,WHATSAPP,2026-05-17 00:05:01
PAYMENT0018419,ACC0012200,2026-05-17 17:00:50,42546.45,VOICE,2026-05-09 23:20:29
PAYMENT0008727,ACC0000259,2026-05-17 17:40:53,79538.52,SMS,2026-05-02 13:08:02
PAYMENT0006327,ACC0011862,2026-05-17 17:48:11,70953.66,VOICE,2026-04-19 05:23:05
PAYMENT0017689,ACC0013845,2026-05-17 17:49:08,54144.05,SMS,2026-05-14 18:27:55
PAYMENT0003193,ACC0005636,2026-05-17 18:03:31,48541.71,VOICE,2026-04-15 12:18:00
PAYMENT0012815,ACC0000474,2026-05-17 19:51:56,86949.79,WHATSAPP,2026-05-05 12:43:41
PAYMENT0005486,ACC0013542,2026-05-17 19:54:54,122055.0,SMS,2026-04-09 09:17:28
PAYMENT0008092,ACC0012298,2026-05-17 20:15:32,32188.95,VOICE,2026-03-29 17:27:43
PAYMENT0005540,ACC0015734,2026-05-17 20:16:32,75175.82,WHATSAPP,2026-05-07 03:27:55
PAYMENT0001632,ACC0021040,2026-05-17 20:46:36,122057.09,FIELD,2026-05-13 21:33:16
PAYMENT0003988,ACC0020312,2026-05-17 20:57:57,101513.19,SMS,2026-04-07 17:56:44
PAYMENT0009276,ACC0013379,2026-05-17 21:51:05,58853.74,VOICE,2026-04-24 10:02:21
PAYMENT0013837,ACC0009635,2026-05-17 23:34:54,113458.02,SMS,2026-05-02 06:56:48
PAYMENT0000714,ACC0020848,2026-05-18 00:45:42,13704.77,VOICE,2026-04-11 01:24:07
PAYMENT0000088,ACC0019386,2026-05-18 01:34:33,132518.88,WHATSAPP,2026-03-20 05:38:01
PAYMENT0003526,ACC0002463,2026-05-18 01:58:19,50853.65,FIELD,2026-03-12 11:46:43
PAYMENT0010513,ACC0000964,2026-05-18 02:06:34,24964.83,WHATSAPP,2026-05-05 21:53:37
PAYMENT0018158,ACC0028348,2026-05-18 02:11:50,69655.89,FIELD,2026-05-09 02:48:21
PAYMENT0012856,ACC0015991,2026-05-18 02:13:25,112911.94,SMS,2026-05-17 15:29:06
PAYMENT0015409,ACC0014788,2026-05-18 03:49:16,22385.61,FIELD,2026-04-18 16:33:38
PAYMENT0021995,ACC0010690,2026-05-18 04:02:25,73715.68,FIELD,2026-03-11 21:42:20
PAYMENT0002532,ACC0009227,2026-05-18 05:10:24,29941.67,VOICE,2026-03-11 05:37:37
PAYMENT0012467,ACC0003172,2026-05-18 05:22:57,5978.55,WHATSAPP,2026-03-01 01:20:44
PAYMENT0003005,ACC0029727,2026-05-18 06:10:52,126816.72,WHATSAPP,2026-04-28 01:28:29
PAYMENT0015795,ACC0015901,2026-05-18 07:09:45,52114.81,VOICE,2026-04-15 11:23:02
PAYMENT0024460,ACC0029554,2026-05-18 07:29:47,70537.66,SMS,2026-05-14 14:32:48
PAYMENT0007210,ACC0023596,2026-05-18 07:31:54,36951.31,VOICE,2026-05-02 14:17:08
PAYMENT0007785,ACC0001975,2026-05-18 07:36:35,23211.07,VOICE,2026-03-11 23:46:05
PAYMENT0011863,ACC0014262,2026-05-18 07:42:22,58910.46,VOICE,2026-04-21 19:42:06
PAYMENT0021507,ACC0007139,2026-05-18 07:43:30,30939.26,WHATSAPP,2026-05-10 05:54:21
PAYMENT0013380,ACC0019188,2026-05-18 07:47:40,109481.74,VOICE,2026-05-09 11:20:32
PAYMENT0008573,ACC0023328,2026-05-18 08:27:05,56786.6,WHATSAPP,2026-03-31 12:19:39
PAYMENT0011532,ACC0026483,2026-05-18 08:52:36,52588.47,VOICE,2026-04-07 22:50:45
PAYMENT0009722,ACC0027849,2026-05-18 09:03:13,95433.63,WHATSAPP,2026-05-12 18:44:05
PAYMENT0019151,ACC0014673,2026-05-18 09:28:35,119445.23,FIELD,2026-05-18 07:32:01
PAYMENT0021921,ACC0025205,2026-05-18 12:44:06,58821.67,SMS,2026-05-07 16:56:40
PAYMENT0016347,ACC0004175,2026-05-18 13:22:40,94673.26,VOICE,2026-04-19 16:51:47
PAYMENT0013299,ACC0014429,2026-05-18 14:03:29,10932.83,VOICE,2026-02-13 04:57:09
PAYMENT0021793,ACC0011694,2026-05-18 14:17:01,34374.82,SMS,2026-05-11 12:46:39
PAYMENT0001164,ACC0004045,2026-05-18 14:51:18,63642.92,VOICE,2026-04-19 01:33:02
PAYMENT0006501,ACC0028500,2026-05-18 14:58:55,138902.01,WHATSAPP,2026-04-13 06:02:55
PAYMENT0001234,ACC0028363,2026-05-18 16:11:40,50106.85,WHATSAPP,2026-01-18 10:57:04
PAYMENT0005670,ACC0023299,2026-05-18 18:00:44,25394.92,SMS,2026-04-10 18:13:56
PAYMENT0024625,ACC0017881,2026-05-18 18:29:06,79506.07,WHATSAPP,2026-03-28 23:41:23
PAYMENT0003628,ACC0007927,2026-05-18 18:31:39,10185.66,SMS,2026-04-10 22:35:40
PAYMENT0021762,ACC0002193,2026-05-18 19:06:55,136751.62,VOICE,2026-05-02 19:56:09
PAYMENT0008236,ACC0020159,2026-05-18 19:08:11,107664.65,VOICE,2026-05-15 04:55:37
PAYMENT0006934,ACC0015061,2026-05-18 20:10:22,53385.71,SMS,2026-04-27 07:58:41
PAYMENT0007282,ACC0012688,2026-05-18 20:12:00,49729.44,VOICE,2026-02-16 19:33:44
PAYMENT0017260,ACC0028428,2026-05-18 20:19:29,134896.88,SMS,2026-04-13 02:57:11
PAYMENT0004838,ACC0017943,2026-05-18 20:55:36,119436.75,VOICE,2026-04-13 13:02:31
PAYMENT0005503,ACC0000674,2026-05-18 21:02:53,93536.84,SMS,2026-05-07 08:29:53
PAYMENT0001174,ACC0008317,2026-05-18 21:38:49,97254.38,VOICE,2026-04-30 07:43:48
PAYMENT0014333,ACC0023685,2026-05-18 22:33:43,93419.01,SMS,2026-05-05 04:22:29
PAYMENT0017486,ACC0018546,2026-05-18 22:37:49,123331.31,SMS,2026-02-04 18:12:21
PAYMENT0010655,ACC0026373,2026-05-18 22:53:31,5079.17,VOICE,2026-05-12 02:14:54
PAYMENT0005918,ACC0007369,2026-05-18 23:03:56,36422.83,WHATSAPP,2026-04-24 14:39:41
PAYMENT0023028,ACC0023645,2026-05-18 23:09:58,54742.2,VOICE,2026-03-24 01:42:10
PAYMENT0005405,ACC0006699,2026-05-18 23:14:58,45673.93,FIELD,2026-04-23 19:55:17
PAYMENT0003167,ACC0004726,2026-05-18 23:34:32,14147.21,SMS,2026-05-08 08:20:24
PAYMENT0003751,ACC0006021,2026-05-18 23:54:33,17615.15,SMS,2026-04-12 05:14:23
PAYMENT0011146,ACC0003631,2026-05-19 00:03:05,121627.0,VOICE,2026-04-13 16:24:34
PAYMENT0017818,ACC0026996,2026-05-19 00:14:11,200.41,WHATSAPP,2026-03-31 08:34:49
PAYMENT0005100,ACC0028933,2026-05-19 00:33:01,47550.84,FIELD,2026-04-24 11:00:32
PAYMENT0013094,ACC0011219,2026-05-19 00:44:55,33303.56,VOICE,2026-05-12 11:53:12
PAYMENT0007083,ACC0007649,2026-05-19 01:38:48,4105.8,VOICE,2026-03-25 07:08:40
PAYMENT0016964,ACC0000526,2026-05-19 01:58:34,117293.18,VOICE,2026-02-28 22:49:16
PAYMENT0006793,ACC0022293,2026-05-19 02:10:56,11534.3,SMS,2026-03-18 15:59:58
PAYMENT0013802,ACC0022052,2026-05-19 02:27:43,81595.65,SMS,2026-05-13 04:17:52
PAYMENT0008774,ACC0024074,2026-05-19 02:37:33,2559.18,SMS,2026-05-11 08:49:56
PAYMENT0008080,ACC0012104,2026-05-19 03:25:52,130652.76,SMS,2026-04-24 14:00:45
PAYMENT0011284,ACC0009460,2026-05-19 03:34:12,77501.89,SMS,2026-05-15 12:28:55
PAYMENT0015718,ACC0000895,2026-05-19 04:53:47,126913.41,VOICE,2026-04-06 11:49:29
PAYMENT0022555,ACC0029369,2026-05-19 05:05:00,67595.38,SMS,2026-03-31 20:41:25
PAYMENT0003747,ACC0029053,2026-05-19 05:13:07,97877.19,VOICE,2026-05-10 15:45:28
PAYMENT0017362,ACC0006966,2026-05-19 05:15:25,103078.33,VOICE,2026-05-15 13:46:18
PAYMENT0023889,ACC0017675,2026-05-19 05:17:56,145859.42,VOICE,2026-05-12 14:47:28
PAYMENT0022343,ACC0019986,2026-05-19 05:23:41,47701.89,SMS,2026-04-25 11:11:24
PAYMENT0009076,ACC0004639,2026-05-19 05:59:52,94625.65,WHATSAPP,2026-04-26 20:20:48
PAYMENT0000704,ACC0001868,2026-05-19 06:00:27,58473.84,WHATSAPP,2026-05-09 06:54:17
PAYMENT0011909,ACC0000261,2026-05-19 06:12:01,51882.33,VOICE,2026-04-24 14:35:51
PAYMENT0004455,ACC0000842,2026-05-19 06:12:05,88489.49,VOICE,2026-04-27 17:10:09
PAYMENT0015605,ACC0020420,2026-05-19 06:22:40,40380.6,FIELD,2026-02-11 14:19:25
PAYMENT0010124,ACC0001179,2026-05-19 07:00:06,83473.01,FIELD,2026-04-15 05:00:55
PAYMENT0011306,ACC0000751,2026-05-19 07:14:08,70867.58,VOICE,2026-05-18 15:56:45
PAYMENT0019950,ACC0028189,2026-05-19 07:20:40,127035.83,SMS,2026-03-20 12:17:27
PAYMENT0001748,ACC0004829,2026-05-19 07:21:58,40620.2,WHATSAPP,2026-04-29 00:35:34
PAYMENT0015405,ACC0001185,2026-05-19 08:01:14,74697.64,WHATSAPP,2026-03-18 10:07:18
PAYMENT0016234,ACC0011940,2026-05-19 08:12:23,41296.52,WHATSAPP,2026-04-22 14:10:15
PAYMENT0001478,ACC0001614,2026-05-19 09:29:01,105421.8,WHATSAPP,2026-05-15 11:09:08
PAYMENT0019940,ACC0021070,2026-05-19 09:41:06,74755.54,WHATSAPP,2026-05-09 15:34:46
PAYMENT0018385,ACC0016923,2026-05-19 10:21:42,29966.77,SMS,2026-04-12 11:45:44
PAYMENT0017313,ACC0026247,2026-05-19 11:02:07,110389.83,WHATSAPP,2026-04-11 11:25:28
PAYMENT0015826,ACC0017543,2026-05-19 11:11:26,66238.48,FIELD,2026-04-02 10:08:43
PAYMENT0024722,ACC0007191,2026-05-19 11:43:39,44280.39,VOICE,2026-04-07 09:10:03
PAYMENT0007667,ACC0011959,2026-05-19 12:15:00,87484.02,VOICE,2026-05-12 15:47:21
PAYMENT0018169,ACC0022171,2026-05-19 12:39:28,5894.02,VOICE,2026-04-19 02:00:09
PAYMENT0005672,ACC0005740,2026-05-19 12:45:28,87284.81,WHATSAPP,2026-05-15 07:35:48
PAYMENT0015130,ACC0014688,2026-05-19 13:15:45,12599.61,VOICE,2026-05-01 00:01:42
PAYMENT0023603,ACC0018832,2026-05-19 13:30:45,16192.16,VOICE,2026-05-10 06:55:25
PAYMENT0003604,ACC0021515,2026-05-19 13:34:38,100609.3,VOICE,2026-03-04 07:55:41
PAYMENT0003940,ACC0023393,2026-05-19 13:46:42,120759.62,VOICE,2026-05-14 04:24:26
PAYMENT0023822,ACC0010959,2026-05-19 13:52:07,122039.38,SMS,2026-03-29 09:17:21
PAYMENT0003131,ACC0014579,2026-05-19 13:57:06,149254.8,SMS,2026-05-15 05:30:34
PAYMENT0021474,ACC0027094,2026-05-19 14:17:20,67841.96,SMS,2026-02-13 13:37:41
PAYMENT0013371,ACC0025095,2026-05-19 14:43:36,117462.7,WHATSAPP,2026-04-16 03:13:17
PAYMENT0000530,ACC0015986,2026-05-19 14:51:45,48667.83,VOICE,2026-05-05 23:58:53
PAYMENT0018288,ACC0003828,2026-05-19 15:22:09,126795.95,FIELD,2026-05-18 02:11:26
PAYMENT0007545,ACC0015350,2026-05-19 15:50:30,54378.07,WHATSAPP,2026-05-15 16:41:11
PAYMENT0007157,ACC0025794,2026-05-19 16:46:58,100161.68,VOICE,2026-05-14 01:07:18
PAYMENT0024924,ACC0016836,2026-05-19 16:49:25,130094.56,WHATSAPP,2026-05-08 22:37:57
PAYMENT0022019,ACC0011243,2026-05-19 17:07:12,122123.35,VOICE,2026-04-05 01:27:23
PAYMENT0015149,ACC0008950,2026-05-19 17:22:51,90454.97,VOICE,2026-04-21 19:07:10
PAYMENT0022547,ACC0015406,2026-05-19 17:58:54,12613.25,VOICE,2026-05-10 06:57:25
PAYMENT0008029,ACC0025059,2026-05-19 18:04:22,76767.28,WHATSAPP,2026-04-15 06:26:10
PAYMENT0023090,ACC0022739,2026-05-19 18:10:13,33122.8,SMS,2026-05-16 00:09:59
PAYMENT0019101,ACC0022278,2026-05-19 18:22:49,27338.44,VOICE,2026-05-10 04:08:12
PAYMENT0015256,ACC0014836,2026-05-19 19:09:11,58780.92,FIELD,2026-03-29 08:05:58
PAYMENT0001770,ACC0028216,2026-05-19 19:42:47,86393.92,WHATSAPP,2026-05-03 07:52:28
PAYMENT0017760,ACC0000781,2026-05-19 20:28:14,49500.72,SMS,2026-04-24 22:04:52
PAYMENT0018691,ACC0020626,2026-05-19 20:46:07,63944.39,SMS,2026-05-07 13:51:04
PAYMENT0016197,ACC0002413,2026-05-19 20:59:52,103426.1,VOICE,2026-05-19 12:13:38
PAYMENT0016419,ACC0013093,2026-05-19 21:30:09,35377.92,VOICE,2026-05-07 12:02:47
PAYMENT0005923,ACC0002198,2026-05-19 21:40:31,60854.61,SMS,2026-05-11 02:06:42
PAYMENT0017061,ACC0013780,2026-05-19 21:43:03,102160.38,VOICE,2026-04-23 15:14:54
PAYMENT0015738,ACC0007024,2026-05-19 21:52:45,23760.11,WHATSAPP,2026-02-19 10:40:31
PAYMENT0006707,ACC0009359,2026-05-19 21:54:09,29860.77,WHATSAPP,2026-05-18 10:17:41
PAYMENT0011862,ACC0019386,2026-05-19 22:17:17,111046.1,WHATSAPP,2026-03-20 05:38:01
PAYMENT0014601,ACC0011766,2026-05-19 22:25:16,113387.43,WHATSAPP,2026-03-30 22:31:26
PAYMENT0011523,ACC0013574,2026-05-19 23:01:02,32738.58,VOICE,2026-04-02 16:26:00
PAYMENT0012122,ACC0004476,2026-05-19 23:14:46,94916.34,VOICE,2026-05-13 17:10:34
PAYMENT0001738,ACC0012772,2026-05-19 23:19:35,82516.26,SMS,2026-04-20 23:41:19
PAYMENT0009128,ACC0010750,2026-05-19 23:26:47,1186.74,SMS,2026-02-17 22:19:48
PAYMENT0021941,ACC0001576,2026-05-19 23:45:16,140198.08,SMS,2026-04-25 12:33:36
PAYMENT0024117,ACC0013925,2026-05-20 00:08:13,57271.88,VOICE,2026-02-17 09:54:05
PAYMENT0010999,ACC0001285,2026-05-20 00:30:42,88320.78,WHATSAPP,2026-05-14 19:11:18
PAYMENT0007656,ACC0007535,2026-05-20 00:41:59,55178.29,VOICE,2026-04-21 16:26:13
PAYMENT0004520,ACC0029521,2026-05-20 01:37:07,17352.88,VOICE,2026-04-10 20:13:54
PAYMENT0016691,ACC0017671,2026-05-20 01:48:06,51021.06,,
PAYMENT0008894,ACC0004624,2026-05-20 01:50:53,20748.34,VOICE,2026-05-11 22:26:22
PAYMENT0024424,ACC0029577,2026-05-20 01:53:21,53851.88,VOICE,2026-04-23 02:46:02
PAYMENT0012864,ACC0022080,2026-05-20 03:00:31,72642.54,WHATSAPP,2026-05-09 16:41:51
PAYMENT0018259,ACC0005423,2026-05-20 03:06:53,143530.15,WHATSAPP,2026-03-31 16:43:00
PAYMENT0002828,ACC0020063,2026-05-20 03:28:39,11339.59,VOICE,2026-04-04 12:19:35
PAYMENT0007605,ACC0022412,2026-05-20 03:35:39,90394.48,WHATSAPP,2026-05-07 03:36:52
PAYMENT0014080,ACC0010234,2026-05-20 04:11:40,21541.55,VOICE,2026-05-09 14:11:44
PAYMENT0010644,ACC0005078,2026-05-20 05:39:48,70945.07,SMS,2026-04-25 04:24:18
PAYMENT0019783,ACC0018165,2026-05-20 05:53:21,17509.67,VOICE,2026-05-06 02:49:29
PAYMENT0014871,ACC0010460,2026-05-20 06:13:06,54277.26,VOICE,2026-04-24 00:39:57
PAYMENT0014996,ACC0017727,2026-05-20 06:19:16,146953.37,SMS,2026-04-30 09:27:41
PAYMENT0000072,ACC0019393,2026-05-20 06:23:21,5607.77,WHATSAPP,2026-05-20 04:38:48
PAYMENT0010823,ACC0005730,2026-05-20 06:45:55,73868.76,SMS,2026-04-22 01:53:49
PAYMENT0011746,ACC0009369,2026-05-20 07:03:44,24829.66,SMS,2026-04-18 01:05:17
PAYMENT0019212,ACC0028564,2026-05-20 07:12:30,42020.86,VOICE,2026-02-11 18:20:43
PAYMENT0004733,ACC0015283,2026-05-20 09:00:43,147063.12,WHATSAPP,2026-04-07 04:25:49
PAYMENT0002817,ACC0003001,2026-05-20 09:53:32,145097.92,SMS,2026-05-09 16:28:56
PAYMENT0017070,ACC0023166,2026-05-20 10:25:46,27707.67,VOICE,2026-05-06 06:54:15
PAYMENT0009465,ACC0009327,2026-05-20 10:42:23,58145.17,SMS,2026-04-16 22:36:34
PAYMENT0014314,ACC0002758,2026-05-20 11:04:01,116285.06,VOICE,2026-05-19 17:58:05
PAYMENT0005826,ACC0006731,2026-05-20 11:06:51,43295.8,SMS,2026-03-01 13:57:05
PAYMENT0008398,ACC0011018,2026-05-20 11:08:51,147899.53,SMS,2026-05-11 10:40:04
PAYMENT0017649,ACC0018751,2026-05-20 11:11:32,6632.06,SMS,2026-05-12 19:55:15
PAYMENT0011935,ACC0026212,2026-05-20 11:27:05,15343.91,WHATSAPP,2026-05-13 06:02:32
PAYMENT0018045,ACC0010627,2026-05-20 12:27:02,73787.18,SMS,2026-03-22 21:43:57
PAYMENT0009066,ACC0005554,2026-05-20 12:31:06,135784.33,WHATSAPP,2026-04-11 14:19:31
PAYMENT0009742,ACC0014065,2026-05-20 13:49:41,142805.03,VOICE,2026-04-13 14:29:35
PAYMENT0013020,ACC0009230,2026-05-20 13:58:38,79610.21,FIELD,2026-04-06 07:11:56
PAYMENT0001332,ACC0001937,2026-05-20 14:08:43,20505.73,FIELD,2026-01-04 21:25:15
PAYMENT0020549,ACC0006263,2026-05-20 14:21:34,15847.28,WHATSAPP,2026-04-30 22:36:45
PAYMENT0020284,ACC0008088,2026-05-20 14:32:24,135074.17,SMS,2026-03-15 20:46:13
PAYMENT0009169,ACC0016295,2026-05-20 14:53:48,43003.91,WHATSAPP,2026-04-24 02:04:52
PAYMENT0012050,ACC0019195,2026-05-20 15:07:04,41136.98,VOICE,2026-05-11 11:25:09
PAYMENT0020778,ACC0013197,2026-05-20 15:38:34,51177.05,WHATSAPP,2026-04-23 23:10:19
PAYMENT0009951,ACC0024690,2026-05-20 15:40:51,71426.47,WHATSAPP,2026-05-08 12:46:52
PAYMENT0007229,ACC0024676,2026-05-20 17:05:25,102909.57,WHATSAPP,2026-04-19 06:18:31
PAYMENT0004324,ACC0029776,2026-05-20 17:10:09,50180.95,VOICE,2026-04-27 12:22:17
PAYMENT0021960,ACC0010534,2026-05-20 17:45:54,106330.06,VOICE,2026-05-07 16:59:43
PAYMENT0005379,ACC0005619,2026-05-20 18:08:41,19591.36,VOICE,2026-03-15 08:31:10
PAYMENT0018597,ACC0009009,2026-05-20 18:39:07,7409.84,SMS,2026-04-28 23:18:40
PAYMENT0007923,ACC0028481,2026-05-20 18:47:56,118974.38,VOICE,2026-04-01 08:36:40
PAYMENT0022423,ACC0004043,2026-05-20 18:50:45,19960.92,WHATSAPP,2026-05-18 17:59:54
PAYMENT0013622,ACC0025561,2026-05-20 18:56:46,15810.46,VOICE,2026-04-25 05:26:18
PAYMENT0017303,ACC0024895,2026-05-20 20:11:48,102603.53,FIELD,2026-05-19 05:50:57
PAYMENT0019535,ACC0015779,2026-05-20 20:11:50,94399.84,SMS,2026-01-04 15:43:16
PAYMENT0009877,ACC0013694,2026-05-20 20:21:49,90137.17,FIELD,2026-04-19 19:37:10
PAYMENT0006206,ACC0028645,2026-05-20 20:44:14,72657.16,WHATSAPP,2026-02-27 09:03:14
PAYMENT0002516,ACC0013055,2026-05-20 21:39:33,64641.99,VOICE,2026-01-12 03:29:46
PAYMENT0012563,ACC0023703,2026-05-20 22:01:21,145407.24,WHATSAPP,2026-05-15 19:45:54
PAYMENT0012442,ACC0013381,2026-05-20 22:20:47,140081.42,WHATSAPP,2026-03-24 22:06:25
PAYMENT0005891,ACC0018356,2026-05-20 22:31:36,42096.83,WHATSAPP,2026-05-05 21:51:58
PAYMENT0017151,ACC0029938,2026-05-20 22:42:00,132426.16,VOICE,2026-05-19 20:56:09
PAYMENT0012806,ACC0023042,2026-05-20 22:43:54,13024.08,SMS,2026-04-04 11:45:31
PAYMENT0010381,ACC0009244,2026-05-20 23:10:46,147827.68,WHATSAPP,2026-04-26 17:05:23
PAYMENT0022332,ACC0008200,2026-05-20 23:16:34,37186.4,VOICE,2026-05-08 13:26:27
PAYMENT0003609,ACC0002334,2026-05-20 23:42:29,128400.96,WHATSAPP,2026-05-16 05:53:46
PAYMENT0020289,ACC0009681,2026-05-20 23:52:11,73211.41,VOICE,2026-04-13 13:15:10
PAYMENT0006860,ACC0008374,2026-05-20 23:56:00,123642.93,WHATSAPP,2026-03-15 13:19:00
PAYMENT0010852,ACC0006430,2026-05-21 00:03:07,13204.49,SMS,2026-05-14 08:05:00
PAYMENT0000771,ACC0021529,2026-05-21 00:13:28,149128.32,SMS,2026-05-20 11:45:20
PAYMENT0006852,ACC0028984,2026-05-21 00:28:54,36069.83,VOICE,2026-04-11 07:52:11
PAYMENT0010916,ACC0005737,2026-05-21 01:41:41,56890.98,VOICE,2026-04-30 23:30:15
PAYMENT0024147,ACC0015667,2026-05-21 02:21:48,3811.91,VOICE,2026-05-13 21:38:01
PAYMENT0023945,ACC0022794,2026-05-21 02:55:39,90733.22,WHATSAPP,2026-04-27 05:12:34
PAYMENT0022505,ACC0025291,2026-05-21 03:37:59,123508.08,WHATSAPP,2026-05-08 12:33:25
PAYMENT0001525,ACC0028732,2026-05-21 03:52:50,4319.8,WHATSAPP,2026-05-20 15:24:16
PAYMENT0012766,ACC0018357,2026-05-21 04:27:41,83179.06,VOICE,2026-02-22 21:04:44
PAYMENT0011205,ACC0023818,2026-05-21 04:47:10,82836.77,VOICE,2026-04-30 07:55:31
PAYMENT0002157,ACC0014894,2026-05-21 04:52:10,47200.79,FIELD,2026-04-26 22:59:10
PAYMENT0016949,ACC0026438,2026-05-21 05:14:27,34429.55,WHATSAPP,2026-02-18 17:33:49
PAYMENT0023470,ACC0025102,2026-05-21 05:45:42,50999.29,WHATSAPP,2026-05-15 09:43:25
PAYMENT0010231,ACC0006353,2026-05-21 05:47:41,93960.56,VOICE,2026-05-13 04:55:32
PAYMENT0003742,ACC0013425,2026-05-21 06:22:19,5998.5,WHATSAPP,2026-05-08 08:22:58
PAYMENT0011635,ACC0028104,2026-05-21 07:45:11,137565.27,FIELD,2026-05-19 10:08:05
PAYMENT0006718,ACC0007778,2026-05-21 08:20:57,54193.32,WHATSAPP,2026-04-21 00:51:54
PAYMENT0008437,ACC0000913,2026-05-21 08:31:58,10681.16,WHATSAPP,2026-04-06 19:12:00
PAYMENT0004965,ACC0021440,2026-05-21 08:59:25,57929.63,WHATSAPP,2026-04-14 23:03:35
PAYMENT0022037,ACC0007371,2026-05-21 09:37:59,25629.47,WHATSAPP,2026-04-30 18:57:29
PAYMENT0007183,ACC0014365,2026-05-21 10:27:42,57030.27,WHATSAPP,2026-04-02 16:32:56
PAYMENT0024496,ACC0005755,2026-05-21 10:33:52,127776.22,VOICE,2026-04-30 13:18:58
PAYMENT0010977,ACC0002942,2026-05-21 10:43:54,2114.79,WHATSAPP,2026-03-13 18:07:28
PAYMENT0009538,ACC0010175,2026-05-21 11:06:49,104417.47,SMS,2026-05-14 12:58:41
PAYMENT0004565,ACC0018986,2026-05-21 11:10:34,133716.61,SMS,2026-03-10 09:08:49
PAYMENT0023979,ACC0002444,2026-05-21 11:29:52,135863.88,WHATSAPP,2026-04-06 06:56:53
PAYMENT0016194,ACC0005317,2026-05-21 11:50:22,147917.62,SMS,2026-05-10 13:12:11
PAYMENT0001216,ACC0002834,2026-05-21 12:40:56,147705.14,VOICE,2026-05-06 09:15:09
PAYMENT0009187,ACC0003750,2026-05-21 13:24:49,12708.64,SMS,2026-04-27 02:43:38
PAYMENT0020862,ACC0018703,2026-05-21 13:59:34,83877.02,SMS,2026-05-01 15:07:14
PAYMENT0021697,ACC0028037,2026-05-21 14:18:02,36971.57,VOICE,2026-04-25 01:57:26
PAYMENT0006638,ACC0016083,2026-05-21 14:38:25,15769.91,VOICE,2026-04-28 11:03:13
PAYMENT0022516,ACC0007555,2026-05-21 14:38:58,37512.02,WHATSAPP,2026-05-16 21:15:12
PAYMENT0009732,ACC0002111,2026-05-21 14:43:02,138529.82,VOICE,2026-04-30 21:26:41
PAYMENT0023863,ACC0024443,2026-05-21 15:25:06,48939.51,VOICE,2026-05-20 01:51:29
PAYMENT0005582,ACC0003664,2026-05-21 15:25:14,23813.77,SMS,2026-05-01 07:40:04
PAYMENT0003839,ACC0015481,2026-05-21 16:23:20,119663.63,SMS,2026-05-07 21:02:26
PAYMENT0016408,ACC0001718,2026-05-21 16:54:18,79472.55,VOICE,2026-04-30 21:24:30
PAYMENT0024619,ACC0008661,2026-05-21 17:26:56,22376.78,VOICE,2026-02-12 03:22:57
PAYMENT0021068,ACC0001035,2026-05-21 17:31:16,68557.49,VOICE,2026-04-03 13:55:13
PAYMENT0012954,ACC0017252,2026-05-21 18:28:50,121929.64,FIELD,2026-05-10 11:55:27
PAYMENT0001225,ACC0011653,2026-05-21 19:04:11,57272.62,FIELD,2026-05-18 06:30:48
PAYMENT0008474,ACC0020745,2026-05-21 19:14:12,75602.43,SMS,2026-05-16 12:15:25
PAYMENT0011197,ACC0016109,2026-05-21 19:56:26,95836.21,VOICE,2026-05-10 03:47:26
PAYMENT0011403,ACC0001259,2026-05-21 20:08:33,6208.19,WHATSAPP,2026-05-03 07:01:36
PAYMENT0006739,ACC0012109,2026-05-21 20:25:40,32994.31,VOICE,2026-05-10 08:13:12
PAYMENT0004229,ACC0005563,2026-05-21 20:53:07,87598.7,VOICE,2026-04-27 04:26:59
PAYMENT0021838,ACC0018717,2026-05-21 21:18:03,12901.38,WHATSAPP,2026-04-08 01:32:55
PAYMENT0022973,ACC0012173,2026-05-21 21:33:28,95474.74,VOICE,2026-05-01 02:16:18
PAYMENT0015729,ACC0023386,2026-05-21 21:43:39,37245.03,WHATSAPP,2026-02-20 01:46:41
PAYMENT0007729,ACC0004072,2026-05-21 21:49:27,16717.78,VOICE,2026-05-10 15:21:49
PAYMENT0014593,ACC0003172,2026-05-21 22:19:59,89377.44,VOICE,2026-05-19 12:58:57
PAYMENT0018709,ACC0008234,2026-05-21 22:21:21,52529.65,WHATSAPP,2026-03-09 08:47:49
PAYMENT0022914,ACC0009247,2026-05-21 22:40:59,100337.27,VOICE,2026-04-29 19:25:10
PAYMENT0012515,ACC0026008,2026-05-21 22:55:10,26173.7,SMS,2026-04-26 04:01:04
PAYMENT0015351,ACC0005568,2026-05-21 23:27:27,91461.04,WHATSAPP,2026-05-07 00:34:33
PAYMENT0011822,ACC0015338,2026-05-21 23:48:21,80884.48,VOICE,2026-04-15 13:59:02
PAYMENT0023140,ACC0015404,2026-05-22 00:06:05,136860.17,WHATSAPP,2026-03-08 21:47:12
PAYMENT0005545,ACC0016311,2026-05-22 00:36:18,53522.73,WHATSAPP,2026-05-06 20:24:09
PAYMENT0021271,ACC0015330,2026-05-22 01:21:47,103632.22,FIELD,2026-02-25 05:12:11
PAYMENT0017742,ACC0003764,2026-05-22 01:34:40,141552.81,VOICE,2026-04-02 02:13:22
PAYMENT0010123,ACC0026179,2026-05-22 02:56:06,37999.42,SMS,2026-04-04 15:55:56
PAYMENT0016239,ACC0002933,2026-05-22 03:04:43,49654.05,VOICE,2026-05-13 04:48:14
PAYMENT0003702,ACC0026509,2026-05-22 03:11:50,38777.88,VOICE,2026-04-21 20:29:20
PAYMENT0006975,ACC0012992,2026-05-22 03:32:48,102160.44,FIELD,2026-02-25 10:19:55
PAYMENT0008597,ACC0011436,2026-05-22 03:43:25,80917.17,VOICE,2026-05-17 13:04:37
PAYMENT0006014,ACC0012396,2026-05-22 03:43:31,16936.79,VOICE,2026-05-17 20:02:24
PAYMENT0013934,ACC0007404,2026-05-22 04:07:59,4424.92,SMS,2026-03-22 05:16:46
PAYMENT0013870,ACC0006289,2026-05-22 05:05:06,111854.42,,
PAYMENT0023366,ACC0022915,2026-05-22 05:41:46,121854.67,SMS,2026-05-12 18:25:19
PAYMENT0011581,ACC0011773,2026-05-22 05:56:44,85047.29,SMS,2026-02-16 11:54:35
PAYMENT0013078,ACC0026566,2026-05-22 06:07:11,9324.42,VOICE,2026-03-25 18:12:35
PAYMENT0019526,ACC0005358,2026-05-22 06:41:18,90671.3,VOICE,2026-05-05 09:25:56
PAYMENT0015466,ACC0014749,2026-05-22 06:47:57,105915.55,WHATSAPP,2026-03-14 04:15:25
PAYMENT0005820,ACC0010725,2026-05-22 06:56:09,61888.15,VOICE,2026-05-10 20:43:51
PAYMENT0021324,ACC0017699,2026-05-22 07:09:38,119516.08,VOICE,2026-05-03 14:33:08
PAYMENT0009004,ACC0007327,2026-05-22 07:37:28,142670.04,SMS,2026-05-17 05:56:09
PAYMENT0018512,ACC0016510,2026-05-22 07:45:02,48615.04,VOICE,2026-05-04 15:17:08
PAYMENT0022453,ACC0029956,2026-05-22 07:55:48,16622.04,VOICE,2026-05-14 13:01:17
PAYMENT0002051,ACC0004191,2026-05-22 08:11:03,82171.24,VOICE,2026-04-16 21:15:00
PAYMENT0001780,ACC0017925,2026-05-22 08:53:01,145889.43,WHATSAPP,2026-04-23 12:28:21
PAYMENT0014057,ACC0029086,2026-05-22 09:05:09,140336.51,VOICE,2026-05-10 17:59:02
PAYMENT0013141,ACC0019052,2026-05-22 09:10:41,82429.72,WHATSAPP,2026-04-27 13:45:09
PAYMENT0016098,ACC0019859,2026-05-22 09:57:03,40914.08,VOICE,2026-05-16 14:10:39
PAYMENT0004725,ACC0012039,2026-05-22 10:14:17,43141.29,SMS,2026-04-23 18:56:20
PAYMENT0013943,ACC0003329,2026-05-22 10:16:02,63760.05,SMS,2026-05-09 21:49:08
PAYMENT0018112,ACC0024573,2026-05-22 10:30:54,52837.01,WHATSAPP,2026-05-02 15:52:33
PAYMENT0002420,ACC0004972,2026-05-22 10:55:22,69281.72,WHATSAPP,2026-05-01 13:32:46
PAYMENT0019173,ACC0009389,2026-05-22 10:56:29,148457.78,VOICE,2026-04-03 08:13:33
PAYMENT0012910,ACC0007039,2026-05-22 11:44:34,130636.17,WHATSAPP,2026-01-11 18:59:23
PAYMENT0017289,ACC0016777,2026-05-22 11:54:15,106733.5,VOICE,2026-05-09 03:18:15
PAYMENT0023017,ACC0027140,2026-05-22 12:05:54,61449.18,WHATSAPP,2026-05-06 23:58:24
PAYMENT0013083,ACC0029827,2026-05-22 13:38:15,26838.71,VOICE,2026-04-06 10:32:53
PAYMENT0008691,ACC0000014,2026-05-22 14:10:21,81878.72,SMS,2026-05-16 12:13:44
PAYMENT0009052,ACC0015116,2026-05-22 14:15:31,27457.66,WHATSAPP,2026-05-12 11:38:02
PAYMENT0006735,ACC0007462,2026-05-22 14:15:33,43826.51,VOICE,2026-04-06 04:00:54
PAYMENT0021680,ACC0017265,2026-05-22 14:39:31,31144.82,SMS,2026-04-02 02:40:25
PAYMENT0019836,ACC0020363,2026-05-22 15:08:33,145188.28,VOICE,2026-04-29 13:31:21
PAYMENT0001562,ACC0026480,2026-05-22 15:19:17,959.96,WHATSAPP,2026-02-28 11:09:03
PAYMENT0000441,ACC0023200,2026-05-22 17:18:16,53631.8,VOICE,2026-05-06 00:29:55
PAYMENT0024038,ACC0012089,2026-05-22 17:21:30,44515.85,VOICE,2026-04-09 09:52:56
PAYMENT0019973,ACC0017197,2026-05-22 17:40:26,22612.36,FIELD,2026-04-24 07:16:18
PAYMENT0007795,ACC0026594,2026-05-22 18:40:18,127585.35,VOICE,2026-05-15 12:46:32
PAYMENT0007126,ACC0017682,2026-05-22 19:38:24,138712.5,SMS,2026-04-09 09:53:03
PAYMENT0003268,ACC0022644,2026-05-22 20:03:11,120713.43,FIELD,2026-04-22 12:31:24
PAYMENT0008736,ACC0003488,2026-05-22 21:52:12,101926.87,WHATSAPP,2026-05-04 10:21:36
PAYMENT0000841,ACC0003388,2026-05-22 21:57:49,2724.31,VOICE,2026-05-11 07:36:11
PAYMENT0014634,ACC0028570,2026-05-22 23:22:24,123963.17,VOICE,2026-05-22 03:45:27
PAYMENT0018706,ACC0024530,2026-05-22 23:29:13,46183.34,VOICE,2026-03-21 13:23:59
PAYMENT0015091,ACC0010630,2026-05-22 23:44:11,59313.18,WHATSAPP,2026-05-04 14:06:41
PAYMENT0005523,ACC0029197,2026-05-23 00:14:24,48664.66,VOICE,2026-05-17 04:17:24
PAYMENT0015896,ACC0002413,2026-05-23 00:30:03,38411.66,VOICE,2026-05-19 12:13:38
PAYMENT0024954,ACC0026489,2026-05-23 02:51:42,83780.26,FIELD,2026-05-16 05:55:33
PAYMENT0022402,ACC0011576,2026-05-23 02:52:30,91591.21,SMS,2026-05-15 20:20:51
PAYMENT0017441,ACC0022796,2026-05-23 02:58:50,139747.36,VOICE,2026-04-02 03:58:18
PAYMENT0003063,ACC0026067,2026-05-23 03:20:00,40112.4,WHATSAPP,2026-05-19 12:11:20
PAYMENT0005031,ACC0020813,2026-05-23 03:32:04,148419.61,VOICE,2026-04-24 15:59:31
PAYMENT0000326,ACC0005451,2026-05-23 04:38:05,83248.81,WHATSAPP,2026-04-22 17:20:55
PAYMENT0008728,ACC0008074,2026-05-23 05:26:02,19123.6,WHATSAPP,2026-05-21 18:52:55
PAYMENT0013613,ACC0013649,2026-05-23 06:07:06,29335.61,WHATSAPP,2026-05-14 07:09:42
PAYMENT0013028,ACC0026869,2026-05-23 06:17:22,147551.57,FIELD,2026-04-17 00:20:23
PAYMENT0021945,ACC0009948,2026-05-23 06:55:27,74475.42,WHATSAPP,2026-03-15 16:17:28
PAYMENT0004322,ACC0004238,2026-05-23 07:01:05,71497.22,WHATSAPP,2026-05-11 13:53:21
PAYMENT0008704,ACC0021279,2026-05-23 07:07:03,73782.75,SMS,2026-05-11 05:42:01
PAYMENT0015869,ACC0000793,2026-05-23 07:34:34,78356.19,SMS,2026-04-21 06:53:46
PAYMENT0021677,ACC0005435,2026-05-23 08:15:10,4761.36,SMS,2026-02-03 03:18:55
PAYMENT0013425,ACC0024078,2026-05-23 08:25:52,134691.15,SMS,2026-05-21 17:02:30
PAYMENT0012368,ACC0013422,2026-05-23 08:28:40,126238.41,VOICE,2026-05-04 16:59:52
PAYMENT0001674,ACC0025465,2026-05-23 08:50:36,115458.92,FIELD,2026-04-25 19:44:35
PAYMENT0008356,ACC0027958,2026-05-23 09:10:22,134301.89,VOICE,2026-05-05 08:24:52
PAYMENT0022409,ACC0022030,2026-05-23 09:15:08,54206.78,SMS,2026-05-17 01:31:54
PAYMENT0021363,ACC0020880,2026-05-23 09:19:01,71403.12,WHATSAPP,2026-04-23 15:49:19
PAYMENT0014489,ACC0013680,2026-05-23 09:42:06,52791.55,WHATSAPP,2026-05-17 08:51:51
PAYMENT0013467,ACC0006956,2026-05-23 09:51:42,38235.54,VOICE,2026-04-12 17:45:17
PAYMENT0014711,ACC0011695,2026-05-23 10:25:32,26089.6,VOICE,2026-04-26 08:16:41
PAYMENT0000914,ACC0015516,2026-05-23 11:07:01,107881.72,WHATSAPP,2026-04-26 14:13:15
PAYMENT0011007,ACC0024683,2026-05-23 12:02:53,5813.3,WHATSAPP,2026-04-13 05:06:19
PAYMENT0006244,ACC0009744,2026-05-23 12:19:54,57922.18,WHATSAPP,2026-03-28 04:25:48
PAYMENT0023168,ACC0000321,2026-05-23 12:27:32,16036.88,SMS,2026-04-18 02:25:31
PAYMENT0016232,ACC0007029,2026-05-23 12:56:35,130317.61,SMS,2026-05-14 17:12:44
PAYMENT0018804,ACC0014859,2026-05-23 13:07:42,121854.67,VOICE,2026-05-06 06:13:24
PAYMENT0008381,ACC0007535,2026-05-23 13:26:24,1961.03,VOICE,2026-04-21 16:26:13
PAYMENT0004218,ACC0015796,2026-05-23 13:59:01,68338.94,VOICE,2026-05-12 20:52:03
PAYMENT0001054,ACC0002139,2026-05-23 14:01:34,116342.15,WHATSAPP,2026-05-04 21:57:20
PAYMENT0009236,ACC0001230,2026-05-23 14:36:13,94407.91,VOICE,2026-05-04 08:25:16
PAYMENT0019774,ACC0008836,2026-05-23 14:38:46,80701.09,WHATSAPP,2026-03-23 00:03:10
PAYMENT0020311,ACC0012218,2026-05-23 15:00:03,112929.33,WHATSAPP,2026-04-15 12:23:12
PAYMENT0007700,ACC0007410,2026-05-23 15:19:14,69639.55,WHATSAPP,2026-05-04 09:26:56
PAYMENT0000025,ACC0016158,2026-05-23 15:23:07,26782.35,VOICE,2026-04-23 18:02:33
PAYMENT0015353,ACC0016674,2026-05-23 16:02:50,110256.92,VOICE,2026-05-11 08:29:30
PAYMENT0011236,ACC0000457,2026-05-23 16:09:40,16173.35,WHATSAPP,2026-04-26 20:39:47
PAYMENT0004194,ACC0016439,2026-05-23 16:14:31,38419.41,VOICE,2026-04-22 14:08:48
PAYMENT0013779,ACC0000986,2026-05-23 16:46:04,37903.89,WHATSAPP,2026-04-25 07:15:52
PAYMENT0006970,ACC0010723,2026-05-23 18:46:37,9958.79,VOICE,2026-05-20 02:52:03
PAYMENT0009945,ACC0023469,2026-05-23 19:04:45,101951.68,WHATSAPP,2026-05-10 10:59:29
PAYMENT0003578,ACC0022158,2026-05-23 19:11:55,68491.24,VOICE,2026-05-17 21:47:50
PAYMENT0016344,ACC0016709,2026-05-23 19:38:57,36847.94,VOICE,2026-05-07 15:53:44
PAYMENT0007706,ACC0027423,2026-05-23 19:55:15,44217.52,VOICE,2026-05-11 16:27:21
PAYMENT0015733,ACC0012567,2026-05-23 20:02:38,110037.51,SMS,2026-05-06 18:16:22
PAYMENT0015852,ACC0004512,2026-05-23 20:12:22,104323.38,VOICE,2026-03-06 13:48:56
PAYMENT0005073,ACC0022065,2026-05-23 20:49:02,72062.58,SMS,2026-04-20 15:09:14
PAYMENT0008057,ACC0003637,2026-05-23 20:50:14,99413.34,VOICE,2026-05-22 23:39:49
PAYMENT0015471,ACC0026766,2026-05-23 21:08:37,34405.8,WHATSAPP,2026-05-10 00:46:32
PAYMENT0008501,ACC0008481,2026-05-23 21:44:03,44280.97,VOICE,2026-04-13 07:33:02
PAYMENT0019410,ACC0008689,2026-05-23 22:07:28,60624.16,WHATSAPP,2026-05-23 08:14:30
PAYMENT0010422,ACC0025544,2026-05-23 22:20:36,8776.75,WHATSAPP,2026-04-08 23:11:39
PAYMENT0015266,ACC0005357,2026-05-23 22:47:26,93784.55,WHATSAPP,2026-05-05 08:17:18
PAYMENT0002188,ACC0010153,2026-05-23 22:57:48,95614.84,WHATSAPP,2026-05-20 17:54:35
PAYMENT0002501,ACC0004324,2026-05-23 23:04:36,70634.3,SMS,2026-04-25 01:33:21
PAYMENT0005882,ACC0023358,2026-05-23 23:27:17,131702.95,SMS,2026-02-19 16:41:30
PAYMENT0023780,ACC0010461,2026-05-23 23:36:00,70960.78,FIELD,2026-05-22 10:10:50
PAYMENT0021439,ACC0011089,2026-05-23 23:43:24,127487.78,SMS,2026-05-05 15:52:02
PAYMENT0007631,ACC0002667,2026-05-23 23:52:31,59609.51,WHATSAPP,2026-05-05 06:11:37
PAYMENT0014118,ACC0013846,2026-05-23 23:54:47,567.06,WHATSAPP,2026-05-12 00:29:54
PAYMENT0011099,ACC0008892,2026-05-24 00:28:19,75256.48,VOICE,2026-05-17 03:43:45
PAYMENT0016872,ACC0020048,2026-05-24 00:47:56,104420.58,SMS,2026-05-20 03:02:13
PAYMENT0023900,ACC0007412,2026-05-24 00:52:20,146440.41,VOICE,2026-04-09 00:04:54
PAYMENT0001391,ACC0026260,2026-05-24 01:01:12,60767.9,WHATSAPP,2026-05-22 15:45:35
PAYMENT0014561,ACC0006473,2026-05-24 01:33:25,105664.91,WHATSAPP,2026-02-15 17:33:09
PAYMENT0020450,ACC0016626,2026-05-24 01:40:27,112537.96,SMS,2026-05-09 12:19:20
PAYMENT0021141,ACC0028804,2026-05-24 01:41:26,25937.32,VOICE,2026-03-03 12:52:41
PAYMENT0006979,ACC0024265,2026-05-24 01:59:55,132258.82,SMS,2026-04-19 14:35:22
PAYMENT0007278,ACC0013997,2026-05-24 02:46:22,137391.06,WHATSAPP,2026-04-29 01:16:25
PAYMENT0021093,ACC0001533,2026-05-24 02:49:21,32845.41,VOICE,2026-04-29 01:12:01
PAYMENT0018649,ACC0003748,2026-05-24 03:07:02,123697.8,VOICE,2026-05-11 10:22:25
PAYMENT0019930,ACC0027635,2026-05-24 03:09:29,16697.61,FIELD,2026-04-28 16:44:56
PAYMENT0015106,ACC0022058,2026-05-24 03:39:49,44811.01,VOICE,2026-05-08 06:11:19
PAYMENT0000234,ACC0005175,2026-05-24 04:04:26,98540.15,FIELD,2026-05-13 06:23:10
PAYMENT0016840,ACC0016332,2026-05-24 04:04:53,85002.65,VOICE,2026-03-22 14:05:54
PAYMENT0001535,ACC0029379,2026-05-24 04:11:27,134321.17,VOICE,2026-05-04 10:26:13
PAYMENT0002606,ACC0024478,2026-05-24 04:51:30,82313.27,WHATSAPP,2026-04-25 08:28:31
PAYMENT0002306,ACC0029244,2026-05-24 05:02:08,93121.94,WHATSAPP,2026-05-05 16:58:52
PAYMENT0008843,ACC0020869,2026-05-24 05:11:12,62296.34,SMS,2026-05-16 07:42:38
PAYMENT0022111,ACC0004276,2026-05-24 06:30:59,149904.59,WHATSAPP,2026-03-21 12:58:12
PAYMENT0013253,ACC0019191,2026-05-24 06:34:52,87720.48,VOICE,2026-05-10 05:48:34
PAYMENT0005041,ACC0014286,2026-05-24 06:42:33,78788.56,WHATSAPP,2026-05-05 21:20:20
PAYMENT0021897,ACC0007093,2026-05-24 06:42:33,64795.28,SMS,2026-05-21 21:55:09
PAYMENT0012695,ACC0023953,2026-05-24 07:13:45,73263.63,VOICE,2026-05-11 20:57:54
PAYMENT0014049,ACC0007065,2026-05-24 07:25:40,57612.34,WHATSAPP,2026-04-21 03:57:28
PAYMENT0009727,ACC0012464,2026-05-24 07:34:00,60160.95,FIELD,2026-01-25 16:38:48
PAYMENT0008306,ACC0028555,2026-05-24 08:15:19,108671.4,VOICE,2026-05-04 07:09:17
PAYMENT0012282,ACC0016325,2026-05-24 08:34:07,50594.74,VOICE,2026-04-19 15:31:27
PAYMENT0023308,ACC0015249,2026-05-24 09:07:10,95738.8,VOICE,2026-04-05 20:07:39
PAYMENT0012915,ACC0008053,2026-05-24 09:17:16,21041.14,WHATSAPP,2026-01-08 17:03:19
PAYMENT0022122,ACC0016709,2026-05-24 09:43:22,101717.32,VOICE,2026-05-07 15:53:44
PAYMENT0021384,ACC0025511,2026-05-24 09:56:52,39679.58,VOICE,2026-05-17 06:30:31
PAYMENT0019505,ACC0002146,2026-05-24 10:09:41,53264.12,SMS,2026-03-18 17:51:16
PAYMENT0024453,ACC0027989,2026-05-24 11:02:29,89223.06,WHATSAPP,2026-05-03 19:39:09
PAYMENT0018527,ACC0007637,2026-05-24 11:13:05,134389.4,FIELD,2026-03-10 18:39:31
PAYMENT0005694,ACC0007124,2026-05-24 11:38:43,141335.35,WHATSAPP,2026-02-25 02:50:13
PAYMENT0011092,ACC0016039,2026-05-24 11:46:21,112021.5,VOICE,2026-04-20 02:03:50
PAYMENT0023725,ACC0001172,2026-05-24 12:10:27,104109.53,SMS,2026-05-19 00:58:03
PAYMENT0001887,ACC0029504,2026-05-24 12:20:42,661.56,VOICE,2026-05-08 14:06:08
PAYMENT0004429,ACC0022995,2026-05-24 12:32:10,12092.38,VOICE,2026-03-05 08:32:19
PAYMENT0003079,ACC0001087,2026-05-24 12:35:13,86555.14,VOICE,2026-05-20 20:50:32
PAYMENT0011629,ACC0020305,2026-05-24 12:39:04,148641.2,VOICE,2026-05-12 23:51:36
PAYMENT0003336,ACC0005251,2026-05-24 13:31:13,143572.62,VOICE,2026-04-03 12:25:25
PAYMENT0024028,ACC0026227,2026-05-24 13:45:00,47362.58,WHATSAPP,2026-04-16 20:59:39
PAYMENT0003815,ACC0027634,2026-05-24 13:59:41,4460.96,FIELD,2026-04-27 08:00:38
PAYMENT0011689,ACC0026759,2026-05-24 14:05:26,90850.92,SMS,2026-03-04 13:23:29
PAYMENT0015783,ACC0002439,2026-05-24 14:21:27,33059.23,SMS,2026-05-04 03:16:21
PAYMENT0011549,ACC0024608,2026-05-24 14:23:08,52568.18,SMS,2026-05-16 19:25:09
PAYMENT0017533,ACC0028672,2026-05-24 14:46:06,16884.65,VOICE,2026-05-12 20:43:54
PAYMENT0004079,ACC0024802,2026-05-24 14:52:19,17819.96,SMS,2026-03-26 03:03:56
PAYMENT0002685,ACC0026813,2026-05-24 15:06:31,70494.53,VOICE,2026-02-19 15:44:35
PAYMENT0013916,ACC0006993,2026-05-24 17:04:24,22312.78,WHATSAPP,2026-05-23 09:15:45
PAYMENT0002636,ACC0013158,2026-05-24 18:02:04,38267.75,WHATSAPP,2026-05-22 14:21:16
PAYMENT0000572,ACC0021985,2026-05-24 19:16:35,29007.16,SMS,2026-05-22 12:50:58
PAYMENT0022995,ACC0012587,2026-05-24 19:51:00,97445.89,VOICE,2026-04-12 10:19:51
PAYMENT0004670,ACC0024678,2026-05-24 20:19:18,3028.27,SMS,2026-04-08 05:22:35
PAYMENT0021056,ACC0021611,2026-05-24 20:27:32,19711.24,WHATSAPP,2026-05-14 22:33:46
PAYMENT0008065,ACC0004963,2026-05-24 20:30:25,115479.8,VOICE,2026-05-16 17:31:22
PAYMENT0008804,ACC0029621,2026-05-24 21:02:24,137651.12,VOICE,2026-05-02 19:30:12
PAYMENT0003809,ACC0012592,2026-05-24 21:12:04,89999.44,VOICE,2026-05-08 20:26:50
PAYMENT0008848,ACC0001415,2026-05-24 21:24:58,26427.16,VOICE,2026-05-09 06:38:44
PAYMENT0003582,ACC0014459,2026-05-24 22:19:49,99701.06,SMS,2026-05-24 17:10:28
PAYMENT0021140,ACC0027668,2026-05-24 22:26:33,27092.54,WHATSAPP,2026-03-07 05:51:39
PAYMENT0024201,ACC0029379,2026-05-24 22:27:16,142665.53,VOICE,2026-05-04 10:26:13
PAYMENT0021035,ACC0017349,2026-05-24 22:50:38,116210.82,WHATSAPP,2026-05-22 14:36:40
PAYMENT0010060,ACC0009015,2026-05-24 22:51:16,114411.36,VOICE,2026-04-26 06:20:10
PAYMENT0012656,ACC0015321,2026-05-24 23:32:46,85604.87,VOICE,2026-05-24 05:11:42
PAYMENT0003474,ACC0019423,2026-05-24 23:38:31,118465.58,VOICE,2026-05-18 07:36:55
PAYMENT0002070,ACC0015259,2026-05-24 23:40:06,7539.36,WHATSAPP,2026-05-15 18:03:49
PAYMENT0024166,ACC0014670,2026-05-25 00:35:20,69808.09,VOICE,2026-05-21 22:58:19
PAYMENT0001203,ACC0004478,2026-05-25 00:41:29,21718.38,VOICE,2026-05-15 19:31:43
PAYMENT0003404,ACC0000975,2026-05-25 00:48:19,127064.32,VOICE,2026-04-27 11:33:35
PAYMENT0006411,ACC0029941,2026-05-25 01:48:57,59044.0,WHATSAPP,2026-04-29 05:52:50
PAYMENT0021469,ACC0001969,2026-05-25 02:23:25,112448.37,VOICE,2026-04-24 21:19:50
PAYMENT0008784,ACC0004792,2026-05-25 02:34:23,87095.42,WHATSAPP,2026-04-27 15:06:46
PAYMENT0015297,ACC0008952,2026-05-25 02:35:50,55585.09,SMS,2026-05-19 23:12:41
PAYMENT0019791,ACC0019323,2026-05-25 02:39:20,109592.37,VOICE,2026-05-23 06:46:54
PAYMENT0008491,ACC0014296,2026-05-25 02:42:22,20630.75,,
PAYMENT0017614,ACC0018122,2026-05-25 04:05:03,56205.95,SMS,2026-04-20 13:54:28
PAYMENT0019955,ACC0003727,2026-05-25 04:08:09,100260.0,SMS,2026-05-07 07:08:24
PAYMENT0002998,ACC0009093,2026-05-25 04:33:14,25526.08,WHATSAPP,2026-05-12 17:17:01
PAYMENT0013895,ACC0015223,2026-05-25 04:56:04,87363.23,SMS,2026-05-04 06:10:55
PAYMENT0001444,ACC0021164,2026-05-25 05:06:55,75299.08,,
PAYMENT0018124,ACC0026733,2026-05-25 05:46:51,75191.61,WHATSAPP,2026-05-21 23:51:52
PAYMENT0017972,ACC0028823,2026-05-25 05:53:43,134752.86,VOICE,2026-05-19 11:38:39
PAYMENT0009347,ACC0002430,2026-05-25 06:35:02,117107.48,SMS,2026-04-20 07:45:09
PAYMENT0005616,ACC0017786,2026-05-25 06:38:27,30528.42,VOICE,2026-05-05 10:13:09
PAYMENT0016491,ACC0003657,2026-05-25 06:44:54,16555.18,SMS,2026-05-20 07:47:14
PAYMENT0006118,ACC0029062,2026-05-25 06:47:25,51744.45,SMS,2026-05-10 01:27:32
PAYMENT0018514,ACC0024099,2026-05-25 07:11:35,29109.01,FIELD,2026-04-21 16:13:26
PAYMENT0021989,ACC0005693,2026-05-25 07:18:47,97768.4,SMS,2026-04-15 09:48:53
PAYMENT0015776,ACC0010465,2026-05-25 07:35:45,11694.19,VOICE,2026-05-08 23:40:07
PAYMENT0012541,ACC0020011,2026-05-25 07:39:18,27081.91,VOICE,2026-05-08 09:58:57
PAYMENT0011393,ACC0027369,2026-05-25 07:55:36,10668.61,FIELD,2026-05-20 13:17:09
PAYMENT0003783,ACC0024244,2026-05-25 08:02:20,122706.54,VOICE,2026-04-11 00:25:17
PAYMENT0005483,ACC0007457,2026-05-25 08:14:47,123128.84,VOICE,2026-04-15 19:38:47
PAYMENT0016887,ACC0010779,2026-05-25 08:21:07,98905.84,FIELD,2026-02-23 18:15:42
PAYMENT0024183,ACC0018106,2026-05-25 09:15:42,12382.52,SMS,2026-04-17 00:32:33
PAYMENT0005469,ACC0021982,2026-05-25 09:18:36,97044.04,VOICE,2026-03-29 12:02:19
PAYMENT0018269,ACC0009058,2026-05-25 10:25:36,111838.51,WHATSAPP,2026-05-20 17:41:19
PAYMENT0023495,ACC0006622,2026-05-25 10:34:28,10759.73,WHATSAPP,2026-03-02 13:15:43
PAYMENT0000006,ACC0002408,2026-05-25 10:59:51,142468.84,SMS,2026-05-16 19:47:31
PAYMENT0013516,ACC0028032,2026-05-25 12:02:01,5512.33,VOICE,2026-05-12 07:12:01
PAYMENT0016298,ACC0017323,2026-05-25 12:04:44,4531.16,WHATSAPP,2026-04-15 15:39:02
PAYMENT0011211,ACC0020178,2026-05-25 12:22:34,45741.15,VOICE,2026-05-14 11:27:41
PAYMENT0002769,ACC0005123,2026-05-25 12:37:18,73400.17,WHATSAPP,2026-05-04 01:13:15
PAYMENT0002202,ACC0018804,2026-05-25 13:09:02,57541.89,VOICE,2026-05-13 18:32:07
PAYMENT0011265,ACC0000450,2026-05-25 13:13:36,25096.25,WHATSAPP,2026-05-04 16:02:49
PAYMENT0015416,ACC0010574,2026-05-25 13:28:43,74554.31,VOICE,2026-04-07 23:45:10
PAYMENT0008401,ACC0020474,2026-05-25 13:29:13,17127.36,SMS,2026-05-22 12:40:07
PAYMENT0024130,ACC0022516,2026-05-25 13:32:32,82407.32,VOICE,2026-04-28 16:30:23
PAYMENT0003270,ACC0000269,2026-05-25 13:46:18,24550.5,SMS,2026-05-22 14:50:44
PAYMENT0019819,ACC0001472,2026-05-25 15:38:41,130991.89,VOICE,2026-03-25 20:06:50
PAYMENT0015303,ACC0003772,2026-05-25 16:05:46,101108.06,VOICE,2026-04-29 23:51:53
PAYMENT0016852,ACC0028285,2026-05-25 16:12:26,59279.9,SMS,2026-05-21 07:32:50
PAYMENT0012532,ACC0022591,2026-05-25 16:14:10,40167.92,VOICE,2026-05-16 09:14:20
PAYMENT0008081,ACC0028813,2026-05-25 16:43:59,60251.02,FIELD,2026-05-13 18:52:40
PAYMENT0007961,ACC0013651,2026-05-25 16:48:09,118511.62,FIELD,2026-05-23 19:57:17
PAYMENT0018623,ACC0009167,2026-05-25 17:26:48,135120.83,WHATSAPP,2026-03-30 09:25:33
PAYMENT0016339,ACC0022061,2026-05-25 21:28:00,120177.62,VOICE,2026-05-14 13:14:50
PAYMENT0003780,ACC0017123,2026-05-25 21:33:30,21246.86,SMS,2026-05-03 05:50:09
PAYMENT0010962,ACC0001193,2026-05-25 21:44:06,61932.17,VOICE,2026-05-01 20:52:42
PAYMENT0014917,ACC0006992,2026-05-25 22:06:23,120934.41,SMS,2026-05-23 03:06:15
PAYMENT0016394,ACC0028472,2026-05-25 22:18:37,75028.54,VOICE,2026-04-24 05:43:33
PAYMENT0013376,ACC0004401,2026-05-26 00:10:04,97465.51,WHATSAPP,2026-05-18 16:04:56
PAYMENT0003830,ACC0010169,2026-05-26 00:14:37,115386.37,VOICE,2026-05-16 12:11:24
PAYMENT0007629,ACC0019254,2026-05-26 00:32:29,6189.23,WHATSAPP,2026-05-06 23:48:47
PAYMENT0006284,ACC0014530,2026-05-26 00:39:16,121450.28,SMS,2026-04-23 15:37:36
PAYMENT0008157,ACC0027633,2026-05-26 01:18:08,97508.03,FIELD,2026-05-06 08:10:17
PAYMENT0019669,ACC0022049,2026-05-26 01:47:12,66497.89,VOICE,2026-04-25 20:52:02
PAYMENT0019091,ACC0017404,2026-05-26 01:47:15,86863.08,FIELD,2026-04-17 13:31:18
PAYMENT0009549,ACC0017689,2026-05-26 01:55:23,78255.58,FIELD,2026-03-12 05:37:42
PAYMENT0002773,ACC0026389,2026-05-26 02:15:28,7498.32,WHATSAPP,2026-05-07 05:01:53
PAYMENT0021906,ACC0026517,2026-05-26 02:17:39,26011.69,FIELD,2026-05-19 20:49:10
PAYMENT0006430,ACC0018790,2026-05-26 02:29:10,59245.61,WHATSAPP,2026-04-18 07:34:41
PAYMENT0023792,ACC0021568,2026-05-26 03:07:33,99338.17,VOICE,2026-03-27 16:17:16
PAYMENT0012035,ACC0018129,2026-05-26 04:05:08,123555.73,SMS,2026-05-22 10:14:29
PAYMENT0010672,ACC0001066,2026-05-26 04:40:41,2693.36,VOICE,2026-05-08 05:36:53
PAYMENT0007959,ACC0024555,2026-05-26 04:55:55,446.03,SMS,2026-05-21 01:24:49
PAYMENT0009670,ACC0025742,2026-05-26 08:32:59,92816.95,FIELD,2026-04-21 01:23:31
PAYMENT0008115,ACC0014557,2026-05-26 09:11:06,71813.81,WHATSAPP,2026-05-25 01:27:06
PAYMENT0016361,ACC0029029,2026-05-26 09:45:00,103874.99,SMS,2026-05-09 17:36:02
PAYMENT0009010,ACC0010737,2026-05-26 10:10:54,97852.96,WHATSAPP,2026-05-21 03:16:04
PAYMENT0011440,ACC0003286,2026-05-26 10:24:00,116739.21,WHATSAPP,2026-05-19 04:39:29
PAYMENT0023804,ACC0012808,2026-05-26 11:40:13,23776.73,WHATSAPP,2026-05-09 04:48:21
PAYMENT0016554,ACC0006054,2026-05-26 12:25:18,124058.85,FIELD,2026-04-16 00:42:57
PAYMENT0001373,ACC0013824,2026-05-26 12:30:43,103163.71,FIELD,2026-05-25 11:19:47
PAYMENT0002774,ACC0004893,2026-05-26 12:48:33,87031.0,WHATSAPP,2026-03-30 02:25:57
PAYMENT0007187,ACC0013818,2026-05-26 12:50:50,34091.8,VOICE,2026-04-23 02:19:04
PAYMENT0008404,ACC0026493,2026-05-26 13:36:49,99238.08,VOICE,2026-03-04 19:43:32
PAYMENT0003354,ACC0027510,2026-05-26 13:58:01,26781.45,SMS,2026-05-20 01:43:40
PAYMENT0024696,ACC0026625,2026-05-26 14:23:22,115747.49,VOICE,2026-05-14 02:42:54
PAYMENT0007120,ACC0006902,2026-05-26 15:36:17,41441.21,FIELD,2026-05-26 07:17:56
PAYMENT0000277,ACC0012078,2026-05-26 16:27:17,103032.48,SMS,2026-05-23 15:30:26
PAYMENT0008021,ACC0003314,2026-05-26 16:56:35,139102.01,VOICE,2026-04-29 14:24:50
PAYMENT0014532,ACC0005030,2026-05-26 17:28:09,106767.91,SMS,2026-05-23 15:56:54
PAYMENT0008164,ACC0011862,2026-05-26 17:42:12,6760.95,VOICE,2026-04-19 05:23:05
PAYMENT0000246,ACC0011491,2026-05-26 18:05:10,115575.39,WHATSAPP,2026-02-12 09:33:20
PAYMENT0002123,ACC0007250,2026-05-26 18:27:46,16568.03,FIELD,2026-04-24 20:04:13
PAYMENT0019065,ACC0020763,2026-05-26 18:44:19,104390.75,WHATSAPP,2026-03-13 04:03:11
PAYMENT0006352,ACC0007079,2026-05-26 18:48:23,21234.93,VOICE,2026-03-20 18:01:14
PAYMENT0022371,ACC0006478,2026-05-26 19:34:15,854.62,VOICE,2026-04-21 22:48:00
PAYMENT0007559,ACC0027041,2026-05-26 19:57:54,47015.98,WHATSAPP,2026-05-11 13:57:22
PAYMENT0012095,ACC0029834,2026-05-26 20:01:01,144076.03,VOICE,2026-05-12 18:26:49
PAYMENT0013364,ACC0027433,2026-05-26 20:13:39,45061.68,SMS,2026-05-15 01:01:32
PAYMENT0008108,ACC0021033,2026-05-26 20:39:19,101531.57,VOICE,2026-05-14 15:16:12
PAYMENT0013747,ACC0018831,2026-05-26 21:04:10,32615.67,VOICE,2026-03-31 11:32:30
PAYMENT0000320,ACC0025793,2026-05-26 21:22:51,134588.23,VOICE,2026-05-26 16:50:42
PAYMENT0022567,ACC0024069,2026-05-26 21:32:42,45421.26,VOICE,2026-04-06 20:47:59
PAYMENT0001624,ACC0004678,2026-05-26 22:04:58,118556.08,SMS,2026-05-21 06:05:49
PAYMENT0009582,ACC0022221,2026-05-26 22:06:05,74842.92,VOICE,2026-05-12 07:19:58
PAYMENT0005743,ACC0001709,2026-05-26 22:24:47,10754.42,VOICE,2026-05-02 03:28:00
PAYMENT0008343,ACC0004708,2026-05-26 22:29:26,80436.14,VOICE,2026-04-13 17:11:14
PAYMENT0017686,ACC0009089,2026-05-26 22:45:42,149100.18,SMS,2026-04-06 06:50:53
PAYMENT0024533,ACC0026172,2026-05-26 23:08:38,98687.36,SMS,2026-05-22 07:32:28
PAYMENT0010950,ACC0006028,2026-05-26 23:11:51,148007.27,SMS,2026-05-15 14:47:57
PAYMENT0020585,ACC0021895,2026-05-26 23:30:47,85343.58,VOICE,2026-05-15 15:12:30
PAYMENT0002301,ACC0018494,2026-05-27 00:14:57,139450.99,VOICE,2026-02-17 08:13:35
PAYMENT0024473,ACC0020214,2026-05-27 00:20:02,118876.0,SMS,2026-03-02 04:07:43
PAYMENT0017824,ACC0025901,2026-05-27 00:26:57,51092.64,VOICE,2026-05-14 05:17:30
PAYMENT0006175,ACC0010756,2026-05-27 00:59:26,123361.53,VOICE,2026-05-25 04:22:59
PAYMENT0016187,ACC0001943,2026-05-27 01:17:14,126592.16,VOICE,2026-05-10 17:47:34
PAYMENT0004907,ACC0019994,2026-05-27 01:32:38,112289.4,WHATSAPP,2026-03-25 16:32:33
PAYMENT0019332,ACC0007635,2026-05-27 04:00:21,75947.58,VOICE,2026-04-12 15:07:20
PAYMENT0008112,ACC0025205,2026-05-27 04:04:07,90080.01,SMS,2026-05-07 16:56:40
PAYMENT0023009,ACC0021921,2026-05-27 04:17:51,37343.02,VOICE,2026-04-28 23:05:24
PAYMENT0012001,ACC0020824,2026-05-27 04:22:12,11166.48,VOICE,2026-04-09 22:42:28
PAYMENT0021550,ACC0009251,2026-05-27 04:43:28,68838.21,VOICE,2026-01-06 03:42:28
PAYMENT0003222,ACC0005335,2026-05-27 04:49:32,81550.23,WHATSAPP,2026-04-23 10:23:48
PAYMENT0021609,ACC0029367,2026-05-27 05:12:02,129738.95,VOICE,2026-05-13 21:19:40
PAYMENT0015842,ACC0024008,2026-05-27 05:54:56,110949.5,WHATSAPP,2026-05-23 10:02:24
PAYMENT0005067,ACC0004224,2026-05-27 05:58:53,111737.85,VOICE,2026-03-28 00:10:58
PAYMENT0007693,ACC0012924,2026-05-27 08:07:36,131587.15,VOICE,2026-01-28 22:26:25
PAYMENT0020562,ACC0029989,2026-05-27 08:49:38,67152.54,VOICE,2026-04-04 18:26:47
PAYMENT0005456,ACC0011352,2026-05-27 08:57:59,16983.85,WHATSAPP,2026-04-07 05:58:08
PAYMENT0021009,ACC0003094,2026-05-27 09:02:10,76959.14,WHATSAPP,2026-05-11 21:52:25
PAYMENT0013348,ACC0022716,2026-05-27 09:03:04,63659.65,SMS,2026-04-25 16:26:10
PAYMENT0012905,ACC0026355,2026-05-27 10:21:14,25837.88,WHATSAPP,2026-05-02 00:09:34
PAYMENT0023906,ACC0018885,2026-05-27 10:49:18,98868.98,VOICE,2026-04-26 22:47:25
PAYMENT0007814,ACC0004287,2026-05-27 10:51:30,147129.07,VOICE,2026-05-10 11:59:58
PAYMENT0005412,ACC0014518,2026-05-27 11:42:00,140596.18,SMS,2026-04-15 10:00:43
PAYMENT0009755,ACC0004427,2026-05-27 12:15:36,90603.47,VOICE,2026-05-19 00:43:14
PAYMENT0008523,ACC0005287,2026-05-27 12:47:07,24590.51,FIELD,2026-05-13 12:33:55
PAYMENT0002958,ACC0011928,2026-05-27 13:30:23,3057.34,SMS,2026-05-22 17:11:32
PAYMENT0008330,ACC0016190,2026-05-27 13:56:09,145372.15,SMS,2026-05-05 12:48:41
PAYMENT0002338,ACC0003461,2026-05-27 13:57:06,81490.39,VOICE,2026-05-07 14:21:43
PAYMENT0020057,ACC0008311,2026-05-27 14:25:56,102714.99,SMS,2026-04-11 07:42:17
PAYMENT0012703,ACC0018526,2026-05-27 14:57:14,77307.74,FIELD,2026-01-03 11:49:17
PAYMENT0013305,ACC0002503,2026-05-27 15:59:56,80548.75,SMS,2026-03-19 05:54:21
PAYMENT0022290,ACC0016743,2026-05-27 16:04:47,139022.92,VOICE,2026-05-12 18:50:22
PAYMENT0019953,ACC0020191,2026-05-27 16:28:19,88981.36,VOICE,2026-04-19 14:18:25
PAYMENT0012387,ACC0002814,2026-05-27 16:55:02,96949.43,FIELD,2026-05-17 20:40:57
PAYMENT0023854,ACC0004970,2026-05-27 17:12:23,46177.0,WHATSAPP,2026-05-10 05:26:30
PAYMENT0021201,ACC0008806,2026-05-27 19:11:24,89799.4,FIELD,2026-03-22 09:53:43
PAYMENT0007490,ACC0026353,2026-05-27 20:42:32,90433.52,SMS,2026-05-02 10:34:59
PAYMENT0009737,ACC0024426,2026-05-27 20:46:07,1305.99,WHATSAPP,2026-05-19 20:32:23
PAYMENT0010226,ACC0001297,2026-05-27 20:52:32,17061.06,SMS,2026-05-09 21:02:45
PAYMENT0006649,ACC0017624,2026-05-27 21:19:30,11160.81,SMS,2026-05-27 00:28:54
PAYMENT0003773,ACC0014863,2026-05-27 21:40:23,21992.49,WHATSAPP,2026-05-20 21:29:55
PAYMENT0009681,ACC0002253,2026-05-27 23:38:49,128324.74,VOICE,2026-04-27 11:56:41
PAYMENT0015628,ACC0012671,2026-05-28 04:15:42,35896.44,SMS,2026-05-22 05:30:42
PAYMENT0018842,ACC0020690,2026-05-28 04:26:15,37789.64,SMS,2026-04-29 09:24:12
PAYMENT0011948,ACC0023386,2026-05-28 05:44:38,146009.23,WHATSAPP,2026-02-20 01:46:41
PAYMENT0004619,ACC0007750,2026-05-28 06:05:18,15296.76,VOICE,2026-05-18 23:34:20
PAYMENT0020182,ACC0026372,2026-05-28 06:28:28,45468.55,VOICE,2026-05-05 23:47:39
PAYMENT0009030,ACC0024669,2026-05-28 06:45:28,35306.68,VOICE,2026-04-07 13:51:24
PAYMENT0004053,ACC0020021,2026-05-28 06:51:07,16939.76,FIELD,2026-05-12 08:17:57
PAYMENT0015270,ACC0019357,2026-05-28 06:53:00,136736.29,VOICE,2026-04-10 07:32:14
PAYMENT0008976,ACC0011622,2026-05-28 07:24:33,42601.44,VOICE,2026-03-25 18:58:53
PAYMENT0002680,ACC0020290,2026-05-28 07:25:51,31261.44,VOICE,2026-05-17 10:54:23
PAYMENT0006351,ACC0011501,2026-05-28 07:49:37,1252.83,WHATSAPP,2026-01-03 05:35:35
PAYMENT0016316,ACC0009202,2026-05-28 08:52:38,60386.28,WHATSAPP,2026-04-12 07:11:04
PAYMENT0017951,ACC0001051,2026-05-28 09:00:49,1783.49,WHATSAPP,2026-03-23 17:15:47
PAYMENT0023384,ACC0025339,2026-05-28 10:15:40,37335.42,VOICE,2026-02-21 11:20:02
PAYMENT0011383,ACC0027738,2026-05-28 10:49:58,93350.09,WHATSAPP,2026-05-19 00:31:56
PAYMENT0007510,ACC0010899,2026-05-28 10:56:24,29922.15,VOICE,2026-05-26 01:41:23
PAYMENT0018684,ACC0020771,2026-05-28 11:10:15,147090.85,WHATSAPP,2026-05-09 01:31:16
PAYMENT0020609,ACC0028080,2026-05-28 11:14:01,9068.47,VOICE,2026-05-24 07:19:06
PAYMENT0013375,ACC0019914,2026-05-28 11:14:59,28271.71,VOICE,2026-05-23 07:30:28
PAYMENT0004574,ACC0027657,2026-05-28 11:32:50,14704.05,VOICE,2026-05-13 06:06:16
PAYMENT0010265,ACC0004024,2026-05-28 11:40:20,13001.83,VOICE,2026-05-14 18:45:38
PAYMENT0009424,ACC0000817,2026-05-28 12:06:26,99206.75,SMS,2026-05-01 14:26:28
PAYMENT0004077,ACC0013918,2026-05-28 12:11:58,106714.36,VOICE,2026-03-18 02:59:20
PAYMENT0005220,ACC0020705,2026-05-28 12:51:24,34924.9,VOICE,2026-05-05 01:07:19
PAYMENT0022532,ACC0028015,2026-05-28 13:29:05,101809.14,SMS,2026-05-27 03:00:00
PAYMENT0000956,ACC0007282,2026-05-28 14:02:08,85758.43,SMS,2026-04-23 14:32:42
PAYMENT0009484,ACC0012872,2026-05-28 14:04:33,25012.17,WHATSAPP,2026-04-01 11:28:55
PAYMENT0016494,ACC0026333,2026-05-28 14:19:13,28730.61,VOICE,2026-04-06 17:04:35
PAYMENT0018595,ACC0008968,2026-05-28 15:09:26,85614.52,WHATSAPP,2026-03-07 15:47:43
PAYMENT0012534,ACC0029407,2026-05-28 15:16:47,26952.69,VOICE,2026-04-07 23:10:25
PAYMENT0000148,ACC0018592,2026-05-28 15:18:08,73629.38,WHATSAPP,2026-05-18 18:25:42
PAYMENT0004573,ACC0014282,2026-05-28 16:12:19,47093.86,SMS,2026-05-21 08:39:21
PAYMENT0006807,ACC0007579,2026-05-28 16:33:18,48777.24,SMS,2026-04-30 14:21:46
PAYMENT0013784,ACC0007348,2026-05-28 17:09:02,91712.15,VOICE,2026-05-13 21:39:46
PAYMENT0004701,ACC0009122,2026-05-28 17:09:09,23313.16,VOICE,2026-03-29 10:39:35
PAYMENT0008248,ACC0015635,2026-05-28 17:15:25,96164.97,SMS,2026-05-19 08:14:07
PAYMENT0018472,ACC0004242,2026-05-28 17:20:18,136467.04,FIELD,2026-04-24 07:29:07
PAYMENT0003613,ACC0006363,2026-05-28 17:21:45,59652.91,WHATSAPP,2026-05-19 20:24:17
PAYMENT0016975,ACC0000015,2026-05-28 17:33:55,43465.37,WHATSAPP,2026-04-14 23:35:53
PAYMENT0007357,ACC0000158,2026-05-28 17:39:24,41236.04,VOICE,2026-05-25 04:42:39
PAYMENT0016785,ACC0007959,2026-05-28 18:15:29,49631.04,VOICE,2026-04-22 15:33:29
PAYMENT0020571,ACC0015516,2026-05-28 18:34:26,89928.81,WHATSAPP,2026-04-26 14:13:15
PAYMENT0014761,ACC0028469,2026-05-28 18:41:01,93576.6,WHATSAPP,2026-04-21 06:36:04
PAYMENT0009811,ACC0002632,2026-05-28 18:49:38,72748.68,VOICE,2026-04-28 20:13:34
PAYMENT0007893,ACC0013486,2026-05-28 19:44:50,20634.26,SMS,2026-05-24 05:27:33
PAYMENT0007029,ACC0027254,2026-05-28 19:45:56,96251.67,VOICE,2026-02-17 22:14:45
PAYMENT0014186,ACC0029199,2026-05-28 19:50:50,59447.51,FIELD,2026-04-28 19:13:16
PAYMENT0024626,ACC0000043,2026-05-28 20:50:08,11710.27,VOICE,2026-04-19 18:07:37
PAYMENT0011539,ACC0027483,2026-05-28 21:12:37,61406.12,VOICE,2026-05-04 20:11:48
PAYMENT0009416,ACC0016730,2026-05-28 21:12:54,112453.01,VOICE,2026-05-26 13:35:10
PAYMENT0004353,ACC0026101,2026-05-28 21:26:19,55650.86,VOICE,2026-05-26 23:26:12
PAYMENT0016668,ACC0013431,2026-05-28 21:42:30,93291.5,VOICE,2026-05-22 00:57:19
PAYMENT0018630,ACC0016396,2026-05-28 21:57:21,31111.22,VOICE,2026-05-20 21:15:40
PAYMENT0003944,ACC0005928,2026-05-28 22:04:03,117242.92,VOICE,2026-03-23 16:52:32
PAYMENT0007869,ACC0026459,2026-05-28 22:59:21,106596.42,VOICE,2026-05-18 16:59:22
PAYMENT0007387,ACC0004682,2026-05-28 23:31:37,12404.17,WHATSAPP,2026-05-02 19:57:15
PAYMENT0019228,ACC0007962,2026-05-28 23:42:58,132442.18,VOICE,2026-01-27 18:43:44
PAYMENT0018843,ACC0003738,2026-05-28 23:50:38,90705.78,SMS,2026-05-22 15:17:46
PAYMENT0004879,ACC0024573,2026-05-29 00:19:26,12849.59,WHATSAPP,2026-05-02 15:52:33
PAYMENT0010665,ACC0026398,2026-05-29 01:03:26,44489.0,VOICE,2026-04-29 12:21:47
PAYMENT0006243,ACC0002728,2026-05-29 01:08:50,59159.07,VOICE,2026-05-24 00:18:33
PAYMENT0012834,ACC0012967,2026-05-29 01:34:58,72203.84,VOICE,2026-05-09 17:54:48
PAYMENT0001717,ACC0027733,2026-05-29 02:23:09,97778.34,FIELD,2026-05-24 06:51:40
PAYMENT0008202,ACC0000351,2026-05-29 02:47:55,22717.81,SMS,2026-05-24 23:55:56
PAYMENT0021815,ACC0022228,2026-05-29 02:51:32,94948.32,SMS,2026-05-18 01:07:26
PAYMENT0004475,ACC0019076,2026-05-29 02:54:28,95281.2,FIELD,2026-03-01 05:42:10
PAYMENT0022487,ACC0017241,2026-05-29 02:59:55,29819.58,VOICE,2026-05-23 17:57:48
PAYMENT0021112,ACC0014457,2026-05-29 03:18:13,110229.67,VOICE,2026-03-25 02:37:53
PAYMENT0016336,ACC0019732,2026-05-29 04:35:54,9344.41,VOICE,2026-04-12 18:14:58
PAYMENT0009008,ACC0024129,2026-05-29 05:02:08,50619.51,WHATSAPP,2026-01-16 09:50:08
PAYMENT0006254,ACC0028775,2026-05-29 06:33:46,12932.67,WHATSAPP,2026-05-16 11:29:31
PAYMENT0022053,ACC0015267,2026-05-29 06:39:54,97715.43,SMS,2026-03-31 08:58:35
PAYMENT0013251,ACC0014128,2026-05-29 07:00:40,141813.53,SMS,2026-02-10 12:45:23
PAYMENT0010387,ACC0013056,2026-05-29 08:23:27,125420.71,SMS,2026-05-17 23:19:21
PAYMENT0024411,ACC0025875,2026-05-29 08:31:39,136605.46,WHATSAPP,2026-05-03 12:56:51
PAYMENT0011503,ACC0020956,2026-05-29 08:49:42,86192.46,SMS,2026-05-27 07:17:55
PAYMENT0003305,ACC0006469,2026-05-29 08:51:21,69082.5,WHATSAPP,2026-05-29 07:40:36
PAYMENT0019060,ACC0017656,2026-05-29 09:39:11,13683.61,WHATSAPP,2026-04-23 15:54:52
PAYMENT0010072,ACC0014511,2026-05-29 10:07:51,23966.32,SMS,2026-05-04 21:03:34
PAYMENT0010638,ACC0009558,2026-05-29 10:25:46,63397.4,WHATSAPP,2026-03-29 20:45:28
PAYMENT0003356,ACC0000762,2026-05-29 12:11:22,22877.32,VOICE,2026-01-08 05:42:12
PAYMENT0018847,ACC0004330,2026-05-29 12:33:30,88315.61,VOICE,2026-04-29 09:37:44
PAYMENT0024014,ACC0015096,2026-05-29 13:49:09,57226.1,WHATSAPP,2026-05-29 00:33:34
PAYMENT0022765,ACC0005513,2026-05-29 14:14:05,132080.49,WHATSAPP,2026-05-21 21:29:17
PAYMENT0016766,ACC0024339,2026-05-29 14:25:15,118749.76,VOICE,2026-04-10 08:36:29
PAYMENT0000538,ACC0001372,2026-05-29 14:53:55,125183.89,WHATSAPP,2026-05-20 20:05:16
PAYMENT0011254,ACC0006392,2026-05-29 16:22:31,54767.24,WHATSAPP,2026-05-29 07:48:43
PAYMENT0002705,ACC0008455,2026-05-29 17:23:46,140855.88,SMS,2026-04-13 21:12:05
PAYMENT0020211,ACC0003837,2026-05-29 17:38:37,100011.41,VOICE,2026-04-11 19:54:05
PAYMENT0009442,ACC0021875,2026-05-29 17:43:12,87048.73,SMS,2026-05-13 20:05:19
PAYMENT0007194,ACC0024397,2026-05-29 17:57:15,17690.57,VOICE,2026-04-11 02:31:36
PAYMENT0015069,ACC0004385,2026-05-29 18:03:18,23164.61,SMS,2026-04-28 21:54:39
PAYMENT0008869,ACC0026741,2026-05-29 19:33:56,13136.42,VOICE,2026-05-27 14:45:49
PAYMENT0015942,ACC0028486,2026-05-29 19:38:48,85569.56,FIELD,2026-05-03 06:39:50
PAYMENT0019488,ACC0003322,2026-05-29 19:48:05,32261.12,VOICE,2026-05-23 21:06:51
PAYMENT0021133,ACC0007617,2026-05-29 20:24:05,6348.59,VOICE,2026-05-20 16:19:19
PAYMENT0011412,ACC0011241,2026-05-29 20:38:31,26752.23,WHATSAPP,2026-05-09 09:58:20
PAYMENT0004689,ACC0028375,2026-05-29 20:44:01,130539.42,VOICE,2026-05-12 10:03:03
PAYMENT0007978,ACC0009391,2026-05-29 20:53:25,131133.48,WHATSAPP,2026-05-25 12:25:15
PAYMENT0017995,ACC0016864,2026-05-29 20:58:19,26918.22,WHATSAPP,2026-03-31 15:10:39
PAYMENT0016136,ACC0012270,2026-05-29 21:06:01,41473.07,VOICE,2026-03-04 17:40:20
PAYMENT0020739,ACC0026894,2026-05-29 21:51:58,27872.95,VOICE,2026-04-18 22:07:29
PAYMENT0015095,ACC0022558,2026-05-29 21:56:41,140543.36,VOICE,2026-05-27 22:38:38
PAYMENT0004437,ACC0029408,2026-05-29 22:16:38,85920.69,SMS,2026-05-08 15:07:47
PAYMENT0011600,ACC0026947,2026-05-29 22:36:02,87215.57,SMS,2026-04-26 21:07:53
PAYMENT0017731,ACC0015981,2026-05-29 22:55:51,44899.59,VOICE,2026-04-15 02:30:46
PAYMENT0010960,ACC0016825,2026-05-29 23:16:31,34878.72,VOICE,2026-04-23 17:24:24
PAYMENT0021061,ACC0012485,2026-05-29 23:17:50,48347.42,VOICE,2026-04-25 20:05:04
PAYMENT0002861,ACC0023136,2026-05-29 23:47:11,20263.37,SMS,2026-05-16 05:21:57
PAYMENT0020418,ACC0015277,2026-05-30 00:04:19,114933.3,WHATSAPP,2026-05-18 19:44:17
PAYMENT0023119,ACC0009674,2026-05-30 00:23:24,139837.44,FIELD,2026-05-21 22:11:51
PAYMENT0012654,ACC0014467,2026-05-30 01:21:50,86143.44,VOICE,2026-05-16 16:20:28
PAYMENT0023258,ACC0010578,2026-05-30 01:24:51,131146.08,SMS,2026-05-23 20:29:38
PAYMENT0016986,ACC0011492,2026-05-30 01:39:39,87295.74,SMS,2026-05-06 11:57:36
PAYMENT0003740,ACC0006116,2026-05-30 01:45:49,30760.86,WHATSAPP,2026-05-07 19:46:02
PAYMENT0015807,ACC0001290,2026-05-30 02:01:41,19519.72,VOICE,2026-05-08 23:17:11
PAYMENT0004723,ACC0019776,2026-05-30 02:04:08,1826.66,VOICE,2026-05-27 18:17:15
PAYMENT0023811,ACC0024188,2026-05-30 02:32:47,31570.2,WHATSAPP,2026-05-29 04:58:11
PAYMENT0022239,ACC0024093,2026-05-30 03:38:35,137200.78,WHATSAPP,2026-04-03 15:14:10
PAYMENT0020280,ACC0023071,2026-05-30 03:44:38,24640.35,VOICE,2026-05-12 01:20:46
PAYMENT0024448,ACC0012074,2026-05-30 04:23:50,71784.23,SMS,2026-05-03 13:56:40
PAYMENT0016341,ACC0021147,2026-05-30 04:24:35,64692.79,VOICE,2026-04-02 20:43:32
PAYMENT0002770,ACC0029117,2026-05-30 05:47:30,48592.24,SMS,2026-05-26 21:32:56
PAYMENT0016409,ACC0011922,2026-05-30 06:34:24,27573.16,WHATSAPP,2026-05-08 13:24:44
PAYMENT0018153,ACC0029335,2026-05-30 06:35:57,48286.31,SMS,2026-05-22 16:49:45
PAYMENT0000293,ACC0006673,2026-05-30 06:48:16,108712.83,FIELD,2026-02-24 07:39:36
PAYMENT0010747,ACC0028125,2026-05-30 06:57:44,131675.85,VOICE,2026-05-22 17:39:09
PAYMENT0007430,ACC0015036,2026-05-30 08:05:06,145551.53,VOICE,2026-05-22 20:41:41
PAYMENT0005159,ACC0000333,2026-05-30 09:04:44,137222.44,WHATSAPP,2026-04-09 04:36:11
PAYMENT0010118,ACC0002988,2026-05-30 09:54:33,130891.81,SMS,2026-04-03 22:38:07
PAYMENT0000408,ACC0009590,2026-05-30 10:03:28,74460.74,WHATSAPP,2026-05-03 17:52:55
PAYMENT0009131,ACC0019419,2026-05-30 10:31:34,23497.22,VOICE,2026-05-23 04:51:49
PAYMENT0023193,ACC0019872,2026-05-30 11:07:20,82623.66,WHATSAPP,2026-05-21 07:46:27
PAYMENT0009046,ACC0014538,2026-05-30 11:21:51,84283.42,FIELD,2026-03-31 11:25:37
PAYMENT0009209,ACC0025901,2026-05-30 11:53:02,80881.59,VOICE,2026-05-29 16:38:21
PAYMENT0011653,ACC0007485,2026-05-30 12:12:35,99808.44,VOICE,2026-05-23 09:03:31
PAYMENT0022169,ACC0012909,2026-05-30 12:15:15,144754.73,VOICE,2026-05-20 10:12:32
PAYMENT0000484,ACC0027414,2026-05-30 13:44:19,106919.07,FIELD,2026-04-24 15:31:40
PAYMENT0010345,ACC0022105,2026-05-30 14:04:35,129873.34,WHATSAPP,2026-05-05 21:22:42
PAYMENT0000968,ACC0018775,2026-05-30 14:28:26,114636.56,,
PAYMENT0009701,ACC0000739,2026-05-30 14:37:06,114207.41,VOICE,2026-04-23 17:57:16
PAYMENT0024796,ACC0014712,2026-05-30 14:56:03,80735.82,WHATSAPP,2026-05-26 18:27:21
PAYMENT0003494,ACC0029523,2026-05-30 15:38:00,65323.94,SMS,2026-03-19 18:15:09
PAYMENT0007114,ACC0001732,2026-05-30 15:39:48,145084.01,VOICE,2026-04-19 05:27:33
PAYMENT0020529,ACC0022852,2026-05-30 15:46:06,87139.06,FIELD,2026-05-23 21:37:45
PAYMENT0006126,ACC0004309,2026-05-30 15:48:46,130033.84,SMS,2026-05-27 22:17:58
PAYMENT0017762,ACC0012882,2026-05-30 16:05:26,95865.6,WHATSAPP,2026-05-02 09:55:48
PAYMENT0009692,ACC0019750,2026-05-30 16:08:35,7373.46,FIELD,2026-05-23 11:13:44
PAYMENT0022854,ACC0014177,2026-05-30 16:08:55,52685.45,VOICE,2026-05-09 13:58:07
PAYMENT0003486,ACC0007454,2026-05-30 16:29:34,51580.73,VOICE,2026-05-09 14:45:26
PAYMENT0016940,ACC0015422,2026-05-30 17:55:12,57093.63,VOICE,2026-05-19 23:29:48
PAYMENT0024726,ACC0006595,2026-05-30 18:01:07,142336.91,VOICE,2026-05-13 11:42:44
PAYMENT0009256,ACC0016477,2026-05-30 18:53:05,71839.56,VOICE,2026-05-23 02:21:21
PAYMENT0007905,ACC0016280,2026-05-30 19:17:26,52090.62,VOICE,2026-05-23 10:39:19
PAYMENT0024427,ACC0007868,2026-05-30 20:14:39,132477.72,FIELD,2026-05-16 18:12:07
PAYMENT0024523,ACC0011068,2026-05-30 20:49:20,82111.58,VOICE,2026-05-24 04:08:32
PAYMENT0024689,ACC0013142,2026-05-30 22:00:40,130122.34,FIELD,2026-05-27 00:21:09
PAYMENT0018741,ACC0003555,2026-05-30 22:10:45,130378.11,VOICE,2026-04-20 20:35:45
PAYMENT0012314,ACC0014283,2026-05-30 23:01:22,27749.42,SMS,2026-05-09 18:08:31
PAYMENT0019661,ACC0012677,2026-05-30 23:15:11,102988.14,VOICE,2026-05-19 18:16:02
PAYMENT0023331,ACC0001994,2026-05-31 00:05:53,40769.53,SMS,2026-04-14 03:54:13
PAYMENT0004970,ACC0026843,2026-05-31 00:47:21,87104.34,VOICE,2026-05-08 10:09:16
PAYMENT0004468,ACC0009207,2026-05-31 00:51:33,119547.12,WHATSAPP,2026-05-09 04:36:14
PAYMENT0004374,ACC0005282,2026-05-31 01:16:06,46081.79,SMS,2026-04-01 06:14:27
PAYMENT0012149,ACC0010964,2026-05-31 01:53:57,10062.95,FIELD,2026-04-12 10:29:29
PAYMENT0019177,ACC0014248,2026-05-31 02:51:26,78431.91,VOICE,2026-05-25 06:47:13
PAYMENT0018414,ACC0026005,2026-05-31 03:07:20,99251.67,VOICE,2026-03-28 20:22:29
PAYMENT0009744,ACC0026751,2026-05-31 05:45:14,100996.44,WHATSAPP,2026-04-17 13:43:32
PAYMENT0014842,ACC0016887,2026-05-31 07:19:13,67939.8,SMS,2026-05-30 18:11:55
PAYMENT0013401,ACC0021496,2026-05-31 08:04:37,109382.43,SMS,2026-05-20 05:00:37
PAYMENT0017986,ACC0009587,2026-05-31 08:21:35,47037.82,SMS,2026-04-28 18:07:37
PAYMENT0003308,ACC0024213,2026-05-31 08:25:21,117418.07,VOICE,2026-04-21 10:20:10
PAYMENT0018230,ACC0019497,2026-05-31 08:54:54,90852.13,SMS,2026-05-17 13:27:32
PAYMENT0002944,ACC0011007,2026-05-31 09:39:07,64029.44,SMS,2026-05-18 10:45:10
PAYMENT0022641,ACC0002991,2026-05-31 09:44:19,37420.34,VOICE,2026-05-18 12:07:10
PAYMENT0013610,ACC0000516,2026-05-31 09:56:30,54336.01,SMS,2026-05-21 05:26:07
PAYMENT0015054,ACC0029618,2026-05-31 10:04:23,62931.12,WHATSAPP,2026-02-17 12:35:59
PAYMENT0016251,ACC0005190,2026-05-31 10:18:05,122026.69,SMS,2026-03-25 02:34:10
PAYMENT0013029,ACC0022804,2026-05-31 10:56:41,99229.31,VOICE,2026-05-06 01:38:07
PAYMENT0012712,ACC0025138,2026-05-31 11:33:47,135318.45,VOICE,2026-04-09 18:29:35
PAYMENT0010789,ACC0004310,2026-05-31 12:12:28,10634.74,WHATSAPP,2026-04-15 06:20:53
PAYMENT0010578,ACC0006844,2026-05-31 14:19:35,103839.39,VOICE,2026-04-29 02:04:23
PAYMENT0017381,ACC0011479,2026-05-31 16:05:44,97359.92,VOICE,2026-05-28 01:24:26
PAYMENT0002748,ACC0027580,2026-05-31 16:20:54,8995.74,VOICE,2026-04-26 10:26:32
PAYMENT0011246,ACC0002051,2026-05-31 16:33:58,70765.7,SMS,2026-05-18 05:12:28
PAYMENT0012779,ACC0003809,2026-05-31 16:57:39,109498.52,SMS,2026-05-25 19:40:34
PAYMENT0009079,ACC0009620,2026-05-31 16:58:09,12962.64,VOICE,2026-05-29 19:23:37
PAYMENT0011956,ACC0000632,2026-05-31 17:11:54,90265.2,,
PAYMENT0005046,ACC0025401,2026-05-31 17:28:55,21202.24,VOICE,2026-04-04 11:18:19
PAYMENT0007331,ACC0014180,2026-05-31 17:41:26,80203.53,VOICE,2026-03-26 19:04:41
PAYMENT0009227,ACC0019602,2026-05-31 17:41:44,56576.19,WHATSAPP,2026-05-07 17:08:10
PAYMENT0014330,ACC0005110,2026-05-31 18:37:05,129786.24,VOICE,2026-04-07 12:26:18
PAYMENT0000034,ACC0024694,2026-05-31 18:38:13,57677.55,VOICE,2026-05-30 06:40:38
PAYMENT0018263,ACC0018352,2026-05-31 19:13:48,17317.71,VOICE,2026-03-17 22:47:28
PAYMENT0023408,ACC0027686,2026-05-31 19:28:22,117930.12,VOICE,2026-05-25 06:45:07
PAYMENT0001167,ACC0006872,2026-05-31 19:46:06,135292.86,SMS,2026-05-02 04:52:44
PAYMENT0003311,ACC0004075,2026-05-31 19:52:08,135939.41,VOICE,2026-04-25 16:21:09
PAYMENT0014388,ACC0029734,2026-05-31 19:57:40,113809.13,FIELD,2026-04-26 09:06:00
PAYMENT0004779,ACC0021765,2026-05-31 21:00:14,51425.91,VOICE,2026-05-25 18:06:06
PAYMENT0003831,ACC0027683,2026-05-31 21:19:37,48372.79,FIELD,2026-05-27 06:35:15
PAYMENT0002411,ACC0024728,2026-05-31 21:26:20,1831.8,,
PAYMENT0012516,ACC0005622,2026-05-31 22:05:01,93210.5,SMS,2026-04-30 22:12:53
PAYMENT0007428,ACC0029440,2026-05-31 22:26:21,76242.79,VOICE,2026-05-13 10:01:01
PAYMENT0011619,ACC0029567,2026-05-31 22:38:04,58418.07,WHATSAPP,2026-04-27 05:56:49
PAYMENT0024885,ACC0017153,2026-05-31 23:01:26,145841.34,WHATSAPP,2026-05-08 18:21:59
PAYMENT0013637,ACC0016397,2026-05-31 23:06:34,101165.51,VOICE,2026-05-27 00:20:22
PAYMENT0006724,ACC0000673,2026-05-31 23:20:36,63045.69,WHATSAPP,2026-05-31 02:24:40
PAYMENT0015805,ACC0025924,2026-05-31 23:23:05,111839.51,SMS,2026-05-21 21:42:37
PAYMENT0001510,ACC0009799,2026-06-01 00:42:32,71054.88,WHATSAPP,2026-05-23 12:18:06
PAYMENT0004009,ACC0021054,2026-06-01 00:50:59,88932.15,SMS,2026-05-30 06:55:42
PAYMENT0012924,ACC0009242,2026-06-01 01:15:37,86255.47,SMS,2026-05-14 06:43:09
PAYMENT0004917,ACC0003180,2026-06-01 01:22:14,127017.72,VOICE,2026-05-30 03:11:16
PAYMENT0009661,ACC0002724,2026-06-01 01:45:06,144278.88,WHATSAPP,2026-04-04 10:02:23
PAYMENT0011370,ACC0001495,2026-06-01 01:47:15,35384.87,WHATSAPP,2026-05-08 19:18:55
PAYMENT0010337,ACC0002806,2026-06-01 02:33:01,31411.18,WHATSAPP,2026-05-19 18:10:02
PAYMENT0000145,ACC0024059,2026-06-01 02:42:47,103378.65,SMS,2026-05-28 14:06:47
PAYMENT0003011,ACC0021173,2026-06-01 03:02:23,83050.24,FIELD,2026-05-17 06:25:12
PAYMENT0003918,ACC0010742,2026-06-01 03:57:41,80706.11,FIELD,2026-05-12 22:09:19
PAYMENT0017779,ACC0013344,2026-06-01 04:05:20,71947.42,SMS,2026-05-26 21:50:58
PAYMENT0014684,ACC0018690,2026-06-01 04:59:50,103714.49,VOICE,2026-05-26 08:38:39
PAYMENT0013606,ACC0004282,2026-06-01 05:01:25,73678.93,VOICE,2026-05-24 14:42:16
PAYMENT0004821,ACC0026321,2026-06-01 05:27:27,112.25,FIELD,2026-05-09 19:50:33
PAYMENT0002826,ACC0023041,2026-06-01 05:30:26,115061.46,VOICE,2026-05-15 19:32:55
PAYMENT0016635,ACC0003661,2026-06-01 05:32:31,79899.01,VOICE,2026-05-17 07:45:00
PAYMENT0019531,ACC0022507,2026-06-01 06:44:34,87111.43,,
PAYMENT0016924,ACC0015532,2026-06-01 07:03:19,131216.5,SMS,2026-05-06 09:36:34
PAYMENT0021278,ACC0002515,2026-06-01 07:57:54,14954.28,WHATSAPP,2026-01-18 17:06:58
PAYMENT0011364,ACC0016196,2026-06-01 08:15:07,140046.47,SMS,2026-03-17 03:36:02
PAYMENT0000847,ACC0016828,2026-06-01 09:02:13,19896.55,VOICE,2026-05-26 09:30:56
PAYMENT0024146,ACC0003472,2026-06-01 09:31:06,46225.82,FIELD,2026-04-05 09:17:21
PAYMENT0022638,ACC0005753,2026-06-01 09:51:57,21870.82,WHATSAPP,2026-04-23 16:00:22
PAYMENT0009585,ACC0000445,2026-06-01 10:53:58,140118.15,VOICE,2026-02-11 11:25:06
PAYMENT0000452,ACC0003253,2026-06-01 11:00:25,28287.15,FIELD,2026-04-14 03:49:01
PAYMENT0020840,ACC0016877,2026-06-01 11:10:52,96681.46,VOICE,2026-05-17 05:46:06
PAYMENT0018450,ACC0029386,2026-06-01 11:11:30,9585.58,VOICE,2026-04-17 15:42:52
PAYMENT0012304,ACC0019543,2026-06-01 12:23:29,74126.63,VOICE,2026-05-19 16:12:18
PAYMENT0020625,ACC0026104,2026-06-01 12:24:54,119503.27,WHATSAPP,2026-05-07 23:06:09
PAYMENT0018564,ACC0019042,2026-06-01 12:26:02,15448.61,SMS,2026-05-08 16:20:58
PAYMENT0000677,ACC0001362,2026-06-01 12:40:04,13013.3,VOICE,2026-04-13 01:13:49
PAYMENT0016214,ACC0013797,2026-06-01 13:30:16,149008.23,VOICE,2026-05-19 05:48:53
PAYMENT0001678,ACC0021325,2026-06-01 14:05:42,68080.41,VOICE,2026-02-11 05:56:27
PAYMENT0024820,ACC0003324,2026-06-01 14:47:12,147414.48,SMS,2026-05-18 20:03:50
PAYMENT0011952,ACC0017216,2026-06-01 15:56:31,7831.46,WHATSAPP,2026-05-05 18:51:55
PAYMENT0003426,ACC0024982,2026-06-01 16:35:59,4257.92,VOICE,2026-05-18 23:33:48
PAYMENT0019361,ACC0016894,2026-06-01 16:41:50,133672.67,SMS,2026-04-07 23:40:04
PAYMENT0010229,ACC0006810,2026-06-01 16:43:51,57156.91,VOICE,2026-05-11 10:55:03
PAYMENT0007649,ACC0019018,2026-06-01 17:08:50,136476.94,VOICE,2026-05-22 16:07:21
PAYMENT0004217,ACC0008068,2026-06-01 17:27:44,2209.34,SMS,2026-04-21 07:15:10
PAYMENT0006965,ACC0013709,2026-06-01 17:30:10,78448.61,SMS,2026-04-30 20:07:02
PAYMENT0012340,ACC0004419,2026-06-01 17:36:05,95554.18,WHATSAPP,2026-04-29 09:22:46
PAYMENT0012630,ACC0023393,2026-06-01 17:48:48,18783.02,VOICE,2026-05-14 04:24:26
PAYMENT0024059,ACC0012153,2026-06-01 18:51:56,13755.14,WHATSAPP,2026-04-11 07:43:08
PAYMENT0018657,ACC0008061,2026-06-01 19:01:22,90918.35,WHATSAPP,2026-04-16 13:14:59
PAYMENT0007903,ACC0028813,2026-06-01 19:20:32,90737.76,SMS,2026-05-30 07:20:24
PAYMENT0014246,ACC0008302,2026-06-01 19:58:06,41317.13,VOICE,2026-06-01 03:23:47
PAYMENT0020461,ACC0009366,2026-06-01 20:12:32,122215.81,VOICE,2026-05-27 19:31:46
PAYMENT0020879,ACC0002586,2026-06-01 20:30:50,148555.75,VOICE,2026-05-27 02:24:31
PAYMENT0024833,ACC0019086,2026-06-01 20:40:22,96575.46,VOICE,2026-05-25 04:14:29
PAYMENT0016909,ACC0002421,2026-06-01 21:01:36,4736.06,WHATSAPP,2026-05-11 20:52:39
PAYMENT0006634,ACC0012894,2026-06-01 21:27:49,16617.34,WHATSAPP,2026-05-22 21:24:41
PAYMENT0004126,ACC0026781,2026-06-01 21:29:47,4536.3,WHATSAPP,2026-04-12 20:27:07
PAYMENT0010435,ACC0025329,2026-06-01 21:59:11,94417.22,SMS,2026-05-31 02:51:36
PAYMENT0014817,ACC0003953,2026-06-01 22:13:35,136048.9,SMS,2026-05-30 05:15:18
PAYMENT0018352,ACC0024002,2026-06-01 22:34:57,60748.79,WHATSAPP,2026-05-26 00:22:01
PAYMENT0009299,ACC0012131,2026-06-01 22:37:00,138416.56,VOICE,2026-05-10 23:02:58
PAYMENT0016107,ACC0003231,2026-06-01 22:57:29,98412.87,WHATSAPP,2026-05-16 02:05:50
PAYMENT0014775,ACC0023931,2026-06-01 23:03:11,13299.99,VOICE,2026-05-01 17:50:56
PAYMENT0005185,ACC0001916,2026-06-01 23:10:13,89950.51,VOICE,2026-05-13 21:14:02
PAYMENT0001239,ACC0026499,2026-06-01 23:30:39,124747.58,FIELD,2026-05-19 03:03:49
PAYMENT0018546,ACC0027570,2026-06-02 01:10:18,54345.39,SMS,2026-05-22 17:06:57
PAYMENT0010376,ACC0005314,2026-06-02 01:27:48,21246.67,VOICE,2026-03-31 14:11:09
PAYMENT0017930,ACC0028770,2026-06-02 02:31:43,109405.78,FIELD,2026-05-30 09:42:54
PAYMENT0021624,ACC0019808,2026-06-02 02:36:37,62172.53,VOICE,2026-05-12 04:37:21
PAYMENT0008262,ACC0001149,2026-06-02 02:59:27,44011.48,SMS,2026-04-07 19:21:52
PAYMENT0003671,ACC0017187,2026-06-02 04:06:31,45104.87,WHATSAPP,2026-01-18 13:13:20
PAYMENT0023829,ACC0023216,2026-06-02 04:11:48,33802.29,SMS,2026-05-06 02:39:44
PAYMENT0024418,ACC0000906,2026-06-02 04:19:55,139361.24,VOICE,2026-05-31 22:50:54
PAYMENT0003850,ACC0004093,2026-06-02 04:43:41,149229.49,VOICE,2026-05-27 07:09:19
PAYMENT0007212,ACC0023227,2026-06-02 05:23:13,41780.5,VOICE,2026-04-11 19:53:59
PAYMENT0015582,ACC0003172,2026-06-02 05:39:00,44629.26,VOICE,2026-05-19 12:58:57
PAYMENT0013869,ACC0019261,2026-06-02 05:58:10,70712.05,FIELD,2026-05-10 18:03:47
PAYMENT0015564,ACC0013187,2026-06-02 06:22:53,134508.83,WHATSAPP,2026-05-27 14:32:21
PAYMENT0003643,ACC0011174,2026-06-02 06:43:58,96541.45,VOICE,2026-05-04 08:07:26
PAYMENT0004516,ACC0008843,2026-06-02 06:44:30,60177.89,VOICE,2026-01-22 03:34:24
PAYMENT0010584,ACC0006102,2026-06-02 07:23:25,137138.02,VOICE,2026-05-28 15:51:20
PAYMENT0009836,ACC0001012,2026-06-02 07:24:12,103490.41,WHATSAPP,2026-04-17 22:18:50
PAYMENT0015186,ACC0004965,2026-06-02 07:53:12,3933.01,SMS,2026-05-19 09:30:11
PAYMENT0001611,ACC0026430,2026-06-02 08:07:51,30974.98,FIELD,2026-02-14 07:18:07
PAYMENT0020567,ACC0020222,2026-06-02 08:42:53,2867.16,WHATSAPP,2026-03-01 06:58:32
PAYMENT0002461,ACC0019257,2026-06-02 09:17:08,86896.57,WHATSAPP,2026-03-25 11:04:29
PAYMENT0006543,ACC0016373,2026-06-02 09:26:52,78283.96,VOICE,2026-04-08 16:51:52
PAYMENT0005213,ACC0001554,2026-06-02 10:18:36,249.01,WHATSAPP,2026-05-03 17:24:10
PAYMENT0018992,ACC0018830,2026-06-02 10:50:12,29202.79,,
PAYMENT0013787,ACC0015324,2026-06-02 11:35:06,87512.65,VOICE,2026-05-18 23:18:36
PAYMENT0005780,ACC0019502,2026-06-02 11:35:55,139901.35,VOICE,2026-05-06 10:55:16
PAYMENT0022534,ACC0013412,2026-06-02 11:41:53,142083.56,VOICE,2026-03-29 06:33:25
PAYMENT0000044,ACC0015075,2026-06-02 12:02:25,24965.91,SMS,2026-06-02 02:06:24
PAYMENT0000017,ACC0025191,2026-06-02 12:36:12,112272.64,WHATSAPP,2026-04-30 17:37:14
PAYMENT0014309,ACC0028523,2026-06-02 12:40:30,149285.03,WHATSAPP,2026-04-13 18:27:29
PAYMENT0014037,ACC0008986,2026-06-02 13:39:22,46081.24,VOICE,2026-04-14 07:48:55
PAYMENT0021206,ACC0023296,2026-06-02 14:10:03,99805.85,VOICE,2026-05-27 07:12:47
PAYMENT0021477,ACC0009759,2026-06-02 14:20:56,24980.13,WHATSAPP,2026-05-28 13:17:45
PAYMENT0001711,ACC0028973,2026-06-02 14:47:18,135471.81,VOICE,2026-05-29 19:10:52
PAYMENT0020659,ACC0027837,2026-06-02 15:45:55,134309.14,WHATSAPP,2026-05-31 20:24:55
PAYMENT0014478,ACC0021792,2026-06-02 15:49:23,82779.85,WHATSAPP,2026-05-07 18:20:57
PAYMENT0021037,ACC0027332,2026-06-02 15:53:19,142413.62,VOICE,2026-04-16 01:07:52
PAYMENT0022316,ACC0018825,2026-06-02 15:54:43,130986.78,SMS,2026-05-16 16:56:20
PAYMENT0023839,ACC0003645,2026-06-02 16:07:03,102366.86,VOICE,2026-04-25 07:15:02
PAYMENT0002578,ACC0018141,2026-06-02 16:50:05,20511.08,FIELD,2026-05-29 18:57:46
PAYMENT0019262,ACC0002996,2026-06-02 17:54:10,13004.66,FIELD,2026-06-01 05:23:41
PAYMENT0003669,ACC0028782,2026-06-02 18:12:49,78607.58,VOICE,2026-05-19 19:49:28
PAYMENT0013062,ACC0002198,2026-06-02 18:49:43,4046.69,SMS,2026-05-11 02:06:42
PAYMENT0005496,ACC0003774,2026-06-02 19:03:19,97491.48,FIELD,2026-05-30 22:30:33
PAYMENT0022098,ACC0015445,2026-06-02 19:12:04,13741.97,VOICE,2026-05-21 00:18:55
PAYMENT0022049,ACC0006702,2026-06-02 19:15:27,17386.56,WHATSAPP,2026-05-10 15:07:52
PAYMENT0017561,ACC0003894,2026-06-02 20:29:18,28907.15,WHATSAPP,2026-05-07 16:40:27
PAYMENT0015363,ACC0014591,2026-06-02 20:39:47,24129.65,WHATSAPP,2026-05-21 09:33:56
PAYMENT0023616,ACC0012296,2026-06-02 21:06:22,46032.14,VOICE,2026-05-12 10:21:20
PAYMENT0015228,ACC0017830,2026-06-02 21:17:20,127487.02,WHATSAPP,2026-05-15 01:26:25
PAYMENT0011042,ACC0005745,2026-06-02 21:35:28,10484.49,SMS,2026-05-12 19:30:33
PAYMENT0023315,ACC0009116,2026-06-02 22:03:22,63054.11,FIELD,2026-05-28 03:37:48
PAYMENT0018078,ACC0016655,2026-06-02 22:21:26,94643.69,VOICE,2026-05-04 19:38:42
PAYMENT0022689,ACC0018503,2026-06-02 22:43:44,71465.4,VOICE,2026-05-18 13:30:03
PAYMENT0024025,ACC0003440,2026-06-02 23:04:55,62768.48,SMS,2026-03-09 09:52:14
PAYMENT0001684,ACC0025598,2026-06-02 23:41:19,901.59,SMS,2026-04-16 09:01:44
PAYMENT0000633,ACC0000250,2026-06-03 00:39:12,40110.71,WHATSAPP,2026-04-18 08:18:31
PAYMENT0024827,ACC0002637,2026-06-03 00:50:07,117390.28,VOICE,2026-04-08 14:30:40
PAYMENT0007265,ACC0006937,2026-06-03 01:21:43,98801.18,WHATSAPP,2026-05-25 23:25:26
PAYMENT0015304,ACC0021802,2026-06-03 01:21:52,113946.19,SMS,2026-05-30 07:34:31
PAYMENT0009065,ACC0025187,2026-06-03 01:37:31,107510.92,VOICE,2026-03-30 21:58:13
PAYMENT0011451,ACC0002483,2026-06-03 02:42:45,32014.23,FIELD,2026-04-28 02:00:32
PAYMENT0019646,ACC0001470,2026-06-03 02:58:47,86743.98,SMS,2026-03-29 05:40:43
PAYMENT0014318,ACC0013736,2026-06-03 03:43:12,57782.78,SMS,2026-05-30 13:06:51
PAYMENT0015919,ACC0016611,2026-06-03 04:08:56,135707.57,WHATSAPP,2026-02-20 10:48:45
PAYMENT0018655,ACC0011842,2026-06-03 04:56:44,28362.83,SMS,2026-06-02 13:42:47
PAYMENT0018826,ACC0026063,2026-06-03 05:18:21,135571.21,SMS,2026-05-15 11:19:15
PAYMENT0014468,ACC0003553,2026-06-03 05:43:55,41651.7,WHATSAPP,2026-05-04 19:08:23
PAYMENT0017350,ACC0019065,2026-06-03 05:44:37,113570.81,WHATSAPP,2026-05-22 17:20:28
PAYMENT0006944,ACC0022014,2026-06-03 05:59:39,60705.69,VOICE,2026-06-01 20:08:24
PAYMENT0024068,ACC0020262,2026-06-03 06:36:20,44922.61,WHATSAPP,2026-05-11 05:45:43
PAYMENT0002023,ACC0005852,2026-06-03 06:47:24,139946.75,FIELD,2026-04-30 18:14:54
PAYMENT0001116,ACC0005214,2026-06-03 07:28:01,58051.48,WHATSAPP,2026-05-05 23:59:56
PAYMENT0021108,ACC0025708,2026-06-03 07:56:51,24214.03,FIELD,2026-05-11 17:51:59
PAYMENT0020548,ACC0020442,2026-06-03 08:53:32,63494.98,VOICE,2026-05-21 02:13:59
PAYMENT0019994,ACC0029471,2026-06-03 10:44:26,19532.35,VOICE,2026-05-26 09:36:17
PAYMENT0005715,ACC0023963,2026-06-03 11:01:04,148028.26,VOICE,2026-05-21 21:59:41
PAYMENT0014529,ACC0008624,2026-06-03 11:26:32,140689.2,WHATSAPP,2026-03-04 09:24:24
PAYMENT0002294,ACC0000474,2026-06-03 11:28:40,81571.7,VOICE,2026-05-30 12:45:12
PAYMENT0004129,ACC0019007,2026-06-03 11:44:13,137623.91,SMS,2026-05-21 17:42:11
PAYMENT0023827,ACC0022259,2026-06-03 12:02:54,116626.32,WHATSAPP,2026-05-10 18:52:58
PAYMENT0012027,ACC0014240,2026-06-03 12:08:08,31553.46,VOICE,2026-05-26 21:58:00
PAYMENT0007558,ACC0006623,2026-06-03 12:23:31,146857.96,VOICE,2026-04-09 07:12:46
PAYMENT0000374,ACC0008440,2026-06-03 12:51:27,146291.89,VOICE,2026-03-20 03:53:36
PAYMENT0001229,ACC0022140,2026-06-03 12:54:00,8337.05,SMS,2026-05-20 07:40:18
PAYMENT0004176,ACC0003599,2026-06-03 13:28:57,82152.79,FIELD,2026-04-28 00:18:10
PAYMENT0004680,ACC0010216,2026-06-03 14:17:34,40896.86,VOICE,2026-04-08 09:39:47
PAYMENT0007448,ACC0003403,2026-06-03 14:21:16,135133.53,VOICE,2026-05-25 10:46:15
PAYMENT0023300,ACC0004985,2026-06-03 14:28:01,10579.45,WHATSAPP,2026-04-09 03:02:07
PAYMENT0022654,ACC0003895,2026-06-03 14:38:00,28438.02,VOICE,2026-05-03 23:49:12
PAYMENT0000333,ACC0018127,2026-06-03 15:04:36,30553.53,VOICE,2026-04-27 20:43:00
PAYMENT0003700,ACC0025673,2026-06-03 15:23:35,102764.2,VOICE,2026-05-19 08:09:32
PAYMENT0023977,ACC0023316,2026-06-03 16:02:41,61572.53,WHATSAPP,2026-06-02 09:35:18
PAYMENT0006574,ACC0025731,2026-06-03 16:38:13,103666.16,WHATSAPP,2026-05-19 04:28:55
PAYMENT0000290,ACC0001570,2026-06-03 17:24:15,86182.7,VOICE,2026-05-06 13:37:05
PAYMENT0012348,ACC0021498,2026-06-03 18:02:53,14151.14,WHATSAPP,2026-04-24 22:03:49
PAYMENT0005874,ACC0027160,2026-06-03 18:13:53,67955.97,SMS,2026-05-25 06:57:18
PAYMENT0001578,ACC0016482,2026-06-03 18:18:59,131078.97,SMS,2026-06-03 12:48:53
PAYMENT0005838,ACC0021197,2026-06-03 18:26:13,25954.76,SMS,2026-05-16 14:31:12
PAYMENT0004953,ACC0019848,2026-06-03 19:36:04,40626.73,SMS,2026-06-02 03:33:59
PAYMENT0010664,ACC0005224,2026-06-03 19:41:27,127835.97,VOICE,2026-04-26 22:56:55
PAYMENT0015360,ACC0018397,2026-06-03 19:46:16,5067.66,FIELD,2026-05-22 16:46:48
PAYMENT0015383,ACC0023218,2026-06-03 19:52:17,13763.77,VOICE,2026-05-31 18:45:06
PAYMENT0016643,ACC0017689,2026-06-03 19:53:35,13098.17,FIELD,2026-03-12 05:37:42
PAYMENT0014460,ACC0010214,2026-06-03 20:41:10,83384.42,VOICE,2026-05-31 13:13:22
PAYMENT0008133,ACC0027401,2026-06-03 20:59:20,104708.24,VOICE,2026-05-20 14:19:58
PAYMENT0021387,ACC0004590,2026-06-03 21:39:39,25377.96,WHATSAPP,2026-06-01 12:11:11
PAYMENT0005271,ACC0010122,2026-06-03 22:19:29,31093.86,VOICE,2026-05-20 12:18:18
PAYMENT0019555,ACC0010177,2026-06-03 22:21:39,136849.83,VOICE,2026-05-11 02:41:25
PAYMENT0006766,ACC0007838,2026-06-03 22:29:28,98940.1,WHATSAPP,2026-05-18 06:54:41
PAYMENT0012574,ACC0027815,2026-06-03 22:36:16,98596.0,SMS,2026-05-04 10:51:39
PAYMENT0006091,ACC0009769,2026-06-03 23:07:26,109645.87,VOICE,2026-05-24 17:12:38
PAYMENT0007293,ACC0017340,2026-06-03 23:08:03,92004.77,VOICE,2026-05-20 23:29:33
PAYMENT0014138,ACC0011645,2026-06-03 23:24:39,61329.47,FIELD,2026-01-26 09:42:56
PAYMENT0014779,ACC0014366,2026-06-03 23:56:32,79239.1,VOICE,2026-05-09 10:15:30
PAYMENT0022621,ACC0007506,2026-06-04 00:20:29,53436.56,VOICE,2026-05-12 14:32:10
PAYMENT0023224,ACC0016325,2026-06-04 00:51:40,26602.09,VOICE,2026-04-19 15:31:27
PAYMENT0012800,ACC0027120,2026-06-04 00:52:24,10890.52,VOICE,2026-04-22 06:45:45
PAYMENT0021230,ACC0008326,2026-06-04 01:12:30,140336.67,WHATSAPP,2026-06-02 20:01:35
PAYMENT0006439,ACC0019138,2026-06-04 01:50:04,5968.24,WHATSAPP,2026-05-12 10:56:44
PAYMENT0012723,ACC0025306,2026-06-04 02:18:17,85937.24,VOICE,2026-04-16 17:49:57
PAYMENT0013474,ACC0024417,2026-06-04 02:32:36,78982.8,FIELD,2026-05-04 12:58:08
PAYMENT0003966,ACC0025527,2026-06-04 02:37:35,38211.92,FIELD,2026-03-17 12:59:55
PAYMENT0019943,ACC0028758,2026-06-04 02:51:04,2702.25,FIELD,2026-05-07 10:49:06
PAYMENT0007274,ACC0027763,2026-06-04 03:20:01,113412.69,VOICE,2026-04-21 09:30:27
PAYMENT0002923,ACC0018476,2026-06-04 03:35:52,54147.44,VOICE,2026-05-22 23:46:20
PAYMENT0016422,ACC0024452,2026-06-04 03:40:12,61303.22,VOICE,2026-04-18 00:16:24
PAYMENT0017204,ACC0020721,2026-06-04 04:06:51,105082.12,SMS,2026-05-13 09:44:21
PAYMENT0006146,ACC0009331,2026-06-04 04:35:43,11656.5,SMS,2026-05-15 08:05:17
PAYMENT0015246,ACC0014915,2026-06-04 04:59:01,127319.1,WHATSAPP,2026-05-27 09:33:11
PAYMENT0008384,ACC0029498,2026-06-04 05:42:59,72717.04,WHATSAPP,2026-05-23 12:25:00
PAYMENT0006108,ACC0023480,2026-06-04 05:54:22,17178.06,SMS,2026-05-17 00:14:04
PAYMENT0007253,ACC0017257,2026-06-04 06:19:48,102963.21,WHATSAPP,2026-01-25 10:57:17
PAYMENT0022130,ACC0026190,2026-06-04 07:03:59,101107.7,VOICE,2026-06-04 00:00:52
PAYMENT0000171,ACC0006167,2026-06-04 07:41:11,56437.56,VOICE,2026-04-15 20:09:06
PAYMENT0012163,ACC0001001,2026-06-04 07:44:24,97988.56,WHATSAPP,2026-04-26 13:52:59
PAYMENT0012765,ACC0016233,2026-06-04 08:00:35,120039.35,VOICE,2026-04-22 21:41:45
PAYMENT0010161,ACC0012046,2026-06-04 08:13:09,53866.58,SMS,2026-06-03 13:34:06
PAYMENT0022276,ACC0028734,2026-06-04 08:44:02,71183.3,FIELD,2026-04-10 06:10:44
PAYMENT0021526,ACC0002791,2026-06-04 08:53:16,73341.68,VOICE,2026-05-09 12:37:36
PAYMENT0024614,ACC0013048,2026-06-04 09:06:24,49818.91,FIELD,2026-05-12 04:11:00
PAYMENT0000525,ACC0022214,2026-06-04 10:24:12,123131.22,VOICE,2026-01-24 21:58:51
PAYMENT0018928,ACC0001798,2026-06-04 10:28:59,84112.99,SMS,2026-05-05 17:07:54
PAYMENT0021508,ACC0010784,2026-06-04 10:32:53,103605.65,WHATSAPP,2026-05-11 20:21:15
PAYMENT0015685,ACC0009571,2026-06-04 11:20:02,116476.03,FIELD,2026-04-26 07:35:50
PAYMENT0003210,ACC0004776,2026-06-04 11:23:09,107003.93,WHATSAPP,2026-04-29 00:41:40
PAYMENT0017526,ACC0009951,2026-06-04 12:07:53,22756.7,VOICE,2026-05-15 22:10:03
PAYMENT0018997,ACC0020130,2026-06-04 12:58:05,98787.92,VOICE,2026-04-15 07:51:01
PAYMENT0019502,ACC0025232,2026-06-04 13:06:13,12823.15,WHATSAPP,2026-05-23 10:30:57
PAYMENT0001587,ACC0014734,2026-06-04 13:10:48,47507.66,WHATSAPP,2026-05-27 23:42:48
PAYMENT0022976,ACC0003707,2026-06-04 14:01:34,36569.19,SMS,2026-04-27 08:12:41
PAYMENT0019727,ACC0023663,2026-06-04 14:21:20,115256.18,WHATSAPP,2026-02-20 18:38:20
PAYMENT0014091,ACC0004805,2026-06-04 14:32:57,2555.23,WHATSAPP,2026-06-03 21:15:56
PAYMENT0000696,ACC0029797,2026-06-04 16:39:58,88706.01,WHATSAPP,2026-03-17 10:33:23
PAYMENT0007782,ACC0015091,2026-06-04 17:08:27,94461.75,WHATSAPP,2026-05-19 22:51:26
PAYMENT0003323,ACC0020346,2026-06-04 17:58:57,86300.99,VOICE,2026-05-22 08:29:12
PAYMENT0007781,ACC0008769,2026-06-04 18:01:25,70662.9,WHATSAPP,2026-04-30 21:59:18
PAYMENT0008106,ACC0012274,2026-06-04 19:04:58,106135.25,WHATSAPP,2026-06-02 04:08:54
PAYMENT0005589,ACC0027971,2026-06-04 19:25:42,60306.03,WHATSAPP,2026-06-02 13:40:12
PAYMENT0017994,ACC0016963,2026-06-04 19:30:49,9040.3,VOICE,2026-04-28 07:15:40
PAYMENT0007192,ACC0022036,2026-06-04 19:59:56,16141.27,SMS,2026-05-29 04:31:51
PAYMENT0024904,ACC0021452,2026-06-04 20:23:46,90328.35,WHATSAPP,2026-05-30 03:59:13
PAYMENT0022178,ACC0004836,2026-06-04 21:08:26,60396.64,WHATSAPP,2026-05-22 02:51:33
PAYMENT0013796,ACC0015506,2026-06-04 21:44:14,129073.54,VOICE,2026-04-11 14:50:50
PAYMENT0002991,ACC0024750,2026-06-04 22:12:58,22416.69,VOICE,2026-05-28 23:03:04
PAYMENT0010956,ACC0020586,2026-06-04 22:35:13,72690.96,WHATSAPP,2026-05-02 10:03:32
PAYMENT0007169,ACC0008193,2026-06-04 22:46:07,149019.69,VOICE,2026-05-18 00:26:18
PAYMENT0015365,ACC0012585,2026-06-05 00:45:31,130094.46,FIELD,2026-05-28 02:52:54
PAYMENT0014391,ACC0026958,2026-06-05 01:10:58,34995.31,SMS,2026-04-16 18:05:01
PAYMENT0014008,ACC0024798,2026-06-05 01:27:32,92213.19,VOICE,2026-02-19 02:52:42
PAYMENT0000188,ACC0011143,2026-06-05 02:18:20,102693.66,FIELD,2026-05-30 06:26:12
PAYMENT0007653,ACC0012849,2026-06-05 02:53:02,95994.45,WHATSAPP,2026-04-03 05:05:13
PAYMENT0004411,ACC0000143,2026-06-05 02:55:31,51254.98,SMS,2026-05-27 11:49:15
PAYMENT0011454,ACC0010421,2026-06-05 03:54:12,68233.88,FIELD,2026-05-10 05:11:42
PAYMENT0017161,ACC0010207,2026-06-05 04:27:05,14330.46,SMS,2026-05-22 15:21:43
PAYMENT0007451,ACC0025953,2026-06-05 04:33:50,13597.82,WHATSAPP,2026-05-28 17:54:07
PAYMENT0021534,ACC0014085,2026-06-05 05:04:02,126065.44,WHATSAPP,2026-05-28 00:50:50
PAYMENT0005143,ACC0011376,2026-06-05 05:08:08,7815.84,WHATSAPP,2026-05-18 05:32:48
PAYMENT0004940,ACC0029868,2026-06-05 05:48:00,14111.95,VOICE,2026-05-22 12:17:10
PAYMENT0016908,ACC0018825,2026-06-05 05:53:25,49601.41,SMS,2026-05-16 16:56:20
PAYMENT0022166,ACC0001882,2026-06-05 05:57:20,50958.73,VOICE,2026-05-27 06:03:00
PAYMENT0001149,ACC0006139,2026-06-05 06:45:40,127179.31,VOICE,2026-05-15 22:32:48
PAYMENT0008232,ACC0010860,2026-06-05 07:50:25,22207.62,VOICE,2026-05-29 05:56:00
PAYMENT0022617,ACC0020375,2026-06-05 08:19:04,132554.81,WHATSAPP,2026-05-24 02:19:15
PAYMENT0020292,ACC0006224,2026-06-05 08:25:29,99484.46,FIELD,2026-05-24 15:55:13
PAYMENT0001387,ACC0018044,2026-06-05 08:58:47,117418.15,SMS,2026-04-21 05:42:34
PAYMENT0019916,ACC0013161,2026-06-05 09:31:00,24608.42,SMS,2026-02-19 07:49:10
PAYMENT0005431,ACC0007678,2026-06-05 09:56:15,125035.73,VOICE,2026-05-16 05:23:04
PAYMENT0002167,ACC0029722,2026-06-05 10:12:51,19121.17,FIELD,2026-04-20 06:17:08
PAYMENT0006540,ACC0000074,2026-06-05 10:13:29,112086.4,WHATSAPP,2026-05-19 09:06:53
PAYMENT0003974,ACC0023308,2026-06-05 11:25:24,125353.79,VOICE,2026-04-10 03:28:59
PAYMENT0023104,ACC0023299,2026-06-05 11:39:30,148441.05,SMS,2026-04-10 18:13:56
PAYMENT0018180,ACC0026611,2026-06-05 11:48:46,91614.93,SMS,2026-05-01 20:38:13
PAYMENT0023468,ACC0016518,2026-06-05 12:05:58,114156.47,VOICE,2026-06-03 15:05:34
PAYMENT0003229,ACC0023668,2026-06-05 12:08:31,88921.56,VOICE,2026-04-26 20:11:51
PAYMENT0000548,ACC0012173,2026-06-05 12:18:53,87122.36,VOICE,2026-06-04 02:06:02
PAYMENT0005482,ACC0008677,2026-06-05 12:18:56,99482.14,SMS,2026-04-23 06:04:19
PAYMENT0020276,ACC0027751,2026-06-05 13:19:46,94057.7,WHATSAPP,2026-05-30 04:10:22
PAYMENT0018586,ACC0018545,2026-06-05 13:58:24,103408.98,VOICE,2026-04-08 23:42:21
PAYMENT0011257,ACC0006794,2026-06-05 14:22:26,97406.48,VOICE,2026-05-26 22:57:18
PAYMENT0024668,ACC0003763,2026-06-05 14:28:29,35329.33,SMS,2026-05-28 09:41:58
PAYMENT0008288,ACC0000378,2026-06-05 14:39:08,81891.11,SMS,2026-05-23 03:19:27
PAYMENT0017840,ACC0006253,2026-06-05 15:08:43,130639.48,VOICE,2026-05-11 15:29:23
PAYMENT0009005,ACC0012127,2026-06-05 15:49:36,18660.77,WHATSAPP,2026-04-12 18:46:57
PAYMENT0009688,ACC0028309,2026-06-05 15:50:40,99587.71,VOICE,2026-05-25 09:19:01
PAYMENT0019855,ACC0013144,2026-06-05 15:52:12,117769.69,WHATSAPP,2026-05-30 10:41:21
PAYMENT0013212,ACC0019252,2026-06-05 16:13:56,62966.14,WHATSAPP,2026-05-27 15:15:49
PAYMENT0018658,ACC0015600,2026-06-05 16:29:43,136628.71,WHATSAPP,2026-04-14 05:17:56
PAYMENT0017057,ACC0018236,2026-06-05 16:53:15,22001.65,VOICE,2026-04-10 14:40:31
PAYMENT0012258,ACC0008858,2026-06-05 17:26:52,57622.45,VOICE,2026-05-26 20:27:43
PAYMENT0023615,ACC0001881,2026-06-05 18:13:54,13457.54,WHATSAPP,2026-04-30 20:10:11
PAYMENT0003335,ACC0017069,2026-06-05 18:20:23,31220.94,SMS,2026-05-06 08:59:29
PAYMENT0002244,ACC0006915,2026-06-05 18:53:15,69679.04,WHATSAPP,2026-05-11 11:44:13
PAYMENT0022216,ACC0019948,2026-06-05 20:27:26,107594.98,VOICE,2026-05-23 11:38:26
PAYMENT0019209,ACC0007195,2026-06-05 21:07:57,34189.15,FIELD,2026-05-25 13:50:06
PAYMENT0019509,ACC0014820,2026-06-05 21:50:56,95224.46,VOICE,2026-05-16 18:40:57
PAYMENT0024980,ACC0022871,2026-06-05 21:56:42,57157.44,VOICE,2026-03-07 18:28:07
PAYMENT0009273,ACC0009752,2026-06-05 22:10:37,22328.44,VOICE,2026-05-18 19:56:01
PAYMENT0004350,ACC0021893,2026-06-05 22:28:54,19406.39,FIELD,2026-05-27 10:42:03
PAYMENT0016893,ACC0012742,2026-06-05 23:38:45,86504.92,VOICE,2026-05-29 11:10:39
PAYMENT0005171,ACC0002846,2026-06-05 23:57:21,59196.09,VOICE,2026-05-27 05:33:37
PAYMENT0007206,ACC0004693,2026-06-06 00:01:07,12126.03,VOICE,2026-05-16 12:52:36
PAYMENT0001981,ACC0015770,2026-06-06 02:17:22,41624.64,VOICE,2026-06-01 15:39:41
PAYMENT0018671,ACC0013199,2026-06-06 02:24:27,30278.15,SMS,2026-06-05 23:05:15
PAYMENT0005608,ACC0004044,2026-06-06 03:43:51,137768.34,FIELD,2026-05-16 19:41:50
PAYMENT0003701,ACC0020281,2026-06-06 05:08:07,1339.27,WHATSAPP,2026-05-27 13:34:41
PAYMENT0002909,ACC0022383,2026-06-06 05:27:42,106986.66,SMS,2026-04-09 11:27:23
PAYMENT0016664,ACC0025293,2026-06-06 06:51:40,41119.27,VOICE,2026-05-07 16:49:46
PAYMENT0017005,ACC0012542,2026-06-06 06:54:17,132801.25,VOICE,2026-05-24 00:32:21
PAYMENT0024396,ACC0002864,2026-06-06 07:22:09,45662.78,VOICE,2026-05-27 14:44:31
PAYMENT0011868,ACC0021035,2026-06-06 07:31:39,18869.99,VOICE,2026-05-14 07:30:33
PAYMENT0000535,ACC0015621,2026-06-06 08:08:37,56100.41,SMS,2026-05-07 08:20:21
PAYMENT0017625,ACC0016702,2026-06-06 08:19:23,79175.58,WHATSAPP,2026-04-10 21:35:13
PAYMENT0021990,ACC0013686,2026-06-06 08:27:14,24265.72,VOICE,2026-04-27 22:58:14
PAYMENT0019341,ACC0008248,2026-06-06 08:40:02,37886.6,VOICE,2026-05-17 15:56:47
PAYMENT0024323,ACC0008672,2026-06-06 09:04:43,123705.85,VOICE,2026-05-15 11:01:49
PAYMENT0009462,ACC0002124,2026-06-06 09:33:32,24688.64,VOICE,2026-05-08 19:27:26
PAYMENT0006876,ACC0003928,2026-06-06 10:03:48,32402.67,VOICE,2026-04-22 14:03:03
PAYMENT0004447,ACC0008403,2026-06-06 10:50:10,7928.38,VOICE,2026-04-03 02:25:34
PAYMENT0007441,ACC0010248,2026-06-06 12:19:11,90306.49,SMS,2026-03-11 12:15:44
PAYMENT0006623,ACC0009579,2026-06-06 12:28:06,93470.09,SMS,2026-06-04 05:40:48
PAYMENT0022273,ACC0017404,2026-06-06 12:46:31,11951.29,FIELD,2026-04-17 13:31:18
PAYMENT0024495,ACC0021357,2026-06-06 13:00:35,62476.35,FIELD,2026-04-21 05:12:59
PAYMENT0016792,ACC0026754,2026-06-06 13:12:16,95892.35,VOICE,2026-02-28 20:09:39
PAYMENT0008584,ACC0023132,2026-06-06 14:08:08,57211.17,WHATSAPP,2026-05-11 13:16:29
PAYMENT0015674,ACC0015925,2026-06-06 14:23:34,56939.2,SMS,2026-05-06 07:23:59
PAYMENT0003739,ACC0006189,2026-06-06 14:41:14,84523.38,WHATSAPP,2026-05-15 16:03:25
PAYMENT0007871,ACC0019038,2026-06-06 15:33:16,84864.49,FIELD,2026-03-03 08:10:16
PAYMENT0017887,ACC0026071,2026-06-06 15:45:26,58047.79,VOICE,2026-05-29 01:13:43
PAYMENT0008397,ACC0009454,2026-06-06 16:51:13,24891.41,FIELD,2026-03-23 05:00:05
PAYMENT0012143,ACC0011252,2026-06-06 16:57:39,25967.99,WHATSAPP,2026-04-14 17:43:18
PAYMENT0016180,ACC0008742,2026-06-06 17:15:06,117351.96,VOICE,2026-05-22 08:18:46
PAYMENT0017668,ACC0018987,2026-06-06 18:09:36,19136.85,VOICE,2026-06-02 09:03:36
PAYMENT0015611,ACC0014982,2026-06-06 18:11:29,34858.62,WHATSAPP,2026-05-07 05:20:54
PAYMENT0012391,ACC0025119,2026-06-06 18:12:38,127573.43,VOICE,2026-05-13 08:34:34
PAYMENT0004095,ACC0021840,2026-06-06 18:22:27,139896.63,WHATSAPP,2026-05-30 01:29:16
PAYMENT0008756,ACC0024701,2026-06-06 18:53:14,114975.25,WHATSAPP,2026-04-01 04:14:44
PAYMENT0009580,ACC0027662,2026-06-06 20:05:05,122757.88,SMS,2026-05-18 08:14:08
PAYMENT0018771,ACC0008072,2026-06-06 20:05:38,117372.88,VOICE,2026-05-07 03:46:39
PAYMENT0003176,ACC0010568,2026-06-06 20:10:22,141585.24,WHATSAPP,2026-05-07 05:08:46
PAYMENT0009100,ACC0023363,2026-06-06 21:49:30,13307.12,VOICE,2026-05-09 13:56:29
PAYMENT0019097,ACC0005807,2026-06-06 22:05:14,34563.05,VOICE,2026-04-21 06:56:14
PAYMENT0000401,ACC0008893,2026-06-06 22:10:41,10826.06,VOICE,2026-06-01 05:22:55
PAYMENT0014888,ACC0006462,2026-06-06 22:12:56,19831.91,VOICE,2026-06-05 21:14:54
PAYMENT0023737,ACC0003585,2026-06-06 22:35:23,73556.0,VOICE,2026-05-01 05:08:10
PAYMENT0011854,ACC0028274,2026-06-06 22:59:24,62667.58,SMS,2026-05-10 13:23:55
PAYMENT0024856,ACC0025573,2026-06-06 23:00:05,45615.63,WHATSAPP,2026-06-03 21:44:25
PAYMENT0000680,ACC0016621,2026-06-06 23:12:22,121807.65,VOICE,2026-03-20 20:02:06
PAYMENT0006013,ACC0002884,2026-06-06 23:27:03,142420.88,VOICE,2026-06-02 00:44:40
PAYMENT0008150,ACC0010481,2026-06-06 23:46:27,124213.63,FIELD,2026-06-06 07:39:15
PAYMENT0022990,ACC0017796,2026-06-07 00:01:53,97084.69,WHATSAPP,2026-04-08 00:26:40
PAYMENT0005465,ACC0001700,2026-06-07 00:05:38,88212.12,VOICE,2026-05-31 06:32:40
PAYMENT0013643,ACC0005538,2026-06-07 00:35:13,75903.56,WHATSAPP,2026-05-16 12:03:29
PAYMENT0022881,ACC0023074,2026-06-07 00:45:16,36654.14,VOICE,2026-05-02 21:38:26
PAYMENT0009551,ACC0001687,2026-06-07 01:17:10,30310.92,SMS,2026-05-04 23:44:11
PAYMENT0014862,ACC0005025,2026-06-07 02:34:34,23367.82,WHATSAPP,2026-05-01 02:18:08
PAYMENT0016042,ACC0015604,2026-06-07 03:08:12,134474.8,VOICE,2026-06-05 06:19:35
PAYMENT0021296,ACC0021791,2026-06-07 04:07:17,38843.6,VOICE,2026-03-22 20:56:31
PAYMENT0007947,ACC0015082,2026-06-07 04:19:13,104952.12,VOICE,2026-05-18 09:09:36
PAYMENT0008861,ACC0029155,2026-06-07 04:39:20,10539.84,SMS,2026-06-04 06:59:10
PAYMENT0010642,ACC0017803,2026-06-07 04:43:03,41449.1,VOICE,2026-05-18 16:00:51
PAYMENT0007048,ACC0003974,2026-06-07 05:03:42,138735.52,VOICE,2026-05-17 12:59:51
PAYMENT0005125,ACC0017664,2026-06-07 06:22:13,74744.57,VOICE,2026-05-10 00:12:06
PAYMENT0015014,ACC0021430,2026-06-07 06:48:45,55749.2,VOICE,2026-06-05 17:26:32
PAYMENT0014943,ACC0022453,2026-06-07 07:22:31,124528.79,SMS,2026-04-27 07:30:18
PAYMENT0002982,ACC0024631,2026-06-07 07:36:22,90503.62,FIELD,2026-05-10 03:29:31
PAYMENT0010394,ACC0020159,2026-06-07 09:36:06,27879.86,VOICE,2026-05-15 04:55:37
PAYMENT0009289,ACC0017489,2026-06-07 09:44:35,84571.86,VOICE,2026-06-04 23:05:29
PAYMENT0013526,ACC0023587,2026-06-07 09:52:17,119515.14,FIELD,2026-05-30 16:52:35
PAYMENT0015546,ACC0024515,2026-06-07 10:19:50,68263.08,VOICE,2026-06-07 01:52:37
PAYMENT0009188,ACC0018057,2026-06-07 10:41:36,127127.45,FIELD,2026-05-05 17:48:00
PAYMENT0016320,ACC0021816,2026-06-07 12:13:52,44266.94,VOICE,2026-05-27 22:48:05
PAYMENT0020718,ACC0009527,2026-06-07 12:37:54,10081.8,WHATSAPP,2026-04-27 01:03:48
PAYMENT0007989,ACC0004303,2026-06-07 12:41:19,99027.72,SMS,2026-05-25 23:38:19
PAYMENT0012865,ACC0029690,2026-06-07 12:42:34,56301.21,WHATSAPP,2026-05-20 08:39:15
PAYMENT0006689,ACC0017257,2026-06-07 13:15:55,4530.15,WHATSAPP,2026-01-25 10:57:17
PAYMENT0016367,ACC0024689,2026-06-07 13:24:41,12916.43,SMS,2026-04-19 04:40:54
PAYMENT0023197,ACC0023072,2026-06-07 13:34:08,114592.11,FIELD,2026-05-22 07:34:48
PAYMENT0013208,ACC0004635,2026-06-07 14:00:10,112118.62,VOICE,2026-05-17 01:19:43
PAYMENT0000581,ACC0007114,2026-06-07 14:05:45,148578.62,VOICE,2026-06-06 06:15:45
PAYMENT0009425,ACC0017759,2026-06-07 14:08:54,130176.19,VOICE,2026-05-04 05:39:12
PAYMENT0006500,ACC0027535,2026-06-07 14:30:48,140487.43,SMS,2026-05-21 18:51:23
PAYMENT0005892,ACC0014331,2026-06-07 14:46:44,44597.93,FIELD,2026-05-22 21:12:03
PAYMENT0012996,ACC0008844,2026-06-07 15:06:21,115913.62,VOICE,2026-05-07 10:38:14
PAYMENT0002790,ACC0006934,2026-06-07 15:15:53,8617.13,WHATSAPP,2026-05-23 07:49:57
PAYMENT0003917,ACC0001638,2026-06-07 15:17:43,22136.19,WHATSAPP,2026-06-04 12:20:40
PAYMENT0015061,ACC0027052,2026-06-07 15:21:59,57609.79,SMS,2026-06-03 16:56:24
PAYMENT0018654,ACC0025907,2026-06-07 15:22:01,118897.73,WHATSAPP,2026-05-06 18:49:18
PAYMENT0019822,ACC0020246,2026-06-07 16:03:25,70219.58,WHATSAPP,2026-05-21 15:44:18
PAYMENT0014938,ACC0002845,2026-06-07 17:40:41,140658.53,VOICE,2026-04-06 19:29:11
PAYMENT0010694,ACC0016181,2026-06-07 18:18:26,60586.17,WHATSAPP,2026-05-27 22:30:14
PAYMENT0012233,ACC0004069,2026-06-07 19:24:28,80576.42,VOICE,2026-04-30 01:17:12
PAYMENT0019818,ACC0019287,2026-06-07 19:53:47,114937.04,SMS,2026-01-24 18:42:43
PAYMENT0013505,ACC0019716,2026-06-07 20:07:41,65875.71,WHATSAPP,2026-04-30 14:24:25
PAYMENT0022929,ACC0003848,2026-06-07 21:09:39,112514.34,VOICE,2026-05-26 07:32:39
PAYMENT0024230,ACC0018368,2026-06-07 21:16:53,32763.55,VOICE,2026-06-06 11:51:11
PAYMENT0006935,ACC0026317,2026-06-07 21:25:32,68225.14,VOICE,2026-05-26 11:25:09
PAYMENT0024532,ACC0019015,2026-06-07 22:12:35,1998.24,VOICE,2026-05-14 03:08:04
PAYMENT0011119,ACC0023883,2026-06-07 22:18:12,96589.06,VOICE,2026-06-04 04:03:19
PAYMENT0017390,ACC0000529,2026-06-07 22:55:12,63913.65,FIELD,2026-04-01 04:33:01
PAYMENT0018378,ACC0020971,2026-06-07 23:49:00,81519.99,VOICE,2026-05-28 05:17:02
PAYMENT0002311,ACC0028210,2026-06-07 23:55:52,9040.56,VOICE,2026-04-04 07:08:31
PAYMENT0007348,ACC0020778,2026-06-08 00:50:41,8699.12,VOICE,2026-03-17 00:46:55
PAYMENT0015287,ACC0021506,2026-06-08 01:05:22,72206.12,SMS,2026-03-22 22:47:36
PAYMENT0005186,ACC0001805,2026-06-08 01:43:47,135828.2,VOICE,2026-06-03 21:14:06
PAYMENT0006282,ACC0021028,2026-06-08 01:52:10,114012.62,WHATSAPP,2026-05-06 06:50:22
PAYMENT0024347,ACC0005364,2026-06-08 02:27:03,15024.45,WHATSAPP,2026-05-02 04:13:11
PAYMENT0007591,ACC0000926,2026-06-08 03:01:01,130047.16,VOICE,2026-05-17 02:32:03
PAYMENT0017410,ACC0029149,2026-06-08 03:12:18,77174.85,VOICE,2026-03-31 06:51:35
PAYMENT0024888,ACC0011313,2026-06-08 03:12:19,11811.19,VOICE,2026-05-26 16:33:54
PAYMENT0005662,ACC0010069,2026-06-08 03:32:12,75429.9,SMS,2026-05-14 17:31:02
PAYMENT0024664,ACC0025661,2026-06-08 03:41:35,149372.43,WHATSAPP,2026-05-13 14:53:36
PAYMENT0011820,ACC0029451,2026-06-08 04:00:35,43149.78,SMS,2026-06-01 13:07:16
PAYMENT0015051,ACC0016545,2026-06-08 04:10:38,37809.91,WHATSAPP,2026-06-07 20:33:14
PAYMENT0008930,ACC0028189,2026-06-08 04:51:53,36028.69,SMS,2026-03-20 12:17:27
PAYMENT0000638,ACC0027446,2026-06-08 05:57:52,124159.84,VOICE,2026-05-29 09:00:55
PAYMENT0008478,ACC0013575,2026-06-08 06:47:18,23456.94,SMS,2026-05-14 08:54:25
PAYMENT0007409,ACC0013914,2026-06-08 07:21:39,22645.63,VOICE,2026-03-26 16:21:32
PAYMENT0004357,ACC0021352,2026-06-08 07:31:55,110425.29,WHATSAPP,2026-05-29 14:53:29
PAYMENT0002325,ACC0006306,2026-06-08 08:03:20,148143.92,WHATSAPP,2026-04-15 05:59:19
PAYMENT0024161,ACC0020395,2026-06-08 08:11:53,33146.97,VOICE,2026-05-20 07:24:53
PAYMENT0006473,ACC0010867,2026-06-08 08:11:58,45378.38,WHATSAPP,2026-05-12 03:22:48
PAYMENT0007453,ACC0013271,2026-06-08 08:29:51,13299.11,VOICE,2026-06-07 10:47:20
PAYMENT0004849,ACC0008120,2026-06-08 09:07:11,115123.08,VOICE,2026-06-08 06:58:13
PAYMENT0022263,ACC0008326,2026-06-08 09:44:45,78001.29,WHATSAPP,2026-06-02 20:01:35
PAYMENT0008917,ACC0005200,2026-06-08 11:17:47,146110.68,VOICE,2026-03-15 19:27:02
PAYMENT0001395,ACC0023153,2026-06-08 11:22:18,121995.54,WHATSAPP,2026-06-06 14:18:47
PAYMENT0010773,ACC0010645,2026-06-08 11:23:15,86995.43,WHATSAPP,2026-05-25 18:40:39
PAYMENT0015357,ACC0003757,2026-06-08 11:32:50,88034.91,VOICE,2026-05-20 09:06:40
PAYMENT0011240,ACC0029300,2026-06-08 11:51:50,146683.84,WHATSAPP,2026-05-29 08:15:52
PAYMENT0019058,ACC0012551,2026-06-08 12:11:54,105248.47,,
PAYMENT0024957,ACC0028021,2026-06-08 12:31:55,26104.51,SMS,2026-03-22 07:53:43
PAYMENT0013717,ACC0005156,2026-06-08 12:40:01,113099.5,WHATSAPP,2026-04-26 16:37:29
PAYMENT0012049,ACC0013798,2026-06-08 12:53:46,146993.6,SMS,2026-05-16 12:21:41
PAYMENT0006423,ACC0003476,2026-06-08 13:33:07,48237.13,WHATSAPP,2026-05-14 02:48:01
PAYMENT0011788,ACC0006232,2026-06-08 13:37:01,48741.33,WHATSAPP,2026-05-08 02:05:11
PAYMENT0022950,ACC0002261,2026-06-08 13:39:05,90379.27,SMS,2026-03-03 21:22:59
PAYMENT0007450,ACC0010120,2026-06-08 13:49:58,4331.52,WHATSAPP,2026-05-18 18:18:15
PAYMENT0015568,ACC0008230,2026-06-08 14:32:25,29655.07,VOICE,2026-04-09 00:23:39
PAYMENT0008216,ACC0005243,2026-06-08 14:52:26,138738.04,WHATSAPP,2026-04-08 01:39:27
PAYMENT0007107,ACC0015680,2026-06-08 15:03:46,124312.53,VOICE,2026-06-01 01:54:01
PAYMENT0006606,ACC0011718,2026-06-08 16:03:51,106427.97,WHATSAPP,2026-03-18 03:01:02
PAYMENT0016255,ACC0029845,2026-06-08 16:10:45,26113.68,SMS,2026-06-04 10:04:28
PAYMENT0010731,ACC0012380,2026-06-08 16:16:09,2937.22,SMS,2026-05-02 17:53:07
PAYMENT0019377,ACC0003412,2026-06-08 16:20:57,11415.57,WHATSAPP,2026-05-25 12:01:08
PAYMENT0002434,ACC0026783,2026-06-08 17:08:23,116123.56,WHATSAPP,2026-04-26 19:35:03
PAYMENT0000329,ACC0020664,2026-06-08 17:36:45,59940.98,WHATSAPP,2026-06-04 00:27:00
PAYMENT0003865,ACC0018443,2026-06-08 17:38:22,58025.41,VOICE,2026-04-14 18:54:28
PAYMENT0009003,ACC0018220,2026-06-08 17:49:34,20789.04,SMS,2026-05-25 13:47:39
PAYMENT0014895,ACC0008137,2026-06-08 18:12:41,102582.8,VOICE,2026-05-14 04:46:24
PAYMENT0024391,ACC0014242,2026-06-08 18:25:13,4524.35,SMS,2026-05-27 00:44:35
PAYMENT0003778,ACC0016354,2026-06-08 19:09:21,75125.06,VOICE,2026-05-11 06:41:34
PAYMENT0001251,ACC0019715,2026-06-08 19:12:54,8327.93,VOICE,2026-05-27 06:34:33
PAYMENT0008030,ACC0006716,2026-06-08 19:34:10,42455.86,FIELD,2026-06-04 11:54:10
PAYMENT0012530,ACC0007538,2026-06-08 19:54:47,60680.42,WHATSAPP,2026-03-18 22:20:24
PAYMENT0017393,ACC0008217,2026-06-08 20:17:03,46501.22,VOICE,2026-06-06 05:40:55
PAYMENT0020737,ACC0015392,2026-06-08 20:17:27,59505.51,SMS,2026-05-11 09:33:37
PAYMENT0017164,ACC0010485,2026-06-08 20:20:31,105075.51,SMS,2026-04-28 01:10:24
PAYMENT0001415,ACC0013759,2026-06-08 20:21:32,30738.49,WHATSAPP,2026-05-29 13:31:17
PAYMENT0006380,ACC0026665,2026-06-08 20:33:33,131060.98,WHATSAPP,2026-03-31 03:04:46
PAYMENT0000870,ACC0011988,2026-06-08 20:42:11,136002.89,VOICE,2026-05-30 20:20:38
PAYMENT0011500,ACC0001885,2026-06-08 20:47:44,56055.6,VOICE,2026-05-31 16:58:02
PAYMENT0022826,ACC0006838,2026-06-08 20:53:06,102068.69,WHATSAPP,2026-05-04 07:00:05
PAYMENT0010198,ACC0029511,2026-06-08 21:01:37,82733.63,SMS,2026-05-01 05:41:19
PAYMENT0004948,ACC0026438,2026-06-08 21:04:35,77833.15,WHATSAPP,2026-02-18 17:33:49
PAYMENT0016544,ACC0017959,2026-06-08 21:07:34,121629.98,VOICE,2026-05-25 02:08:11
PAYMENT0015989,ACC0012071,2026-06-08 21:36:22,113846.87,SMS,2026-02-23 09:40:40
PAYMENT0002409,ACC0020983,2026-06-08 21:44:36,105974.88,WHATSAPP,2026-04-26 22:07:16
PAYMENT0001487,ACC0020789,2026-06-08 21:52:19,67045.26,VOICE,2026-05-03 06:51:50
PAYMENT0013828,ACC0011836,2026-06-08 22:33:00,84089.59,SMS,2026-05-16 23:07:23
PAYMENT0015744,ACC0003560,2026-06-08 22:47:09,29634.31,WHATSAPP,2026-05-13 18:10:36
PAYMENT0004292,ACC0027618,2026-06-08 23:02:07,6806.65,SMS,2026-04-30 12:34:24
PAYMENT0004182,ACC0000029,2026-06-08 23:26:13,54002.91,FIELD,2026-04-23 14:21:02
PAYMENT0003618,ACC0011629,2026-06-09 02:43:51,75502.61,WHATSAPP,2026-04-22 21:08:58
PAYMENT0024934,ACC0025967,2026-06-09 02:48:22,122874.74,WHATSAPP,2026-06-02 02:39:52
PAYMENT0013332,ACC0021141,2026-06-09 02:48:42,35658.82,SMS,2026-06-04 15:11:07
PAYMENT0005454,ACC0010137,2026-06-09 02:57:12,113639.44,VOICE,2026-06-03 20:07:16
PAYMENT0022314,ACC0023812,2026-06-09 03:27:19,38495.09,WHATSAPP,2026-06-02 23:40:27
PAYMENT0001397,ACC0021007,2026-06-09 03:30:21,84724.6,SMS,2026-05-12 19:58:42
PAYMENT0000848,ACC0004469,2026-06-09 04:02:25,144891.75,VOICE,2026-05-12 12:13:43
PAYMENT0013435,ACC0012043,2026-06-09 04:03:55,80966.72,WHATSAPP,2026-06-07 20:33:06
PAYMENT0003757,ACC0004732,2026-06-09 04:26:08,139744.19,WHATSAPP,2026-05-23 00:55:55
PAYMENT0018962,ACC0027352,2026-06-09 04:26:10,143799.49,VOICE,2026-06-02 13:06:36
PAYMENT0005562,ACC0009013,2026-06-09 04:27:14,132380.92,WHATSAPP,2026-03-30 14:12:48
PAYMENT0016638,ACC0020169,2026-06-09 04:44:41,83725.75,VOICE,2026-05-19 04:31:20
PAYMENT0021718,ACC0002516,2026-06-09 04:47:47,85703.88,VOICE,2026-05-17 14:25:29
PAYMENT0004235,ACC0029006,2026-06-09 05:24:13,96152.35,SMS,2026-05-26 09:54:44
PAYMENT0010475,ACC0008788,2026-06-09 05:35:35,94732.8,WHATSAPP,2026-05-26 18:38:52
PAYMENT0013788,ACC0019429,2026-06-09 06:39:18,127982.15,WHATSAPP,2026-04-20 21:52:37
PAYMENT0023569,ACC0024115,2026-06-09 06:50:36,38459.6,VOICE,2026-05-22 00:10:49
PAYMENT0001591,ACC0005576,2026-06-09 06:53:22,34122.6,VOICE,2026-05-15 02:23:52
PAYMENT0022687,ACC0026106,2026-06-09 07:02:05,56095.65,WHATSAPP,2026-04-30 07:06:48
PAYMENT0020736,ACC0016833,2026-06-09 07:03:45,80477.24,VOICE,2026-05-19 10:57:42
PAYMENT0022146,ACC0017913,2026-06-09 07:51:48,5170.31,VOICE,2026-05-14 19:18:16
PAYMENT0002346,ACC0018010,2026-06-09 08:01:55,157.9,SMS,2026-06-08 06:22:05
PAYMENT0019936,ACC0001716,2026-06-09 08:17:01,23490.51,WHATSAPP,2026-06-08 09:30:02
PAYMENT0000108,ACC0017047,2026-06-09 08:17:45,102830.42,SMS,2026-05-28 09:00:38
PAYMENT0010193,ACC0009451,2026-06-09 08:22:25,76392.07,WHATSAPP,2026-06-03 01:08:37
PAYMENT0023508,ACC0015327,2026-06-09 09:09:03,80895.78,WHATSAPP,2026-05-05 12:22:21
PAYMENT0001075,ACC0024717,2026-06-09 09:44:47,132987.1,WHATSAPP,2026-05-21 04:30:34
PAYMENT0019254,ACC0021874,2026-06-09 09:58:29,2530.97,VOICE,2026-05-30 04:42:11
PAYMENT0012446,ACC0003910,2026-06-09 11:35:03,133757.22,WHATSAPP,2026-04-15 15:36:05
PAYMENT0020339,ACC0001541,2026-06-09 11:40:59,21625.4,VOICE,2026-05-29 06:26:29
PAYMENT0015148,ACC0013439,2026-06-09 11:44:08,103388.66,SMS,2026-01-21 07:48:04
PAYMENT0001271,ACC0011904,2026-06-09 12:14:26,130180.66,SMS,2026-06-07 08:35:54
PAYMENT0019609,ACC0013009,2026-06-09 12:18:39,7549.26,FIELD,2026-03-14 22:24:51
PAYMENT0020062,ACC0023519,2026-06-09 13:17:47,140570.37,WHATSAPP,2026-05-21 07:36:27
PAYMENT0015614,ACC0012790,2026-06-09 13:41:01,27200.76,WHATSAPP,2026-05-23 16:23:21
PAYMENT0020168,ACC0009667,2026-06-09 14:11:15,114024.8,VOICE,2026-04-22 13:10:42
PAYMENT0000317,ACC0009996,2026-06-09 14:53:45,77089.94,VOICE,2026-06-02 06:50:06
PAYMENT0020777,ACC0003501,2026-06-09 15:17:06,134855.65,VOICE,2026-03-13 07:06:10
PAYMENT0002295,ACC0007160,2026-06-09 16:38:03,99942.62,WHATSAPP,2026-05-18 20:32:10
PAYMENT0016282,ACC0027992,2026-06-09 16:59:56,79537.85,VOICE,2026-05-24 21:48:45
PAYMENT0024168,ACC0014328,2026-06-09 17:17:48,18633.51,SMS,2026-05-09 01:55:32
PAYMENT0013923,ACC0008867,2026-06-09 17:27:05,18015.01,VOICE,2026-05-04 21:46:24
PAYMENT0017647,ACC0016806,2026-06-09 17:48:33,105496.91,WHATSAPP,2026-05-30 23:24:05
PAYMENT0019915,ACC0003332,2026-06-09 17:51:40,8417.4,SMS,2026-04-12 03:50:10
PAYMENT0016451,ACC0009842,2026-06-09 18:18:49,119083.04,WHATSAPP,2026-04-10 05:17:54
PAYMENT0023867,ACC0006466,2026-06-09 18:36:55,30200.08,WHATSAPP,2026-05-28 06:47:48
PAYMENT0015330,ACC0019880,2026-06-09 18:38:14,75057.69,SMS,2026-05-06 12:48:02
PAYMENT0014171,ACC0025055,2026-06-09 19:01:08,92913.09,SMS,2026-05-17 00:14:19
PAYMENT0014259,ACC0026281,2026-06-09 19:05:36,139308.04,WHATSAPP,2026-05-28 08:20:04
PAYMENT0001115,ACC0003001,2026-06-09 19:08:45,54522.16,VOICE,2026-05-22 03:31:12
PAYMENT0011905,ACC0009909,2026-06-09 19:25:45,18708.29,WHATSAPP,2026-05-19 14:39:58
PAYMENT0002914,ACC0017512,2026-06-09 19:28:50,127057.21,VOICE,2026-02-25 00:55:55
PAYMENT0006548,ACC0019138,2026-06-09 20:17:54,6825.83,SMS,2026-06-08 22:07:57
PAYMENT0021366,ACC0013481,2026-06-09 20:28:30,125765.28,SMS,2026-05-23 06:14:33
PAYMENT0024176,ACC0022263,2026-06-09 21:06:28,22737.54,VOICE,2026-05-22 06:31:02
PAYMENT0007856,ACC0019859,2026-06-09 21:22:59,87992.6,VOICE,2026-06-06 23:20:31
PAYMENT0013857,ACC0004331,2026-06-09 22:01:12,112115.98,FIELD,2026-05-28 10:52:13
PAYMENT0007247,ACC0006262,2026-06-09 22:47:50,35489.35,VOICE,2026-05-23 19:00:29
PAYMENT0006605,ACC0006015,2026-06-09 22:50:54,42382.2,WHATSAPP,2026-05-18 13:10:08
PAYMENT0018533,ACC0002687,2026-06-10 01:03:37,123880.55,VOICE,2026-05-15 11:06:42
PAYMENT0017960,ACC0010137,2026-06-10 01:34:43,48096.11,VOICE,2026-06-03 20:07:16
PAYMENT0022761,ACC0009922,2026-06-10 01:48:07,5519.07,VOICE,2026-04-24 03:51:29
PAYMENT0015552,ACC0017529,2026-06-10 03:15:54,75902.74,SMS,2026-06-05 14:01:23
PAYMENT0016294,ACC0010282,2026-06-10 04:02:35,31115.99,WHATSAPP,2026-04-08 08:29:18
PAYMENT0001131,ACC0024035,2026-06-10 04:12:18,112924.28,VOICE,2026-06-04 00:36:38
PAYMENT0013537,ACC0004685,2026-06-10 04:12:18,109566.67,VOICE,2026-05-27 06:16:26
PAYMENT0011747,ACC0029512,2026-06-10 04:19:44,76360.06,VOICE,2026-05-22 16:00:22
PAYMENT0019787,ACC0023594,2026-06-10 04:42:19,15214.8,VOICE,2026-05-17 04:25:59
PAYMENT0019736,ACC0001629,2026-06-10 05:08:22,123648.09,SMS,2026-05-02 21:02:20
PAYMENT0023165,ACC0027483,2026-06-10 05:14:04,78042.48,VOICE,2026-06-07 16:39:51
PAYMENT0016647,ACC0010806,2026-06-10 05:17:47,31434.58,FIELD,2026-05-22 11:12:45
PAYMENT0003709,ACC0018273,2026-06-10 06:47:47,56501.55,SMS,2026-05-20 12:01:55
PAYMENT0024899,ACC0015236,2026-06-10 06:55:30,126115.77,VOICE,2026-04-22 18:30:48
PAYMENT0007074,ACC0019964,2026-06-10 07:00:21,52077.49,VOICE,2026-05-14 22:04:17
PAYMENT0023274,ACC0010257,2026-06-10 07:08:08,95448.48,WHATSAPP,2026-04-12 02:24:41
PAYMENT0000445,ACC0006873,2026-06-10 08:01:17,112943.29,VOICE,2026-06-04 01:38:14
PAYMENT0021765,ACC0024929,2026-06-10 08:17:18,143647.27,SMS,2026-05-30 19:02:47
PAYMENT0019041,ACC0012871,2026-06-10 11:50:17,30715.18,VOICE,2026-05-26 15:09:57
PAYMENT0009665,ACC0015129,2026-06-10 12:12:34,139212.77,VOICE,2026-05-03 06:34:11
PAYMENT0012839,ACC0028698,2026-06-10 13:04:14,75378.27,FIELD,2026-05-17 02:25:02
PAYMENT0022605,ACC0003740,2026-06-10 13:23:31,26797.64,VOICE,2026-05-26 19:33:45
PAYMENT0010350,ACC0005680,2026-06-10 13:26:07,8712.73,VOICE,2026-02-27 04:22:51
PAYMENT0007920,ACC0022774,2026-06-10 13:48:43,146292.72,FIELD,2026-06-06 19:51:21
PAYMENT0003614,ACC0024694,2026-06-10 15:06:28,23047.63,VOICE,2026-05-30 06:40:38
PAYMENT0018075,ACC0005294,2026-06-10 15:30:28,19981.07,VOICE,2026-06-02 14:08:47
PAYMENT0009400,ACC0026297,2026-06-10 16:02:21,36361.84,SMS,2026-05-22 08:34:48
PAYMENT0008349,ACC0006421,2026-06-10 16:30:05,19175.51,WHATSAPP,2026-02-19 04:56:56
PAYMENT0024103,ACC0021046,2026-06-10 16:32:43,88662.94,WHATSAPP,2026-05-19 16:27:40
PAYMENT0021729,ACC0025821,2026-06-10 17:09:16,68751.93,SMS,2026-05-10 18:32:45
PAYMENT0020957,ACC0023527,2026-06-10 18:48:29,31310.2,VOICE,2026-04-11 21:16:18
PAYMENT0011548,ACC0004143,2026-06-10 19:12:09,131888.54,SMS,2026-05-08 08:41:22
PAYMENT0021135,ACC0015781,2026-06-10 19:13:50,106302.42,WHATSAPP,2026-04-23 22:11:43
PAYMENT0024346,ACC0010618,2026-06-10 20:13:33,51468.28,VOICE,2026-06-06 23:05:58
PAYMENT0024960,ACC0006259,2026-06-10 23:27:32,83571.78,VOICE,2026-04-29 04:27:30
PAYMENT0015665,ACC0007192,2026-06-10 23:52:12,114314.29,WHATSAPP,2026-06-03 00:57:05
PAYMENT0011955,ACC0026463,2026-06-11 00:15:06,123518.07,VOICE,2026-05-15 03:49:33
PAYMENT0011031,ACC0020205,2026-06-11 00:27:41,83388.07,SMS,2026-05-31 10:35:27
PAYMENT0010941,ACC0011951,2026-06-11 00:33:07,44666.92,VOICE,2026-05-06 20:48:30
PAYMENT0007456,ACC0009292,2026-06-11 00:34:58,78847.49,WHATSAPP,2026-05-29 22:05:07
PAYMENT0015475,ACC0009453,2026-06-11 01:04:45,86280.17,FIELD,2026-05-08 16:10:33
PAYMENT0001156,ACC0028146,2026-06-11 01:17:28,49765.73,WHATSAPP,2026-02-19 22:11:55
PAYMENT0002749,ACC0025676,2026-06-11 01:37:58,26407.67,VOICE,2026-06-02 02:39:14
PAYMENT0017006,ACC0010206,2026-06-11 01:44:20,14182.09,WHATSAPP,2026-05-21 17:25:44
PAYMENT0000042,ACC0009797,2026-06-11 02:06:40,18096.51,VOICE,2026-05-08 08:12:32
PAYMENT0010341,ACC0027494,2026-06-11 03:12:24,75431.18,VOICE,2026-05-16 10:24:12
PAYMENT0013820,ACC0007224,2026-06-11 03:21:57,87130.35,WHATSAPP,2026-05-31 14:26:45
PAYMENT0001407,ACC0017265,2026-06-11 03:25:16,22413.61,SMS,2026-04-02 02:40:25
PAYMENT0018572,ACC0027793,2026-06-11 04:12:22,138975.6,WHATSAPP,2026-06-08 00:35:38
PAYMENT0013072,ACC0021981,2026-06-11 04:16:39,41459.39,VOICE,2026-05-26 23:08:49
PAYMENT0010625,ACC0022451,2026-06-11 04:22:47,134020.03,WHATSAPP,2026-03-04 14:34:28
PAYMENT0023993,ACC0006659,2026-06-11 04:29:39,103405.53,FIELD,2026-06-09 09:33:24
PAYMENT0011039,ACC0010886,2026-06-11 04:45:15,87426.31,VOICE,2026-06-06 06:35:12
PAYMENT0013109,ACC0016815,2026-06-11 05:13:32,67770.55,VOICE,2026-05-01 11:13:59
PAYMENT0011931,ACC0002586,2026-06-11 05:25:12,91965.04,VOICE,2026-05-27 02:24:31
PAYMENT0007841,ACC0006013,2026-06-11 06:22:48,31092.81,WHATSAPP,2026-05-24 15:58:26
PAYMENT0006988,ACC0023311,2026-06-11 06:24:23,38994.39,VOICE,2026-04-25 09:21:27
PAYMENT0023504,ACC0006781,2026-06-11 07:23:44,134238.38,VOICE,2026-06-02 23:07:13
PAYMENT0023742,ACC0008537,2026-06-11 07:54:16,113416.39,WHATSAPP,2026-06-08 13:14:24
PAYMENT0024115,ACC0029327,2026-06-11 07:54:34,57875.49,VOICE,2026-04-11 03:10:29
PAYMENT0003989,ACC0006508,2026-06-11 08:21:51,48989.15,SMS,2026-05-29 18:15:49
PAYMENT0001102,ACC0018728,2026-06-11 08:26:29,55485.79,WHATSAPP,2026-05-23 21:37:05
PAYMENT0021602,ACC0023189,2026-06-11 08:36:07,42873.22,WHATSAPP,2026-04-05 11:43:51
PAYMENT0009135,ACC0020299,2026-06-11 09:22:05,68822.69,VOICE,2026-05-21 22:03:17
PAYMENT0008651,ACC0000669,2026-06-11 09:27:16,148248.9,FIELD,2026-06-06 08:40:59
PAYMENT0002384,ACC0011075,2026-06-11 09:39:09,48575.01,VOICE,2026-05-21 12:41:42
PAYMENT0013847,ACC0008943,2026-06-11 09:57:36,109949.3,SMS,2026-06-02 19:21:57
PAYMENT0013429,ACC0023264,2026-06-11 10:52:00,67895.39,VOICE,2026-04-24 10:45:15
PAYMENT0000540,ACC0028470,2026-06-11 11:25:18,89925.12,WHATSAPP,2026-06-04 14:55:21
PAYMENT0020020,ACC0001652,2026-06-11 12:03:47,84293.01,VOICE,2026-04-28 09:20:02
PAYMENT0014963,ACC0001960,2026-06-11 12:26:43,115790.46,VOICE,2026-05-22 10:28:55
PAYMENT0024202,ACC0005994,2026-06-11 12:39:17,9438.95,VOICE,2026-06-01 15:01:19
PAYMENT0024916,ACC0007189,2026-06-11 12:53:57,125619.66,SMS,2026-03-27 07:33:23
PAYMENT0003557,ACC0001491,2026-06-11 12:55:23,143178.31,VOICE,2026-04-17 13:56:50
PAYMENT0019845,ACC0027389,2026-06-11 13:37:53,86967.67,VOICE,2026-05-29 21:17:31
PAYMENT0009535,ACC0013631,2026-06-11 14:09:10,72836.84,VOICE,2026-05-09 00:38:52
PAYMENT0014466,ACC0014155,2026-06-11 14:59:09,51173.25,VOICE,2026-06-01 10:31:11
PAYMENT0009654,ACC0001646,2026-06-11 15:53:15,121226.94,VOICE,2026-05-29 21:00:02
PAYMENT0006846,ACC0016550,2026-06-11 17:02:14,39545.24,FIELD,2026-05-23 23:42:20
PAYMENT0004571,ACC0011980,2026-06-11 17:20:46,80274.38,VOICE,2026-06-08 06:00:55
PAYMENT0021512,ACC0008108,2026-06-11 17:50:30,37798.41,VOICE,2026-05-16 09:29:23
PAYMENT0016667,ACC0018650,2026-06-11 18:37:01,32311.17,SMS,2026-05-15 00:46:04
PAYMENT0000485,ACC0006915,2026-06-11 18:58:14,103080.53,WHATSAPP,2026-05-11 11:44:13
PAYMENT0003213,ACC0022832,2026-06-11 19:10:40,125330.04,WHATSAPP,2026-04-17 03:58:18
PAYMENT0000971,ACC0022667,2026-06-11 19:45:55,63857.87,WHATSAPP,2026-05-18 23:59:20
PAYMENT0023133,ACC0000871,2026-06-11 20:09:23,42857.44,VOICE,2026-03-31 06:34:29
PAYMENT0013810,ACC0029698,2026-06-11 20:22:27,110969.76,VOICE,2026-06-04 01:00:54
PAYMENT0004367,ACC0001835,2026-06-11 20:45:39,110489.45,FIELD,2026-06-04 00:12:58
PAYMENT0024023,ACC0020336,2026-06-11 21:16:40,41086.52,WHATSAPP,2026-06-11 07:59:29
PAYMENT0016720,ACC0003847,2026-06-11 21:50:21,136272.48,WHATSAPP,2026-06-11 10:48:52
PAYMENT0024300,ACC0001475,2026-06-11 22:09:08,56066.1,VOICE,2026-03-18 01:14:53
PAYMENT0019703,ACC0014471,2026-06-11 22:26:59,7206.1,VOICE,2026-05-28 22:57:11
PAYMENT0019695,ACC0002949,2026-06-11 22:27:13,141363.83,SMS,2026-06-04 15:03:11
PAYMENT0008224,ACC0014249,2026-06-11 22:30:14,29445.63,VOICE,2026-05-26 07:38:15
PAYMENT0003803,ACC0012817,2026-06-11 22:33:00,138714.05,VOICE,2026-05-16 14:42:29
PAYMENT0017497,ACC0009925,2026-06-11 22:35:28,34531.31,SMS,2026-05-09 12:09:49
PAYMENT0016993,ACC0015113,2026-06-11 23:03:03,57042.62,VOICE,2026-04-25 10:15:56
PAYMENT0016876,ACC0000324,2026-06-11 23:18:44,113227.95,VOICE,2026-06-07 16:26:31
PAYMENT0005624,ACC0011632,2026-06-11 23:27:11,27568.2,VOICE,2026-05-31 23:25:07
PAYMENT0017690,ACC0001945,2026-06-11 23:40:46,22968.79,SMS,2026-05-08 10:22:10
PAYMENT0001974,ACC0022735,2026-06-11 23:55:43,9820.13,VOICE,2026-03-14 03:27:03
PAYMENT0017793,ACC0026691,2026-06-12 00:10:23,117012.77,SMS,2026-06-02 21:46:22
PAYMENT0003208,ACC0026334,2026-06-12 00:44:23,30309.65,VOICE,2026-06-07 22:37:08
PAYMENT0005688,ACC0006112,2026-06-12 01:01:18,28911.13,SMS,2026-05-11 11:44:28
PAYMENT0012901,ACC0012498,2026-06-12 01:04:27,76817.8,VOICE,2026-05-22 01:41:43
PAYMENT0015313,ACC0024561,2026-06-12 01:26:58,98723.15,FIELD,2026-03-01 02:28:07
PAYMENT0004032,ACC0028279,2026-06-12 01:56:51,129271.58,SMS,2026-05-15 03:05:44
PAYMENT0007389,ACC0012935,2026-06-12 02:18:20,59297.67,SMS,2026-06-09 19:31:52
PAYMENT0000352,ACC0020430,2026-06-12 03:09:03,90204.13,WHATSAPP,2026-06-03 20:09:00
PAYMENT0004173,ACC0022261,2026-06-12 03:11:56,33493.7,VOICE,2026-05-02 08:17:39
PAYMENT0006212,ACC0003822,2026-06-12 03:20:58,131558.26,VOICE,2026-04-04 21:43:53
PAYMENT0007931,ACC0009782,2026-06-12 03:24:23,18594.63,VOICE,2026-04-24 00:56:49
PAYMENT0011570,ACC0004402,2026-06-12 03:33:47,25973.93,VOICE,2026-06-10 07:17:30
PAYMENT0008095,ACC0023891,2026-06-12 03:51:29,13005.65,VOICE,2026-04-28 07:13:03
PAYMENT0018521,ACC0029276,2026-06-12 03:53:17,35045.14,FIELD,2026-04-20 03:05:16
PAYMENT0018254,ACC0000921,2026-06-12 03:53:34,114460.98,VOICE,2026-04-04 22:01:43
PAYMENT0018152,ACC0021370,2026-06-12 04:01:52,20839.61,WHATSAPP,2026-05-29 15:03:56
PAYMENT0009028,ACC0010724,2026-06-12 04:06:41,24450.56,VOICE,2026-03-11 14:01:17
PAYMENT0015403,ACC0029859,2026-06-12 04:15:11,115009.35,SMS,2026-04-25 17:41:30
PAYMENT0010939,ACC0001174,2026-06-12 04:19:59,121930.79,VOICE,2026-05-29 01:30:06
PAYMENT0023855,ACC0019456,2026-06-12 04:25:30,77271.86,WHATSAPP,2026-05-27 11:08:42
PAYMENT0003300,ACC0010833,2026-06-12 04:26:33,37377.45,VOICE,2026-04-11 16:01:54
PAYMENT0004093,ACC0009264,2026-06-12 04:37:59,120697.74,VOICE,2026-06-08 14:46:07
PAYMENT0020588,ACC0004752,2026-06-12 04:43:29,98042.43,VOICE,2026-06-09 16:12:51
PAYMENT0014814,ACC0019561,2026-06-12 05:04:33,50336.41,SMS,2026-05-19 08:17:51
PAYMENT0015358,ACC0029473,2026-06-12 05:04:44,83622.18,WHATSAPP,2026-06-02 06:03:19
PAYMENT0017446,ACC0001004,2026-06-12 05:48:51,50834.74,WHATSAPP,2026-06-08 06:31:07
PAYMENT0008834,ACC0010668,2026-06-12 05:49:49,125962.17,WHATSAPP,2026-05-21 21:00:04
PAYMENT0008504,ACC0023450,2026-06-12 06:00:39,225.36,VOICE,2026-05-16 12:34:09
PAYMENT0005452,ACC0006397,2026-06-12 06:07:11,90759.53,WHATSAPP,2026-06-03 12:39:15
PAYMENT0021992,ACC0024654,2026-06-12 07:01:43,14813.5,VOICE,2026-05-27 01:30:23
PAYMENT0000822,ACC0000780,2026-06-12 07:55:20,31273.99,VOICE,2026-03-14 10:30:29
PAYMENT0020632,ACC0009723,2026-06-12 09:05:33,129222.7,VOICE,2026-04-12 11:19:53
PAYMENT0024562,ACC0026210,2026-06-12 09:23:00,143775.1,FIELD,2026-04-26 04:11:29
PAYMENT0006012,ACC0024193,2026-06-12 09:34:34,42467.8,WHATSAPP,2026-06-07 18:14:58
PAYMENT0003286,ACC0005413,2026-06-12 09:55:18,30045.81,VOICE,2026-05-15 08:36:04
PAYMENT0011330,ACC0016526,2026-06-12 10:14:30,54110.78,VOICE,2026-05-07 21:33:06
PAYMENT0022245,ACC0011601,2026-06-12 10:16:37,94795.26,FIELD,2026-05-26 21:19:04
PAYMENT0019343,ACC0003888,2026-06-12 10:34:12,26325.21,FIELD,2026-06-05 13:11:41
PAYMENT0011293,ACC0011294,2026-06-12 11:56:56,132113.86,VOICE,2026-02-06 08:40:42
PAYMENT0013958,ACC0008030,2026-06-12 12:05:05,23758.44,WHATSAPP,2026-06-02 14:42:30
PAYMENT0009624,ACC0027476,2026-06-12 12:21:11,70829.89,SMS,2026-05-14 03:53:09
PAYMENT0013440,ACC0023165,2026-06-12 12:53:56,99652.54,WHATSAPP,2026-06-09 08:20:04
PAYMENT0015804,ACC0003675,2026-06-12 13:38:17,148758.37,WHATSAPP,2026-06-10 12:28:55
PAYMENT0015661,ACC0010835,2026-06-12 13:53:23,110280.04,VOICE,2026-05-03 06:32:08
PAYMENT0006961,ACC0022228,2026-06-12 14:31:17,130036.23,SMS,2026-05-18 01:07:26
PAYMENT0003082,ACC0003311,2026-06-12 14:38:13,93705.78,WHATSAPP,2026-05-23 10:25:35
PAYMENT0001721,ACC0015483,2026-06-12 15:03:53,120541.85,SMS,2026-05-31 17:56:14
PAYMENT0016029,ACC0007058,2026-06-12 15:08:19,99251.86,VOICE,2026-05-18 12:55:05
PAYMENT0010256,ACC0016180,2026-06-12 15:24:54,90177.2,WHATSAPP,2026-05-31 17:07:02
PAYMENT0008594,ACC0010016,2026-06-12 15:31:58,9174.2,WHATSAPP,2026-05-30 16:38:02
PAYMENT0000987,ACC0010864,2026-06-12 15:32:23,21739.07,VOICE,2026-04-20 14:24:19
PAYMENT0006985,ACC0019203,2026-06-12 16:03:23,17156.62,FIELD,2026-06-12 08:07:58
PAYMENT0023662,ACC0006634,2026-06-12 16:05:41,141013.81,SMS,2026-05-31 06:05:53
PAYMENT0007741,ACC0020896,2026-06-12 16:21:25,124837.14,WHATSAPP,2026-06-06 22:06:55
PAYMENT0015947,ACC0016213,2026-06-12 16:26:35,12305.68,VOICE,2026-06-10 16:50:11
PAYMENT0009421,ACC0005708,2026-06-12 16:34:14,14052.35,VOICE,2026-05-13 19:37:38
PAYMENT0008285,ACC0005363,2026-06-12 16:56:39,142302.41,WHATSAPP,2026-05-11 06:13:31
PAYMENT0002918,ACC0006253,2026-06-12 18:47:18,143349.16,VOICE,2026-05-11 15:29:23
PAYMENT0015967,ACC0012006,2026-06-12 19:12:56,107451.48,SMS,2026-04-20 01:55:02
PAYMENT0014651,ACC0009730,2026-06-12 19:17:28,66563.88,VOICE,2026-06-03 04:31:50
PAYMENT0012263,ACC0005466,2026-06-12 19:21:36,5786.04,SMS,2026-05-26 00:37:33
PAYMENT0002268,ACC0000715,2026-06-12 19:38:07,111709.7,VOICE,2026-06-09 17:31:58
PAYMENT0000975,ACC0014129,2026-06-12 20:20:10,122573.79,VOICE,2026-06-09 23:24:45
PAYMENT0003733,ACC0015820,2026-06-12 20:27:42,128910.76,VOICE,2026-05-23 11:24:40
PAYMENT0013133,ACC0014112,2026-06-12 20:28:51,146923.36,WHATSAPP,2026-05-26 05:56:49
PAYMENT0015380,ACC0007640,2026-06-12 20:33:09,10205.14,VOICE,2026-06-12 10:53:37
PAYMENT0004542,ACC0026816,2026-06-12 21:03:06,100085.0,VOICE,2026-05-27 07:47:49
PAYMENT0002355,ACC0015022,2026-06-12 21:08:21,30956.88,VOICE,2026-05-05 21:32:40
PAYMENT0009832,ACC0009119,2026-06-12 22:05:18,28490.11,SMS,2026-04-13 23:07:10
PAYMENT0010430,ACC0002856,2026-06-12 22:18:07,117416.0,VOICE,2026-06-04 14:29:50
PAYMENT0002529,ACC0000407,2026-06-12 22:27:20,17203.69,VOICE,2026-05-03 11:18:31
PAYMENT0021365,ACC0009124,2026-06-12 22:27:38,111519.16,VOICE,2026-05-28 20:32:33
PAYMENT0019792,ACC0026382,2026-06-12 23:02:59,43956.53,FIELD,2026-06-03 09:52:33
PAYMENT0014079,ACC0028558,2026-06-12 23:19:57,115467.79,WHATSAPP,2026-06-12 11:37:24
PAYMENT0007698,ACC0019214,2026-06-13 00:16:59,4714.02,VOICE,2026-05-25 15:38:56
PAYMENT0010160,ACC0009151,2026-06-13 00:31:22,49366.16,WHATSAPP,2026-05-11 01:23:17
PAYMENT0020511,ACC0018977,2026-06-13 00:38:31,80526.31,WHATSAPP,2026-04-29 15:30:43
PAYMENT0016663,ACC0013069,2026-06-13 01:33:25,142493.93,SMS,2026-04-14 21:35:42
PAYMENT0017712,ACC0000511,2026-06-13 01:41:35,15617.35,SMS,2026-05-15 02:42:17
PAYMENT0022033,ACC0007288,2026-06-13 03:16:34,33678.45,VOICE,2026-06-10 22:21:20
PAYMENT0017081,ACC0000643,2026-06-13 03:46:21,33331.64,WHATSAPP,2026-03-14 13:30:08
PAYMENT0015762,ACC0003723,2026-06-13 04:03:31,2394.03,VOICE,2026-05-15 16:39:43
PAYMENT0024864,ACC0005348,2026-06-13 04:08:19,42390.22,WHATSAPP,2026-04-19 13:41:56
PAYMENT0013174,ACC0018169,2026-06-13 04:46:14,96503.15,VOICE,2026-05-11 04:18:40
PAYMENT0010453,ACC0010803,2026-06-13 04:48:01,10836.5,VOICE,2026-05-31 21:44:20
PAYMENT0023522,ACC0023823,2026-06-13 05:17:53,52039.39,VOICE,2026-05-29 05:00:47
PAYMENT0016108,ACC0019137,2026-06-13 06:05:48,67218.81,VOICE,2026-06-12 11:06:32
PAYMENT0002429,ACC0015345,2026-06-13 06:17:20,121243.61,VOICE,2026-03-13 17:07:21
PAYMENT0010610,ACC0029541,2026-06-13 06:17:50,5724.06,,
PAYMENT0018061,ACC0002997,2026-06-13 06:24:25,7535.05,VOICE,2026-05-31 22:45:37
PAYMENT0014225,ACC0005144,2026-06-13 07:15:14,8197.91,FIELD,2026-06-08 00:35:08
PAYMENT0016215,ACC0022446,2026-06-13 07:30:45,52948.68,SMS,2026-05-03 09:06:26
PAYMENT0022877,ACC0027301,2026-06-13 07:37:22,140489.76,VOICE,2026-06-02 06:31:54
PAYMENT0023661,ACC0000942,2026-06-13 08:44:06,111540.77,WHATSAPP,2026-06-02 10:03:38
PAYMENT0005862,ACC0024267,2026-06-13 09:15:24,121418.86,FIELD,2026-05-31 12:39:20
PAYMENT0021220,ACC0028258,2026-06-13 09:27:16,122326.89,VOICE,2026-05-13 16:55:14
PAYMENT0009363,ACC0022650,2026-06-13 09:45:06,11004.31,SMS,2026-05-15 08:08:03
PAYMENT0012572,ACC0014374,2026-06-13 10:04:18,92557.65,FIELD,2026-05-19 06:23:39
PAYMENT0018750,ACC0014094,2026-06-13 10:33:36,19714.05,VOICE,2026-05-31 19:10:08
PAYMENT0000011,ACC0022813,2026-06-13 10:49:29,27561.35,SMS,2026-04-03 09:05:05
PAYMENT0021452,ACC0003909,2026-06-13 12:06:10,134320.91,SMS,2026-05-06 06:38:41
PAYMENT0013272,ACC0002614,2026-06-13 12:15:12,112745.33,WHATSAPP,2026-03-28 00:10:33
PAYMENT0018502,ACC0005890,2026-06-13 12:49:52,47243.3,SMS,2026-05-26 14:48:07
PAYMENT0003654,ACC0011525,2026-06-13 12:52:55,31892.12,SMS,2026-05-17 17:56:08
PAYMENT0022170,ACC0023747,2026-06-13 13:42:31,22564.82,SMS,2026-04-07 13:35:55
PAYMENT0005801,ACC0005584,2026-06-13 13:55:34,76351.27,VOICE,2026-05-04 14:23:08
PAYMENT0007121,ACC0016546,2026-06-13 14:02:57,58945.57,VOICE,2026-05-23 08:35:44
PAYMENT0023225,ACC0017849,2026-06-13 15:24:53,1323.79,VOICE,2026-05-25 00:30:29
PAYMENT0006403,ACC0016632,2026-06-13 15:35:16,84353.57,WHATSAPP,2026-05-26 04:05:05
PAYMENT0010456,ACC0016858,2026-06-13 15:56:32,111866.04,FIELD,2026-05-24 20:37:39
PAYMENT0010097,ACC0016360,2026-06-13 16:07:27,85943.94,VOICE,2026-06-03 05:58:09
PAYMENT0010311,ACC0020053,2026-06-13 16:09:39,49480.88,WHATSAPP,2026-05-21 10:48:11
PAYMENT0007733,ACC0028880,2026-06-13 16:50:42,21321.51,WHATSAPP,2026-04-24 00:12:51
PAYMENT0014628,ACC0014592,2026-06-13 17:11:13,52231.84,VOICE,2026-06-09 00:50:04
PAYMENT0000986,ACC0000748,2026-06-13 17:20:14,124147.39,VOICE,2026-05-08 16:20:23
PAYMENT0015702,ACC0015274,2026-06-13 17:33:21,73218.2,WHATSAPP,2026-05-14 01:20:44
PAYMENT0004828,ACC0001252,2026-06-13 17:52:02,84864.52,WHATSAPP,2026-05-14 08:14:32
PAYMENT0004390,ACC0002677,2026-06-13 18:10:02,76291.31,VOICE,2026-06-05 10:18:53
PAYMENT0012443,ACC0005129,2026-06-13 18:14:11,97048.67,WHATSAPP,2026-05-31 12:37:43
PAYMENT0015231,ACC0012896,2026-06-13 18:32:19,142985.13,VOICE,2026-06-13 10:41:44
PAYMENT0022447,ACC0026278,2026-06-13 19:09:12,132338.33,VOICE,2026-05-24 10:43:43
PAYMENT0013493,ACC0029105,2026-06-13 19:58:42,136178.3,VOICE,2026-05-15 11:25:44
PAYMENT0012731,ACC0014002,2026-06-13 20:07:38,86247.81,FIELD,2026-06-06 11:07:21
PAYMENT0022021,ACC0012584,2026-06-13 20:13:08,58093.5,WHATSAPP,2026-05-20 21:24:05
PAYMENT0005588,ACC0022214,2026-06-13 20:50:48,89559.34,VOICE,2026-06-12 22:18:08
PAYMENT0007391,ACC0028730,2026-06-13 21:22:52,130710.33,WHATSAPP,2026-05-26 16:39:07
PAYMENT0002717,ACC0014919,2026-06-13 22:13:29,118803.35,WHATSAPP,2026-06-07 22:18:10
PAYMENT0013167,ACC0026054,2026-06-13 22:45:27,41458.47,WHATSAPP,2026-05-30 10:49:12
PAYMENT0015800,ACC0018144,2026-06-13 22:46:01,30395.18,VOICE,2026-06-07 16:01:40
PAYMENT0023605,ACC0020922,2026-06-14 00:06:00,55817.18,WHATSAPP,2026-06-08 21:17:42
PAYMENT0007128,ACC0013561,2026-06-14 00:07:59,47923.36,VOICE,2026-05-13 14:56:27
PAYMENT0000222,ACC0014829,2026-06-14 01:05:18,80695.58,SMS,2026-03-12 17:53:18
PAYMENT0012451,ACC0014298,2026-06-14 01:43:00,4193.24,VOICE,2026-06-09 23:55:33
PAYMENT0004846,ACC0023879,2026-06-14 02:12:44,23288.0,SMS,2026-05-29 13:51:33
PAYMENT0022901,ACC0002812,2026-06-14 03:14:37,36299.07,VOICE,2026-06-10 13:52:59
PAYMENT0000377,ACC0024095,2026-06-14 03:22:07,42087.88,VOICE,2026-04-22 05:41:20
PAYMENT0005395,ACC0026172,2026-06-14 03:23:03,77889.18,VOICE,2026-05-31 11:08:39
PAYMENT0018874,ACC0026127,2026-06-14 03:36:17,133657.77,VOICE,2026-05-31 12:24:00
PAYMENT0006398,ACC0027595,2026-06-14 04:32:26,14569.54,WHATSAPP,2026-03-06 20:55:41
PAYMENT0024263,ACC0012461,2026-06-14 05:07:05,123953.47,VOICE,2026-05-31 08:52:59
PAYMENT0009208,ACC0006721,2026-06-14 05:18:43,145871.83,WHATSAPP,2026-05-10 10:37:34
PAYMENT0019248,ACC0007145,2026-06-14 05:20:47,130872.94,WHATSAPP,2026-06-05 12:58:02
PAYMENT0016495,ACC0011904,2026-06-14 05:24:58,118994.66,SMS,2026-06-07 08:35:54
PAYMENT0004681,ACC0003963,2026-06-14 05:33:50,23328.92,VOICE,2026-04-24 03:36:26
PAYMENT0005382,ACC0006520,2026-06-14 06:02:02,129345.44,WHATSAPP,2026-06-06 16:18:17
PAYMENT0022255,ACC0023724,2026-06-14 06:29:46,128366.41,FIELD,2026-06-05 11:12:32
PAYMENT0000932,ACC0023321,2026-06-14 06:41:19,48975.13,VOICE,2026-06-08 20:05:28
PAYMENT0014746,ACC0004803,2026-06-14 07:14:04,76941.97,SMS,2026-06-01 23:47:05
PAYMENT0015497,ACC0010759,2026-06-14 07:56:39,63090.98,SMS,2026-06-09 11:14:45
PAYMENT0023400,ACC0013688,2026-06-14 08:04:37,29561.83,WHATSAPP,2026-06-05 17:33:09
PAYMENT0009015,ACC0004118,2026-06-14 08:35:18,109622.54,VOICE,2026-05-23 11:33:51
PAYMENT0013415,ACC0016522,2026-06-14 08:40:31,37169.51,WHATSAPP,2026-06-08 16:11:25
PAYMENT0008561,ACC0018040,2026-06-14 09:01:16,34444.98,VOICE,2026-05-30 06:11:54
PAYMENT0009280,ACC0011616,2026-06-14 09:09:08,132432.42,SMS,2026-04-20 10:17:41
PAYMENT0008977,ACC0020936,2026-06-14 10:17:34,29070.55,WHATSAPP,2026-05-29 09:38:37
PAYMENT0003497,ACC0002071,2026-06-14 10:22:20,14448.01,VOICE,2026-06-06 22:17:04
PAYMENT0020613,ACC0029403,2026-06-14 11:37:35,136468.2,FIELD,2026-05-29 07:40:08
PAYMENT0017241,ACC0027233,2026-06-14 12:14:46,66752.18,WHATSAPP,2026-06-03 05:17:02
PAYMENT0024227,ACC0008685,2026-06-14 12:19:21,100047.84,VOICE,2026-05-31 18:39:00
PAYMENT0014747,ACC0004159,2026-06-14 12:40:18,102754.56,WHATSAPP,2026-06-08 07:21:13
PAYMENT0016366,ACC0000778,2026-06-14 13:24:57,88299.48,SMS,2026-04-10 17:25:16
PAYMENT0023983,ACC0002243,2026-06-14 14:04:35,74568.9,WHATSAPP,2026-05-24 00:32:22
PAYMENT0017155,ACC0001220,2026-06-14 14:12:47,89228.06,VOICE,2026-04-17 22:43:02
PAYMENT0012950,ACC0026838,2026-06-14 14:32:11,82501.61,SMS,2026-05-05 18:51:56
PAYMENT0022915,ACC0015396,2026-06-14 14:38:59,137430.14,WHATSAPP,2026-04-23 09:52:37
PAYMENT0020322,ACC0018879,2026-06-14 14:45:16,127056.6,FIELD,2026-05-25 03:38:09
PAYMENT0012475,ACC0019407,2026-06-14 14:58:09,133230.78,WHATSAPP,2026-04-14 03:01:35
PAYMENT0009847,ACC0019445,2026-06-14 15:24:03,115025.26,VOICE,2026-06-06 02:37:36
PAYMENT0003026,ACC0012930,2026-06-14 15:31:25,139212.39,FIELD,2026-05-23 23:31:28
PAYMENT0020070,ACC0017294,2026-06-14 16:04:24,111514.32,VOICE,2026-06-10 14:42:43
PAYMENT0000597,ACC0019371,2026-06-14 16:37:47,136985.01,SMS,2026-06-06 15:30:03
PAYMENT0021241,ACC0028344,2026-06-14 17:04:47,14339.13,VOICE,2026-05-24 12:16:31
PAYMENT0004729,ACC0005772,2026-06-14 17:17:10,83138.21,VOICE,2026-06-09 02:34:14
PAYMENT0005437,ACC0011675,2026-06-14 17:25:24,117992.62,WHATSAPP,2026-04-23 14:58:40
PAYMENT0020040,ACC0015762,2026-06-14 17:29:22,77092.99,WHATSAPP,2026-05-11 07:13:13
PAYMENT0023974,ACC0027439,2026-06-14 18:46:23,52201.39,VOICE,2026-06-07 11:46:43
PAYMENT0002357,ACC0000884,2026-06-14 19:37:01,24317.93,WHATSAPP,2026-05-05 15:23:32
PAYMENT0014418,ACC0018698,2026-06-14 19:52:31,103638.68,VOICE,2026-06-10 22:30:22
PAYMENT0019437,ACC0016181,2026-06-14 19:52:33,79774.85,WHATSAPP,2026-05-27 22:30:14
PAYMENT0002405,ACC0029107,2026-06-14 20:43:29,130945.7,WHATSAPP,2026-06-02 01:10:09
PAYMENT0009249,ACC0010312,2026-06-14 20:53:24,17170.93,WHATSAPP,2026-05-16 23:28:07
PAYMENT0016087,ACC0014567,2026-06-14 21:05:07,20315.09,FIELD,2026-05-20 22:05:12
PAYMENT0011964,ACC0024257,2026-06-14 21:40:57,117616.23,VOICE,2026-05-28 10:15:27
PAYMENT0018031,ACC0024021,2026-06-14 21:42:48,45980.46,VOICE,2026-04-16 14:28:18
PAYMENT0016960,ACC0022248,2026-06-14 21:53:32,84939.97,FIELD,2026-02-28 09:32:35
PAYMENT0021272,ACC0004030,2026-06-14 22:05:10,63465.95,WHATSAPP,2026-05-13 20:02:46
PAYMENT0009000,ACC0022420,2026-06-14 22:18:36,142982.42,VOICE,2026-05-23 14:42:22
PAYMENT0011453,ACC0019043,2026-06-14 22:22:00,129835.99,VOICE,2026-05-29 10:36:21
PAYMENT0009294,ACC0026849,2026-06-14 22:22:56,108529.22,VOICE,2026-04-17 12:20:25
PAYMENT0008579,ACC0002326,2026-06-14 22:35:42,41946.86,VOICE,2026-04-25 20:37:58
PAYMENT0001908,ACC0027905,2026-06-14 22:42:57,135328.03,VOICE,2026-06-04 11:02:04
PAYMENT0012692,ACC0010447,2026-06-14 23:01:44,94463.07,SMS,2026-05-17 05:23:52
PAYMENT0015957,ACC0023863,2026-06-14 23:02:10,30048.99,VOICE,2026-05-02 18:52:05
PAYMENT0001124,ACC0008117,2026-06-14 23:07:14,127518.05,VOICE,2026-05-27 20:14:09
PAYMENT0009001,ACC0008272,2026-06-14 23:24:55,24142.04,VOICE,2026-04-23 03:04:44
PAYMENT0006675,ACC0001353,2026-06-14 23:46:07,97689.41,FIELD,2026-02-25 10:09:42
PAYMENT0019425,ACC0023933,2026-06-15 00:22:36,18966.8,SMS,2026-06-04 16:41:55
PAYMENT0019743,ACC0028342,2026-06-15 01:04:16,34301.39,VOICE,2026-05-10 00:48:26
PAYMENT0017637,ACC0017268,2026-06-15 01:25:26,11063.91,VOICE,2026-05-09 08:31:28
PAYMENT0004789,ACC0000051,2026-06-15 01:42:30,33112.26,SMS,2026-06-13 08:54:27
PAYMENT0018924,ACC0002615,2026-06-15 01:49:58,90635.51,VOICE,2026-04-25 12:04:00
PAYMENT0020431,ACC0024170,2026-06-15 01:54:06,69739.84,WHATSAPP,2026-04-20 12:45:45
PAYMENT0014740,ACC0007283,2026-06-15 02:05:14,54214.68,SMS,2026-06-14 05:53:58
PAYMENT0014610,ACC0023306,2026-06-15 02:35:54,7246.74,WHATSAPP,2026-06-06 01:44:05
PAYMENT0021856,ACC0008029,2026-06-15 03:02:38,123577.85,FIELD,2026-03-11 00:12:38
PAYMENT0002303,ACC0021362,2026-06-15 03:09:47,59429.86,VOICE,2026-06-01 01:24:12
PAYMENT0018790,ACC0015106,2026-06-15 03:39:24,346.62,VOICE,2026-05-27 22:06:20
PAYMENT0000207,ACC0022267,2026-06-15 04:13:26,118159.53,WHATSAPP,2026-05-17 17:50:14
PAYMENT0000710,ACC0017184,2026-06-15 04:28:51,38710.42,VOICE,2026-05-30 21:28:37
PAYMENT0011082,ACC0005553,2026-06-15 04:32:43,132804.33,SMS,2026-06-08 17:31:10
PAYMENT0021432,ACC0021148,2026-06-15 04:33:56,144322.48,WHATSAPP,2026-05-17 13:31:23
PAYMENT0002176,ACC0006017,2026-06-15 05:01:34,148353.1,VOICE,2026-06-06 08:59:40
PAYMENT0022388,ACC0000852,2026-06-15 06:02:29,112666.62,VOICE,2026-06-02 11:44:30
PAYMENT0015754,ACC0028192,2026-06-15 06:57:37,36536.96,WHATSAPP,2026-05-31 11:24:38
PAYMENT0000018,ACC0000379,2026-06-15 08:11:44,18292.79,VOICE,2026-05-13 03:26:12
PAYMENT0011910,ACC0026395,2026-06-15 08:30:10,133317.19,FIELD,2026-03-06 17:44:56
PAYMENT0012354,ACC0016132,2026-06-15 09:40:35,76766.74,VOICE,2026-06-03 06:54:29
PAYMENT0016517,ACC0027146,2026-06-15 09:42:48,81099.94,VOICE,2026-04-12 21:50:23
PAYMENT0008008,ACC0007818,2026-06-15 09:46:08,122681.71,SMS,2026-05-13 00:23:01
PAYMENT0018388,ACC0028721,2026-06-15 10:11:02,68957.64,WHATSAPP,2026-04-22 18:47:55
PAYMENT0021997,ACC0009582,2026-06-15 10:25:37,128047.31,FIELD,2026-06-03 19:13:44
PAYMENT0002022,ACC0018903,2026-06-15 10:57:17,17728.48,,
PAYMENT0005519,ACC0012668,2026-06-15 11:13:38,105256.36,VOICE,2026-05-11 13:06:40
PAYMENT0010851,ACC0017169,2026-06-15 11:14:59,44890.42,VOICE,2026-04-28 17:01:42
PAYMENT0018729,ACC0017122,2026-06-15 12:02:23,120065.55,FIELD,2026-06-07 19:06:59
PAYMENT0012008,ACC0023209,2026-06-15 13:09:10,30588.57,SMS,2026-05-18 17:11:00
PAYMENT0011184,ACC0017784,2026-06-15 13:21:30,129246.89,WHATSAPP,2026-05-04 00:46:03
PAYMENT0013389,ACC0013293,2026-06-15 14:04:18,104904.17,SMS,2026-05-29 08:42:24
PAYMENT0010269,ACC0001777,2026-06-15 14:57:36,31520.38,WHATSAPP,2026-06-04 08:58:39
PAYMENT0020123,ACC0029415,2026-06-15 15:13:55,118423.71,WHATSAPP,2026-01-27 18:39:10
PAYMENT0018550,ACC0006012,2026-06-15 15:55:44,98061.25,SMS,2026-06-03 00:19:21
PAYMENT0019405,ACC0001923,2026-06-15 16:09:30,138387.29,VOICE,2026-05-26 20:46:04
PAYMENT0014072,ACC0022469,2026-06-15 16:10:37,10140.91,FIELD,2026-06-13 11:37:58
PAYMENT0018395,ACC0029340,2026-06-15 17:36:33,72048.76,WHATSAPP,2026-05-12 13:50:41
PAYMENT0001261,ACC0024520,2026-06-15 18:03:23,144852.48,WHATSAPP,2026-05-01 02:22:42
PAYMENT0002741,ACC0017434,2026-06-15 18:33:59,43933.52,SMS,2026-05-27 14:36:01
PAYMENT0009414,ACC0000069,2026-06-15 19:41:56,2701.59,WHATSAPP,2026-05-07 02:56:02
PAYMENT0020343,ACC0026779,2026-06-15 19:52:06,32365.22,WHATSAPP,2026-03-20 07:46:31
PAYMENT0004809,ACC0011430,2026-06-15 19:53:10,82558.05,SMS,2026-04-25 06:32:30
PAYMENT0019393,ACC0023903,2026-06-15 20:18:11,988.58,VOICE,2026-05-24 16:40:09
PAYMENT0007161,ACC0002743,2026-06-15 20:42:20,113720.0,VOICE,2026-06-12 19:50:38
PAYMENT0014342,ACC0019268,2026-06-15 20:57:55,145002.02,VOICE,2026-06-15 02:17:02
PAYMENT0009380,ACC0029388,2026-06-15 21:13:48,14932.43,VOICE,2026-05-29 12:11:17
PAYMENT0022393,ACC0025341,2026-06-15 21:41:21,128455.55,SMS,2026-05-20 16:39:05
PAYMENT0014599,ACC0025863,2026-06-15 22:01:43,110451.79,VOICE,2026-04-23 01:16:45
PAYMENT0007626,ACC0012961,2026-06-15 22:03:45,60250.94,VOICE,2026-06-15 11:09:23
PAYMENT0000164,ACC0004697,2026-06-15 22:27:55,149780.44,WHATSAPP,2026-05-31 12:01:39
PAYMENT0007852,ACC0024929,2026-06-15 22:36:41,43349.98,SMS,2026-05-30 19:02:47
PAYMENT0024740,ACC0001291,2026-06-15 22:47:29,114862.83,SMS,2026-06-08 21:23:35
PAYMENT0013131,ACC0017179,2026-06-15 23:46:40,135192.28,WHATSAPP,2026-06-14 13:22:35
PAYMENT0004872,ACC0021210,2026-06-15 23:49:37,137670.92,SMS,2026-05-08 09:58:47
PAYMENT0006113,ACC0006550,2026-06-15 23:59:39,58048.04,VOICE,2026-06-12 18:41:52
PAYMENT0016896,ACC0027518,2026-06-16 00:23:40,110076.48,VOICE,2026-03-14 15:37:37
PAYMENT0005586,ACC0025248,2026-06-16 00:39:39,95172.01,WHATSAPP,2026-06-10 04:26:22
PAYMENT0021451,ACC0015570,2026-06-16 00:45:30,13079.33,VOICE,2026-04-28 23:38:16
PAYMENT0015779,ACC0021962,2026-06-16 01:12:30,3792.0,FIELD,2026-06-08 18:38:09
PAYMENT0001035,ACC0012555,2026-06-16 01:36:32,73201.48,VOICE,2026-05-01 19:12:42
PAYMENT0014165,ACC0026112,2026-06-16 03:01:16,119921.14,SMS,2026-05-17 16:55:19
PAYMENT0000912,ACC0012588,2026-06-16 03:32:06,60328.68,WHATSAPP,2026-06-09 13:26:00
PAYMENT0002216,ACC0021171,2026-06-16 03:37:37,13599.28,WHATSAPP,2026-05-24 11:53:45
PAYMENT0012194,ACC0021185,2026-06-16 04:13:23,134355.0,FIELD,2026-05-08 10:02:30
PAYMENT0010007,ACC0009110,2026-06-16 04:27:48,103584.11,FIELD,2026-06-01 07:09:45
PAYMENT0001042,ACC0007992,2026-06-16 04:51:47,137839.23,VOICE,2026-04-29 13:30:49
PAYMENT0003828,ACC0012325,2026-06-16 05:07:11,36854.73,VOICE,2026-03-16 12:08:53
PAYMENT0014371,ACC0023575,2026-06-16 05:08:13,75521.68,FIELD,2026-05-19 02:15:08
PAYMENT0016291,ACC0008680,2026-06-16 06:10:30,129754.12,VOICE,2026-03-01 16:14:27
PAYMENT0019557,ACC0018351,2026-06-16 06:11:01,27923.23,VOICE,2026-06-03 01:06:02
PAYMENT0021687,ACC0014744,2026-06-16 07:11:16,127168.25,WHATSAPP,2026-05-04 20:17:42
PAYMENT0003538,ACC0029619,2026-06-16 07:58:08,8732.88,VOICE,2026-06-13 03:02:52
PAYMENT0004057,ACC0018240,2026-06-16 08:03:46,107021.13,FIELD,2026-06-06 15:56:05
PAYMENT0015550,ACC0017971,2026-06-16 08:04:57,67458.73,VOICE,2026-04-11 23:36:13
PAYMENT0000081,ACC0022680,2026-06-16 08:16:16,117654.16,WHATSAPP,2026-05-16 06:22:13
PAYMENT0004149,ACC0028652,2026-06-16 08:24:39,72094.54,WHATSAPP,2026-06-12 04:15:56
PAYMENT0003301,ACC0002201,2026-06-16 08:31:13,116827.01,SMS,2026-05-12 00:47:04
PAYMENT0024609,ACC0014257,2026-06-16 09:46:01,121951.2,VOICE,2026-05-02 20:08:35
PAYMENT0006757,ACC0018803,2026-06-16 09:51:15,121664.09,SMS,2026-04-30 15:31:12
PAYMENT0022558,ACC0016399,2026-06-16 09:53:38,119230.89,VOICE,2026-05-01 21:05:04
PAYMENT0018143,ACC0024893,2026-06-16 10:33:39,66992.18,VOICE,2026-06-07 23:02:43
PAYMENT0022634,ACC0020018,2026-06-16 11:16:03,144344.76,FIELD,2026-06-14 16:19:33
PAYMENT0015326,ACC0027303,2026-06-16 11:40:53,82226.94,VOICE,2026-05-16 05:56:04
PAYMENT0001051,ACC0023643,2026-06-16 11:45:40,29781.9,FIELD,2026-06-03 22:21:22
PAYMENT0014040,ACC0015059,2026-06-16 12:26:41,82860.6,VOICE,2026-06-15 14:34:23
PAYMENT0003290,ACC0014164,2026-06-16 13:06:47,20757.2,VOICE,2026-05-13 09:24:00
PAYMENT0004064,ACC0006134,2026-06-16 13:31:40,134971.94,VOICE,2026-06-15 09:36:35
PAYMENT0023785,ACC0016711,2026-06-16 13:52:46,65037.27,WHATSAPP,2026-05-11 03:45:30
PAYMENT0002068,ACC0025953,2026-06-16 14:16:41,126603.83,VOICE,2026-06-14 19:49:55
PAYMENT0000828,ACC0020491,2026-06-16 14:17:21,79706.2,SMS,2026-05-27 15:29:46
PAYMENT0021256,ACC0019643,2026-06-16 15:57:53,110121.87,FIELD,2026-06-13 22:36:33
PAYMENT0004735,ACC0013028,2026-06-16 16:03:54,97918.59,VOICE,2026-05-06 01:07:16
PAYMENT0023349,ACC0009045,2026-06-16 17:18:53,98046.31,WHATSAPP,2026-06-12 04:51:19
PAYMENT0020652,ACC0016699,2026-06-16 17:45:21,85519.03,VOICE,2026-05-24 10:46:11
PAYMENT0013642,ACC0014022,2026-06-16 18:23:07,95424.18,WHATSAPP,2026-05-02 14:17:16
PAYMENT0000209,ACC0025108,2026-06-16 19:25:21,54131.63,VOICE,2026-05-16 19:30:58
PAYMENT0014706,ACC0029823,2026-06-16 19:30:04,104465.41,SMS,2026-05-11 18:57:42
PAYMENT0000945,ACC0002967,2026-06-16 20:04:18,85917.36,WHATSAPP,2026-04-24 11:27:51
PAYMENT0024982,ACC0020748,2026-06-16 20:27:15,128959.89,WHATSAPP,2026-05-16 11:30:08
PAYMENT0020495,ACC0013099,2026-06-16 20:47:53,107032.17,FIELD,2026-05-29 10:47:48
PAYMENT0018845,ACC0003532,2026-06-16 21:41:09,137039.27,VOICE,2026-05-04 09:17:46
PAYMENT0004891,ACC0017263,2026-06-16 21:45:06,125098.43,WHATSAPP,2026-06-06 02:44:14
PAYMENT0000976,ACC0017714,2026-06-16 21:46:15,56335.85,VOICE,2026-05-29 06:09:15
PAYMENT0022430,ACC0021059,2026-06-16 22:18:23,28584.8,WHATSAPP,2026-06-01 20:31:01
PAYMENT0014368,ACC0021583,2026-06-16 22:31:06,13516.95,VOICE,2026-06-11 20:22:12
PAYMENT0014568,ACC0008850,2026-06-16 23:00:22,35998.88,WHATSAPP,2026-05-04 10:37:30
PAYMENT0022770,ACC0010664,2026-06-16 23:21:28,17486.02,SMS,2026-06-08 16:52:32
PAYMENT0014643,ACC0019781,2026-06-16 23:23:32,46274.71,VOICE,2026-06-16 03:44:23
PAYMENT0008924,ACC0002246,2026-06-16 23:31:54,63054.19,VOICE,2026-05-18 08:46:44
PAYMENT0005111,ACC0018723,2026-06-16 23:33:59,51376.41,VOICE,2026-06-11 00:40:57
PAYMENT0003567,ACC0005017,2026-06-16 23:39:35,93298.59,VOICE,2026-06-12 07:56:23
PAYMENT0022991,ACC0010964,2026-06-17 00:02:25,3422.35,VOICE,2026-06-14 14:18:19
PAYMENT0022878,ACC0015087,2026-06-17 00:52:44,55675.08,FIELD,2026-05-21 09:51:16
PAYMENT0004290,ACC0007468,2026-06-17 01:03:22,120450.12,VOICE,2026-02-07 00:50:19
PAYMENT0000048,ACC0002536,2026-06-17 01:15:38,142833.99,FIELD,2026-06-13 00:27:36
PAYMENT0001355,ACC0012978,2026-06-17 03:42:14,135207.34,VOICE,2026-05-25 13:15:39
PAYMENT0003062,ACC0003125,2026-06-17 03:42:45,112127.33,SMS,2026-06-07 11:51:53
PAYMENT0011087,ACC0015338,2026-06-17 04:27:11,72037.79,FIELD,2026-05-26 22:28:38
PAYMENT0014041,ACC0014460,2026-06-17 05:04:18,142770.88,VOICE,2026-04-13 04:11:37
PAYMENT0002388,ACC0022459,2026-06-17 05:45:57,66503.04,WHATSAPP,2026-05-13 00:47:19
PAYMENT0023057,ACC0012592,2026-06-17 05:51:53,30276.43,WHATSAPP,2026-06-10 06:13:06
PAYMENT0019363,ACC0022629,2026-06-17 06:07:52,4657.38,FIELD,2026-05-14 12:24:15
PAYMENT0015593,ACC0025285,2026-06-17 06:10:28,3992.45,SMS,2026-06-01 11:03:33
PAYMENT0017353,ACC0002409,2026-06-17 06:27:20,139885.83,SMS,2026-06-11 22:05:44
PAYMENT0013991,ACC0003721,2026-06-17 06:35:26,149295.91,WHATSAPP,2026-06-10 14:48:32
PAYMENT0014248,ACC0017528,2026-06-17 06:41:57,107428.76,VOICE,2026-05-03 03:49:48
PAYMENT0022495,ACC0015285,2026-06-17 06:59:42,103078.32,FIELD,2026-02-11 12:58:36
PAYMENT0007213,ACC0014185,2026-06-17 07:19:21,130331.88,WHATSAPP,2026-06-12 03:41:26
PAYMENT0015792,ACC0001138,2026-06-17 07:41:40,59152.09,FIELD,2026-06-04 20:18:21
PAYMENT0019569,ACC0018157,2026-06-17 07:55:34,54997.4,WHATSAPP,2026-06-09 17:10:07
PAYMENT0000736,ACC0017338,2026-06-17 07:58:49,55661.25,VOICE,2026-05-28 16:29:41
PAYMENT0024082,ACC0012614,2026-06-17 08:28:18,121353.55,SMS,2026-06-13 06:25:49
PAYMENT0009525,ACC0002429,2026-06-17 08:49:44,50813.46,WHATSAPP,2026-04-24 15:06:27
PAYMENT0011337,ACC0027353,2026-06-17 09:12:27,56321.53,VOICE,2026-05-21 08:21:12
PAYMENT0019076,ACC0009859,2026-06-17 09:32:35,78291.92,VOICE,2026-06-11 07:09:12
PAYMENT0002508,ACC0028497,2026-06-17 09:38:37,91888.56,WHATSAPP,2026-06-15 18:17:43
PAYMENT0009381,ACC0005215,2026-06-17 10:05:05,119768.62,SMS,2026-05-16 23:16:40
PAYMENT0015494,ACC0005219,2026-06-17 10:21:05,15112.26,SMS,2026-05-21 03:18:31
PAYMENT0002344,ACC0000777,2026-06-17 11:33:58,93926.55,VOICE,2026-05-20 05:49:43
PAYMENT0012956,ACC0004626,2026-06-17 11:43:31,39337.64,WHATSAPP,2026-06-10 20:06:50
PAYMENT0006494,ACC0014417,2026-06-17 12:12:36,103776.95,WHATSAPP,2026-04-21 22:37:59
PAYMENT0011324,ACC0000779,2026-06-17 12:17:45,68701.23,VOICE,2026-06-17 04:33:18
PAYMENT0011354,ACC0018021,2026-06-17 12:22:30,31467.7,FIELD,2026-04-21 23:15:08
PAYMENT0002594,ACC0000686,2026-06-17 12:36:13,88779.0,WHATSAPP,2026-05-27 22:13:01
PAYMENT0005372,ACC0009871,2026-06-17 12:41:05,86375.36,FIELD,2026-04-24 18:11:51
PAYMENT0009817,ACC0028756,2026-06-17 12:45:21,59353.65,WHATSAPP,2026-05-22 06:49:31
PAYMENT0011775,ACC0028176,2026-06-17 12:55:07,60351.22,VOICE,2026-06-02 03:59:11
PAYMENT0018451,ACC0011490,2026-06-17 14:06:32,115839.62,VOICE,2026-04-28 00:18:58
PAYMENT0023942,ACC0012768,2026-06-17 14:47:25,149045.95,VOICE,2026-06-16 13:38:25
PAYMENT0017983,ACC0006942,2026-06-17 15:12:09,59011.06,WHATSAPP,2026-02-07 04:05:00
PAYMENT0000449,ACC0005477,2026-06-17 15:31:26,582.71,WHATSAPP,2026-05-12 12:15:54
PAYMENT0016295,ACC0024750,2026-06-17 15:38:12,96519.86,VOICE,2026-05-28 23:03:04
PAYMENT0020042,ACC0004409,2026-06-17 15:43:40,125187.89,VOICE,2026-05-24 03:08:47
PAYMENT0022757,ACC0011003,2026-06-17 16:15:24,57458.98,VOICE,2026-06-09 05:48:48
PAYMENT0017755,ACC0028264,2026-06-17 16:17:16,44085.14,SMS,2026-06-14 02:49:27
PAYMENT0024019,ACC0012250,2026-06-17 16:28:44,103552.91,VOICE,2026-05-06 13:31:57
PAYMENT0004926,ACC0002839,2026-06-17 16:51:43,122666.3,VOICE,2026-06-11 02:33:03
PAYMENT0022163,ACC0025391,2026-06-17 17:17:38,62126.09,VOICE,2026-06-04 14:00:33
PAYMENT0020374,ACC0004346,2026-06-17 17:23:13,125766.11,WHATSAPP,2026-05-04 09:13:38
PAYMENT0021616,ACC0014800,2026-06-17 17:25:19,24146.0,WHATSAPP,2026-03-26 07:16:04
PAYMENT0015643,ACC0018861,2026-06-17 17:52:04,71305.79,SMS,2026-06-12 01:29:41
PAYMENT0021016,ACC0013711,2026-06-17 17:52:36,80681.64,SMS,2026-04-18 03:29:59
PAYMENT0013040,ACC0027634,2026-06-17 18:28:52,85072.39,VOICE,2026-06-08 17:38:27
PAYMENT0019206,ACC0001736,2026-06-17 18:29:46,34035.83,SMS,2026-06-13 08:43:23
PAYMENT0012626,ACC0002305,2026-06-17 18:41:38,76774.84,WHATSAPP,2026-06-11 07:34:20
PAYMENT0014464,ACC0029580,2026-06-17 19:08:29,31415.03,VOICE,2026-05-31 13:09:08
PAYMENT0023145,ACC0002650,2026-06-17 19:20:20,64208.8,FIELD,2026-06-06 23:35:40
PAYMENT0018089,ACC0008074,2026-06-17 19:25:40,11673.34,WHATSAPP,2026-05-21 18:52:55
PAYMENT0013409,ACC0003933,2026-06-17 19:31:32,133684.54,WHATSAPP,2026-06-06 01:12:37
PAYMENT0013514,ACC0017398,2026-06-17 19:32:32,34100.39,VOICE,2026-05-06 13:42:37
PAYMENT0005521,ACC0010839,2026-06-17 19:44:41,87038.17,VOICE,2026-06-04 01:01:40
PAYMENT0013678,ACC0004883,2026-06-17 20:07:22,81704.41,WHATSAPP,2026-06-02 04:25:29
PAYMENT0023758,ACC0002558,2026-06-17 20:39:09,31224.67,VOICE,2026-05-27 01:28:38
PAYMENT0014869,ACC0008095,2026-06-17 20:43:30,113494.39,WHATSAPP,2026-05-13 20:39:41
PAYMENT0003113,ACC0019626,2026-06-17 20:57:34,143427.12,VOICE,2026-06-15 22:52:33
PAYMENT0017244,ACC0002626,2026-06-17 21:32:58,15321.02,VOICE,2026-04-19 03:24:11
PAYMENT0021759,ACC0003519,2026-06-17 21:47:31,8671.59,VOICE,2026-06-07 02:46:04
PAYMENT0022882,ACC0008009,2026-06-17 21:57:02,121287.35,VOICE,2026-03-26 10:26:26
PAYMENT0011290,ACC0006813,2026-06-17 22:32:56,1000.82,VOICE,2026-05-25 13:58:18
PAYMENT0022326,ACC0019684,2026-06-17 23:19:21,94010.75,VOICE,2026-06-05 06:53:09
PAYMENT0017932,ACC0014030,2026-06-17 23:43:38,37289.58,VOICE,2026-03-24 08:43:27
PAYMENT0019677,ACC0015940,2026-06-17 23:51:30,50676.61,WHATSAPP,2026-06-16 09:04:01
PAYMENT0007722,ACC0029581,2026-06-18 00:07:05,75718.29,FIELD,2026-06-16 13:22:20
PAYMENT0013638,ACC0023136,2026-06-18 00:20:58,87580.4,VOICE,2026-06-17 04:53:42
PAYMENT0019576,ACC0002383,2026-06-18 00:41:19,13719.51,WHATSAPP,2026-06-08 23:21:12
PAYMENT0024727,ACC0023725,2026-06-18 01:18:26,14510.61,VOICE,2026-06-08 15:21:22
PAYMENT0016736,ACC0021806,2026-06-18 01:22:20,120870.35,VOICE,2026-05-26 03:41:35
PAYMENT0000804,ACC0019124,2026-06-18 01:52:59,136386.51,VOICE,2026-06-15 18:21:20
PAYMENT0013354,ACC0014981,2026-06-18 02:31:16,42562.65,FIELD,2026-05-25 05:53:21
PAYMENT0012157,ACC0023069,2026-06-18 04:04:02,55338.69,SMS,2026-06-12 11:26:39
PAYMENT0008073,ACC0014358,2026-06-18 04:47:13,144184.3,WHATSAPP,2026-05-28 01:47:47
PAYMENT0002074,ACC0001669,2026-06-18 05:44:40,35889.28,VOICE,2026-04-08 19:12:12
PAYMENT0012597,ACC0000168,2026-06-18 06:43:41,149716.88,VOICE,2026-06-15 21:52:43
PAYMENT0008176,ACC0018099,2026-06-18 07:40:10,87317.5,VOICE,2026-05-30 12:39:58
PAYMENT0005845,ACC0011047,2026-06-18 07:51:09,8353.28,FIELD,2026-03-19 21:12:28
PAYMENT0005544,ACC0009870,2026-06-18 08:18:28,24125.33,SMS,2026-06-15 01:03:17
PAYMENT0019003,ACC0017760,2026-06-18 08:41:55,110989.09,WHATSAPP,2026-06-18 01:35:51
PAYMENT0015261,ACC0000616,2026-06-18 08:44:47,83908.96,WHATSAPP,2026-06-05 04:56:21
PAYMENT0018926,ACC0004141,2026-06-18 09:39:33,118345.77,SMS,2026-05-31 11:21:07
PAYMENT0018257,ACC0012514,2026-06-18 09:43:58,100608.18,SMS,2026-05-27 03:53:45
PAYMENT0011100,ACC0017733,2026-06-18 09:46:48,25666.46,VOICE,2026-06-12 06:49:40
PAYMENT0018047,ACC0003930,2026-06-18 10:43:42,99688.46,WHATSAPP,2026-06-09 08:43:15
PAYMENT0012318,ACC0012725,2026-06-18 11:24:56,62242.03,SMS,2026-05-07 00:53:24
PAYMENT0017996,ACC0025486,2026-06-18 11:57:09,82522.11,SMS,2026-05-29 15:53:45
PAYMENT0000292,ACC0007872,2026-06-18 12:21:39,135227.47,FIELD,2026-04-28 23:29:41
PAYMENT0022502,ACC0014256,2026-06-18 12:23:18,122162.67,VOICE,2026-04-09 19:39:06
PAYMENT0002375,ACC0022700,2026-06-18 12:33:35,42099.54,FIELD,2026-06-16 04:40:15
PAYMENT0004178,ACC0001132,2026-06-18 13:14:26,36911.59,SMS,2026-05-02 01:00:51
PAYMENT0019159,ACC0002664,2026-06-18 13:18:53,120443.75,WHATSAPP,2026-05-30 10:33:57
PAYMENT0024519,ACC0001285,2026-06-18 14:01:11,97218.41,WHATSAPP,2026-06-01 02:30:52
PAYMENT0005911,ACC0024582,2026-06-18 14:15:48,3128.44,VOICE,2026-06-05 20:12:10
PAYMENT0016182,ACC0012326,2026-06-18 14:30:18,80298.36,WHATSAPP,2026-05-03 07:17:16
PAYMENT0022816,ACC0018786,2026-06-18 15:15:18,49256.47,WHATSAPP,2026-05-27 00:44:00
PAYMENT0004487,ACC0010810,2026-06-18 15:29:26,97380.15,VOICE,2026-05-17 01:33:04
PAYMENT0017946,ACC0015451,2026-06-18 16:42:34,69735.16,WHATSAPP,2026-06-02 10:21:11
PAYMENT0012715,ACC0018624,2026-06-18 17:51:19,40454.54,VOICE,2026-06-04 10:54:11
PAYMENT0001658,ACC0011902,2026-06-18 18:19:20,94665.28,VOICE,2026-06-13 05:52:43
PAYMENT0011807,ACC0013740,2026-06-18 19:24:59,43995.18,FIELD,2026-05-31 19:07:18
PAYMENT0014044,ACC0018165,2026-06-18 19:56:12,32583.35,VOICE,2026-05-06 02:49:29
PAYMENT0024075,ACC0012195,2026-06-18 20:25:23,8524.8,VOICE,2026-06-14 06:42:43
PAYMENT0019355,ACC0002339,2026-06-18 21:10:44,107335.92,VOICE,2026-06-14 01:08:45
PAYMENT0020966,ACC0003382,2026-06-18 21:15:33,118913.24,SMS,2026-06-04 03:20:40
PAYMENT0009792,ACC0022917,2026-06-18 21:21:36,121208.06,WHATSAPP,2026-04-24 14:25:22
PAYMENT0017791,ACC0021563,2026-06-18 21:30:12,116575.41,VOICE,2026-05-21 01:30:46
PAYMENT0023821,ACC0020856,2026-06-18 21:49:42,44081.26,WHATSAPP,2026-06-13 19:44:41
PAYMENT0008602,ACC0026109,2026-06-18 22:47:19,8416.29,SMS,2026-06-05 17:39:55
PAYMENT0003092,ACC0026856,2026-06-18 23:27:01,49862.83,SMS,2026-06-11 23:40:44
PAYMENT0007658,ACC0009059,2026-06-18 23:34:45,145329.22,WHATSAPP,2026-06-01 00:16:32
PAYMENT0021184,ACC0018288,2026-06-18 23:42:41,74595.2,FIELD,2026-06-09 05:22:22
PAYMENT0014579,ACC0020587,2026-06-18 23:48:22,61044.12,VOICE,2026-06-04 21:08:59
PAYMENT0002368,ACC0012251,2026-06-19 00:22:34,20533.14,VOICE,2026-06-05 18:36:44
PAYMENT0022918,ACC0019023,2026-06-19 00:24:44,83373.51,FIELD,2026-04-24 17:40:19
PAYMENT0005421,ACC0019800,2026-06-19 01:18:52,122099.77,VOICE,2026-05-23 07:58:24
PAYMENT0014407,ACC0022551,2026-06-19 01:30:40,42463.53,SMS,2026-06-18 08:53:00
PAYMENT0003891,ACC0009926,2026-06-19 01:34:53,142109.68,VOICE,2026-06-05 07:54:25
PAYMENT0017488,ACC0025630,2026-06-19 02:01:11,75519.1,,
PAYMENT0020631,ACC0012256,2026-06-19 02:10:26,22168.1,WHATSAPP,2026-05-20 04:33:23
PAYMENT0022639,ACC0023197,2026-06-19 03:14:31,132174.14,VOICE,2026-06-01 15:58:02
PAYMENT0010865,ACC0000918,2026-06-19 04:03:33,23543.64,WHATSAPP,2026-03-15 08:22:46
PAYMENT0011847,ACC0028658,2026-06-19 04:19:55,55050.39,WHATSAPP,2026-06-03 15:03:08
PAYMENT0001698,ACC0012356,2026-06-19 04:50:35,34675.92,WHATSAPP,2026-05-23 09:49:20
PAYMENT0005131,ACC0007967,2026-06-19 05:09:43,115859.16,SMS,2026-06-13 23:33:59
PAYMENT0004654,ACC0015443,2026-06-19 05:14:14,10207.26,SMS,2026-05-11 01:48:12
PAYMENT0020912,ACC0013899,2026-06-19 05:39:47,147883.03,WHATSAPP,2026-06-07 18:01:50
PAYMENT0005946,ACC0009588,2026-06-19 05:51:02,144190.19,VOICE,2026-05-11 05:08:21
PAYMENT0007287,ACC0019553,2026-06-19 05:56:58,70531.1,SMS,2026-06-18 00:44:51
PAYMENT0022158,ACC0001324,2026-06-19 06:08:48,33423.78,VOICE,2026-06-16 10:10:44
PAYMENT0024144,ACC0029390,2026-06-19 06:11:39,117790.29,VOICE,2026-04-07 23:25:54
PAYMENT0010316,ACC0001625,2026-06-19 06:14:48,41804.89,FIELD,2026-06-07 03:49:11
PAYMENT0014108,ACC0021307,2026-06-19 06:25:31,8644.78,SMS,2026-06-16 16:00:51
PAYMENT0005237,ACC0020649,2026-06-19 06:34:36,51880.73,WHATSAPP,2026-01-06 07:06:02
PAYMENT0020178,ACC0009026,2026-06-19 06:47:24,3348.67,WHATSAPP,2026-06-08 03:19:38
PAYMENT0009335,ACC0002249,2026-06-19 07:37:15,29424.9,FIELD,2026-06-03 02:10:07
PAYMENT0011582,ACC0029976,2026-06-19 08:20:25,85264.42,FIELD,2026-06-14 18:19:45
PAYMENT0010151,ACC0009991,2026-06-19 08:40:32,48837.75,VOICE,2026-05-26 09:38:21
PAYMENT0018510,ACC0008451,2026-06-19 09:22:24,28900.41,SMS,2026-06-16 08:38:07
PAYMENT0018333,ACC0010995,2026-06-19 10:39:52,91678.12,VOICE,2026-06-01 01:58:51
PAYMENT0018177,ACC0014332,2026-06-19 11:34:27,33865.63,VOICE,2026-06-10 07:27:24
PAYMENT0006333,ACC0028847,2026-06-19 11:44:14,141177.78,WHATSAPP,2026-05-17 06:26:09
PAYMENT0003575,ACC0014731,2026-06-19 11:45:03,32085.51,SMS,2026-05-22 23:44:07
PAYMENT0000365,ACC0027750,2026-06-19 12:00:49,105004.89,SMS,2026-05-06 23:48:28
PAYMENT0005230,ACC0028385,2026-06-19 12:18:20,65360.13,VOICE,2026-06-18 14:39:44
PAYMENT0011932,ACC0000387,2026-06-19 12:20:46,109982.03,SMS,2026-06-02 06:48:14
PAYMENT0016755,ACC0029774,2026-06-19 12:33:31,10493.88,SMS,2026-06-09 21:42:59
PAYMENT0005215,ACC0007259,2026-06-19 13:01:58,124609.58,,
PAYMENT0018203,ACC0008061,2026-06-19 13:02:01,57763.14,WHATSAPP,2026-04-16 13:14:59
PAYMENT0015833,ACC0009065,2026-06-19 14:01:27,124474.13,SMS,2026-06-14 20:25:36
PAYMENT0024281,ACC0018077,2026-06-19 15:10:07,110783.5,FIELD,2026-01-07 05:40:26
PAYMENT0012399,ACC0027776,2026-06-19 15:19:57,127637.5,WHATSAPP,2026-06-11 18:54:22
PAYMENT0019399,ACC0021781,2026-06-19 15:24:31,66035.93,VOICE,2026-06-03 08:59:49
PAYMENT0016775,ACC0019749,2026-06-19 15:48:00,31928.95,FIELD,2026-04-17 00:19:16
PAYMENT0016388,ACC0000529,2026-06-19 16:38:41,74223.17,WHATSAPP,2026-06-17 08:22:17
PAYMENT0024195,ACC0026496,2026-06-19 17:31:46,6313.22,VOICE,2026-06-16 03:08:34
PAYMENT0017060,ACC0025290,2026-06-19 18:21:43,332.51,SMS,2026-05-30 01:13:40
PAYMENT0024076,ACC0026135,2026-06-19 18:22:25,42522.13,WHATSAPP,2026-05-31 00:47:44
PAYMENT0024207,ACC0020220,2026-06-19 18:54:39,12130.24,WHATSAPP,2026-05-15 05:46:29
PAYMENT0021998,ACC0017122,2026-06-19 19:19:36,100630.17,SMS,2026-06-15 23:41:10
PAYMENT0023548,ACC0001208,2026-06-19 20:36:28,37328.98,SMS,2026-06-16 04:05:31
PAYMENT0006045,ACC0001187,2026-06-19 20:54:50,58991.71,VOICE,2026-06-16 14:04:06
PAYMENT0022480,ACC0024769,2026-06-19 21:52:36,130427.1,VOICE,2026-06-13 22:21:32
PAYMENT0001722,ACC0012987,2026-06-19 21:53:46,102399.15,WHATSAPP,2026-05-13 18:59:24
PAYMENT0021490,ACC0017246,2026-06-19 21:55:08,119519.31,VOICE,2026-02-19 06:54:36
PAYMENT0016514,ACC0026569,2026-06-19 22:31:10,26214.76,FIELD,2026-05-24 12:47:54
PAYMENT0003681,ACC0017516,2026-06-19 22:55:38,16856.13,SMS,2026-06-11 16:25:22
PAYMENT0017511,ACC0000566,2026-06-19 23:24:23,37751.99,VOICE,2026-05-19 12:38:18
PAYMENT0016011,ACC0014550,2026-06-19 23:31:27,118644.63,FIELD,2026-06-08 01:04:51
PAYMENT0023304,ACC0029308,2026-06-19 23:56:30,11110.06,WHATSAPP,2026-05-14 02:52:28
PAYMENT0012241,ACC0005037,2026-06-19 23:57:43,77621.12,SMS,2026-05-08 10:28:20
PAYMENT0013542,ACC0003618,2026-06-20 00:02:49,24257.41,WHATSAPP,2026-06-04 17:18:15
PAYMENT0000878,ACC0027050,2026-06-20 00:32:43,125529.8,SMS,2026-04-30 23:59:22
PAYMENT0008715,ACC0007493,2026-06-20 01:05:32,138972.08,VOICE,2026-04-22 16:43:24
PAYMENT0000193,ACC0005606,2026-06-20 02:13:03,32998.16,SMS,2026-06-15 11:56:46
PAYMENT0007822,ACC0014399,2026-06-20 02:51:05,126343.93,WHATSAPP,2026-05-31 17:48:01
PAYMENT0001515,ACC0028959,2026-06-20 03:04:32,114203.93,VOICE,2026-05-27 02:08:42
PAYMENT0021350,ACC0011565,2026-06-20 03:33:49,28169.64,FIELD,2026-04-26 19:55:55
PAYMENT0024540,ACC0023048,2026-06-20 04:23:00,32083.5,SMS,2026-05-02 18:06:46
PAYMENT0006753,ACC0015166,2026-06-20 04:36:33,71989.61,VOICE,2026-04-24 03:26:06
PAYMENT0002901,ACC0002032,2026-06-20 05:07:42,31492.31,SMS,2026-05-24 10:23:57
PAYMENT0008114,ACC0029636,2026-06-20 05:34:31,139808.36,WHATSAPP,2026-05-31 09:38:15
PAYMENT0005119,ACC0011797,2026-06-20 05:50:09,91147.53,WHATSAPP,2026-04-15 15:10:48
PAYMENT0012323,ACC0020788,2026-06-20 06:34:11,75288.58,WHATSAPP,2026-05-31 05:13:43
PAYMENT0019214,ACC0016185,2026-06-20 06:48:25,104824.19,SMS,2026-06-15 18:52:14
PAYMENT0001568,ACC0029641,2026-06-20 07:01:10,27119.13,WHATSAPP,2026-05-10 01:39:15
PAYMENT0019521,ACC0013354,2026-06-20 07:01:37,36858.67,SMS,2026-04-22 04:04:05
PAYMENT0024150,ACC0018899,2026-06-20 07:02:57,87606.86,FIELD,2026-06-07 22:02:47
PAYMENT0013158,ACC0027982,2026-06-20 07:10:18,136453.63,FIELD,2026-03-18 22:20:42
PAYMENT0000361,ACC0019220,2026-06-20 07:37:34,9504.69,VOICE,2026-04-26 00:43:02
PAYMENT0024577,ACC0013964,2026-06-20 08:07:00,14535.02,VOICE,2026-06-16 22:40:54
PAYMENT0011628,ACC0020633,2026-06-20 08:49:16,43526.96,WHATSAPP,2026-03-10 17:18:12
PAYMENT0021352,ACC0001568,2026-06-20 10:16:07,27317.33,VOICE,2026-06-04 01:03:13
PAYMENT0008134,ACC0012101,2026-06-20 11:29:56,149340.35,FIELD,2026-02-19 08:46:38
PAYMENT0021568,ACC0022086,2026-06-20 12:25:46,67383.81,SMS,2026-06-13 12:07:05
PAYMENT0016505,ACC0017116,2026-06-20 12:27:52,50009.67,VOICE,2026-06-10 23:00:45
PAYMENT0006488,ACC0005216,2026-06-20 13:58:02,26566.16,VOICE,2026-06-08 15:20:52
PAYMENT0007379,ACC0003509,2026-06-20 15:24:47,132742.61,VOICE,2026-05-29 17:17:43
PAYMENT0015247,ACC0013637,2026-06-20 15:30:37,103423.23,FIELD,2026-05-31 11:42:07
PAYMENT0004398,ACC0008046,2026-06-20 15:39:46,101619.42,SMS,2026-03-06 19:14:00
PAYMENT0004612,ACC0009637,2026-06-20 15:40:06,111179.33,WHATSAPP,2026-04-13 06:06:44
PAYMENT0012136,ACC0000215,2026-06-20 16:33:40,15528.06,VOICE,2026-05-18 11:38:44
PAYMENT0005730,ACC0017321,2026-06-20 16:47:36,131049.9,VOICE,2026-05-19 21:21:30
PAYMENT0018931,ACC0001779,2026-06-20 17:17:06,102577.06,WHATSAPP,2026-06-07 12:09:46
PAYMENT0020218,ACC0026132,2026-06-20 17:55:03,47971.44,VOICE,2026-05-30 01:23:25
PAYMENT0012829,ACC0001007,2026-06-20 18:01:08,55952.04,VOICE,2026-06-15 13:56:57
PAYMENT0012604,ACC0029470,2026-06-20 18:03:30,442.68,WHATSAPP,2026-06-15 14:30:39
PAYMENT0014031,ACC0009984,2026-06-20 19:07:21,34825.99,VOICE,2026-06-13 11:39:25
PAYMENT0018135,ACC0009928,2026-06-20 19:22:43,83723.75,SMS,2026-06-04 11:41:51
PAYMENT0020620,ACC0010218,2026-06-20 20:05:50,9547.38,VOICE,2026-04-18 03:00:19
PAYMENT0015709,ACC0011417,2026-06-20 20:53:58,12977.64,VOICE,2026-06-04 00:12:17
PAYMENT0003345,ACC0029201,2026-06-20 21:52:56,27632.19,VOICE,2026-05-22 10:21:22
PAYMENT0013504,ACC0025414,2026-06-20 21:58:54,83233.41,WHATSAPP,2026-06-17 08:07:35
PAYMENT0007897,ACC0008355,2026-06-20 23:47:42,104463.47,WHATSAPP,2026-05-18 19:46:15
PAYMENT0001686,ACC0021892,2026-06-21 00:06:43,53173.68,WHATSAPP,2026-05-22 00:20:47
PAYMENT0014051,ACC0002976,2026-06-21 00:09:57,138730.56,SMS,2026-05-05 12:16:39
PAYMENT0002260,ACC0004833,2026-06-21 00:26:55,94506.69,WHATSAPP,2026-06-11 01:22:57
PAYMENT0002304,ACC0027676,2026-06-21 00:57:49,107282.14,WHATSAPP,2026-06-11 04:12:24
PAYMENT0014655,ACC0019977,2026-06-21 01:42:55,26628.94,VOICE,2026-04-24 03:54:47
PAYMENT0006656,ACC0019832,2026-06-21 01:58:15,51562.36,WHATSAPP,2026-04-07 00:58:18
PAYMENT0023664,ACC0015696,2026-06-21 02:15:33,92571.12,SMS,2026-06-20 07:54:44
PAYMENT0003525,ACC0015611,2026-06-21 02:37:24,126266.86,WHATSAPP,2026-06-06 21:11:06
PAYMENT0015116,ACC0028928,2026-06-21 03:17:23,17724.56,FIELD,2026-06-10 02:34:13
PAYMENT0021454,ACC0008794,2026-06-21 04:11:59,34680.16,FIELD,2026-05-20 22:37:47
PAYMENT0010654,ACC0005858,2026-06-21 05:01:13,122460.75,SMS,2026-06-16 18:07:06
PAYMENT0023414,ACC0026557,2026-06-21 05:10:06,137079.51,WHATSAPP,2026-06-06 09:42:48
PAYMENT0013711,ACC0006750,2026-06-21 05:32:11,31775.39,SMS,2026-06-18 01:40:37
PAYMENT0007298,ACC0025045,2026-06-21 05:35:40,44306.87,FIELD,2026-06-15 04:58:10
PAYMENT0008503,ACC0028236,2026-06-21 05:46:44,138532.53,VOICE,2026-06-18 19:29:59
PAYMENT0008886,ACC0020105,2026-06-21 07:57:31,18555.3,VOICE,2026-05-27 06:55:34
PAYMENT0001824,ACC0011921,2026-06-21 09:01:12,80866.03,VOICE,2026-06-15 20:06:28
PAYMENT0022905,ACC0019985,2026-06-21 09:07:44,119921.68,WHATSAPP,2026-06-12 14:59:05
PAYMENT0015060,ACC0026898,2026-06-21 09:13:42,12792.72,VOICE,2026-05-07 14:52:03
PAYMENT0016386,ACC0014884,2026-06-21 09:26:28,107680.16,SMS,2026-06-16 09:52:35
PAYMENT0009173,ACC0020992,2026-06-21 10:02:27,37767.8,WHATSAPP,2026-06-06 20:29:32
PAYMENT0003541,ACC0021943,2026-06-21 10:03:56,78100.41,SMS,2026-01-24 08:04:36
PAYMENT0001645,ACC0019116,2026-06-21 10:22:18,142910.13,SMS,2026-05-07 23:35:39
PAYMENT0022105,ACC0024513,2026-06-21 10:26:52,51319.19,VOICE,2026-04-16 18:44:18
PAYMENT0022566,ACC0011222,2026-06-21 10:28:28,125570.91,WHATSAPP,2026-06-11 11:59:42
PAYMENT0021374,ACC0001776,2026-06-21 10:57:34,140651.15,VOICE,2026-03-12 18:50:51
PAYMENT0018145,ACC0002715,2026-06-21 11:01:25,12393.28,VOICE,2026-06-09 02:17:45
PAYMENT0007484,ACC0013488,2026-06-21 11:42:11,122521.22,WHATSAPP,2026-05-15 21:18:38
PAYMENT0003395,ACC0018182,2026-06-21 11:43:52,63047.66,VOICE,2026-05-04 23:41:27
PAYMENT0013957,ACC0025466,2026-06-21 11:54:05,7936.8,VOICE,2026-06-10 02:56:38
PAYMENT0004858,ACC0008839,2026-06-21 12:27:04,132170.89,VOICE,2026-04-16 13:21:51
PAYMENT0013450,ACC0002685,2026-06-21 12:27:26,50002.38,VOICE,2026-05-18 13:59:48
PAYMENT0000821,ACC0000696,2026-06-21 13:04:17,138871.44,SMS,2026-05-13 04:05:16
PAYMENT0011103,ACC0018701,2026-06-21 13:07:37,46998.45,WHATSAPP,2026-05-08 08:41:58
PAYMENT0004172,ACC0017910,2026-06-21 13:56:35,22710.58,VOICE,2026-05-16 22:23:47
PAYMENT0010649,ACC0007852,2026-06-21 14:30:00,122258.58,WHATSAPP,2026-04-08 06:45:16
PAYMENT0002096,ACC0007740,2026-06-21 14:46:06,11469.8,VOICE,2026-06-18 12:59:09
PAYMENT0011032,ACC0004294,2026-06-21 15:05:57,22827.81,WHATSAPP,2026-06-15 08:01:07
PAYMENT0014802,ACC0018839,2026-06-21 15:12:38,129483.42,VOICE,2026-05-27 11:18:46
PAYMENT0017880,ACC0023435,2026-06-21 15:26:53,91202.12,SMS,2026-06-09 23:53:30
PAYMENT0016911,ACC0028521,2026-06-21 16:12:25,47839.2,VOICE,2026-05-08 08:29:30
PAYMENT0023250,ACC0010641,2026-06-21 17:04:13,99222.03,WHATSAPP,2026-05-07 22:46:21
PAYMENT0021752,ACC0021855,2026-06-21 17:40:17,59888.46,VOICE,2026-02-22 19:24:38
PAYMENT0015983,ACC0016345,2026-06-21 17:50:29,54284.22,VOICE,2026-04-28 23:57:41
PAYMENT0010051,ACC0000120,2026-06-21 17:58:59,149993.55,VOICE,2026-05-29 19:13:11
PAYMENT0021807,ACC0014651,2026-06-21 18:50:59,58803.05,VOICE,2026-06-13 18:25:45
PAYMENT0002949,ACC0003580,2026-06-21 18:51:30,30930.59,VOICE,2026-05-27 15:42:25
PAYMENT0017085,ACC0014542,2026-06-21 19:17:40,108630.99,WHATSAPP,2026-06-10 18:25:39
PAYMENT0012764,ACC0021059,2026-06-21 19:30:51,68792.17,WHATSAPP,2026-06-01 20:31:01
PAYMENT0005209,ACC0015842,2026-06-21 19:42:49,49851.05,WHATSAPP,2026-04-27 02:43:41
PAYMENT0004084,ACC0021289,2026-06-21 19:50:59,99032.53,WHATSAPP,2026-06-19 01:08:53
PAYMENT0023658,ACC0010499,2026-06-21 20:02:51,129767.38,SMS,2026-05-24 16:34:13
PAYMENT0014785,ACC0004922,2026-06-21 20:05:55,50842.83,SMS,2026-06-12 11:31:23
PAYMENT0000810,ACC0001692,2026-06-21 20:32:47,127490.35,WHATSAPP,2026-06-03 12:42:17
PAYMENT0015573,ACC0008578,2026-06-21 20:47:38,48733.78,WHATSAPP,2026-06-06 09:21:48
PAYMENT0012994,ACC0002638,2026-06-21 20:48:22,52265.45,VOICE,2026-06-06 18:30:09
PAYMENT0001469,ACC0018381,2026-06-21 21:15:32,27203.77,SMS,2026-06-08 07:10:33
PAYMENT0008637,ACC0025521,2026-06-21 21:21:50,128934.14,VOICE,2026-06-08 18:11:54
PAYMENT0022029,ACC0012215,2026-06-21 22:06:09,2524.95,SMS,2026-06-14 02:50:20
PAYMENT0016280,ACC0024027,2026-06-22 00:03:52,50361.45,FIELD,2026-04-07 07:17:54
PAYMENT0001872,ACC0016476,2026-06-22 00:07:20,75945.62,VOICE,2026-05-24 02:41:08
PAYMENT0016936,ACC0007500,2026-06-22 00:10:21,99059.75,SMS,2026-06-20 21:20:21
PAYMENT0017076,ACC0000003,2026-06-22 00:35:27,47415.92,VOICE,2026-05-13 03:35:41
PAYMENT0017507,ACC0000187,2026-06-22 01:41:08,31690.94,VOICE,2026-05-15 15:50:52
PAYMENT0002130,ACC0011227,2026-06-22 02:22:23,63505.26,SMS,2026-06-11 00:05:13
PAYMENT0013972,ACC0021055,2026-06-22 02:27:26,42739.7,WHATSAPP,2026-05-05 16:13:28
PAYMENT0009133,ACC0021098,2026-06-22 02:42:49,73714.01,VOICE,2026-05-24 05:24:55
PAYMENT0013973,ACC0006513,2026-06-22 02:56:29,83343.97,SMS,2026-06-07 12:43:56
PAYMENT0004754,ACC0014917,2026-06-22 03:15:00,36846.6,WHATSAPP,2026-06-08 10:29:05
PAYMENT0016969,ACC0027352,2026-06-22 03:24:00,98260.65,VOICE,2026-06-02 13:06:36
PAYMENT0001303,ACC0000526,2026-06-22 03:48:49,117953.5,VOICE,2026-06-07 07:03:32
PAYMENT0010317,ACC0008609,2026-06-22 03:55:52,29753.15,FIELD,2026-05-21 11:16:13
PAYMENT0017173,ACC0023542,2026-06-22 04:53:01,75538.37,FIELD,2026-05-07 17:59:45
PAYMENT0022661,ACC0026328,2026-06-22 04:56:15,136140.17,WHATSAPP,2026-01-31 22:33:05
PAYMENT0012847,ACC0009619,2026-06-22 06:05:43,29769.62,VOICE,2026-06-06 10:49:41
PAYMENT0021931,ACC0014428,2026-06-22 06:38:59,30314.67,VOICE,2026-03-23 09:16:25
PAYMENT0007476,ACC0011543,2026-06-22 06:46:53,95092.75,WHATSAPP,2026-04-29 09:51:55
PAYMENT0005200,ACC0000658,2026-06-22 07:25:59,85916.04,FIELD,2026-06-02 19:39:23
PAYMENT0008118,ACC0010727,2026-06-22 07:49:32,39483.13,VOICE,2026-06-09 00:08:31
PAYMENT0024604,ACC0012175,2026-06-22 08:24:36,60587.47,VOICE,2026-06-19 16:35:18
PAYMENT0007568,ACC0015718,2026-06-22 09:02:45,9733.93,VOICE,2026-04-15 07:01:29
PAYMENT0005770,ACC0000949,2026-06-22 09:03:02,121514.04,SMS,2026-02-15 14:31:21
PAYMENT0000432,ACC0020288,2026-06-22 10:13:55,4302.01,VOICE,2026-05-02 09:01:11
PAYMENT0012528,ACC0020885,2026-06-22 10:24:44,1087.79,SMS,2026-06-09 15:17:59
PAYMENT0007154,ACC0014791,2026-06-22 11:48:53,12739.36,VOICE,2026-06-13 20:02:41
PAYMENT0006160,ACC0026973,2026-06-22 11:53:00,18444.33,VOICE,2026-06-21 19:12:20
PAYMENT0000027,ACC0025045,2026-06-22 11:53:42,126430.03,FIELD,2026-06-15 04:58:10
PAYMENT0013739,ACC0012375,2026-06-22 12:14:13,25685.91,VOICE,2026-05-18 16:15:15
PAYMENT0004074,ACC0018305,2026-06-22 12:22:54,78624.28,WHATSAPP,2026-06-09 01:06:11
PAYMENT0003382,ACC0006283,2026-06-22 12:35:33,101764.84,FIELD,2026-06-06 06:11:22
PAYMENT0000506,ACC0004377,2026-06-22 12:57:22,107397.65,VOICE,2026-04-30 07:51:40
PAYMENT0021146,ACC0005040,2026-06-22 13:09:35,116368.61,WHATSAPP,2026-05-30 23:51:43
PAYMENT0004319,ACC0018575,2026-06-22 13:10:00,110392.18,SMS,2026-06-17 08:59:25
PAYMENT0018694,ACC0007873,2026-06-22 13:26:20,126527.84,VOICE,2026-05-29 23:43:42
PAYMENT0020249,ACC0007332,2026-06-22 13:48:02,72827.47,WHATSAPP,2026-06-01 22:16:49
PAYMENT0004454,ACC0009232,2026-06-22 13:57:10,72449.65,FIELD,2026-04-19 07:01:58
PAYMENT0000688,ACC0005284,2026-06-22 13:59:40,146025.27,SMS,2026-06-05 01:39:34
PAYMENT0013416,ACC0004629,2026-06-22 14:26:17,9730.3,VOICE,2026-03-27 10:32:50
PAYMENT0016229,ACC0015251,2026-06-22 14:34:13,130186.67,VOICE,2026-06-17 04:01:34
PAYMENT0018380,ACC0009772,2026-06-22 15:17:15,37226.4,VOICE,2026-06-14 18:10:03
PAYMENT0001570,ACC0005324,2026-06-22 15:37:44,7434.97,SMS,2026-04-17 19:13:38
PAYMENT0015318,ACC0017329,2026-06-22 15:42:53,145437.53,SMS,2026-05-29 10:05:02
PAYMENT0018515,ACC0020421,2026-06-22 17:00:29,15277.11,VOICE,2026-06-20 07:03:08
PAYMENT0004117,ACC0004947,2026-06-22 17:08:34,95459.24,FIELD,2026-04-18 21:28:59
PAYMENT0005558,ACC0000419,2026-06-22 17:16:56,38293.6,SMS,2026-04-20 19:34:42
PAYMENT0005277,ACC0022801,2026-06-22 17:34:11,130340.6,VOICE,2026-05-31 15:42:07
PAYMENT0014211,ACC0011886,2026-06-22 17:52:53,46539.05,WHATSAPP,2026-06-13 03:51:34
PAYMENT0018133,ACC0014907,2026-06-22 18:02:02,31534.04,FIELD,2026-06-07 03:25:06
PAYMENT0016867,ACC0021422,2026-06-22 18:36:17,90490.6,SMS,2026-04-30 19:43:09
PAYMENT0018119,ACC0014106,2026-06-22 18:50:08,102210.71,WHATSAPP,2026-06-07 03:55:41
PAYMENT0015750,ACC0016122,2026-06-22 18:55:45,40348.08,VOICE,2026-06-20 09:01:33
PAYMENT0008441,ACC0002679,2026-06-22 18:57:08,31354.48,FIELD,2026-05-12 12:31:19
PAYMENT0003665,ACC0003261,2026-06-22 19:08:03,133314.12,SMS,2026-06-02 06:49:30
PAYMENT0000295,ACC0016236,2026-06-22 19:15:36,124231.77,SMS,2026-06-18 21:55:28
PAYMENT0006653,ACC0010327,2026-06-22 19:26:22,78672.66,WHATSAPP,2026-05-13 00:00:57
PAYMENT0023279,ACC0010477,2026-06-22 20:16:49,75522.78,WHATSAPP,2026-06-15 14:47:17
PAYMENT0018721,ACC0022707,2026-06-22 20:35:55,130671.01,SMS,2026-05-24 17:17:49
PAYMENT0017283,ACC0015774,2026-06-22 20:57:43,38588.42,SMS,2026-06-15 11:09:33
PAYMENT0021650,ACC0016707,2026-06-22 22:05:45,22895.97,FIELD,2026-05-15 13:59:33
PAYMENT0012055,ACC0011375,2026-06-22 22:12:31,145564.55,SMS,2026-04-09 02:57:01
PAYMENT0012372,ACC0009478,2026-06-22 22:43:15,18405.82,SMS,2026-05-12 17:30:27
PAYMENT0008257,ACC0021553,2026-06-22 23:02:37,49471.93,SMS,2026-06-06 05:00:24
PAYMENT0011142,ACC0004057,2026-06-23 00:31:51,70287.44,WHATSAPP,2026-06-11 02:59:07
PAYMENT0002396,ACC0012653,2026-06-23 00:56:39,139721.91,VOICE,2026-06-07 22:06:41
PAYMENT0012061,ACC0022405,2026-06-23 02:34:23,99821.98,SMS,2026-06-17 20:50:05
PAYMENT0005266,ACC0020777,2026-06-23 02:41:26,132133.17,VOICE,2026-05-03 05:44:51
PAYMENT0005752,ACC0028711,2026-06-23 02:42:11,1966.71,FIELD,2026-05-13 04:18:14
PAYMENT0001319,ACC0018802,2026-06-23 03:14:11,36335.92,VOICE,2026-06-17 11:56:12
PAYMENT0023768,ACC0019051,2026-06-23 03:37:20,95722.55,VOICE,2026-05-29 02:16:41
PAYMENT0015126,ACC0029916,2026-06-23 04:04:30,26978.36,WHATSAPP,2026-05-31 15:32:50
PAYMENT0012187,ACC0023367,2026-06-23 05:21:39,51719.82,VOICE,2026-06-16 12:02:14
PAYMENT0012718,ACC0012081,2026-06-23 06:02:30,105540.07,VOICE,2026-06-13 09:25:15
PAYMENT0023670,ACC0005371,2026-06-23 06:06:53,41363.84,SMS,2026-03-22 11:39:16
PAYMENT0018398,ACC0008804,2026-06-23 06:22:10,50751.5,,
PAYMENT0012967,ACC0019182,2026-06-23 06:32:32,54800.75,WHATSAPP,2026-05-18 07:10:30
PAYMENT0020922,ACC0023117,2026-06-23 08:26:18,83113.58,VOICE,2026-06-21 02:14:47
PAYMENT0017851,ACC0029730,2026-06-23 08:30:27,43442.81,SMS,2026-06-18 09:28:03
PAYMENT0023113,ACC0029009,2026-06-23 08:54:17,115520.56,WHATSAPP,2026-06-21 17:01:59
PAYMENT0023770,ACC0013907,2026-06-23 09:02:58,37150.01,VOICE,2026-04-20 03:42:57
PAYMENT0006968,ACC0022000,2026-06-23 09:03:57,63716.1,SMS,2026-05-19 08:17:30
PAYMENT0011474,ACC0029073,2026-06-23 09:07:22,66389.84,SMS,2026-02-27 22:30:56
PAYMENT0016168,ACC0020589,2026-06-23 09:22:03,38903.75,SMS,2026-04-28 06:41:02
PAYMENT0006247,ACC0013041,2026-06-23 09:51:34,83312.22,FIELD,2026-06-01 19:38:38
PAYMENT0005620,ACC0021696,2026-06-23 11:05:02,5555.77,FIELD,2026-06-08 09:17:30
PAYMENT0003880,ACC0009214,2026-06-23 11:14:31,48976.62,SMS,2026-03-02 11:39:06
PAYMENT0006783,ACC0012327,2026-06-23 11:19:14,50729.16,VOICE,2026-06-06 21:18:47
PAYMENT0021562,ACC0001450,2026-06-23 11:24:24,136129.74,SMS,2026-06-16 17:26:00
PAYMENT0024280,ACC0003241,2026-06-23 11:37:29,5983.56,WHATSAPP,2026-06-22 22:42:47
PAYMENT0022167,ACC0026572,2026-06-23 11:42:08,71445.45,VOICE,2026-06-01 06:40:20
PAYMENT0010634,ACC0012946,2026-06-23 13:03:09,41500.89,VOICE,2026-05-14 15:07:41
PAYMENT0002520,ACC0013584,2026-06-23 13:51:13,73325.49,WHATSAPP,2026-05-14 17:28:58
PAYMENT0017529,ACC0015371,2026-06-23 14:02:44,34896.1,VOICE,2026-06-05 04:53:50
PAYMENT0017299,ACC0004561,2026-06-23 14:53:20,31621.86,SMS,2026-06-06 12:04:29
PAYMENT0002116,ACC0004383,2026-06-23 15:29:34,18256.87,,
PAYMENT0017626,ACC0000102,2026-06-23 15:45:01,63590.84,SMS,2026-06-17 11:47:30
PAYMENT0024223,ACC0011217,2026-06-23 16:55:48,90965.66,VOICE,2026-04-26 17:00:52
PAYMENT0011237,ACC0024486,2026-06-23 18:21:03,9531.99,SMS,2026-05-23 22:25:48
PAYMENT0023917,ACC0029692,2026-06-23 18:45:29,14987.66,SMS,2026-05-26 09:44:02
PAYMENT0013465,ACC0011748,2026-06-23 19:13:53,93578.77,VOICE,2026-05-14 01:35:53
PAYMENT0018756,ACC0003378,2026-06-23 19:25:32,37627.2,VOICE,2026-06-06 13:13:53
PAYMENT0010720,ACC0027512,2026-06-23 19:38:46,75219.95,VOICE,2026-05-24 22:05:57
PAYMENT0005967,ACC0017186,2026-06-23 19:52:36,112241.66,FIELD,2026-06-23 12:35:09
PAYMENT0017638,ACC0012542,2026-06-23 21:57:15,101128.19,VOICE,2026-06-12 22:09:20
PAYMENT0024618,ACC0015377,2026-06-23 22:10:26,89669.03,VOICE,2026-05-13 19:21:43
PAYMENT0010659,ACC0000967,2026-06-23 23:09:02,88273.51,FIELD,2026-06-04 06:34:17
PAYMENT0021057,ACC0018824,2026-06-23 23:11:13,55656.86,WHATSAPP,2026-05-19 23:29:20
PAYMENT0018659,ACC0014442,2026-06-23 23:13:49,43880.35,WHATSAPP,2026-05-12 23:07:13
PAYMENT0009067,ACC0021972,2026-06-23 23:16:58,122007.49,FIELD,2026-05-30 03:45:04
PAYMENT0012247,ACC0025901,2026-06-24 00:29:40,70781.49,VOICE,2026-06-09 18:08:33
PAYMENT0008859,ACC0007772,2026-06-24 00:36:19,91335.9,SMS,2026-05-26 22:11:26
PAYMENT0022508,ACC0023089,2026-06-24 01:19:21,74417.01,SMS,2026-06-02 07:38:15
PAYMENT0016737,ACC0010952,2026-06-24 01:43:42,111018.48,VOICE,2026-06-23 23:27:01
PAYMENT0001505,ACC0006815,2026-06-24 01:59:01,94705.82,VOICE,2026-06-02 14:38:05
PAYMENT0011436,ACC0028249,2026-06-24 02:02:07,132412.78,FIELD,2026-06-03 02:32:27
PAYMENT0018967,ACC0007396,2026-06-24 02:03:29,109081.86,SMS,2026-06-12 08:16:10
PAYMENT0004451,ACC0021202,2026-06-24 02:04:59,52648.15,VOICE,2026-06-23 09:47:57
PAYMENT0011406,ACC0012152,2026-06-24 02:22:10,4606.25,VOICE,2026-06-17 12:54:56
PAYMENT0008665,ACC0011850,2026-06-24 02:34:59,105434.6,WHATSAPP,2026-06-07 16:47:47
PAYMENT0005374,ACC0018117,2026-06-24 02:50:17,144042.61,FIELD,2026-06-21 19:39:06
PAYMENT0009405,ACC0016722,2026-06-24 03:20:45,56581.21,WHATSAPP,2026-05-01 12:00:21
PAYMENT0009038,ACC0010196,2026-06-24 03:54:55,107360.06,FIELD,2026-06-07 00:36:12
PAYMENT0017595,ACC0007216,2026-06-24 04:37:47,62277.21,FIELD,2026-05-31 02:44:01
PAYMENT0015773,ACC0025890,2026-06-24 05:10:54,143462.42,VOICE,2026-06-22 21:34:23
PAYMENT0014027,ACC0016100,2026-06-24 05:14:04,79372.46,WHATSAPP,2026-06-10 08:53:28
PAYMENT0021370,ACC0016394,2026-06-24 05:36:55,65858.49,VOICE,2026-04-20 01:33:30
PAYMENT0011793,ACC0025452,2026-06-24 05:38:31,134486.14,WHATSAPP,2026-06-22 16:46:52
PAYMENT0024325,ACC0005819,2026-06-24 05:46:22,74921.18,SMS,2026-06-15 09:08:53
PAYMENT0007915,ACC0000127,2026-06-24 06:45:15,44254.11,FIELD,2026-06-13 10:50:26
PAYMENT0022620,ACC0015034,2026-06-24 06:46:15,14135.03,SMS,2026-06-09 07:00:36
PAYMENT0024811,ACC0014352,2026-06-24 06:52:32,67531.32,SMS,2026-06-15 19:04:03
PAYMENT0015999,ACC0012796,2026-06-24 06:58:36,93784.12,VOICE,2026-06-15 05:43:35
PAYMENT0022390,ACC0017064,2026-06-24 08:25:49,111934.49,WHATSAPP,2026-04-15 20:05:30
PAYMENT0023750,ACC0001247,2026-06-24 08:36:16,72011.57,VOICE,2026-06-13 07:59:35
PAYMENT0010184,ACC0018529,2026-06-24 08:53:24,147874.74,SMS,2026-06-01 12:59:21
PAYMENT0003847,ACC0023508,2026-06-24 09:10:01,12049.89,VOICE,2026-06-05 04:36:48
PAYMENT0009177,ACC0012489,2026-06-24 09:17:06,12996.51,WHATSAPP,2026-05-27 01:42:24
PAYMENT0004485,ACC0006472,2026-06-24 09:23:50,148745.15,WHATSAPP,2026-06-15 08:08:43
PAYMENT0015368,ACC0003927,2026-06-24 10:20:46,82291.47,WHATSAPP,2026-04-03 09:55:00
PAYMENT0017322,ACC0002743,2026-06-24 10:21:12,42066.62,VOICE,2026-06-12 19:50:38
PAYMENT0004198,ACC0012853,2026-06-24 10:38:50,32403.54,VOICE,2026-06-19 08:32:46
PAYMENT0015372,ACC0010388,2026-06-24 10:45:50,67191.04,SMS,2026-05-22 22:35:14
PAYMENT0002441,ACC0025574,2026-06-24 11:21:20,33843.87,VOICE,2026-05-13 18:06:47
PAYMENT0013983,ACC0026892,2026-06-24 11:21:45,86118.83,SMS,2026-05-19 05:19:52
PAYMENT0015218,ACC0024623,2026-06-24 11:54:56,85990.93,WHATSAPP,2026-06-02 09:44:00
PAYMENT0015950,ACC0010096,2026-06-24 12:04:42,19420.63,VOICE,2026-06-23 16:00:34
PAYMENT0005021,ACC0024470,2026-06-24 12:30:33,143657.42,VOICE,2026-05-26 10:38:40
PAYMENT0011079,ACC0022839,2026-06-24 12:46:09,145455.25,SMS,2026-06-03 13:08:49
PAYMENT0016357,ACC0003252,2026-06-24 13:08:48,127535.09,VOICE,2026-03-21 04:34:23
PAYMENT0006238,ACC0001743,2026-06-24 13:26:09,119278.48,FIELD,2026-06-13 08:02:43
PAYMENT0007012,ACC0028134,2026-06-24 14:26:03,118361.57,VOICE,2026-06-07 07:44:01
PAYMENT0014776,ACC0002827,2026-06-24 14:28:10,33051.01,VOICE,2026-05-29 16:46:39
PAYMENT0010215,ACC0022098,2026-06-24 15:13:38,49790.75,SMS,2026-05-13 00:09:00
PAYMENT0020447,ACC0016125,2026-06-24 15:46:39,5853.88,FIELD,2026-06-15 03:22:38
PAYMENT0003347,ACC0006711,2026-06-24 16:02:02,49578.89,VOICE,2026-04-28 06:19:17
PAYMENT0007149,ACC0022500,2026-06-24 16:02:16,117481.75,SMS,2026-05-08 12:16:11
PAYMENT0024187,ACC0009594,2026-06-24 16:07:08,102886.6,VOICE,2026-06-02 01:13:55
PAYMENT0011809,ACC0015073,2026-06-24 16:53:33,58687.92,FIELD,2026-06-05 05:08:15
PAYMENT0006039,ACC0024918,2026-06-24 17:20:58,100030.65,FIELD,2026-05-21 21:58:39
PAYMENT0023341,ACC0008016,2026-06-24 17:36:05,110518.39,WHATSAPP,2026-06-16 03:51:53
PAYMENT0017510,ACC0001048,2026-06-24 17:41:29,25089.89,VOICE,2026-05-10 18:54:27
PAYMENT0001789,ACC0010272,2026-06-24 17:54:01,101780.73,VOICE,2026-06-16 23:12:00
PAYMENT0002505,ACC0022829,2026-06-24 18:14:27,43324.83,WHATSAPP,2026-05-04 16:01:48
PAYMENT0018573,ACC0009525,2026-06-24 18:15:28,96930.77,WHATSAPP,2026-06-17 11:46:42
PAYMENT0024592,ACC0019497,2026-06-24 18:56:58,37381.53,VOICE,2026-06-24 09:06:59
PAYMENT0013853,ACC0025409,2026-06-24 18:59:18,50057.83,VOICE,2026-04-23 09:08:26
PAYMENT0008007,ACC0006143,2026-06-24 19:58:30,76112.43,WHATSAPP,2026-06-24 05:31:03
PAYMENT0005419,ACC0000971,2026-06-24 20:14:48,142894.74,WHATSAPP,2026-06-23 09:10:15
PAYMENT0001070,ACC0000004,2026-06-24 20:53:31,120763.0,WHATSAPP,2026-05-10 07:12:03
PAYMENT0003261,ACC0000920,2026-06-24 20:57:02,92127.78,FIELD,2026-06-22 12:00:35
PAYMENT0023959,ACC0016123,2026-06-24 20:58:34,114198.26,SMS,2026-06-18 03:07:17
PAYMENT0004037,ACC0008787,2026-06-24 21:37:06,97834.62,VOICE,2026-03-04 03:34:23
PAYMENT0016423,ACC0028127,2026-06-24 21:52:07,36639.06,WHATSAPP,2026-05-08 12:21:59
PAYMENT0014452,ACC0024556,2026-06-24 21:53:17,126199.83,SMS,2026-06-12 10:52:32
PAYMENT0001529,ACC0012935,2026-06-24 22:08:43,121713.71,SMS,2026-06-09 19:31:52
PAYMENT0014261,ACC0005902,2026-06-24 22:51:05,26067.58,SMS,2026-05-12 19:48:28
PAYMENT0008023,ACC0010765,2026-06-24 23:02:06,33834.62,WHATSAPP,2026-04-20 23:11:20
PAYMENT0020758,ACC0003016,2026-06-24 23:17:37,13103.76,VOICE,2026-06-06 11:42:41
PAYMENT0021551,ACC0015466,2026-06-24 23:22:00,6659.71,SMS,2026-05-28 15:48:03
PAYMENT0023141,ACC0022500,2026-06-24 23:22:43,59792.7,SMS,2026-05-08 12:16:11
PAYMENT0018990,ACC0018412,2026-06-24 23:25:18,97116.71,SMS,2026-06-14 21:17:32
PAYMENT0021208,ACC0025656,2026-06-24 23:26:30,66112.86,WHATSAPP,2026-06-17 09:35:52
PAYMENT0024777,ACC0009327,2026-06-25 01:02:30,47450.02,WHATSAPP,2026-06-11 04:54:02
PAYMENT0004506,ACC0016182,2026-06-25 01:33:41,133918.01,FIELD,2026-05-27 11:47:48
PAYMENT0014256,ACC0005872,2026-06-25 01:52:46,124154.29,VOICE,2026-06-22 22:34:55
PAYMENT0004653,ACC0021639,2026-06-25 02:48:14,16670.27,VOICE,2026-06-23 08:01:35
PAYMENT0003542,ACC0018676,2026-06-25 04:08:31,81404.67,WHATSAPP,2026-06-16 05:46:06
PAYMENT0009886,ACC0009169,2026-06-25 04:22:39,76610.23,VOICE,2026-05-28 05:51:14
PAYMENT0013392,ACC0025821,2026-06-25 04:48:55,120015.07,VOICE,2026-06-22 04:58:31
PAYMENT0001137,ACC0006630,2026-06-25 05:12:39,26013.2,WHATSAPP,2026-06-10 08:17:10
PAYMENT0024528,ACC0008289,2026-06-25 05:47:07,127210.49,WHATSAPP,2026-05-01 05:28:11
PAYMENT0009513,ACC0028036,2026-06-25 08:16:05,92265.56,VOICE,2026-06-15 21:47:38
PAYMENT0021382,ACC0012518,2026-06-25 09:37:57,134582.67,WHATSAPP,2026-06-05 00:24:40
PAYMENT0021238,ACC0027332,2026-06-25 09:45:25,27562.4,VOICE,2026-04-16 01:07:52
PAYMENT0008741,ACC0003575,2026-06-25 10:53:01,17325.5,VOICE,2026-06-16 02:28:44
PAYMENT0012772,ACC0017438,2026-06-25 10:58:41,64706.57,SMS,2026-06-19 11:54:59
PAYMENT0011022,ACC0007849,2026-06-25 11:06:11,60548.25,WHATSAPP,2026-06-15 22:41:36
PAYMENT0010243,ACC0005472,2026-06-25 11:56:26,21283.27,WHATSAPP,2026-04-11 04:46:23
PAYMENT0021541,ACC0017441,2026-06-25 13:51:18,95311.83,WHATSAPP,2026-05-25 18:46:00
PAYMENT0009069,ACC0023883,2026-06-25 14:42:40,32069.32,SMS,2026-06-13 19:51:56
PAYMENT0012352,ACC0000575,2026-06-25 16:00:32,4973.67,WHATSAPP,2026-05-27 01:14:15
PAYMENT0014853,ACC0012829,2026-06-25 16:29:22,109034.22,FIELD,2026-04-29 01:21:56
PAYMENT0024042,ACC0012660,2026-06-25 16:31:30,105480.81,VOICE,2026-06-20 20:04:45
PAYMENT0020135,ACC0006376,2026-06-25 16:55:49,143120.28,VOICE,2026-05-13 15:57:12
PAYMENT0003454,ACC0010079,2026-06-25 17:00:59,42092.39,FIELD,2026-06-18 07:19:09
PAYMENT0023667,ACC0012501,2026-06-25 17:44:21,12800.17,VOICE,2026-06-25 03:24:34
PAYMENT0001484,ACC0012848,2026-06-25 17:51:56,139758.65,VOICE,2026-06-15 23:34:42
PAYMENT0022852,ACC0025919,2026-06-25 18:10:21,149529.23,VOICE,2026-06-06 13:29:10
PAYMENT0020433,ACC0000121,2026-06-25 18:28:15,31643.02,FIELD,2026-01-27 23:04:29
PAYMENT0008016,ACC0018216,2026-06-25 18:30:05,44349.06,WHATSAPP,2026-05-23 11:32:10
PAYMENT0016094,ACC0000163,2026-06-25 18:46:02,57377.53,WHATSAPP,2026-06-19 01:55:02
PAYMENT0012395,ACC0014985,2026-06-25 19:28:36,9254.4,VOICE,2026-03-20 16:28:02
PAYMENT0002766,ACC0001934,2026-06-25 19:36:12,44472.83,VOICE,2026-05-23 12:03:41
PAYMENT0009611,ACC0023829,2026-06-25 19:38:01,43193.39,SMS,2026-06-04 18:26:03
PAYMENT0014582,ACC0027810,2026-06-25 19:39:57,72773.02,VOICE,2026-06-21 16:22:01
PAYMENT0023735,ACC0001757,2026-06-25 19:58:48,117790.04,WHATSAPP,2026-05-05 17:44:28
PAYMENT0001428,ACC0024113,2026-06-25 20:52:05,99039.74,SMS,2026-05-19 22:16:51
PAYMENT0014644,ACC0003432,2026-06-25 21:20:11,18522.08,FIELD,2026-03-03 15:12:59
PAYMENT0003926,ACC0023387,2026-06-25 21:36:07,128550.16,VOICE,2026-05-08 18:57:39
PAYMENT0014377,ACC0023512,2026-06-25 21:38:46,10107.17,SMS,2026-06-11 09:30:26
PAYMENT0005944,ACC0001988,2026-06-25 21:52:12,98079.2,VOICE,2026-05-27 22:59:50
PAYMENT0022565,ACC0008306,2026-06-25 22:44:24,40965.44,SMS,2026-06-02 01:38:25
PAYMENT0016944,ACC0007761,2026-06-25 23:27:42,66215.94,VOICE,2026-03-30 01:53:22
PAYMENT0017213,ACC0025342,2026-06-25 23:48:10,104269.53,WHATSAPP,2026-05-12 08:00:12
PAYMENT0004231,ACC0003417,2026-06-25 23:57:36,7150.51,WHATSAPP,2026-06-08 08:50:53
PAYMENT0000631,ACC0024024,2026-06-26 00:02:32,106587.05,WHATSAPP,2026-06-06 16:22:08
PAYMENT0006036,ACC0012810,2026-06-26 00:29:06,133527.84,WHATSAPP,2026-05-26 20:51:26
PAYMENT0012424,ACC0019948,2026-06-26 02:00:10,367.62,VOICE,2026-05-23 11:38:26
PAYMENT0022504,ACC0027713,2026-06-26 02:04:40,114617.88,SMS,2026-06-06 17:00:00
PAYMENT0014546,ACC0001333,2026-06-26 02:31:52,54965.53,VOICE,2026-06-19 10:11:19
PAYMENT0001805,ACC0007046,2026-06-26 03:19:32,48392.39,VOICE,2026-06-08 12:53:42
PAYMENT0014236,ACC0027865,2026-06-26 03:31:56,42265.53,VOICE,2026-06-07 19:35:17
PAYMENT0021421,ACC0013708,2026-06-26 04:07:27,79347.86,FIELD,2026-06-19 21:49:48
PAYMENT0022749,ACC0020817,2026-06-26 04:34:28,127174.84,VOICE,2026-06-07 06:34:39
PAYMENT0010168,ACC0025285,2026-06-26 05:31:49,14031.39,SMS,2026-06-01 11:03:33
PAYMENT0016545,ACC0022848,2026-06-26 05:36:55,45739.81,WHATSAPP,2026-01-23 13:43:23
PAYMENT0023462,ACC0025436,2026-06-26 05:41:15,23529.4,WHATSAPP,2026-06-02 17:20:51
PAYMENT0011154,ACC0026552,2026-06-26 05:50:34,100258.83,SMS,2026-04-27 09:43:09
PAYMENT0006511,ACC0023785,2026-06-26 05:55:02,138632.76,WHATSAPP,2026-06-14 19:50:06
PAYMENT0004775,ACC0015809,2026-06-26 06:18:56,142377.65,VOICE,2026-04-30 06:08:04
PAYMENT0012960,ACC0029253,2026-06-26 07:43:36,80317.86,VOICE,2026-06-25 20:39:15
PAYMENT0012313,ACC0026780,2026-06-26 07:46:23,142781.34,VOICE,2026-06-17 20:15:59
PAYMENT0003800,ACC0028323,2026-06-26 07:52:00,5457.79,WHATSAPP,2026-06-07 17:49:59
PAYMENT0011776,ACC0007316,2026-06-26 09:13:34,31262.7,WHATSAPP,2026-06-10 05:08:32
PAYMENT0008966,ACC0029896,2026-06-26 09:21:37,68945.11,FIELD,2026-05-30 15:02:39
PAYMENT0000503,ACC0026191,2026-06-26 09:31:48,32490.96,WHATSAPP,2026-06-17 03:15:35
PAYMENT0004442,ACC0013707,2026-06-26 09:57:47,121646.78,WHATSAPP,2026-06-19 08:42:16
PAYMENT0012330,ACC0020539,2026-06-26 10:06:40,133062.92,VOICE,2026-04-28 15:33:27
PAYMENT0012412,ACC0007627,2026-06-26 10:13:33,149879.41,VOICE,2026-06-03 21:22:41
PAYMENT0000450,ACC0012054,2026-06-26 10:17:25,14265.76,WHATSAPP,2026-04-24 03:06:52
PAYMENT0012172,ACC0022422,2026-06-26 10:26:26,148468.19,VOICE,2026-05-27 15:21:38
PAYMENT0007992,ACC0015791,2026-06-26 11:33:09,13414.07,SMS,2026-05-27 13:40:46
PAYMENT0013594,ACC0013019,2026-06-26 11:38:50,147001.06,VOICE,2026-06-02 00:12:05
PAYMENT0003798,ACC0004014,2026-06-26 11:40:09,10604.01,VOICE,2026-06-26 06:12:49
PAYMENT0024470,ACC0008525,2026-06-26 12:34:43,8178.59,VOICE,2026-05-20 07:51:48
PAYMENT0017466,ACC0029920,2026-06-26 12:56:36,44023.43,VOICE,2026-06-26 08:46:42
PAYMENT0010779,ACC0017869,2026-06-26 12:57:56,116087.93,VOICE,2026-06-14 14:50:37
PAYMENT0009605,ACC0012197,2026-06-26 12:59:24,125462.59,VOICE,2026-06-25 11:49:34
PAYMENT0010888,ACC0007636,2026-06-26 13:57:07,110360.24,WHATSAPP,2026-06-12 20:35:06
PAYMENT0000684,ACC0008149,2026-06-26 14:04:15,35902.23,VOICE,2026-06-23 07:36:54
PAYMENT0000829,ACC0017556,2026-06-26 15:06:34,130346.77,WHATSAPP,2026-06-03 05:06:10
PAYMENT0017674,ACC0023633,2026-06-26 15:15:33,52022.07,WHATSAPP,2026-05-31 08:43:53
PAYMENT0005726,ACC0004572,2026-06-26 16:20:36,10883.84,WHATSAPP,2026-05-18 00:22:02
PAYMENT0004862,ACC0014564,2026-06-26 16:24:09,110544.78,FIELD,2026-05-19 13:01:15
PAYMENT0004259,ACC0003457,2026-06-26 16:26:25,62481.17,WHATSAPP,2026-04-24 15:13:46
PAYMENT0013931,ACC0010671,2026-06-26 16:33:36,103893.01,WHATSAPP,2026-06-14 07:30:08
PAYMENT0022228,ACC0024133,2026-06-26 17:08:25,43961.27,VOICE,2026-04-09 02:30:51
PAYMENT0005800,ACC0028534,2026-06-26 17:25:37,56906.62,VOICE,2026-05-16 16:07:40
PAYMENT0024229,ACC0025190,2026-06-26 17:57:58,133266.59,VOICE,2026-06-22 22:34:17
PAYMENT0018131,ACC0021419,2026-06-26 17:59:34,48142.86,VOICE,2026-06-01 19:46:22
PAYMENT0013282,ACC0027558,2026-06-26 18:10:46,32810.77,WHATSAPP,2026-05-10 17:15:36
PAYMENT0019905,ACC0023429,2026-06-26 18:17:42,67085.31,SMS,2026-03-26 23:20:36
PAYMENT0014635,ACC0021356,2026-06-26 18:56:45,21939.12,WHATSAPP,2026-06-22 13:35:30
PAYMENT0004925,ACC0008684,2026-06-26 19:39:04,37464.48,SMS,2026-06-09 07:13:44
PAYMENT0009781,ACC0014805,2026-06-26 20:12:30,52287.76,SMS,2026-06-06 12:36:45
PAYMENT0004092,ACC0028645,2026-06-26 20:15:18,63815.88,WHATSAPP,2026-02-27 09:03:14
PAYMENT0004055,ACC0005869,2026-06-26 20:49:37,63887.91,SMS,2026-06-15 00:26:03
PAYMENT0015209,ACC0005950,2026-06-26 20:55:31,91986.37,WHATSAPP,2026-06-06 16:16:04
PAYMENT0021087,ACC0020806,2026-06-26 21:05:13,115108.83,FIELD,2026-06-16 16:48:02
PAYMENT0024855,ACC0018549,2026-06-26 21:52:14,44546.27,WHATSAPP,2026-04-03 10:04:07
PAYMENT0001330,ACC0002545,2026-06-26 22:06:03,25763.83,WHATSAPP,2026-04-23 12:25:03
PAYMENT0009775,ACC0021094,2026-06-26 22:06:04,46834.03,SMS,2026-05-30 04:59:52
PAYMENT0011505,ACC0019047,2026-06-26 23:11:17,87813.59,VOICE,2026-05-02 00:44:52
PAYMENT0015199,ACC0027823,2026-06-26 23:42:44,57836.07,WHATSAPP,2026-06-24 09:34:47
PAYMENT0007542,ACC0019000,2026-06-26 23:50:25,12380.04,VOICE,2026-05-30 03:46:58
PAYMENT0018437,ACC0020829,2026-06-27 00:38:56,97905.53,VOICE,2026-06-14 16:03:26
PAYMENT0005408,ACC0029607,2026-06-27 00:41:52,885.04,FIELD,2026-06-24 08:44:24
PAYMENT0014003,ACC0010145,2026-06-27 00:56:15,37725.93,VOICE,2026-06-19 06:17:32
PAYMENT0020091,ACC0011506,2026-06-27 01:17:18,36389.92,VOICE,2026-06-12 23:56:24
PAYMENT0013684,ACC0001184,2026-06-27 02:08:20,58412.96,VOICE,2026-06-11 03:25:15
PAYMENT0019606,ACC0017531,2026-06-27 03:23:39,11015.69,WHATSAPP,2026-06-06 03:33:47
PAYMENT0012308,ACC0004639,2026-06-27 04:08:09,34803.12,VOICE,2026-06-08 23:09:14
PAYMENT0002965,ACC0027142,2026-06-27 04:42:58,63043.73,WHATSAPP,2026-04-11 02:44:27
PAYMENT0013636,ACC0026394,2026-06-27 05:02:56,65631.27,VOICE,2026-05-18 09:28:02
PAYMENT0012536,ACC0016558,2026-06-27 05:19:49,24742.13,WHATSAPP,2026-05-19 17:33:48
PAYMENT0000913,ACC0009698,2026-06-27 05:55:38,79771.41,VOICE,2026-06-25 15:42:10
PAYMENT0001079,ACC0003431,2026-06-27 05:58:17,131415.72,WHATSAPP,2026-05-21 07:16:41
PAYMENT0002293,ACC0008641,2026-06-27 06:39:16,120095.56,WHATSAPP,2026-04-23 10:07:07
PAYMENT0004260,ACC0023078,2026-06-27 07:39:06,12394.73,WHATSAPP,2026-06-19 20:51:31
PAYMENT0009931,ACC0017039,2026-06-27 08:22:30,11690.2,VOICE,2026-05-27 08:25:30
PAYMENT0007205,ACC0006909,2026-06-27 08:38:17,114987.71,VOICE,2026-05-22 16:31:38
PAYMENT0004913,ACC0002538,2026-06-27 09:14:11,6800.79,VOICE,2026-05-26 18:26:43
PAYMENT0020064,ACC0014694,2026-06-27 09:49:18,30452.66,SMS,2026-06-26 13:48:41
PAYMENT0008449,ACC0014871,2026-06-27 09:51:24,115058.78,WHATSAPP,2026-06-19 23:46:02
PAYMENT0002612,ACC0000272,2026-06-27 09:53:30,16279.4,VOICE,2026-06-16 18:13:26
PAYMENT0000189,ACC0015817,2026-06-27 09:56:19,33841.69,WHATSAPP,2026-06-15 08:00:05
PAYMENT0006218,ACC0005898,2026-06-27 10:01:11,47552.31,WHATSAPP,2026-03-03 19:55:25
PAYMENT0013529,ACC0018832,2026-06-27 10:04:16,37403.69,SMS,2026-06-24 03:49:23
PAYMENT0023699,ACC0000833,2026-06-27 10:31:56,18212.88,SMS,2026-05-24 15:03:11
PAYMENT0023418,ACC0015681,2026-06-27 10:45:55,71218.18,FIELD,2026-06-07 09:02:16
PAYMENT0016814,ACC0012590,2026-06-27 11:10:10,147300.88,FIELD,2026-05-31 04:09:01
PAYMENT0005614,ACC0001686,2026-06-27 11:24:28,7848.31,VOICE,2026-05-14 05:24:20
PAYMENT0009237,ACC0026424,2026-06-27 11:26:39,55025.69,VOICE,2026-04-14 17:13:53
PAYMENT0019379,ACC0014258,2026-06-27 11:27:24,37257.98,WHATSAPP,2026-05-10 19:19:16
PAYMENT0004536,ACC0014989,2026-06-27 11:41:40,64863.45,SMS,2026-06-08 19:48:05
PAYMENT0007250,ACC0015669,2026-06-27 11:55:44,126663.38,WHATSAPP,2026-04-29 12:40:05
PAYMENT0016300,ACC0001393,2026-06-27 12:04:27,76079.02,FIELD,2026-04-24 22:00:26
PAYMENT0019890,ACC0002096,2026-06-27 12:23:32,131669.89,FIELD,2026-06-15 10:14:44
PAYMENT0006420,ACC0024847,2026-06-27 12:27:09,52946.39,VOICE,2026-06-15 17:29:21
PAYMENT0004453,ACC0028956,2026-06-27 13:20:31,45884.77,FIELD,2026-06-24 15:30:28
PAYMENT0005774,ACC0014324,2026-06-27 13:28:16,88920.61,FIELD,2026-06-05 19:21:27
PAYMENT0014723,ACC0023638,2026-06-27 13:30:50,32921.74,FIELD,2026-05-02 16:29:24
PAYMENT0021612,ACC0015695,2026-06-27 13:36:44,136443.62,FIELD,2026-04-14 06:25:06
PAYMENT0020781,ACC0000028,2026-06-27 14:24:50,105360.84,SMS,2026-06-10 06:06:45
PAYMENT0003990,ACC0003707,2026-06-27 15:26:34,121999.47,SMS,2026-04-27 08:12:41
PAYMENT0003715,ACC0013949,2026-06-27 15:48:25,40237.44,WHATSAPP,2026-03-27 08:45:51
PAYMENT0009282,ACC0002616,2026-06-27 15:53:35,90873.49,WHATSAPP,2026-05-14 09:05:45
PAYMENT0023184,ACC0009823,2026-06-27 15:54:41,19515.11,VOICE,2026-06-22 15:39:59
PAYMENT0005364,ACC0014919,2026-06-27 16:28:01,84546.09,FIELD,2026-06-25 10:12:55
PAYMENT0004832,ACC0028843,2026-06-27 17:17:39,127399.0,SMS,2026-04-16 00:54:50
PAYMENT0005059,ACC0022638,2026-06-27 17:28:36,80486.26,SMS,2026-05-14 03:02:30
PAYMENT0021458,ACC0001731,2026-06-27 19:06:31,4049.83,VOICE,2026-06-18 21:03:39
PAYMENT0017285,ACC0014220,2026-06-27 19:37:10,125593.53,FIELD,2026-06-09 18:16:02
PAYMENT0008473,ACC0010971,2026-06-27 19:47:48,146497.96,SMS,2026-06-18 22:17:50
PAYMENT0005981,ACC0022615,2026-06-27 19:47:55,124575.48,VOICE,2026-03-06 10:05:21
PAYMENT0004152,ACC0025645,2026-06-27 19:57:36,103040.4,SMS,2026-06-24 03:55:24
PAYMENT0016833,ACC0010042,2026-06-27 20:08:00,12931.65,VOICE,2026-05-25 09:02:01
PAYMENT0010832,ACC0015270,2026-06-27 20:13:21,113802.29,VOICE,2026-05-11 02:51:49
PAYMENT0014022,ACC0015036,2026-06-27 20:28:21,32385.82,VOICE,2026-06-07 01:57:50
PAYMENT0012415,ACC0010309,2026-06-27 20:31:17,8409.22,FIELD,2026-06-09 05:26:32
PAYMENT0022658,ACC0026754,2026-06-27 20:57:21,40033.67,VOICE,2026-02-28 20:09:39
PAYMENT0013985,ACC0002418,2026-06-27 21:31:12,102486.91,VOICE,2026-06-25 18:35:14
PAYMENT0023999,ACC0000845,2026-06-27 22:11:59,23594.17,FIELD,2026-06-10 03:12:07
PAYMENT0004072,ACC0012690,2026-06-27 22:38:54,77095.45,WHATSAPP,2026-06-24 05:30:14
PAYMENT0022981,ACC0026976,2026-06-27 22:51:39,125497.39,WHATSAPP,2026-04-07 12:48:34
PAYMENT0020514,ACC0026966,2026-06-27 23:40:52,45710.45,VOICE,2026-06-21 10:51:01
PAYMENT0005206,ACC0024372,2026-06-27 23:51:01,97827.19,WHATSAPP,2026-05-10 21:45:27
PAYMENT0022142,ACC0005528,2026-06-28 00:44:09,47030.77,VOICE,2026-06-12 23:23:30
PAYMENT0015314,ACC0023999,2026-06-28 01:12:30,32208.28,FIELD,2026-06-17 04:52:10
PAYMENT0002415,ACC0008581,2026-06-28 01:17:15,80664.51,VOICE,2026-06-18 16:10:00
PAYMENT0017669,ACC0020692,2026-06-28 01:43:52,18813.46,VOICE,2026-06-20 06:52:11
PAYMENT0006260,ACC0024726,2026-06-28 01:52:46,16300.47,VOICE,2026-06-10 15:10:10
PAYMENT0000461,ACC0003422,2026-06-28 02:36:29,55908.86,WHATSAPP,2026-05-13 14:08:19
PAYMENT0008589,ACC0009703,2026-06-28 02:45:10,111688.68,WHATSAPP,2026-06-18 09:08:02
PAYMENT0007239,ACC0000381,2026-06-28 04:09:11,131862.96,WHATSAPP,2026-05-19 03:28:53
PAYMENT0021776,ACC0021218,2026-06-28 05:01:44,135480.34,VOICE,2026-06-27 18:21:15
PAYMENT0005660,ACC0006806,2026-06-28 05:21:44,30005.85,VOICE,2026-06-07 11:26:17
PAYMENT0012261,ACC0011740,2026-06-28 05:27:23,35740.76,WHATSAPP,2026-06-23 17:57:05
PAYMENT0007184,ACC0010700,2026-06-28 06:14:20,70518.72,SMS,2026-06-17 02:13:07
PAYMENT0018720,ACC0013493,2026-06-28 07:23:05,65754.35,WHATSAPP,2026-05-23 11:14:15
PAYMENT0000875,ACC0010416,2026-06-28 07:33:33,40435.83,VOICE,2026-05-30 10:14:11
PAYMENT0012132,ACC0011555,2026-06-28 08:02:14,10713.97,VOICE,2026-06-26 02:16:34
PAYMENT0013768,ACC0011496,2026-06-28 08:14:34,27021.67,SMS,2026-06-27 12:01:03
PAYMENT0023464,ACC0002462,2026-06-28 08:25:26,86902.35,VOICE,2026-03-25 02:05:22
PAYMENT0004721,ACC0011577,2026-06-28 08:30:13,95757.86,SMS,2026-06-15 05:26:11
PAYMENT0001208,ACC0016277,2026-06-28 08:38:18,932.4,SMS,2026-06-23 10:13:04
PAYMENT0019415,ACC0002311,2026-06-28 09:20:06,85643.38,WHATSAPP,2026-05-20 04:13:35
PAYMENT0002522,ACC0026904,2026-06-28 10:02:01,109683.29,VOICE,2026-02-28 04:52:37
PAYMENT0013291,ACC0003902,2026-06-28 10:48:33,20674.14,WHATSAPP,2026-06-24 07:23:06
PAYMENT0024611,ACC0017735,2026-06-28 10:51:04,122828.29,FIELD,2026-03-30 15:30:02
PAYMENT0004380,ACC0007085,2026-06-28 11:36:17,53664.12,VOICE,2026-05-28 15:32:38
PAYMENT0023146,ACC0012285,2026-06-28 11:38:36,128437.63,VOICE,2026-06-22 22:05:17
PAYMENT0015215,ACC0009683,2026-06-28 11:48:40,34588.5,FIELD,2026-03-30 19:26:54
PAYMENT0005745,ACC0024421,2026-06-28 11:49:47,12898.23,SMS,2026-05-10 22:35:44
PAYMENT0020544,ACC0011596,2026-06-28 12:05:08,98799.9,VOICE,2026-05-22 03:08:01
PAYMENT0005340,ACC0017342,2026-06-28 12:35:10,38395.17,VOICE,2026-06-11 15:16:14
PAYMENT0010233,ACC0023141,2026-06-28 12:40:02,58245.11,WHATSAPP,2026-05-16 08:39:13
PAYMENT0017795,ACC0012402,2026-06-28 12:48:15,148636.35,VOICE,2026-02-25 03:44:39
PAYMENT0005191,ACC0001901,2026-06-28 13:50:03,107235.47,FIELD,2026-03-25 10:03:52
PAYMENT0002273,ACC0000319,2026-06-28 14:22:29,136277.05,VOICE,2026-06-20 16:35:57
PAYMENT0018342,ACC0014156,2026-06-28 14:30:54,70837.62,FIELD,2026-06-21 23:26:30
PAYMENT0007613,ACC0020049,2026-06-28 16:10:14,91904.23,WHATSAPP,2026-06-26 05:56:04
PAYMENT0006093,ACC0026957,2026-06-28 16:53:15,148944.03,VOICE,2026-04-20 01:58:06
PAYMENT0016915,ACC0025383,2026-06-28 17:34:38,22428.43,VOICE,2026-06-14 10:21:55
PAYMENT0020813,ACC0017407,2026-06-28 17:39:38,143925.32,FIELD,2026-06-28 01:17:58
PAYMENT0010016,ACC0019294,2026-06-28 17:43:04,88445.62,SMS,2026-06-21 17:24:45
PAYMENT0007596,ACC0027290,2026-06-28 17:47:16,126759.18,VOICE,2026-05-11 21:48:29
PAYMENT0021903,ACC0004043,2026-06-28 17:58:30,72347.67,VOICE,2026-06-20 15:19:18
PAYMENT0007084,ACC0007007,2026-06-28 18:02:25,68402.73,VOICE,2026-05-07 23:47:00
PAYMENT0004443,ACC0018933,2026-06-28 18:17:22,9456.72,WHATSAPP,2026-05-17 11:02:38
PAYMENT0020425,ACC0002715,2026-06-28 18:37:51,115846.45,VOICE,2026-06-09 02:17:45
PAYMENT0013778,ACC0025014,2026-06-28 18:47:26,18142.49,WHATSAPP,2026-05-26 07:16:38
PAYMENT0021420,ACC0004561,2026-06-28 19:38:21,62757.78,SMS,2026-06-06 12:04:29
PAYMENT0015285,ACC0006216,2026-06-28 19:39:51,18352.83,WHATSAPP,2026-06-13 02:52:33
PAYMENT0019993,ACC0026302,2026-06-28 20:26:49,21320.57,FIELD,2026-06-22 09:07:22
PAYMENT0006078,ACC0007911,2026-06-28 21:04:19,143664.48,VOICE,2026-06-18 07:40:48
PAYMENT0002179,ACC0004554,2026-06-28 21:12:56,28966.8,WHATSAPP,2026-05-03 05:33:01
PAYMENT0013390,ACC0012062,2026-06-28 21:37:46,91748.93,SMS,2026-04-26 18:44:27
PAYMENT0017562,ACC0017503,2026-06-28 22:02:11,110724.08,VOICE,2026-06-16 20:34:31
PAYMENT0022676,ACC0010716,2026-06-28 22:13:26,25184.86,VOICE,2026-06-13 20:52:33
PAYMENT0008520,ACC0011938,2026-06-28 22:29:20,79590.55,SMS,2026-06-15 19:25:58
PAYMENT0023828,ACC0019813,2026-06-28 22:36:40,62291.14,WHATSAPP,2026-06-10 18:52:22
PAYMENT0014863,ACC0003951,2026-06-28 22:41:13,84475.69,WHATSAPP,2026-06-24 20:41:19
PAYMENT0001351,ACC0019931,2026-06-28 22:56:33,100147.38,VOICE,2026-02-24 04:43:41
PAYMENT0012716,ACC0009713,2026-06-28 22:59:19,98818.8,SMS,2026-06-08 05:31:31
PAYMENT0006341,ACC0009948,2026-06-28 23:04:18,9433.47,FIELD,2026-06-16 23:03:31
PAYMENT0005385,ACC0011734,2026-06-28 23:37:04,101276.18,WHATSAPP,2026-04-30 00:06:53
PAYMENT0020251,ACC0017534,2026-06-28 23:37:26,46766.28,VOICE,2026-05-02 17:37:10
PAYMENT0024340,ACC0027703,2026-06-29 00:16:54,76180.94,WHATSAPP,2026-06-19 00:35:45
PAYMENT0008541,ACC0020587,2026-06-29 00:36:20,49119.43,VOICE,2026-06-04 21:08:59
PAYMENT0022153,ACC0004491,2026-06-29 00:40:37,64615.41,VOICE,2026-06-13 11:39:54
PAYMENT0006008,ACC0002814,2026-06-29 00:53:43,148559.5,SMS,2026-06-26 08:55:58
PAYMENT0015516,ACC0000486,2026-06-29 01:33:26,135219.39,VOICE,2026-06-26 04:46:59
PAYMENT0007302,ACC0018363,2026-06-29 01:58:04,78711.77,SMS,2026-02-14 00:55:53
PAYMENT0017905,ACC0028300,2026-06-29 01:59:51,125796.92,SMS,2026-06-10 19:09:15
PAYMENT0015178,ACC0024503,2026-06-29 02:23:13,103795.05,VOICE,2026-06-16 04:18:42
PAYMENT0004247,ACC0025436,2026-06-29 02:58:16,17089.42,WHATSAPP,2026-06-02 17:20:51
PAYMENT0014319,ACC0028921,2026-06-29 03:07:04,95991.49,WHATSAPP,2026-06-12 10:57:55
PAYMENT0021171,ACC0027055,2026-06-29 04:09:06,91793.81,SMS,2026-06-06 12:00:25
PAYMENT0004550,ACC0027453,2026-06-29 04:29:15,37703.8,VOICE,2026-05-26 01:50:45
PAYMENT0015482,ACC0007140,2026-06-29 04:38:08,143826.18,VOICE,2026-05-06 03:44:24
PAYMENT0006123,ACC0019385,2026-06-29 05:00:44,97514.66,WHATSAPP,2026-06-25 05:10:36
PAYMENT0012615,ACC0028782,2026-06-29 05:59:20,64154.95,VOICE,2026-06-26 04:06:34
PAYMENT0002082,ACC0007605,2026-06-29 07:19:50,53183.69,WHATSAPP,2026-06-20 14:56:37
PAYMENT0002377,ACC0010526,2026-06-29 07:33:30,86406.85,VOICE,2026-05-23 19:44:48
PAYMENT0017439,ACC0026486,2026-06-29 07:41:46,103013.85,VOICE,2026-06-24 09:45:34
PAYMENT0011898,ACC0000184,2026-06-29 07:54:00,13961.55,VOICE,2026-05-29 11:38:13
PAYMENT0010424,ACC0018013,2026-06-29 08:30:22,64493.46,VOICE,2026-06-01 01:22:55
PAYMENT0020623,ACC0029860,2026-06-29 08:39:49,8116.8,WHATSAPP,2026-03-09 23:11:05
PAYMENT0016749,ACC0010275,2026-06-29 08:41:43,98261.99,WHATSAPP,2026-06-07 19:20:38
PAYMENT0012961,ACC0011918,2026-06-29 09:09:30,145771.66,VOICE,2026-05-30 00:32:32
PAYMENT0013248,ACC0018674,2026-06-29 09:09:59,9898.19,FIELD,2026-04-22 17:08:54
PAYMENT0000996,ACC0009358,2026-06-29 09:11:58,48607.61,WHATSAPP,2026-05-31 06:14:14
PAYMENT0008417,ACC0004431,2026-06-29 09:30:37,11309.58,VOICE,2026-05-15 15:48:27
PAYMENT0005122,ACC0028439,2026-06-29 09:48:47,5462.38,SMS,2026-05-27 12:27:16
PAYMENT0010879,ACC0015539,2026-06-29 10:11:48,56491.64,FIELD,2026-06-01 02:09:50
PAYMENT0000528,ACC0000562,2026-06-29 10:11:57,88679.97,VOICE,2026-06-16 22:26:13
PAYMENT0020000,ACC0016519,2026-06-29 10:23:18,11310.1,VOICE,2026-05-02 05:03:31
PAYMENT0000698,ACC0005214,2026-06-29 10:54:01,130279.77,WHATSAPP,2026-05-05 23:59:56
PAYMENT0002899,ACC0009608,2026-06-29 10:56:43,55515.36,FIELD,2026-06-21 07:53:26
PAYMENT0019047,ACC0029100,2026-06-29 11:43:31,28330.89,VOICE,2026-05-16 18:29:47
PAYMENT0008254,ACC0001966,2026-06-29 11:55:07,122348.69,VOICE,2026-06-16 16:37:00
PAYMENT0024737,ACC0018639,2026-06-29 12:05:52,62737.14,VOICE,2026-03-19 11:52:03
PAYMENT0022863,ACC0009579,2026-06-29 12:52:35,123326.96,VOICE,2026-06-17 01:00:28
PAYMENT0004932,ACC0016253,2026-06-29 13:28:52,106794.44,SMS,2026-05-14 11:57:40
PAYMENT0011247,ACC0015620,2026-06-29 14:09:48,5745.94,VOICE,2026-06-23 22:36:15
PAYMENT0001936,ACC0023359,2026-06-29 14:11:44,139382.75,SMS,2026-05-13 18:14:37
PAYMENT0019694,ACC0000781,2026-06-29 14:37:11,50648.17,WHATSAPP,2026-06-19 02:39:32
PAYMENT0003890,ACC0018348,2026-06-29 15:02:34,7387.12,FIELD,2026-06-18 07:59:31
PAYMENT0018482,ACC0029893,2026-06-29 15:24:47,8957.02,VOICE,2026-05-16 17:52:10
PAYMENT0012193,ACC0005634,2026-06-29 15:26:08,68793.72,VOICE,2026-05-25 22:11:54
PAYMENT0006321,ACC0026701,2026-06-29 16:03:55,89777.01,WHATSAPP,2026-05-10 19:58:20
PAYMENT0020930,ACC0021801,2026-06-29 16:05:28,96325.28,VOICE,2026-06-19 08:04:01
PAYMENT0004716,ACC0019172,2026-06-29 16:20:31,28514.87,VOICE,2026-05-02 22:43:48
PAYMENT0024928,ACC0023819,2026-06-29 16:39:58,64451.99,WHATSAPP,2026-06-25 01:16:46
PAYMENT0002787,ACC0028694,2026-06-29 18:02:23,86677.78,WHATSAPP,2026-06-18 19:20:52
PAYMENT0008833,ACC0027908,2026-06-29 18:53:07,117836.67,FIELD,2026-03-13 22:03:09
PAYMENT0022964,ACC0006602,2026-06-29 19:17:13,110770.78,FIELD,2026-06-23 21:10:40
PAYMENT0013774,ACC0007737,2026-06-29 19:43:39,68283.96,VOICE,2026-05-03 21:38:56
PAYMENT0016541,ACC0004873,2026-06-29 19:49:03,5939.35,WHATSAPP,2026-05-30 06:52:53
PAYMENT0005329,ACC0009903,2026-06-29 20:17:52,110511.59,WHATSAPP,2026-06-23 14:14:35
PAYMENT0004868,ACC0022584,2026-06-29 21:15:22,39594.74,WHATSAPP,2026-06-27 22:26:02
PAYMENT0024747,ACC0008122,2026-06-29 22:29:56,38415.93,VOICE,2026-06-18 01:11:29
PAYMENT0005153,ACC0002974,2026-06-29 22:37:43,17677.68,VOICE,2026-06-15 13:58:25
PAYMENT0014493,ACC0020773,2026-06-29 22:49:28,111142.36,SMS,2026-05-27 04:03:14
PAYMENT0014530,ACC0006034,2026-06-29 22:50:07,76231.19,VOICE,2026-04-25 02:28:18
PAYMENT0015008,ACC0010462,2026-06-30 00:02:30,72128.14,WHATSAPP,2026-04-20 19:17:58
PAYMENT0001680,ACC0014070,2026-06-30 01:39:56,140194.95,WHATSAPP,2026-05-16 15:10:05
PAYMENT0009840,ACC0028185,2026-06-30 01:49:43,123206.29,WHATSAPP,2026-05-02 10:25:11
PAYMENT0022116,ACC0013965,2026-06-30 02:52:08,119445.12,FIELD,2026-06-19 19:09:46
PAYMENT0010239,ACC0004233,2026-06-30 03:09:48,122112.2,VOICE,2026-04-20 06:21:46
PAYMENT0020660,ACC0023028,2026-06-30 03:42:08,99245.38,FIELD,2026-06-10 05:31:24
PAYMENT0006306,ACC0005947,2026-06-30 04:02:59,77123.7,FIELD,2026-05-15 07:02:55
PAYMENT0010549,ACC0014754,2026-06-30 04:10:09,113402.31,SMS,2026-06-25 11:06:48
PAYMENT0000016,ACC0005478,2026-06-30 06:27:32,128395.49,WHATSAPP,2026-06-17 01:34:52
PAYMENT0015327,ACC0002549,2026-06-30 08:12:07,100100.35,FIELD,2026-06-25 23:21:56
PAYMENT0011693,ACC0022253,2026-06-30 08:43:44,77368.23,SMS,2026-06-19 02:25:48
PAYMENT0006273,ACC0006609,2026-06-30 08:48:04,44751.15,FIELD,2026-06-06 23:02:18
PAYMENT0002452,ACC0019177,2026-06-30 10:01:24,82000.8,FIELD,2026-06-29 02:18:32
PAYMENT0006969,ACC0007836,2026-06-30 12:39:31,134315.19,VOICE,2026-03-28 00:40:12
PAYMENT0015260,ACC0003380,2026-06-30 12:48:10,139189.59,SMS,2026-02-14 12:43:34
PAYMENT0022236,ACC0017122,2026-06-30 13:59:03,29681.09,SMS,2026-06-15 23:41:10
PAYMENT0008335,ACC0014266,2026-06-30 14:46:59,133636.44,VOICE,2026-06-26 06:45:20
PAYMENT0007851,ACC0017042,2026-06-30 14:50:11,49381.35,WHATSAPP,2026-04-14 16:23:33
PAYMENT0007198,ACC0019087,2026-06-30 15:27:11,26429.36,SMS,2026-06-28 11:29:14
PAYMENT0014661,ACC0028942,2026-06-30 17:11:48,96925.23,VOICE,2026-06-20 13:46:36
PAYMENT0008410,ACC0000812,2026-06-30 17:30:52,83330.67,WHATSAPP,2026-06-22 10:17:09
PAYMENT0007711,ACC0004816,2026-06-30 18:13:38,123404.77,WHATSAPP,2026-05-16 21:58:11
PAYMENT0023727,ACC0002729,2026-06-30 18:29:59,109884.0,VOICE,2026-06-20 12:48:20
PAYMENT0001018,ACC0003074,2026-06-30 18:30:37,22442.22,SMS,2026-06-17 15:39:59
PAYMENT0011280,ACC0018811,2026-06-30 19:31:38,5137.59,VOICE,2026-05-23 03:06:42
PAYMENT0002972,ACC0018617,2026-06-30 20:33:15,88722.62,WHATSAPP,2026-06-24 09:23:41
PAYMENT0023599,ACC0019900,2026-06-30 21:02:03,55421.91,VOICE,2026-05-12 11:59:54
PAYMENT0011156,ACC0023762,2026-06-30 21:08:33,110565.2,WHATSAPP,2026-05-06 08:47:52
PAYMENT0009226,ACC0018847,2026-06-30 21:13:28,31319.95,WHATSAPP,2026-06-14 19:55:57
PAYMENT0016768,ACC0025493,2026-06-30 21:25:22,96234.01,SMS,2026-06-02 12:39:04
PAYMENT0019971,ACC0012617,2026-06-30 21:51:20,17436.53,SMS,2026-06-03 19:21:08
PAYMENT0006803,ACC0028387,2026-06-30 22:00:08,36278.24,VOICE,2026-05-01 17:59:56
PAYMENT0008947,ACC0027447,2026-06-30 22:03:25,47009.12,SMS,2026-06-08 11:50:33
PAYMENT0021137,ACC0002014,2026-06-30 22:05:32,109834.68,VOICE,2026-05-14 07:13:23
PAYMENT0003264,ACC0017629,2026-06-30 22:15:25,140663.07,VOICE,2026-06-17 04:26:32
PAYMENT0011506,ACC0008210,2026-06-30 22:19:23,128249.69,WHATSAPP,2026-06-25 14:54:25
PAYMENT0014990,ACC0017323,2026-06-30 22:52:35,23015.32,WHATSAPP,2026-06-21 17:01:59
PAYMENT0013006,ACC0000574,2026-06-30 23:16:38,141944.26,VOICE,2026-06-09 02:04:17
PAYMENT0010120,ACC0015330,2026-06-30 23:38:49,104180.25,VOICE,2026-06-18 07:54:09
PAYMENT0022303,ACC0018203,2026-06-30 23:58:18,134328.83,WHATSAPP,2026-06-03 08:06:49
PAYMENT0010874,ACC0002474,2026-07-01 01:39:13,119662.78,VOICE,2026-06-10 13:34:15
PAYMENT0000547,ACC0014127,2026-07-01 01:54:52,93022.29,WHATSAPP,2026-06-28 14:35:38
PAYMENT0001285,ACC0024193,2026-07-01 01:57:01,26084.24,WHATSAPP,2026-06-07 18:14:58
PAYMENT0023740,ACC0025217,2026-07-01 02:29:48,140002.19,FIELD,2026-06-30 14:49:17
PAYMENT0019365,ACC0019554,2026-07-01 03:27:28,48911.78,VOICE,2026-05-17 19:09:15
PAYMENT0023706,ACC0000124,2026-07-01 03:48:58,103420.63,SMS,2026-03-25 15:06:16
PAYMENT0009039,ACC0026052,2026-07-01 04:37:29,82597.79,WHATSAPP,2026-06-14 14:43:52
PAYMENT0019218,ACC0021743,2026-07-01 04:42:29,27174.32,FIELD,2026-05-09 04:18:05
PAYMENT0014999,ACC0011035,2026-07-01 04:45:03,94799.66,SMS,2026-06-24 15:54:21
PAYMENT0019150,ACC0020950,2026-07-01 05:13:10,86860.27,SMS,2026-06-16 19:14:10
PAYMENT0004614,ACC0025873,2026-07-01 06:40:15,64237.39,SMS,2026-06-07 10:47:37
PAYMENT0021825,ACC0008076,2026-07-01 06:44:33,90528.42,VOICE,2026-05-20 01:41:38
PAYMENT0023027,ACC0017097,2026-07-01 08:03:10,13395.17,VOICE,2026-04-14 22:01:55
PAYMENT0022307,ACC0019373,2026-07-01 08:17:56,65357.64,WHATSAPP,2026-06-27 20:24:00
PAYMENT0000599,ACC0006870,2026-07-01 09:01:49,45339.22,VOICE,2026-05-19 15:38:09
PAYMENT0021505,ACC0012684,2026-07-01 09:10:04,110020.98,VOICE,2026-06-14 19:27:27
PAYMENT0017175,ACC0012380,2026-07-01 09:17:46,131128.64,VOICE,2026-06-08 20:00:30
PAYMENT0002098,ACC0023839,2026-07-01 09:19:16,5570.92,SMS,2026-05-22 12:09:44
PAYMENT0009482,ACC0028574,2026-07-01 09:35:49,72519.51,WHATSAPP,2026-06-26 14:07:47
PAYMENT0018839,ACC0004408,2026-07-01 09:49:35,63756.86,WHATSAPP,2026-06-11 09:31:18
PAYMENT0021970,ACC0014661,2026-07-01 10:48:36,26217.99,VOICE,2026-01-20 12:58:33
PAYMENT0003901,ACC0026628,2026-07-01 11:09:21,48945.0,SMS,2026-06-23 06:11:15
PAYMENT0004960,ACC0024780,2026-07-01 13:56:14,81516.19,WHATSAPP,2026-05-28 23:30:09
PAYMENT0020851,ACC0005314,2026-07-01 14:14:14,57022.31,VOICE,2026-06-13 22:13:08
PAYMENT0005156,ACC0014400,2026-07-01 15:18:00,129145.4,FIELD,2026-06-20 15:35:12
PAYMENT0008207,ACC0020700,2026-07-01 15:54:57,37492.39,FIELD,2026-06-08 00:20:38
PAYMENT0012426,ACC0024206,2026-07-01 16:43:08,81851.68,WHATSAPP,2026-02-24 07:06:19
PAYMENT0019852,ACC0028809,2026-07-01 16:52:35,67104.88,VOICE,2026-05-25 16:42:28
PAYMENT0013320,ACC0002455,2026-07-01 16:56:10,43897.23,SMS,2026-06-24 10:29:19
PAYMENT0012805,ACC0023265,2026-07-01 17:17:24,145672.41,SMS,2026-06-30 13:11:42
PAYMENT0015553,ACC0005264,2026-07-01 17:30:46,136145.25,WHATSAPP,2026-04-05 23:23:33
PAYMENT0021605,ACC0003833,2026-07-01 18:37:20,62839.68,VOICE,2026-04-03 20:08:23
PAYMENT0011972,ACC0023026,2026-07-01 18:51:22,9453.12,SMS,2026-06-11 11:36:22
PAYMENT0002541,ACC0016049,2026-07-01 18:53:07,77057.63,FIELD,2026-07-01 16:27:40
PAYMENT0023348,ACC0013226,2026-07-01 19:23:43,115131.95,SMS,2026-05-30 06:02:31
PAYMENT0012726,ACC0028197,2026-07-01 21:24:09,127696.98,VOICE,2026-05-28 08:54:59
PAYMENT0018934,ACC0020896,2026-07-01 21:48:30,122749.13,WHATSAPP,2026-06-06 22:06:55
PAYMENT0022132,ACC0006280,2026-07-01 22:20:25,101049.44,VOICE,2026-06-22 14:43:28
PAYMENT0021660,ACC0025135,2026-07-02 00:31:35,48283.94,VOICE,2026-05-17 05:36:06
PAYMENT0007507,ACC0019557,2026-07-02 00:54:53,117770.53,VOICE,2026-06-10 08:01:18
PAYMENT0015147,ACC0029545,2026-07-02 01:19:31,121203.16,VOICE,2026-06-16 03:48:26
PAYMENT0015125,ACC0016355,2026-07-02 01:27:41,32447.93,VOICE,2026-06-23 06:13:57
PAYMENT0013194,ACC0024364,2026-07-02 01:30:37,54499.66,WHATSAPP,2026-05-05 15:43:06
PAYMENT0018615,ACC0021739,2026-07-02 01:41:40,69466.66,FIELD,2026-06-19 00:18:50
PAYMENT0006433,ACC0013559,2026-07-02 01:51:33,63638.59,FIELD,2026-07-01 13:52:15
PAYMENT0000069,ACC0021627,2026-07-02 02:11:50,30716.52,FIELD,2026-07-02 02:04:58
PAYMENT0009203,ACC0003839,2026-07-02 02:18:39,21406.0,FIELD,2026-05-10 06:19:40
PAYMENT0002088,ACC0007358,2026-07-02 03:46:31,105854.15,VOICE,2026-06-02 02:42:13
PAYMENT0001838,ACC0009947,2026-07-02 04:02:42,104124.5,FIELD,2026-04-12 05:03:58
PAYMENT0023505,ACC0004070,2026-07-02 04:07:19,65303.41,VOICE,2026-06-14 08:50:55
PAYMENT0017667,ACC0014634,2026-07-02 04:29:59,17848.38,VOICE,2026-06-07 21:35:17
PAYMENT0007079,ACC0013171,2026-07-02 05:08:48,14804.36,WHATSAPP,2026-06-09 22:30:04
PAYMENT0001605,ACC0021118,2026-07-02 05:29:08,140522.64,SMS,2026-05-26 14:39:02
PAYMENT0004983,ACC0026190,2026-07-02 06:03:26,11824.73,VOICE,2026-06-04 00:00:52
PAYMENT0020844,ACC0001219,2026-07-02 06:31:13,132255.9,WHATSAPP,2026-05-22 05:51:37
PAYMENT0017710,ACC0022988,2026-07-02 06:31:31,71717.98,VOICE,2026-05-17 20:21:49
PAYMENT0001191,ACC0025972,2026-07-02 06:35:00,147680.07,SMS,2026-06-08 15:14:52
PAYMENT0019445,ACC0008202,2026-07-02 07:35:46,42419.12,WHATSAPP,2026-07-02 02:06:49
PAYMENT0001166,ACC0001484,2026-07-02 07:58:42,43273.94,VOICE,2026-06-05 18:36:59
PAYMENT0016917,ACC0008731,2026-07-02 08:08:44,96478.62,WHATSAPP,2026-06-14 12:53:33
PAYMENT0010352,ACC0007841,2026-07-02 08:18:54,114000.8,VOICE,2026-06-04 11:26:27
PAYMENT0012773,ACC0001542,2026-07-02 08:19:31,91071.29,WHATSAPP,2026-06-08 01:29:07
PAYMENT0002237,ACC0020691,2026-07-02 08:21:58,104343.26,VOICE,2026-06-18 09:27:09
PAYMENT0001729,ACC0018197,2026-07-02 08:48:42,132162.34,WHATSAPP,2026-06-18 15:19:12
PAYMENT0014095,ACC0025815,2026-07-02 08:57:32,84917.28,WHATSAPP,2026-05-28 10:35:28
PAYMENT0017190,ACC0006670,2026-07-02 09:05:01,51486.32,SMS,2026-06-13 04:27:09
PAYMENT0012831,ACC0022056,2026-07-02 10:23:40,21507.69,SMS,2026-05-06 19:26:48
PAYMENT0005894,ACC0025909,2026-07-02 10:27:55,26014.39,WHATSAPP,2026-06-30 20:36:31
PAYMENT0016838,ACC0020331,2026-07-02 11:34:21,140593.57,FIELD,2026-06-23 11:28:04
PAYMENT0013501,ACC0008000,2026-07-02 12:25:43,104147.13,VOICE,2026-06-18 21:30:21
PAYMENT0016937,ACC0018577,2026-07-02 13:36:08,142986.7,WHATSAPP,2026-06-05 03:40:21
PAYMENT0010417,ACC0027987,2026-07-02 13:38:01,27566.91,WHATSAPP,2026-06-05 02:49:51
PAYMENT0021115,ACC0014300,2026-07-02 14:36:22,66915.65,VOICE,2026-05-22 10:22:50
PAYMENT0016292,ACC0009129,2026-07-02 14:46:30,27902.01,SMS,2026-06-28 01:54:45
PAYMENT0024246,ACC0005305,2026-07-02 14:56:29,125338.22,SMS,2026-07-01 03:59:03
PAYMENT0010563,ACC0023037,2026-07-02 15:01:10,81622.82,VOICE,2026-06-24 22:00:00
PAYMENT0002707,ACC0021262,2026-07-02 15:18:24,129342.34,SMS,2026-07-01 21:39:54
PAYMENT0016868,ACC0014138,2026-07-02 15:19:52,63544.68,SMS,2026-06-16 02:20:48
PAYMENT0016869,ACC0010047,2026-07-02 16:47:28,131629.06,VOICE,2026-05-31 10:59:33
PAYMENT0005690,ACC0021521,2026-07-02 16:56:13,102931.21,FIELD,2026-06-03 20:45:45
PAYMENT0019263,ACC0003228,2026-07-02 17:15:09,144594.5,WHATSAPP,2026-06-22 14:45:21
PAYMENT0021904,ACC0026085,2026-07-02 17:30:40,109456.14,VOICE,2026-06-30 00:47:14
PAYMENT0002235,ACC0003329,2026-07-02 18:22:09,142517.36,SMS,2026-06-04 20:57:02
PAYMENT0008713,ACC0015365,2026-07-02 19:33:12,107240.75,VOICE,2026-06-15 00:36:29
PAYMENT0007773,ACC0015703,2026-07-02 20:14:00,64578.0,WHATSAPP,2026-06-15 08:37:35
PAYMENT0013639,ACC0019345,2026-07-02 20:21:32,48865.09,SMS,2026-06-26 08:54:33
PAYMENT0022360,ACC0015077,2026-07-02 20:37:56,107123.77,VOICE,2026-04-01 10:49:00
PAYMENT0023214,ACC0009534,2026-07-02 20:58:43,105616.19,VOICE,2026-05-31 05:51:04
PAYMENT0008301,ACC0006308,2026-07-02 21:15:36,32142.98,SMS,2026-06-11 03:08:45
PAYMENT0002454,ACC0009455,2026-07-02 21:23:11,91065.69,SMS,2026-06-23 18:03:44
PAYMENT0016014,ACC0024410,2026-07-02 21:23:57,39819.66,VOICE,2026-06-29 05:16:56
PAYMENT0011396,ACC0013993,2026-07-02 21:35:58,73219.41,WHATSAPP,2026-04-24 17:06:56
PAYMENT0000982,ACC0009101,2026-07-02 22:49:32,34664.18,SMS,2026-06-27 12:28:31
PAYMENT0004683,ACC0006171,2026-07-02 22:55:34,125402.63,WHATSAPP,2026-06-23 02:48:38
PAYMENT0006063,ACC0015451,2026-07-02 23:15:56,127033.33,WHATSAPP,2026-06-02 10:21:11
PAYMENT0006791,ACC0002240,2026-07-02 23:51:35,110525.66,SMS,2026-06-14 17:09:08
PAYMENT0001610,ACC0025652,2026-07-03 00:08:10,56275.57,SMS,2026-06-08 17:32:52
PAYMENT0021019,ACC0007064,2026-07-03 00:10:15,131867.71,SMS,2026-06-12 17:38:57
PAYMENT0019120,ACC0014720,2026-07-03 00:34:15,146821.14,SMS,2026-06-13 22:26:45
PAYMENT0013365,ACC0023882,2026-07-03 00:44:37,61887.43,SMS,2026-04-19 04:52:55
PAYMENT0021795,ACC0002164,2026-07-03 01:11:10,91560.93,WHATSAPP,2026-06-06 00:05:34
PAYMENT0003896,ACC0002585,2026-07-03 01:19:23,43332.66,VOICE,2026-07-02 14:12:18
PAYMENT0005618,ACC0019455,2026-07-03 01:33:46,115241.78,FIELD,2026-04-13 19:04:38
PAYMENT0007433,ACC0006296,2026-07-03 02:04:58,48677.65,SMS,2026-06-12 18:42:37
PAYMENT0005740,ACC0018198,2026-07-03 02:53:28,135740.44,VOICE,2026-03-24 09:51:46
PAYMENT0019506,ACC0022218,2026-07-03 03:22:08,136994.17,WHATSAPP,2026-06-01 17:58:08
PAYMENT0002809,ACC0014771,2026-07-03 03:30:43,14858.47,WHATSAPP,2026-06-08 18:17:28
PAYMENT0020918,ACC0010282,2026-07-03 03:42:28,19846.23,WHATSAPP,2026-04-08 08:29:18
PAYMENT0007736,ACC0011676,2026-07-03 04:39:02,116582.03,SMS,2026-06-29 19:33:36
PAYMENT0003534,ACC0024029,2026-07-03 04:52:22,50750.1,WHATSAPP,2026-07-02 09:10:50
PAYMENT0013372,ACC0021721,2026-07-03 05:11:14,27251.44,WHATSAPP,2026-06-20 16:28:39
PAYMENT0023450,ACC0028697,2026-07-03 05:40:38,48130.47,FIELD,2026-05-15 20:38:45
PAYMENT0004400,ACC0025770,2026-07-03 06:21:52,79150.17,WHATSAPP,2026-06-03 03:15:33
PAYMENT0009650,ACC0012446,2026-07-03 06:35:59,139445.82,SMS,2026-06-02 20:03:58
PAYMENT0000140,ACC0020712,2026-07-03 06:58:23,149494.72,VOICE,2026-06-12 19:41:01
PAYMENT0023491,ACC0028787,2026-07-03 08:25:20,38552.8,VOICE,2026-05-20 19:06:07
PAYMENT0019757,ACC0014558,2026-07-03 08:32:43,60308.88,VOICE,2026-06-20 18:57:57
PAYMENT0023251,ACC0012738,2026-07-03 09:23:42,42387.11,FIELD,2026-06-20 16:24:51
PAYMENT0013994,ACC0010695,2026-07-03 09:27:18,6987.34,FIELD,2026-06-21 18:25:59
PAYMENT0015866,ACC0004076,2026-07-03 10:57:47,83560.08,VOICE,2026-06-25 19:41:41
PAYMENT0022670,ACC0000953,2026-07-03 12:29:49,75256.22,VOICE,2026-05-30 08:08:24
PAYMENT0013793,ACC0018530,2026-07-03 12:43:11,116534.43,SMS,2026-06-26 09:20:14
PAYMENT0017673,ACC0001749,2026-07-03 13:05:11,16091.51,VOICE,2026-06-25 14:25:32
PAYMENT0005808,ACC0016133,2026-07-03 13:13:33,42055.12,VOICE,2026-07-02 21:37:56
PAYMENT0009912,ACC0020463,2026-07-03 13:35:41,28513.66,SMS,2026-05-22 18:58:50
PAYMENT0021588,ACC0015661,2026-07-03 13:41:18,14072.42,SMS,2026-05-26 23:01:38
PAYMENT0001735,ACC0013882,2026-07-03 13:43:29,47757.69,VOICE,2026-06-02 07:34:32
PAYMENT0015963,ACC0007683,2026-07-03 13:47:06,98160.27,VOICE,2026-05-25 00:07:09
PAYMENT0012612,ACC0004081,2026-07-03 14:02:25,21343.04,SMS,2026-05-03 02:30:00
PAYMENT0016672,ACC0006618,2026-07-03 14:36:51,76968.97,VOICE,2026-05-16 19:18:36
PAYMENT0010786,ACC0002029,2026-07-03 15:03:11,122790.15,SMS,2026-06-15 14:06:52
PAYMENT0007248,ACC0007656,2026-07-03 15:51:04,130035.08,WHATSAPP,2026-05-04 05:12:52
PAYMENT0011331,ACC0018918,2026-07-03 16:12:53,125771.34,FIELD,2026-07-03 12:48:42
PAYMENT0003774,ACC0028684,2026-07-03 16:16:47,104118.0,VOICE,2026-05-03 04:19:03
PAYMENT0011870,ACC0015320,2026-07-03 16:56:30,36775.49,FIELD,2026-07-02 06:22:34
PAYMENT0006186,ACC0014029,2026-07-03 17:26:40,30953.19,VOICE,2026-06-13 01:14:54
PAYMENT0023087,ACC0013869,2026-07-03 17:48:55,81375.78,SMS,2026-06-03 07:20:06
PAYMENT0020875,ACC0023185,2026-07-03 18:10:51,81019.07,VOICE,2026-03-23 11:55:29
PAYMENT0022549,ACC0012852,2026-07-03 18:15:14,116743.9,WHATSAPP,2026-05-20 20:12:05
PAYMENT0014712,ACC0010237,2026-07-03 18:25:34,115827.15,WHATSAPP,2026-06-21 08:59:03
PAYMENT0023221,ACC0026838,2026-07-03 18:27:01,42457.08,SMS,2026-05-05 18:51:56
PAYMENT0015243,ACC0029229,2026-07-03 18:33:52,70694.14,VOICE,2026-05-29 17:05:35
PAYMENT0018276,ACC0024018,2026-07-03 18:56:19,122340.26,SMS,2026-03-15 22:24:17
PAYMENT0009074,ACC0008546,2026-07-03 19:02:19,97416.6,SMS,2026-04-28 18:15:07
PAYMENT0006464,ACC0029541,2026-07-03 20:19:06,124119.27,FIELD,2026-07-03 07:44:39
PAYMENT0000708,ACC0006470,2026-07-03 20:19:51,93035.5,WHATSAPP,2026-06-23 05:03:32
PAYMENT0015621,ACC0019973,2026-07-03 20:28:44,87213.09,FIELD,2026-06-06 00:52:47
PAYMENT0011133,ACC0020399,2026-07-03 20:29:37,76501.8,VOICE,2026-06-14 17:06:47
PAYMENT0019446,ACC0002267,2026-07-03 20:38:16,17266.6,VOICE,2026-06-29 09:51:55
PAYMENT0024838,ACC0021317,2026-07-03 21:44:04,76318.78,WHATSAPP,2026-06-17 13:56:06
PAYMENT0008927,ACC0008706,2026-07-03 22:22:43,147001.97,VOICE,2026-06-24 03:49:23
PAYMENT0000196,ACC0015902,2026-07-03 23:36:30,5055.6,WHATSAPP,2026-05-28 10:46:49
PAYMENT0018532,ACC0027971,2026-07-04 00:23:48,13200.37,SMS,2026-07-03 10:47:24
PAYMENT0016183,ACC0003447,2026-07-04 00:27:38,80848.19,VOICE,2026-05-05 15:04:26
PAYMENT0008329,ACC0003350,2026-07-04 00:27:43,10173.88,VOICE,2026-06-05 01:22:38
PAYMENT0021447,ACC0004662,2026-07-04 00:49:21,2764.09,SMS,2026-07-03 14:20:06
PAYMENT0000789,ACC0011811,2026-07-04 01:01:54,130196.6,SMS,2026-06-07 04:43:26
PAYMENT0012931,ACC0012048,2026-07-04 01:19:04,17876.31,VOICE,2026-05-25 10:28:05
PAYMENT0017200,ACC0028947,2026-07-04 02:24:09,136592.6,WHATSAPP,2026-06-21 05:30:17
PAYMENT0003200,ACC0019318,2026-07-04 03:13:45,61657.1,FIELD,2026-06-09 23:40:08
PAYMENT0012011,ACC0017965,2026-07-04 03:24:30,99088.5,VOICE,2026-06-13 13:51:17
PAYMENT0016071,ACC0012790,2026-07-04 03:39:13,58039.89,VOICE,2026-07-01 22:28:32
PAYMENT0023911,ACC0006885,2026-07-04 05:11:53,110776.66,FIELD,2026-07-02 04:01:17
PAYMENT0004567,ACC0002044,2026-07-04 05:12:13,38936.29,WHATSAPP,2026-04-15 08:17:55
PAYMENT0000777,ACC0029668,2026-07-04 05:25:29,42404.67,SMS,2026-06-09 02:04:06
PAYMENT0002659,ACC0020648,2026-07-04 06:02:17,52105.69,VOICE,2026-05-20 13:25:33
PAYMENT0001915,ACC0017209,2026-07-04 06:55:32,145706.98,WHATSAPP,2026-05-08 15:41:59
PAYMENT0021465,ACC0021197,2026-07-04 07:03:02,60462.3,WHATSAPP,2026-06-06 17:56:57
PAYMENT0012009,ACC0009284,2026-07-04 08:01:14,101950.59,VOICE,2026-06-09 09:59:36
PAYMENT0015267,ACC0016427,2026-07-04 08:13:57,110668.65,SMS,2026-05-22 06:23:24
PAYMENT0022535,ACC0002499,2026-07-04 09:05:15,23268.72,WHATSAPP,2026-06-25 01:19:55
PAYMENT0010877,ACC0025210,2026-07-04 09:30:36,139085.65,WHATSAPP,2026-06-24 11:26:55
PAYMENT0003512,ACC0020868,2026-07-04 10:09:14,105134.95,WHATSAPP,2026-07-02 16:50:32
PAYMENT0018057,ACC0019092,2026-07-04 10:47:16,62101.68,WHATSAPP,2026-06-25 07:46:37
PAYMENT0006786,ACC0017666,2026-07-04 11:23:17,115802.33,SMS,2026-07-04 05:03:16
PAYMENT0001431,ACC0017028,2026-07-04 12:07:48,49555.56,FIELD,2026-05-31 07:00:44
PAYMENT0018982,ACC0009262,2026-07-04 12:16:28,55088.26,FIELD,2026-05-27 20:57:15
PAYMENT0010958,ACC0011827,2026-07-04 12:34:44,75304.88,VOICE,2026-05-29 13:42:41
PAYMENT0011833,ACC0008806,2026-07-04 12:53:23,101852.59,WHATSAPP,2026-06-25 12:49:02
PAYMENT0022719,ACC0013974,2026-07-04 13:09:22,130828.97,VOICE,2026-05-22 04:24:40
PAYMENT0012899,ACC0014774,2026-07-04 13:22:50,119456.28,FIELD,2026-06-15 11:45:15
PAYMENT0022054,ACC0029320,2026-07-04 13:34:11,55457.29,VOICE,2026-03-23 15:07:57
PAYMENT0000115,ACC0021164,2026-07-04 14:25:01,28357.11,,
PAYMENT0009841,ACC0006531,2026-07-04 14:37:04,148925.44,FIELD,2026-05-16 16:09:24
PAYMENT0012995,ACC0019781,2026-07-04 14:48:52,116162.36,VOICE,2026-06-16 03:44:23
PAYMENT0008535,ACC0018111,2026-07-04 15:46:59,54289.18,FIELD,2026-06-15 13:10:46
PAYMENT0001000,ACC0016932,2026-07-04 15:59:31,43991.41,VOICE,2026-05-23 20:39:39
PAYMENT0007511,ACC0010713,2026-07-04 16:02:33,102089.65,VOICE,2026-05-18 11:25:50
PAYMENT0002097,ACC0015391,2026-07-04 17:22:29,1387.25,VOICE,2026-04-24 21:53:24
PAYMENT0021269,ACC0029084,2026-07-04 17:36:39,72140.4,WHATSAPP,2026-05-22 07:12:17
PAYMENT0014539,ACC0023932,2026-07-04 18:09:36,116401.31,SMS,2026-06-28 09:59:43
PAYMENT0002935,ACC0017256,2026-07-04 18:23:57,111173.0,SMS,2026-03-27 13:10:25
PAYMENT0016507,ACC0004924,2026-07-04 19:30:22,10389.8,FIELD,2026-06-30 16:07:21
PAYMENT0023261,ACC0024349,2026-07-04 20:04:00,24893.54,VOICE,2026-06-23 15:58:36
PAYMENT0021800,ACC0005082,2026-07-04 21:19:06,132823.49,VOICE,2026-06-30 04:04:46
PAYMENT0022507,ACC0009652,2026-07-04 21:24:47,89941.56,SMS,2026-07-01 07:58:06
PAYMENT0012196,ACC0007965,2026-07-04 22:44:53,109194.19,WHATSAPP,2026-06-21 06:53:56
PAYMENT0012867,ACC0015415,2026-07-04 23:03:29,49924.96,VOICE,2026-06-29 01:13:03
PAYMENT0024065,ACC0010375,2026-07-04 23:07:42,148265.21,VOICE,2026-06-16 17:39:33
PAYMENT0000388,ACC0021247,2026-07-04 23:29:09,92631.11,FIELD,2026-05-13 00:16:47
PAYMENT0003790,ACC0011909,2026-07-04 23:32:01,115868.78,WHATSAPP,2026-04-16 19:18:42
PAYMENT0023614,ACC0002307,2026-07-04 23:41:10,113611.66,SMS,2026-06-24 05:40:31
PAYMENT0014789,ACC0028530,2026-07-04 23:46:06,12985.81,VOICE,2026-06-10 08:08:13
PAYMENT0023263,ACC0029172,2026-07-04 23:50:52,87681.19,SMS,2026-05-15 08:27:31
PAYMENT0003781,ACC0029631,2026-07-05 00:17:08,136336.51,WHATSAPP,2026-06-09 16:41:05
PAYMENT0015234,ACC0020249,2026-07-05 00:57:24,71536.42,WHATSAPP,2026-06-30 12:03:43
PAYMENT0007971,ACC0023524,2026-07-05 01:10:17,69848.74,SMS,2026-06-08 21:46:46
PAYMENT0016466,ACC0011050,2026-07-05 01:21:03,57480.59,VOICE,2026-07-04 21:18:20
PAYMENT0005702,ACC0022988,2026-07-05 01:30:18,22689.74,VOICE,2026-05-17 20:21:49
PAYMENT0015686,ACC0002392,2026-07-05 01:38:45,1056.81,SMS,2026-06-25 23:20:09
PAYMENT0016779,ACC0000620,2026-07-05 01:39:36,117373.63,WHATSAPP,2026-06-12 10:51:43
PAYMENT0001334,ACC0009375,2026-07-05 01:49:44,51381.77,SMS,2026-06-26 03:30:38
PAYMENT0002267,ACC0000199,2026-07-05 02:06:36,149789.66,WHATSAPP,2026-06-12 15:09:13
PAYMENT0016621,ACC0017400,2026-07-05 02:07:01,31380.32,FIELD,2026-07-04 11:08:00
PAYMENT0019016,ACC0027092,2026-07-05 02:13:35,97057.66,FIELD,2026-04-22 01:35:52
PAYMENT0017938,ACC0013214,2026-07-05 02:21:55,79699.71,VOICE,2026-06-15 08:32:10
PAYMENT0005945,ACC0023032,2026-07-05 02:49:41,109197.19,VOICE,2026-04-20 17:14:12
PAYMENT0013666,ACC0021037,2026-07-05 02:51:09,148459.02,VOICE,2026-06-11 20:57:20
PAYMENT0000130,ACC0010924,2026-07-05 03:07:17,10714.46,WHATSAPP,2026-06-01 00:00:26
PAYMENT0021441,ACC0024816,2026-07-05 03:36:28,63462.33,WHATSAPP,2026-06-13 10:30:32
PAYMENT0009167,ACC0003898,2026-07-05 03:38:12,84904.22,VOICE,2026-03-20 23:21:55
PAYMENT0000989,ACC0028483,2026-07-05 03:48:20,130589.86,SMS,2026-06-27 17:07:18
PAYMENT0004581,ACC0021092,2026-07-05 05:19:18,1423.95,WHATSAPP,2026-06-11 03:40:08
PAYMENT0024018,ACC0009444,2026-07-05 05:33:22,102128.28,WHATSAPP,2026-04-26 21:40:18
PAYMENT0018471,ACC0018548,2026-07-05 05:46:37,104032.44,VOICE,2026-06-16 08:24:03
PAYMENT0016976,ACC0000037,2026-07-05 06:16:45,60441.31,WHATSAPP,2026-04-26 16:39:05
PAYMENT0012170,ACC0017262,2026-07-05 06:23:02,1129.29,SMS,2026-06-09 02:34:14
PAYMENT0014534,ACC0005388,2026-07-05 06:29:01,125587.64,FIELD,2026-06-21 07:27:28
PAYMENT0016453,ACC0009366,2026-07-05 07:03:22,48131.39,VOICE,2026-05-27 19:31:46
PAYMENT0003759,ACC0024002,2026-07-05 08:04:36,144015.56,VOICE,2026-07-03 09:33:55
PAYMENT0015656,ACC0003541,2026-07-05 08:31:10,136745.21,VOICE,2026-06-16 21:56:52
PAYMENT0012592,ACC0005417,2026-07-05 08:40:38,128756.55,WHATSAPP,2026-06-28 20:16:50
PAYMENT0011278,ACC0016396,2026-07-05 10:17:22,135820.17,VOICE,2026-05-20 21:15:40
PAYMENT0011646,ACC0002892,2026-07-05 11:29:02,128110.64,WHATSAPP,2026-07-03 12:44:45
PAYMENT0018007,ACC0001117,2026-07-05 11:53:17,143081.62,SMS,2026-06-15 17:17:55
PAYMENT0013384,ACC0013499,2026-07-05 11:57:37,142980.63,SMS,2026-06-22 02:59:16
PAYMENT0020368,ACC0005979,2026-07-05 11:57:43,116597.64,FIELD,2026-06-03 20:08:42
PAYMENT0000250,ACC0015769,2026-07-05 12:08:41,130907.44,SMS,2026-06-01 05:09:50
PAYMENT0015547,ACC0024395,2026-07-05 12:29:07,14922.71,VOICE,2026-06-26 07:24:18
PAYMENT0006978,ACC0007052,2026-07-05 12:33:25,72871.68,VOICE,2026-06-27 18:13:51
PAYMENT0021724,ACC0000794,2026-07-05 13:04:34,65878.6,VOICE,2026-05-28 06:24:06
PAYMENT0023731,ACC0026096,2026-07-05 14:05:58,52183.19,FIELD,2026-05-10 07:54:56
PAYMENT0010799,ACC0008654,2026-07-05 14:34:10,26177.24,VOICE,2026-06-06 15:21:30
PAYMENT0023929,ACC0009499,2026-07-05 14:39:23,94509.72,SMS,2026-05-19 13:43:59
PAYMENT0010787,ACC0013030,2026-07-05 14:43:24,56753.07,SMS,2026-05-21 11:24:52
PAYMENT0013624,ACC0024847,2026-07-05 15:15:33,126342.08,VOICE,2026-06-15 17:29:21
PAYMENT0005254,ACC0019212,2026-07-05 17:24:52,105088.14,VOICE,2026-06-12 23:57:28
PAYMENT0017278,ACC0016586,2026-07-05 17:46:42,59239.37,WHATSAPP,2026-06-26 22:43:54
PAYMENT0010114,ACC0011734,2026-07-05 17:53:03,64839.42,WHATSAPP,2026-04-30 00:06:53
PAYMENT0010709,ACC0026893,2026-07-05 18:42:41,110362.84,WHATSAPP,2026-06-05 20:00:28
PAYMENT0020472,ACC0021904,2026-07-05 19:10:02,86652.8,VOICE,2026-07-05 08:46:10
PAYMENT0023961,ACC0027041,2026-07-05 19:33:47,49825.4,FIELD,2026-06-12 17:06:38
PAYMENT0013709,ACC0018201,2026-07-05 20:45:09,59676.76,WHATSAPP,2026-06-08 19:23:10
PAYMENT0014808,ACC0013041,2026-07-05 22:06:08,22276.34,SMS,2026-07-02 03:47:34
PAYMENT0009799,ACC0000438,2026-07-05 22:59:59,111150.52,VOICE,2026-05-06 22:23:18
PAYMENT0012315,ACC0020728,2026-07-05 23:02:12,118817.29,VOICE,2026-06-30 01:14:39
PAYMENT0024752,ACC0004446,2026-07-05 23:27:39,128790.81,WHATSAPP,2026-06-12 07:44:08
PAYMENT0014334,ACC0024363,2026-07-05 23:29:23,120941.5,WHATSAPP,2026-06-25 09:51:19
PAYMENT0009864,ACC0027792,2026-07-05 23:47:18,142924.38,SMS,2026-06-11 11:50:40
PAYMENT0024732,ACC0027972,2026-07-05 23:53:05,88088.03,VOICE,2026-04-19 23:37:02
PAYMENT0023488,ACC0001858,2026-07-06 00:27:09,64444.8,SMS,2026-04-15 08:49:21
PAYMENT0000331,ACC0029030,2026-07-06 00:34:31,119705.77,WHATSAPP,2026-07-05 18:32:07
PAYMENT0010398,ACC0022715,2026-07-06 00:37:09,67302.59,SMS,2026-05-04 06:39:02
PAYMENT0001496,ACC0019099,2026-07-06 01:56:27,112391.93,WHATSAPP,2026-06-30 20:34:33
PAYMENT0021886,ACC0029543,2026-07-06 01:56:40,64985.75,SMS,2026-06-14 12:01:31
PAYMENT0017579,ACC0014939,2026-07-06 02:16:38,131450.58,VOICE,2026-06-23 08:29:21
PAYMENT0013982,ACC0027173,2026-07-06 03:43:33,97954.96,VOICE,2026-06-05 22:36:00
PAYMENT0006425,ACC0026296,2026-07-06 04:57:06,37084.25,SMS,2026-05-29 13:55:26
PAYMENT0001445,ACC0008201,2026-07-06 06:21:42,26293.4,SMS,2026-06-06 10:01:36
PAYMENT0016891,ACC0003542,2026-07-06 06:23:19,111307.2,SMS,2026-06-02 22:35:32
PAYMENT0008277,ACC0002441,2026-07-06 06:26:26,127.8,WHATSAPP,2026-06-13 11:16:38
PAYMENT0015340,ACC0026551,2026-07-06 06:45:37,128528.68,SMS,2026-06-08 13:52:13
PAYMENT0017357,ACC0022679,2026-07-06 06:52:27,35088.75,SMS,2026-07-03 23:16:49
PAYMENT0018008,ACC0012028,2026-07-06 07:16:45,89676.44,WHATSAPP,2026-04-28 19:01:38
PAYMENT0002963,ACC0008472,2026-07-06 07:39:08,32966.6,WHATSAPP,2026-06-27 07:38:53
PAYMENT0008785,ACC0019191,2026-07-06 07:55:55,110480.49,WHATSAPP,2026-05-25 00:18:33
PAYMENT0008711,ACC0005627,2026-07-06 08:01:32,124216.9,WHATSAPP,2026-01-24 01:15:44
PAYMENT0013621,ACC0014205,2026-07-06 08:02:24,24223.53,VOICE,2026-05-13 20:11:53
PAYMENT0000345,ACC0012615,2026-07-06 08:44:35,133410.68,WHATSAPP,2026-06-27 06:18:11
PAYMENT0017295,ACC0010883,2026-07-06 09:00:15,134365.95,VOICE,2026-06-23 23:17:50
PAYMENT0009202,ACC0008295,2026-07-06 09:04:30,48848.49,WHATSAPP,2026-06-20 09:14:42
PAYMENT0003719,ACC0027511,2026-07-06 09:43:04,113461.86,SMS,2026-05-12 11:51:59
PAYMENT0002129,ACC0012066,2026-07-06 09:57:04,51027.32,SMS,2026-06-22 14:01:54
PAYMENT0010559,ACC0025739,2026-07-06 10:41:27,81910.49,SMS,2026-06-26 15:23:43
PAYMENT0009563,ACC0006630,2026-07-06 10:43:58,89927.27,WHATSAPP,2026-06-10 08:17:10
PAYMENT0000302,ACC0006458,2026-07-06 10:56:22,92148.58,VOICE,2026-07-04 11:20:55
PAYMENT0002723,ACC0029738,2026-07-06 11:44:10,28451.37,VOICE,2026-04-13 19:18:42
PAYMENT0011938,ACC0022240,2026-07-06 12:13:32,101267.44,VOICE,2026-06-26 06:35:06
PAYMENT0021742,ACC0012431,2026-07-06 12:17:56,69067.45,VOICE,2026-05-22 01:22:15
PAYMENT0023845,ACC0005709,2026-07-06 12:45:42,62875.21,SMS,2026-06-01 14:51:06
PAYMENT0018831,ACC0027149,2026-07-06 13:25:39,137683.34,VOICE,2026-07-04 08:14:51
PAYMENT0019397,ACC0020606,2026-07-06 13:52:07,47189.61,SMS,2026-04-08 05:34:24
PAYMENT0021786,ACC0027300,2026-07-06 14:30:13,141962.62,SMS,2026-06-02 16:06:24
PAYMENT0014092,ACC0020990,2026-07-06 14:54:10,13076.44,VOICE,2026-05-11 03:09:16
PAYMENT0007272,ACC0023796,2026-07-06 15:03:23,137182.83,VOICE,2026-06-22 14:37:58
PAYMENT0018890,ACC0007379,2026-07-06 15:04:10,28275.35,WHATSAPP,2026-06-14 22:17:16
PAYMENT0007077,ACC0026098,2026-07-06 15:08:22,120045.49,VOICE,2026-07-06 04:17:17
PAYMENT0022462,ACC0015198,2026-07-06 15:15:17,66440.54,FIELD,2026-06-05 06:28:32
PAYMENT0003620,ACC0013862,2026-07-06 15:25:02,132110.03,WHATSAPP,2026-07-02 22:03:47
PAYMENT0013560,ACC0004450,2026-07-06 15:34:23,42472.65,SMS,2026-05-28 02:27:02
PAYMENT0008485,ACC0016161,2026-07-06 16:02:55,2810.04,WHATSAPP,2026-05-21 04:27:33
PAYMENT0020004,ACC0011731,2026-07-06 16:50:35,63576.79,VOICE,2026-06-02 13:03:38
PAYMENT0009829,ACC0018116,2026-07-06 18:03:47,32416.76,SMS,2026-06-22 12:29:56
PAYMENT0009949,ACC0024637,2026-07-06 18:05:02,20184.97,SMS,2026-06-26 20:32:39
PAYMENT0009548,ACC0005401,2026-07-06 18:20:11,2607.47,VOICE,2026-07-02 14:10:06
PAYMENT0011596,ACC0011060,2026-07-06 18:48:16,43406.09,VOICE,2026-07-04 21:58:57
PAYMENT0007703,ACC0000565,2026-07-06 20:17:33,112859.27,FIELD,2026-07-03 04:37:28
PAYMENT0012925,ACC0025177,2026-07-06 20:48:59,30482.11,VOICE,2026-07-05 08:12:57
PAYMENT0017444,ACC0022722,2026-07-06 20:49:30,132368.84,FIELD,2026-05-22 12:25:44
PAYMENT0024687,ACC0000424,2026-07-06 21:39:28,28789.53,WHATSAPP,2026-05-13 18:41:35
PAYMENT0002229,ACC0017796,2026-07-06 21:57:50,83573.19,VOICE,2026-07-01 09:53:33
PAYMENT0006570,ACC0020619,2026-07-06 22:48:38,61415.79,VOICE,2026-06-21 00:42:02
PAYMENT0002350,ACC0020008,2026-07-06 23:37:16,49355.45,WHATSAPP,2026-07-06 23:29:25
PAYMENT0013290,ACC0028783,2026-07-07 00:14:19,131585.5,VOICE,2026-05-15 22:30:42
PAYMENT0001114,ACC0004512,2026-07-07 00:35:28,80258.44,VOICE,2026-03-06 13:48:56
PAYMENT0003511,ACC0018986,2026-07-07 00:43:56,129703.69,SMS,2026-06-14 06:49:12
PAYMENT0014992,ACC0029495,2026-07-07 01:17:15,127230.15,SMS,2026-06-15 14:44:44
PAYMENT0013344,ACC0021917,2026-07-07 01:21:08,51949.92,WHATSAPP,2026-05-13 13:49:54
PAYMENT0016595,ACC0019281,2026-07-07 01:49:22,148302.89,SMS,2026-04-08 03:59:53
PAYMENT0009754,ACC0004723,2026-07-07 01:57:50,117048.29,WHATSAPP,2026-05-21 23:43:04
PAYMENT0003545,ACC0020296,2026-07-07 02:24:58,2157.35,FIELD,2026-04-30 10:32:13
PAYMENT0007950,ACC0024451,2026-07-07 03:04:52,137880.57,WHATSAPP,2026-07-06 14:31:58
PAYMENT0012519,ACC0018099,2026-07-07 03:28:25,55330.2,VOICE,2026-05-30 12:39:58
PAYMENT0010674,ACC0011385,2026-07-07 03:29:21,6645.97,WHATSAPP,2026-01-17 03:14:55
PAYMENT0001284,ACC0008569,2026-07-07 03:36:54,59920.95,WHATSAPP,2026-06-22 23:41:43
PAYMENT0017816,ACC0024428,2026-07-07 04:08:10,37821.86,FIELD,2026-06-13 15:50:15
PAYMENT0001638,ACC0019449,2026-07-07 04:11:32,130268.56,SMS,2026-05-21 21:57:15
PAYMENT0023192,ACC0019008,2026-07-07 04:16:17,113001.95,WHATSAPP,2026-06-11 00:47:46
PAYMENT0006953,ACC0010659,2026-07-07 04:33:36,138901.29,WHATSAPP,2026-07-04 17:38:55
PAYMENT0016742,ACC0026856,2026-07-07 04:37:45,73925.15,SMS,2026-06-11 23:40:44
PAYMENT0024544,ACC0003150,2026-07-07 04:39:14,89981.08,SMS,2026-06-24 16:24:31
PAYMENT0022333,ACC0012965,2026-07-07 04:44:05,49621.78,VOICE,2026-06-02 16:21:11
PAYMENT0020079,ACC0003856,2026-07-07 04:47:42,143006.51,VOICE,2026-06-19 02:09:28
PAYMENT0015316,ACC0000492,2026-07-07 05:42:36,122147.89,SMS,2026-07-01 18:25:22
PAYMENT0024630,ACC0027496,2026-07-07 05:57:27,112236.27,FIELD,2026-06-16 18:55:02
PAYMENT0020575,ACC0028993,2026-07-07 06:10:41,130932.24,VOICE,2026-05-30 05:49:27
PAYMENT0019607,ACC0026232,2026-07-07 06:20:18,23994.85,WHATSAPP,2026-05-27 01:08:52
PAYMENT0020489,ACC0003321,2026-07-07 06:30:39,75968.53,FIELD,2026-06-27 20:55:25
PAYMENT0002334,ACC0019774,2026-07-07 06:34:05,142639.52,WHATSAPP,2026-06-01 00:30:45
PAYMENT0011322,ACC0029859,2026-07-07 06:53:52,38487.38,SMS,2026-04-25 17:41:30
PAYMENT0011172,ACC0014238,2026-07-07 07:30:28,80859.28,WHATSAPP,2026-06-05 06:16:19
PAYMENT0020027,ACC0021211,2026-07-07 08:14:40,73821.26,VOICE,2026-06-23 02:40:32
PAYMENT0017354,ACC0029195,2026-07-07 08:16:50,107347.97,FIELD,2026-06-26 14:41:25
PAYMENT0017936,ACC0004166,2026-07-07 08:41:44,83229.68,WHATSAPP,2026-05-04 03:32:01
PAYMENT0014927,ACC0019528,2026-07-07 09:25:27,142186.81,FIELD,2026-06-13 09:55:03
PAYMENT0024113,ACC0016349,2026-07-07 10:21:39,81411.53,VOICE,2026-07-04 20:37:34
PAYMENT0002141,ACC0009633,2026-07-07 10:51:36,96778.43,SMS,2026-04-01 14:01:39
PAYMENT0004094,ACC0017172,2026-07-07 10:55:23,148535.11,WHATSAPP,2026-06-20 21:20:42
PAYMENT0021303,ACC0009494,2026-07-07 10:57:13,77982.42,VOICE,2026-06-27 23:25:55
PAYMENT0015493,ACC0002294,2026-07-07 11:09:01,84860.61,VOICE,2026-06-11 16:16:42
PAYMENT0011721,ACC0020195,2026-07-07 11:38:40,135915.19,VOICE,2026-07-04 23:00:06
PAYMENT0024054,ACC0006089,2026-07-07 12:33:09,110510.47,SMS,2026-04-30 13:05:55
PAYMENT0017069,ACC0020236,2026-07-07 13:33:33,103198.77,VOICE,2026-04-25 21:09:20
PAYMENT0018519,ACC0008488,2026-07-07 13:50:06,82844.15,VOICE,2026-07-01 05:54:54
PAYMENT0019737,ACC0024212,2026-07-07 14:19:06,138955.2,VOICE,2026-05-17 02:05:30
PAYMENT0005080,ACC0022084,2026-07-07 15:08:42,106848.92,WHATSAPP,2026-07-03 11:06:54
PAYMENT0009601,ACC0025273,2026-07-07 15:22:55,97942.79,SMS,2026-06-05 11:25:08
PAYMENT0001043,ACC0008476,2026-07-07 15:26:56,52075.04,WHATSAPP,2026-06-07 07:01:54
PAYMENT0020993,ACC0009744,2026-07-07 16:09:05,67776.9,FIELD,2026-06-26 22:07:00
PAYMENT0000031,ACC0006749,2026-07-07 16:36:43,16764.69,SMS,2026-05-26 07:35:06
PAYMENT0013104,ACC0015815,2026-07-07 16:47:36,112795.31,SMS,2026-07-04 08:41:30
PAYMENT0015934,ACC0028652,2026-07-07 17:45:00,102789.29,WHATSAPP,2026-06-12 04:15:56
PAYMENT0017718,ACC0007704,2026-07-07 18:32:41,43822.44,VOICE,2026-06-07 09:21:13
PAYMENT0020203,ACC0029145,2026-07-07 18:56:13,46222.5,VOICE,2026-07-03 10:36:09
PAYMENT0004297,ACC0029717,2026-07-07 19:39:36,14530.0,VOICE,2026-02-28 11:02:39
PAYMENT0024096,ACC0003450,2026-07-07 19:59:19,57217.91,FIELD,2026-06-06 06:14:52
PAYMENT0021702,ACC0013768,2026-07-07 20:17:44,96923.28,VOICE,2026-06-12 07:45:28
PAYMENT0024909,ACC0017963,2026-07-07 20:29:38,31619.81,SMS,2026-05-22 06:07:01
PAYMENT0024805,ACC0019162,2026-07-07 21:04:13,13078.52,VOICE,2026-07-07 18:02:14
PAYMENT0016795,ACC0002594,2026-07-07 21:32:55,93788.19,VOICE,2026-06-28 11:15:36
PAYMENT0003683,ACC0022030,2026-07-07 21:45:24,19148.31,SMS,2026-05-17 01:31:54
PAYMENT0000757,ACC0008437,2026-07-07 22:06:26,92850.23,VOICE,2026-06-18 16:52:00
PAYMENT0013640,ACC0003471,2026-07-07 22:19:57,90857.48,VOICE,2026-06-27 14:50:33
PAYMENT0002871,ACC0018186,2026-07-07 22:33:35,77044.85,SMS,2026-06-08 16:02:58
PAYMENT0000991,ACC0026969,2026-07-07 22:38:06,138995.47,WHATSAPP,2026-06-15 07:48:19
PAYMENT0001904,ACC0023833,2026-07-07 23:24:20,20547.31,WHATSAPP,2026-04-26 20:41:42
PAYMENT0014507,ACC0015297,2026-07-07 23:44:30,52689.13,VOICE,2026-07-02 08:36:31
PAYMENT0021748,ACC0004571,2026-07-08 00:28:40,74395.2,FIELD,2026-07-05 06:11:42
PAYMENT0009658,ACC0028702,2026-07-08 00:30:01,80483.37,SMS,2026-06-16 02:19:58
PAYMENT0020691,ACC0023069,2026-07-08 01:12:54,12830.95,VOICE,2026-06-19 08:01:02
PAYMENT0009993,ACC0026228,2026-07-08 02:02:09,86300.09,SMS,2026-07-07 22:22:56
PAYMENT0014608,ACC0008287,2026-07-08 02:34:22,119423.96,VOICE,2026-06-21 06:04:55
PAYMENT0002849,ACC0013133,2026-07-08 02:35:41,42602.2,VOICE,2026-07-06 03:31:25
PAYMENT0012418,ACC0013344,2026-07-08 02:46:16,59771.32,VOICE,2026-06-14 18:08:15
PAYMENT0012786,ACC0011846,2026-07-08 03:03:19,5610.81,VOICE,2026-03-05 00:15:01
PAYMENT0020936,ACC0012640,2026-07-08 03:12:51,80544.54,VOICE,2026-05-09 19:43:59
PAYMENT0002920,ACC0010472,2026-07-08 04:14:40,141467.53,VOICE,2026-06-01 09:21:06
PAYMENT0002691,ACC0017046,2026-07-08 04:41:44,80503.18,WHATSAPP,2026-06-29 19:00:14
PAYMENT0018365,ACC0004534,2026-07-08 04:59:01,135260.52,FIELD,2026-05-11 16:58:02
PAYMENT0010603,ACC0029907,2026-07-08 05:20:43,3209.79,SMS,2026-05-12 12:42:12
PAYMENT0015276,ACC0013835,2026-07-08 05:46:12,108880.54,VOICE,2026-05-20 10:45:28
PAYMENT0003852,ACC0026920,2026-07-08 06:39:12,72116.16,WHATSAPP,2026-07-02 23:55:22
PAYMENT0020931,ACC0003616,2026-07-08 07:38:05,97539.17,WHATSAPP,2026-06-22 23:02:53
PAYMENT0019489,ACC0022462,2026-07-08 07:47:41,141445.46,WHATSAPP,2026-06-15 04:36:11
PAYMENT0011126,ACC0011635,2026-07-08 08:13:32,132090.13,FIELD,2026-06-27 06:49:34
PAYMENT0006202,ACC0025845,2026-07-08 08:14:38,19105.46,WHATSAPP,2026-03-27 18:54:16
PAYMENT0022102,ACC0027898,2026-07-08 08:27:14,48609.54,VOICE,2026-06-29 08:42:00
PAYMENT0010041,ACC0010128,2026-07-08 08:31:32,95395.64,WHATSAPP,2026-05-01 17:35:42
PAYMENT0011825,ACC0025024,2026-07-08 08:40:45,78187.35,WHATSAPP,2026-06-22 14:18:38
PAYMENT0024234,ACC0008583,2026-07-08 08:48:54,44280.31,FIELD,2026-07-01 02:13:25
PAYMENT0023509,ACC0019711,2026-07-08 09:02:05,93735.66,VOICE,2026-05-28 11:08:02
PAYMENT0012854,ACC0011479,2026-07-08 09:16:15,134619.76,VOICE,2026-05-28 01:24:26
PAYMENT0012173,ACC0007892,2026-07-08 09:20:02,3191.59,VOICE,2026-05-13 18:22:29
PAYMENT0009967,ACC0002013,2026-07-08 10:01:30,139429.69,WHATSAPP,2026-06-28 19:58:58
PAYMENT0003391,ACC0001758,2026-07-08 10:38:32,62321.73,WHATSAPP,2026-06-29 19:56:32
PAYMENT0002480,ACC0012735,2026-07-08 10:48:37,48652.77,VOICE,2026-05-29 11:13:51
PAYMENT0023103,ACC0007618,2026-07-08 10:49:55,70734.34,WHATSAPP,2026-05-23 01:22:26
PAYMENT0000613,ACC0021288,2026-07-08 11:06:28,113617.29,VOICE,2026-05-21 08:08:50
PAYMENT0010087,ACC0007610,2026-07-08 11:10:10,10300.51,VOICE,2026-06-30 01:26:16
PAYMENT0012897,ACC0014124,2026-07-08 11:29:59,62841.31,VOICE,2026-06-29 02:44:58
PAYMENT0012084,ACC0028633,2026-07-08 13:27:35,77800.02,WHATSAPP,2026-07-02 04:41:07
PAYMENT0010396,ACC0025608,2026-07-08 14:45:35,10834.9,VOICE,2026-06-29 09:16:44
PAYMENT0000325,ACC0004322,2026-07-08 15:09:23,103232.3,WHATSAPP,2026-06-11 10:01:38
PAYMENT0016665,ACC0021271,2026-07-08 15:16:49,11273.85,VOICE,2026-07-08 06:51:36
PAYMENT0006059,ACC0029526,2026-07-08 16:27:46,46024.07,FIELD,2026-06-22 02:54:25
PAYMENT0019424,ACC0008754,2026-07-08 16:43:34,21120.03,VOICE,2026-07-05 04:20:16
PAYMENT0015618,ACC0015914,2026-07-08 17:06:54,106678.87,FIELD,2026-06-02 07:40:47
PAYMENT0006226,ACC0004731,2026-07-08 17:16:13,135131.11,VOICE,2026-07-04 07:21:08
PAYMENT0023693,ACC0022367,2026-07-08 17:20:46,83353.15,VOICE,2026-06-11 09:06:12
PAYMENT0005910,ACC0004991,2026-07-08 17:34:02,27268.82,VOICE,2026-06-25 14:58:40
PAYMENT0009487,ACC0016645,2026-07-08 17:48:00,43249.64,SMS,2026-06-20 14:48:48
PAYMENT0022241,ACC0024270,2026-07-08 18:46:39,85106.01,FIELD,2026-05-30 08:13:29
PAYMENT0005178,ACC0024273,2026-07-08 18:56:10,90136.33,VOICE,2026-06-16 07:54:10
PAYMENT0011178,ACC0005161,2026-07-08 19:46:10,144669.51,VOICE,2026-07-05 15:55:48
PAYMENT0013086,ACC0011855,2026-07-08 19:46:10,130448.17,VOICE,2026-06-28 11:16:40
PAYMENT0009431,ACC0003696,2026-07-08 20:17:04,108019.14,SMS,2026-06-26 19:17:19
PAYMENT0023170,ACC0006898,2026-07-08 20:24:02,77811.49,VOICE,2026-07-06 02:46:20
PAYMENT0011379,ACC0009086,2026-07-08 20:45:55,79597.08,FIELD,2026-07-03 07:17:42
PAYMENT0008914,ACC0001008,2026-07-08 21:06:43,105991.11,SMS,2026-07-01 22:28:57
PAYMENT0012025,ACC0011411,2026-07-08 21:09:58,27166.08,SMS,2026-05-07 08:32:31
PAYMENT0013836,ACC0028027,2026-07-08 21:18:00,55416.92,WHATSAPP,2026-05-21 17:08:30
PAYMENT0007221,ACC0022729,2026-07-08 21:19:39,143483.32,WHATSAPP,2026-06-05 21:39:45
PAYMENT0021020,ACC0027025,2026-07-08 21:29:19,115522.16,SMS,2026-06-13 13:19:08
PAYMENT0010636,ACC0020416,2026-07-08 21:45:02,116950.11,VOICE,2026-06-28 14:36:03
PAYMENT0015566,ACC0017927,2026-07-08 22:07:20,74119.11,VOICE,2026-06-27 21:08:35
PAYMENT0001597,ACC0019346,2026-07-08 22:09:30,12484.59,WHATSAPP,2026-02-04 19:20:38
PAYMENT0005895,ACC0001747,2026-07-08 23:58:10,61049.03,WHATSAPP,2026-04-27 06:21:36
PAYMENT0023554,ACC0013521,2026-07-09 01:23:44,120959.69,VOICE,2026-06-30 17:36:06
PAYMENT0018238,ACC0025127,2026-07-09 01:37:39,55365.95,VOICE,2026-05-01 02:22:05
PAYMENT0011992,ACC0018678,2026-07-09 01:48:07,133841.33,WHATSAPP,2026-07-08 00:50:58
PAYMENT0016489,ACC0015649,2026-07-09 02:27:31,104980.01,FIELD,2026-07-02 17:48:49
PAYMENT0014398,ACC0017197,2026-07-09 02:39:25,56265.59,FIELD,2026-04-24 07:16:18
PAYMENT0015595,ACC0023810,2026-07-09 03:28:45,14325.54,VOICE,2026-05-06 01:27:26
PAYMENT0022237,ACC0003597,2026-07-09 03:43:49,85863.15,FIELD,2026-06-28 19:44:25
PAYMENT0020518,ACC0014337,2026-07-09 05:00:46,44333.69,VOICE,2026-04-30 16:09:28
PAYMENT0017434,ACC0008187,2026-07-09 05:08:49,28008.71,VOICE,2026-06-18 12:44:17
PAYMENT0006180,ACC0022500,2026-07-09 05:14:28,93023.15,WHATSAPP,2026-07-06 11:30:39
PAYMENT0019619,ACC0021965,2026-07-09 05:40:07,84146.47,SMS,2026-05-27 08:50:45
PAYMENT0017524,ACC0003260,2026-07-09 06:42:11,47749.64,VOICE,2026-07-04 09:35:26
PAYMENT0008646,ACC0020744,2026-07-09 06:44:36,55158.47,SMS,2026-07-03 20:39:06
PAYMENT0000465,ACC0016822,2026-07-09 07:04:42,18705.59,VOICE,2026-04-26 17:17:03
PAYMENT0024210,ACC0010681,2026-07-09 07:45:09,7628.68,FIELD,2026-05-23 00:07:51
PAYMENT0016105,ACC0026896,2026-07-09 09:30:31,27536.44,FIELD,2026-04-14 14:21:56
PAYMENT0007717,ACC0020758,2026-07-09 09:31:50,104188.72,VOICE,2026-07-02 04:32:12
PAYMENT0011608,ACC0000700,2026-07-09 09:35:23,19326.9,VOICE,2026-03-30 03:07:30
PAYMENT0007266,ACC0011693,2026-07-09 09:47:29,31101.45,WHATSAPP,2026-02-15 09:18:59
PAYMENT0019630,ACC0024456,2026-07-09 10:55:00,39855.64,FIELD,2026-05-23 14:23:07
PAYMENT0001589,ACC0021673,2026-07-09 11:21:42,64368.88,VOICE,2026-06-28 19:13:48
PAYMENT0010462,ACC0012897,2026-07-09 12:28:31,16653.3,WHATSAPP,2026-06-11 02:01:14
PAYMENT0002353,ACC0014508,2026-07-09 12:41:06,100769.29,WHATSAPP,2026-07-08 17:22:18
PAYMENT0003707,ACC0015733,2026-07-09 12:50:14,27296.92,WHATSAPP,2026-04-13 11:48:11
PAYMENT0024979,ACC0027337,2026-07-09 13:26:53,103194.33,WHATSAPP,2026-06-14 01:39:22
PAYMENT0018690,ACC0023457,2026-07-09 13:53:09,58703.85,WHATSAPP,2026-05-30 18:21:43
PAYMENT0012693,ACC0004725,2026-07-09 13:56:31,132210.91,WHATSAPP,2026-06-07 14:18:55
PAYMENT0008951,ACC0029598,2026-07-09 14:04:14,28969.94,SMS,2026-07-08 23:30:17
PAYMENT0011270,ACC0026345,2026-07-09 14:22:52,57060.7,WHATSAPP,2026-06-27 21:13:35
PAYMENT0019598,ACC0028024,2026-07-09 14:36:52,38597.25,WHATSAPP,2026-07-06 22:46:21
PAYMENT0017047,ACC0014896,2026-07-09 15:18:18,87062.22,VOICE,2026-05-22 16:58:29
PAYMENT0016746,ACC0021072,2026-07-09 15:28:10,75744.82,SMS,2026-07-05 14:39:26
PAYMENT0014412,ACC0009798,2026-07-09 16:31:41,130778.95,SMS,2026-06-10 03:26:17
PAYMENT0019538,ACC0028815,2026-07-09 16:39:34,74066.64,WHATSAPP,2026-05-17 22:35:36
PAYMENT0008086,ACC0020922,2026-07-09 17:31:01,62528.07,WHATSAPP,2026-06-08 21:17:42
PAYMENT0000978,ACC0014650,2026-07-09 17:32:21,130436.82,VOICE,2026-06-29 22:55:19
PAYMENT0004360,ACC0001854,2026-07-09 18:17:47,124933.06,SMS,2026-06-27 01:51:06
PAYMENT0008185,ACC0002842,2026-07-09 18:21:45,88970.22,FIELD,2026-06-08 10:28:39
PAYMENT0003633,ACC0014992,2026-07-09 18:26:12,110325.96,FIELD,2026-05-17 18:01:07
PAYMENT0015449,ACC0012250,2026-07-09 18:42:21,77600.56,SMS,2026-07-09 09:59:18
PAYMENT0004408,ACC0009874,2026-07-09 19:30:25,16269.6,SMS,2026-07-04 09:03:33
PAYMENT0007470,ACC0013053,2026-07-09 19:32:40,122365.71,WHATSAPP,2026-05-08 03:44:50
PAYMENT0012260,ACC0014841,2026-07-09 19:58:46,7759.46,VOICE,2026-07-04 21:54:29
PAYMENT0007864,ACC0007022,2026-07-09 20:08:55,17408.31,SMS,2026-07-05 15:17:39
PAYMENT0001633,ACC0014083,2026-07-09 20:38:10,31130.82,SMS,2026-06-29 09:02:13
PAYMENT0020424,ACC0009810,2026-07-09 21:54:32,148655.73,VOICE,2026-06-29 15:46:12
PAYMENT0017288,ACC0023335,2026-07-09 21:59:06,74068.02,SMS,2026-07-03 22:13:36
PAYMENT0006738,ACC0028326,2026-07-09 22:00:09,97831.05,WHATSAPP,2026-06-21 16:39:00
PAYMENT0000350,ACC0026783,2026-07-09 22:12:53,136986.98,VOICE,2026-07-07 04:48:05
PAYMENT0009861,ACC0003624,2026-07-09 22:14:00,132537.14,VOICE,2026-07-07 14:44:50
PAYMENT0021170,ACC0014901,2026-07-09 22:17:07,122993.99,SMS,2026-05-28 18:12:52
PAYMENT0022805,ACC0015621,2026-07-09 22:26:49,5172.3,SMS,2026-06-06 10:15:41
PAYMENT0020942,ACC0010303,2026-07-09 22:51:31,63933.87,WHATSAPP,2026-07-02 03:28:17
PAYMENT0022769,ACC0008063,2026-07-09 23:27:44,101023.7,SMS,2026-07-08 13:17:17
PAYMENT0014790,ACC0020903,2026-07-09 23:38:45,139323.64,WHATSAPP,2026-06-12 09:20:10
PAYMENT0018022,ACC0004816,2026-07-09 23:58:20,33002.94,WHATSAPP,2026-05-16 21:58:11
PAYMENT0017045,ACC0027660,2026-07-10 01:13:30,107104.01,WHATSAPP,2026-04-04 10:54:04
PAYMENT0002457,ACC0022342,2026-07-10 01:55:20,30480.69,FIELD,2026-05-08 20:48:00
PAYMENT0000141,ACC0028408,2026-07-10 02:24:54,101909.34,VOICE,2026-06-01 00:22:19
PAYMENT0007843,ACC0020305,2026-07-10 02:29:59,22640.43,WHATSAPP,2026-06-20 04:15:42
PAYMENT0006505,ACC0017890,2026-07-10 02:30:38,11315.66,VOICE,2026-06-25 09:22:28
PAYMENT0012861,ACC0023331,2026-07-10 03:55:36,141130.02,WHATSAPP,2026-07-06 22:39:25
PAYMENT0022725,ACC0002433,2026-07-10 04:04:12,57106.02,FIELD,2026-07-09 23:38:14
PAYMENT0013259,ACC0021367,2026-07-10 04:13:01,69516.68,WHATSAPP,2026-06-27 05:22:34
PAYMENT0002476,ACC0026739,2026-07-10 04:22:30,41522.09,VOICE,2026-03-01 07:33:53
PAYMENT0011413,ACC0026155,2026-07-10 05:07:50,23025.1,WHATSAPP,2026-06-24 14:11:30
PAYMENT0000215,ACC0012051,2026-07-10 06:39:57,122593.05,WHATSAPP,2026-03-31 20:58:14
PAYMENT0002917,ACC0010906,2026-07-10 07:09:06,65615.97,SMS,2026-07-01 09:55:22
PAYMENT0000114,ACC0008580,2026-07-10 07:57:49,42394.51,FIELD,2026-06-26 02:37:44
PAYMENT0013579,ACC0012302,2026-07-10 08:31:41,101362.64,VOICE,2026-07-07 20:53:28
PAYMENT0005927,ACC0019336,2026-07-10 08:56:29,127804.92,WHATSAPP,2026-07-05 03:17:20
PAYMENT0014687,ACC0018885,2026-07-10 09:25:36,133023.34,WHATSAPP,2026-07-01 16:19:27
PAYMENT0018974,ACC0021824,2026-07-10 09:30:51,110602.45,VOICE,2026-03-27 16:11:23
PAYMENT0020688,ACC0021581,2026-07-10 10:05:01,27147.8,VOICE,2026-05-23 19:05:16
PAYMENT0001622,ACC0025065,2026-07-10 10:26:53,28253.8,SMS,2026-06-25 13:57:54
PAYMENT0011588,ACC0017169,2026-07-10 10:38:49,82495.37,WHATSAPP,2026-06-28 15:54:24
PAYMENT0009500,ACC0003123,2026-07-10 10:39:25,8467.84,VOICE,2026-05-29 05:31:58
PAYMENT0009470,ACC0029340,2026-07-10 11:15:39,49237.8,WHATSAPP,2026-05-12 13:50:41
PAYMENT0004719,ACC0022993,2026-07-10 11:35:37,138663.96,WHATSAPP,2026-06-08 17:37:16
PAYMENT0022066,ACC0008601,2026-07-10 11:42:03,78550.81,VOICE,2026-07-03 16:08:42
PAYMENT0002391,ACC0006544,2026-07-10 11:51:45,81052.91,SMS,2026-06-02 12:12:30
PAYMENT0022041,ACC0009672,2026-07-10 11:57:48,102259.9,SMS,2026-05-23 03:15:47
PAYMENT0021749,ACC0002874,2026-07-10 12:15:51,118139.16,FIELD,2026-06-14 17:23:42
PAYMENT0000378,ACC0008722,2026-07-10 14:08:12,113214.09,FIELD,2026-06-28 12:32:24
PAYMENT0011728,ACC0026962,2026-07-10 14:15:04,11309.25,SMS,2026-04-10 06:26:44
PAYMENT0023112,ACC0025902,2026-07-10 14:35:10,132536.65,SMS,2026-06-21 17:37:00
PAYMENT0000603,ACC0012189,2026-07-10 14:52:30,31062.37,FIELD,2026-06-15 07:12:37
PAYMENT0004177,ACC0013179,2026-07-10 15:06:13,95974.59,WHATSAPP,2026-07-03 18:23:18
PAYMENT0024564,ACC0000842,2026-07-10 15:55:24,117254.24,VOICE,2026-06-29 21:20:56
PAYMENT0014548,ACC0029185,2026-07-10 16:59:52,112151.83,FIELD,2026-05-21 02:48:16
PAYMENT0008477,ACC0015436,2026-07-10 17:29:28,95499.29,VOICE,2026-06-24 21:09:05
PAYMENT0011014,ACC0022011,2026-07-10 17:56:07,10451.18,FIELD,2026-07-09 20:29:12
PAYMENT0010633,ACC0003487,2026-07-10 18:03:02,37008.42,VOICE,2026-06-17 04:22:18
PAYMENT0021812,ACC0019492,2026-07-10 18:27:02,142861.9,SMS,2026-03-08 20:45:13
PAYMENT0020436,ACC0009884,2026-07-10 19:01:42,42696.95,FIELD,2026-04-13 18:10:40
PAYMENT0006509,ACC0024822,2026-07-10 19:08:48,32377.9,SMS,2026-03-18 22:52:09
PAYMENT0002024,ACC0000048,2026-07-10 19:18:24,23679.85,FIELD,2026-07-06 03:41:49
PAYMENT0000692,ACC0006711,2026-07-10 19:30:56,133651.3,VOICE,2026-04-28 06:19:17
PAYMENT0016967,ACC0008519,2026-07-10 20:01:01,22141.38,WHATSAPP,2026-04-19 17:59:51
PAYMENT0012683,ACC0021857,2026-07-10 20:48:42,87531.68,FIELD,2026-06-30 18:22:11
PAYMENT0004900,ACC0006469,2026-07-10 20:51:20,145724.1,WHATSAPP,2026-05-29 07:40:36
PAYMENT0009422,ACC0028956,2026-07-10 21:24:13,44045.41,FIELD,2026-06-24 15:30:28
PAYMENT0017215,ACC0009357,2026-07-10 21:46:07,54396.52,WHATSAPP,2026-06-12 03:36:22
PAYMENT0020256,ACC0012460,2026-07-10 22:26:52,109678.82,SMS,2026-07-08 15:47:42
PAYMENT0003178,ACC0004835,2026-07-10 23:02:36,69676.25,FIELD,2026-06-04 09:19:37
PAYMENT0016674,ACC0013516,2026-07-10 23:30:12,113674.76,WHATSAPP,2026-06-20 03:27:56
PAYMENT0010421,ACC0000398,2026-07-11 00:05:12,81961.49,VOICE,2026-03-11 23:58:24
PAYMENT0009461,ACC0016704,2026-07-11 00:26:08,102613.11,VOICE,2026-06-17 15:58:46
PAYMENT0007182,ACC0023915,2026-07-11 00:48:37,10050.86,WHATSAPP,2026-07-10 09:31:54
PAYMENT0013150,ACC0025770,2026-07-11 00:53:14,30407.61,WHATSAPP,2026-06-03 03:15:33
PAYMENT0016805,ACC0023154,2026-07-11 00:54:56,51854.67,VOICE,2026-07-08 08:37:54
PAYMENT0023195,ACC0002392,2026-07-11 00:56:05,57744.73,SMS,2026-06-25 23:20:09
PAYMENT0024010,ACC0002172,2026-07-11 02:46:03,46266.5,VOICE,2026-05-21 17:12:40
PAYMENT0014572,ACC0004223,2026-07-11 03:10:20,122596.5,VOICE,2026-05-24 04:17:17
PAYMENT0020445,ACC0021618,2026-07-11 03:22:24,65265.18,VOICE,2026-06-05 04:01:26
PAYMENT0003157,ACC0017966,2026-07-11 03:50:07,140841.29,VOICE,2026-06-18 18:40:19
PAYMENT0004793,ACC0011182,2026-07-11 04:42:17,80373.45,VOICE,2026-06-04 02:33:55
PAYMENT0006096,ACC0029402,2026-07-11 06:03:01,11913.55,VOICE,2026-06-25 07:35:34
PAYMENT0018453,ACC0021157,2026-07-11 06:55:46,104407.74,WHATSAPP,2026-06-17 12:29:12
PAYMENT0018639,ACC0000245,2026-07-11 07:00:30,26888.29,SMS,2026-06-02 03:14:20
PAYMENT0003142,ACC0021736,2026-07-11 07:57:20,37725.21,VOICE,2026-06-10 05:18:15
PAYMENT0008962,ACC0022177,2026-07-11 08:19:49,26736.09,VOICE,2026-06-27 14:47:00
PAYMENT0023212,ACC0008370,2026-07-11 09:29:46,122930.56,VOICE,2026-07-04 19:12:07
PAYMENT0024469,ACC0029635,2026-07-11 10:02:53,50442.18,VOICE,2026-07-04 07:50:00
PAYMENT0012808,ACC0013555,2026-07-11 11:27:05,59093.12,SMS,2026-07-03 15:00:00
PAYMENT0021424,ACC0016308,2026-07-11 11:29:53,49765.09,FIELD,2026-07-08 21:16:33
PAYMENT0019722,ACC0022333,2026-07-11 11:53:56,111343.23,VOICE,2026-04-14 06:35:03
PAYMENT0020519,ACC0004997,2026-07-11 12:37:30,17160.12,WHATSAPP,2026-07-09 22:57:21
PAYMENT0014023,ACC0010912,2026-07-11 12:40:02,146734.78,SMS,2026-06-13 05:18:45
PAYMENT0019471,ACC0006268,2026-07-11 14:30:25,56794.64,FIELD,2026-05-27 17:51:06
PAYMENT0010482,ACC0024393,2026-07-11 15:19:28,6354.7,FIELD,2026-06-26 23:26:25
PAYMENT0007956,ACC0016649,2026-07-11 15:19:46,118995.2,WHATSAPP,2026-02-26 02:48:03
PAYMENT0012838,ACC0006158,2026-07-11 15:36:41,92763.52,SMS,2026-06-11 21:53:52
PAYMENT0004916,ACC0013280,2026-07-11 15:36:43,114190.99,SMS,2026-07-11 09:03:36
PAYMENT0012853,ACC0021010,2026-07-11 16:01:42,93321.49,VOICE,2026-06-26 18:20:41
PAYMENT0016195,ACC0012163,2026-07-11 16:39:51,66334.5,VOICE,2026-07-06 19:51:26
PAYMENT0007553,ACC0013425,2026-07-11 17:18:56,6895.89,SMS,2026-06-26 00:35:14
PAYMENT0024887,ACC0017944,2026-07-11 18:18:07,125180.67,WHATSAPP,2026-06-04 14:34:18
PAYMENT0000139,ACC0003517,2026-07-11 18:45:14,4080.1,VOICE,2026-05-11 10:00:13
PAYMENT0020856,ACC0017093,2026-07-11 19:04:18,102682.01,SMS,2026-05-18 20:52:41
PAYMENT0012627,ACC0009162,2026-07-11 19:35:46,49691.46,VOICE,2026-06-27 04:56:54
PAYMENT0015978,ACC0016420,2026-07-11 20:03:23,64508.95,SMS,2026-07-08 10:43:36
PAYMENT0011279,ACC0000086,2026-07-11 21:13:37,18292.25,VOICE,2026-06-28 00:48:41
PAYMENT0011458,ACC0028057,2026-07-11 21:17:37,142578.33,VOICE,2026-07-07 22:52:44
PAYMENT0011208,ACC0005523,2026-07-11 21:28:55,114461.72,FIELD,2026-05-24 16:52:22
PAYMENT0008200,ACC0015507,2026-07-12 00:37:09,123807.43,VOICE,2026-07-03 13:48:06
PAYMENT0009351,ACC0023438,2026-07-12 00:47:44,98436.42,SMS,2026-06-26 19:14:58
PAYMENT0014088,ACC0000893,2026-07-12 01:11:49,138642.07,WHATSAPP,2026-06-27 04:37:58
PAYMENT0007799,ACC0029525,2026-07-12 01:12:55,2716.71,VOICE,2026-05-06 16:05:17
PAYMENT0017377,ACC0001472,2026-07-12 02:18:37,146319.26,VOICE,2026-07-06 23:13:10
PAYMENT0020414,ACC0028221,2026-07-12 02:31:31,92793.94,VOICE,2026-06-20 05:09:22
PAYMENT0006225,ACC0028832,2026-07-12 02:46:12,60179.68,VOICE,2026-06-12 20:01:33
PAYMENT0017091,ACC0025737,2026-07-12 03:37:44,13116.37,WHATSAPP,2026-06-13 02:48:57
PAYMENT0014228,ACC0010457,2026-07-12 04:02:26,107235.79,VOICE,2026-06-11 05:19:16
PAYMENT0007815,ACC0011057,2026-07-12 04:06:29,124711.45,WHATSAPP,2026-04-17 21:21:54
PAYMENT0013061,ACC0017180,2026-07-12 04:40:27,2310.8,WHATSAPP,2026-06-04 15:49:26
PAYMENT0016810,ACC0009696,2026-07-12 04:42:35,61481.79,VOICE,2026-04-20 01:18:52
PAYMENT0023238,ACC0004835,2026-07-12 06:54:20,99422.56,FIELD,2026-06-04 09:19:37
PAYMENT0006627,ACC0001289,2026-07-12 08:33:02,98153.97,SMS,2026-05-11 12:52:15
PAYMENT0002587,ACC0010883,2026-07-12 08:47:26,30810.64,VOICE,2026-06-23 23:17:50
PAYMENT0022340,ACC0010911,2026-07-12 10:42:46,119859.15,WHATSAPP,2026-07-04 21:59:33
PAYMENT0021273,ACC0003758,2026-07-12 11:01:46,56437.66,WHATSAPP,2026-06-26 06:10:26
PAYMENT0007296,ACC0016587,2026-07-12 11:41:54,129157.13,VOICE,2026-06-07 21:08:23
PAYMENT0004328,ACC0013406,2026-07-12 11:54:17,111229.31,WHATSAPP,2026-05-22 12:27:02
PAYMENT0004098,ACC0014213,2026-07-12 12:10:22,73265.39,WHATSAPP,2026-05-31 17:41:49
PAYMENT0001702,ACC0019508,2026-07-12 13:24:34,10780.3,SMS,2026-06-25 15:46:46
PAYMENT0011118,ACC0021979,2026-07-12 14:29:47,136636.08,VOICE,2026-05-29 05:13:00
PAYMENT0009927,ACC0008021,2026-07-12 14:55:11,45614.76,WHATSAPP,2026-06-02 13:06:25
PAYMENT0019286,ACC0012317,2026-07-12 15:54:47,66031.5,VOICE,2026-06-18 04:35:33
PAYMENT0009859,ACC0005900,2026-07-12 16:00:38,133664.93,SMS,2026-06-12 03:43:10
PAYMENT0018130,ACC0010652,2026-07-12 16:24:27,24081.25,WHATSAPP,2026-06-27 03:18:37
PAYMENT0015537,ACC0006719,2026-07-12 16:32:59,41753.77,VOICE,2026-07-05 15:07:23
PAYMENT0011536,ACC0011529,2026-07-12 16:36:57,109860.24,SMS,2026-07-04 18:46:00
PAYMENT0013172,ACC0020481,2026-07-12 16:56:36,41291.14,SMS,2026-07-08 04:44:39
PAYMENT0015808,ACC0013301,2026-07-12 17:38:05,60498.25,FIELD,2026-05-26 18:15:43
PAYMENT0012185,ACC0022146,2026-07-12 19:07:00,62384.8,SMS,2026-06-10 05:43:57
PAYMENT0011510,ACC0007984,2026-07-12 19:24:09,72056.36,SMS,2026-05-06 18:54:32
PAYMENT0018803,ACC0017669,2026-07-12 20:05:07,62403.07,VOICE,2026-07-09 06:55:32
PAYMENT0021423,ACC0014537,2026-07-12 20:14:40,53528.43,WHATSAPP,2026-05-24 21:09:31
PAYMENT0024834,ACC0012322,2026-07-12 20:18:52,55794.53,VOICE,2026-05-30 07:57:29
PAYMENT0002854,ACC0008013,2026-07-12 21:10:13,125591.09,SMS,2026-05-07 12:14:05
PAYMENT0020896,ACC0011036,2026-07-12 21:46:36,63563.06,SMS,2026-06-15 23:56:00
PAYMENT0020735,ACC0023215,2026-07-12 22:19:35,105005.76,SMS,2026-05-28 03:50:56
PAYMENT0004695,ACC0006018,2026-07-12 22:36:45,97178.75,VOICE,2026-01-30 08:27:23
PAYMENT0000823,ACC0023060,2026-07-12 22:42:53,126784.05,SMS,2026-06-01 06:13:53
PAYMENT0017565,ACC0004242,2026-07-12 23:18:25,145743.01,FIELD,2026-04-24 07:29:07
PAYMENT0002433,ACC0014701,2026-07-12 23:36:04,26129.06,FIELD,2026-05-23 17:16:09
PAYMENT0014155,ACC0017219,2026-07-12 23:49:02,66886.92,WHATSAPP,2026-06-11 20:21:22
PAYMENT0014067,ACC0001742,2026-07-13 00:05:48,21216.21,VOICE,2026-07-07 04:27:29
PAYMENT0011592,ACC0018110,2026-07-13 00:24:21,127049.81,SMS,2026-07-11 04:41:23
PAYMENT0011250,ACC0023386,2026-07-13 01:12:17,44190.89,WHATSAPP,2026-06-09 13:46:41
PAYMENT0012455,ACC0012061,2026-07-13 02:33:57,90580.8,SMS,2026-07-08 21:07:30
PAYMENT0002071,ACC0013145,2026-07-13 03:19:20,145860.29,VOICE,2026-07-02 21:30:59
PAYMENT0008705,ACC0002786,2026-07-13 04:01:09,75319.07,VOICE,2026-05-20 09:35:54
PAYMENT0024035,ACC0025150,2026-07-13 04:08:27,147479.28,VOICE,2026-07-07 15:44:37
PAYMENT0020539,ACC0019089,2026-07-13 04:50:10,97913.41,WHATSAPP,2026-06-14 21:32:04
PAYMENT0015652,ACC0023377,2026-07-13 04:56:41,56414.69,VOICE,2026-06-26 12:02:34
PAYMENT0007129,ACC0021487,2026-07-13 05:22:41,6586.8,SMS,2026-07-08 07:46:23
PAYMENT0024554,ACC0014991,2026-07-13 05:56:59,34548.3,WHATSAPP,2026-06-23 03:47:41
PAYMENT0021832,ACC0005083,2026-07-13 06:09:32,41350.39,FIELD,2026-07-07 06:00:47
PAYMENT0000184,ACC0015300,2026-07-13 06:16:48,127958.23,WHATSAPP,2026-06-07 09:25:25
PAYMENT0009952,ACC0006700,2026-07-13 06:17:03,92788.18,VOICE,2026-07-10 19:32:33
PAYMENT0018914,ACC0025342,2026-07-13 08:08:14,137723.04,SMS,2026-06-26 18:29:46
PAYMENT0000038,ACC0019855,2026-07-13 08:49:29,96614.79,VOICE,2026-07-09 23:14:41
PAYMENT0001393,ACC0010552,2026-07-13 08:49:41,139458.72,SMS,2026-03-17 00:42:25
PAYMENT0002207,ACC0023055,2026-07-13 09:08:11,28084.15,FIELD,2026-05-27 00:39:07
PAYMENT0010034,ACC0008990,2026-07-13 09:18:03,62523.25,SMS,2026-07-10 16:05:19
PAYMENT0004588,ACC0012571,2026-07-13 09:43:16,125471.17,SMS,2026-06-14 01:46:51
PAYMENT0011318,ACC0011476,2026-07-13 10:06:09,32618.61,SMS,2026-07-07 15:51:56
PAYMENT0005717,ACC0009318,2026-07-13 10:21:12,55690.09,VOICE,2026-06-09 17:25:35
PAYMENT0009884,ACC0007777,2026-07-13 10:47:00,5996.06,SMS,2026-04-22 09:44:42
PAYMENT0009428,ACC0012968,2026-07-13 10:59:14,99308.86,FIELD,2026-07-01 19:49:51
PAYMENT0017102,ACC0008183,2026-07-13 11:27:27,120161.89,VOICE,2026-04-15 01:26:43
PAYMENT0013790,ACC0016457,2026-07-13 11:55:29,101822.48,VOICE,2026-06-18 01:13:44
PAYMENT0013426,ACC0015642,2026-07-13 12:04:05,87158.08,FIELD,2026-06-13 22:17:14
PAYMENT0023259,ACC0014950,2026-07-13 12:56:30,74029.36,VOICE,2026-02-01 16:17:41
PAYMENT0016384,ACC0013352,2026-07-13 13:07:04,63249.48,WHATSAPP,2026-05-30 23:04:21
PAYMENT0001814,ACC0012655,2026-07-13 14:12:38,38864.4,VOICE,2026-06-19 07:14:00
PAYMENT0013076,ACC0023913,2026-07-13 14:44:32,17421.05,SMS,2026-07-13 10:07:38
PAYMENT0008874,ACC0022076,2026-07-13 14:49:08,51537.72,VOICE,2026-05-09 09:29:34
PAYMENT0016710,ACC0014067,2026-07-13 15:24:47,101176.14,VOICE,2026-05-24 21:18:02
PAYMENT0024839,ACC0024858,2026-07-13 15:46:42,23513.04,VOICE,2026-05-21 12:22:58
PAYMENT0002215,ACC0026196,2026-07-13 16:04:04,133875.66,VOICE,2026-05-27 17:42:03
PAYMENT0005396,ACC0024516,2026-07-13 17:49:31,81332.04,SMS,2026-07-01 23:55:42
PAYMENT0023076,ACC0025759,2026-07-13 17:50:58,40549.43,VOICE,2026-06-14 10:23:41
PAYMENT0023276,ACC0006853,2026-07-13 18:54:57,92172.93,SMS,2026-06-13 07:27:21
PAYMENT0020805,ACC0026263,2026-07-13 19:10:56,17805.14,WHATSAPP,2026-06-26 19:56:18
PAYMENT0002996,ACC0001167,2026-07-13 20:01:32,91626.69,VOICE,2026-05-17 19:23:54
PAYMENT0024593,ACC0012060,2026-07-13 20:29:23,125560.69,VOICE,2026-06-26 01:14:40
PAYMENT0009937,ACC0017883,2026-07-13 20:42:22,95977.76,FIELD,2026-06-28 17:22:06
PAYMENT0000265,ACC0011114,2026-07-13 20:50:04,115114.91,WHATSAPP,2026-05-14 22:57:18
PAYMENT0020253,ACC0015615,2026-07-13 21:47:21,149832.92,VOICE,2026-06-15 05:59:49
PAYMENT0007846,ACC0024351,2026-07-13 22:12:16,18193.85,SMS,2026-07-12 18:33:50
PAYMENT0016123,ACC0002397,2026-07-13 22:51:09,71658.74,VOICE,2026-05-16 09:16:10
PAYMENT0015336,ACC0010642,2026-07-14 00:44:29,4250.61,SMS,2026-05-22 05:23:31
PAYMENT0002206,ACC0011120,2026-07-14 01:02:47,114499.87,VOICE,2026-06-13 13:26:17
PAYMENT0013981,ACC0003215,2026-07-14 01:09:57,15182.14,WHATSAPP,2026-06-29 17:47:40
PAYMENT0002218,ACC0018409,2026-07-14 02:04:59,104734.87,FIELD,2026-07-02 03:05:01
PAYMENT0018289,ACC0000286,2026-07-14 02:41:22,144876.97,VOICE,2026-06-10 08:31:24
PAYMENT0016879,ACC0018634,2026-07-14 02:47:43,18816.25,VOICE,2026-07-12 07:05:35
PAYMENT0008049,ACC0022916,2026-07-14 02:47:51,66862.47,VOICE,2026-05-24 01:20:01
PAYMENT0005600,ACC0013765,2026-07-14 02:51:10,140420.51,SMS,2026-07-08 02:11:28
PAYMENT0022485,ACC0026108,2026-07-14 02:53:10,87259.62,WHATSAPP,2026-05-26 13:40:16
PAYMENT0023264,ACC0016086,2026-07-14 02:53:30,917.62,SMS,2026-06-13 06:51:23
PAYMENT0006598,ACC0028808,2026-07-14 03:01:34,61318.74,WHATSAPP,2026-07-06 08:04:38
PAYMENT0013676,ACC0014274,2026-07-14 03:09:33,55180.22,FIELD,2026-06-16 02:02:13
PAYMENT0003624,ACC0013554,2026-07-14 04:03:42,14073.97,FIELD,2026-06-20 10:26:48
PAYMENT0003856,ACC0007974,2026-07-14 04:17:17,114805.12,WHATSAPP,2026-05-10 22:23:35
PAYMENT0001159,ACC0009710,2026-07-14 04:17:58,5004.1,WHATSAPP,2026-04-01 04:19:48
PAYMENT0011023,ACC0016381,2026-07-14 06:24:57,83754.67,WHATSAPP,2026-06-08 00:48:53
PAYMENT0005197,ACC0024365,2026-07-14 06:27:24,26000.27,VOICE,2026-06-25 19:54:12
PAYMENT0001643,ACC0016623,2026-07-14 07:14:55,33652.75,SMS,2026-06-16 18:44:27
PAYMENT0008031,ACC0004926,2026-07-14 07:16:29,106676.52,WHATSAPP,2026-07-07 05:45:03
PAYMENT0003602,ACC0002182,2026-07-14 07:17:12,12359.97,WHATSAPP,2026-07-13 23:17:35
PAYMENT0009901,ACC0014941,2026-07-14 07:27:31,56759.05,WHATSAPP,2026-03-17 06:27:05
PAYMENT0024601,ACC0013565,2026-07-14 07:32:07,91113.52,SMS,2026-06-29 17:48:09
PAYMENT0018086,ACC0004302,2026-07-14 07:45:28,133716.8,VOICE,2026-05-16 21:54:49
PAYMENT0015711,ACC0027552,2026-07-14 07:50:19,9384.2,VOICE,2026-06-29 20:09:02
PAYMENT0008965,ACC0018864,2026-07-14 08:30:31,141684.69,SMS,2026-06-24 19:37:05
PAYMENT0005934,ACC0012241,2026-07-14 09:02:32,81797.13,WHATSAPP,2026-07-03 07:02:26
PAYMENT0006521,ACC0001050,2026-07-14 09:26:42,71977.73,FIELD,2026-07-07 05:55:40
PAYMENT0024078,ACC0017534,2026-07-14 10:55:22,111697.14,VOICE,2026-05-02 17:37:10
PAYMENT0000314,ACC0026840,2026-07-14 11:09:56,131670.75,FIELD,2026-06-23 04:52:55
PAYMENT0019181,ACC0004137,2026-07-14 11:17:06,56071.2,VOICE,2026-05-29 15:18:19
PAYMENT0023437,ACC0010386,2026-07-14 13:22:08,119843.18,VOICE,2026-07-06 22:54:14
PAYMENT0024357,ACC0017760,2026-07-14 13:52:21,41579.71,WHATSAPP,2026-06-18 01:35:51
PAYMENT0017071,ACC0024277,2026-07-14 15:09:43,145808.08,WHATSAPP,2026-07-10 15:45:56
PAYMENT0012023,ACC0006942,2026-07-14 16:00:46,52604.53,WHATSAPP,2026-02-07 04:05:00
PAYMENT0024978,ACC0019162,2026-07-14 16:16:46,34137.62,VOICE,2026-07-07 18:02:14
PAYMENT0020255,ACC0028308,2026-07-14 16:47:12,21539.56,WHATSAPP,2026-06-16 17:03:28
PAYMENT0019086,ACC0015799,2026-07-14 16:49:21,88434.09,SMS,2026-06-19 09:23:40
PAYMENT0018470,ACC0026497,2026-07-14 16:54:40,13540.47,WHATSAPP,2026-05-20 04:26:33
PAYMENT0011664,ACC0026669,2026-07-14 17:03:47,81790.78,WHATSAPP,2026-05-30 09:21:40
PAYMENT0013906,ACC0015430,2026-07-14 17:31:59,80211.81,SMS,2026-04-01 06:43:24
PAYMENT0020938,ACC0024839,2026-07-14 17:52:16,88531.41,VOICE,2026-07-10 19:31:15
PAYMENT0021658,ACC0019013,2026-07-14 17:56:11,141293.7,VOICE,2026-07-09 14:33:08
PAYMENT0005049,ACC0010756,2026-07-14 18:00:01,40804.19,VOICE,2026-07-14 04:21:17
PAYMENT0005099,ACC0027308,2026-07-14 18:15:01,92013.22,SMS,2026-07-08 11:30:21
PAYMENT0001204,ACC0028924,2026-07-14 18:19:09,100144.52,FIELD,2026-06-10 22:41:33
PAYMENT0013205,ACC0022992,2026-07-14 18:39:35,99822.98,WHATSAPP,2026-06-22 14:54:55
PAYMENT0017919,ACC0025862,2026-07-14 19:00:06,60819.52,FIELD,2026-07-13 02:24:27
PAYMENT0016616,ACC0022690,2026-07-14 19:15:16,83829.62,VOICE,2026-06-29 21:00:56
PAYMENT0006130,ACC0004285,2026-07-14 19:42:27,46802.96,WHATSAPP,2026-03-21 22:04:49
PAYMENT0016382,ACC0012915,2026-07-14 19:57:38,43941.1,WHATSAPP,2026-07-12 06:36:37
PAYMENT0011177,ACC0021931,2026-07-14 20:02:45,17940.35,VOICE,2026-07-02 15:42:22
PAYMENT0020232,ACC0017335,2026-07-14 20:14:14,13934.8,WHATSAPP,2026-04-26 07:50:10
PAYMENT0018353,ACC0024428,2026-07-14 20:31:08,7925.02,FIELD,2026-06-13 15:50:15
PAYMENT0011709,ACC0013246,2026-07-14 20:50:35,138632.5,FIELD,2026-04-25 16:12:24
PAYMENT0020328,ACC0018558,2026-07-14 21:40:36,124817.41,WHATSAPP,2026-07-10 06:30:23
PAYMENT0022202,ACC0024382,2026-07-14 22:26:54,50414.07,VOICE,2026-05-02 08:01:13
PAYMENT0005729,ACC0013140,2026-07-14 22:48:28,101437.57,FIELD,2026-07-03 23:48:29
PAYMENT0017958,ACC0008908,2026-07-14 23:27:33,3501.1,FIELD,2026-06-19 02:54:03
PAYMENT0017268,ACC0019532,2026-07-15 00:21:42,8576.26,VOICE,2026-06-27 03:58:37
PAYMENT0009268,ACC0027808,2026-07-15 00:34:59,106982.96,WHATSAPP,2026-07-02 03:22:14
PAYMENT0023736,ACC0016161,2026-07-15 02:10:26,37871.1,VOICE,2026-07-08 20:00:55
PAYMENT0006974,ACC0004168,2026-07-15 02:19:50,86422.19,WHATSAPP,2026-06-27 08:40:13
PAYMENT0004741,ACC0006491,2026-07-15 02:23:20,107814.41,VOICE,2026-06-07 10:18:03
PAYMENT0012217,ACC0029033,2026-07-15 02:27:04,38759.9,SMS,2026-07-14 20:51:23
PAYMENT0004164,ACC0006043,2026-07-15 02:40:00,76981.46,FIELD,2026-06-06 21:40:48
PAYMENT0001786,ACC0017085,2026-07-15 03:35:42,118751.95,SMS,2026-07-08 07:04:20
PAYMENT0007257,ACC0018442,2026-07-15 04:33:47,70379.89,FIELD,2026-04-11 08:11:32
PAYMENT0002765,ACC0004340,2026-07-15 04:37:08,50803.34,SMS,2026-07-04 16:01:26
PAYMENT0002758,ACC0009179,2026-07-15 04:44:44,75243.51,VOICE,2026-05-30 14:59:36
PAYMENT0009101,ACC0018193,2026-07-15 05:08:05,101907.03,WHATSAPP,2026-06-29 11:33:12
PAYMENT0023927,ACC0025894,2026-07-15 05:08:25,37068.0,FIELD,2026-04-28 07:49:43
PAYMENT0024578,ACC0020755,2026-07-15 05:21:10,96950.82,SMS,2026-07-11 15:31:54
PAYMENT0014786,ACC0000590,2026-07-15 06:01:14,146448.75,VOICE,2026-06-05 15:28:44
PAYMENT0007847,ACC0027350,2026-07-15 06:07:39,147672.06,SMS,2026-06-10 08:32:28
PAYMENT0010429,ACC0000671,2026-07-15 06:21:36,3519.57,SMS,2026-06-27 04:41:47
PAYMENT0013844,ACC0001696,2026-07-15 06:30:48,66748.55,WHATSAPP,2026-07-05 06:51:52
PAYMENT0020137,ACC0017063,2026-07-15 07:37:44,92267.07,SMS,2026-07-02 23:08:29
PAYMENT0020302,ACC0025872,2026-07-15 07:45:47,124602.91,VOICE,2026-06-07 06:14:39
PAYMENT0012817,ACC0005190,2026-07-15 08:13:39,82429.75,WHATSAPP,2026-07-10 00:57:11
PAYMENT0015486,ACC0015092,2026-07-15 08:15:32,118842.41,VOICE,2026-06-24 20:27:41
PAYMENT0016759,ACC0005458,2026-07-15 08:25:45,51708.79,WHATSAPP,2026-05-31 10:02:57
PAYMENT0020525,ACC0008829,2026-07-15 08:28:45,11669.45,SMS,2026-07-05 07:37:56
PAYMENT0017366,ACC0006489,2026-07-15 09:19:16,25619.75,VOICE,2026-05-17 08:59:39
PAYMENT0005366,ACC0016075,2026-07-15 09:41:32,134133.84,WHATSAPP,2026-06-12 08:29:48
PAYMENT0002054,ACC0029145,2026-07-15 10:06:29,37252.85,VOICE,2026-07-03 10:36:09
PAYMENT0021086,ACC0021899,2026-07-15 10:06:36,11247.88,VOICE,2026-06-11 14:55:25
PAYMENT0015840,ACC0004061,2026-07-15 10:32:34,1753.73,SMS,2026-06-25 07:17:26
PAYMENT0020392,ACC0028414,2026-07-15 10:34:32,33420.42,WHATSAPP,2026-07-04 03:23:17
PAYMENT0005310,ACC0013015,2026-07-15 11:51:01,142641.53,WHATSAPP,2026-07-05 21:53:52
PAYMENT0023610,ACC0027571,2026-07-15 12:24:25,108558.75,VOICE,2026-05-08 06:34:08
PAYMENT0016914,ACC0000630,2026-07-15 13:38:24,88928.54,WHATSAPP,2026-05-25 16:47:26
PAYMENT0011313,ACC0023783,2026-07-15 14:45:18,78448.84,VOICE,2026-06-07 23:27:29
PAYMENT0023968,ACC0010433,2026-07-15 14:51:08,136112.1,VOICE,2026-06-13 20:45:44
PAYMENT0006703,ACC0013847,2026-07-15 14:57:36,137038.23,FIELD,2026-05-18 18:47:38
PAYMENT0016561,ACC0017838,2026-07-15 15:33:59,94158.63,WHATSAPP,2026-06-13 16:06:37
PAYMENT0013712,ACC0004697,2026-07-15 15:34:35,17881.51,WHATSAPP,2026-07-13 17:52:24
PAYMENT0015023,ACC0011084,2026-07-15 15:37:36,76108.58,SMS,2026-05-26 22:30:49
PAYMENT0013361,ACC0028112,2026-07-15 16:21:52,142336.84,VOICE,2026-07-07 11:17:13
PAYMENT0014586,ACC0004056,2026-07-15 16:34:15,92863.01,WHATSAPP,2026-03-18 19:14:14
PAYMENT0015282,ACC0019609,2026-07-15 16:58:35,110285.5,VOICE,2026-05-08 06:56:45
PAYMENT0020655,ACC0020889,2026-07-15 17:04:22,45141.51,WHATSAPP,2026-06-29 07:09:32
PAYMENT0008364,ACC0019137,2026-07-15 18:24:56,30606.25,VOICE,2026-07-14 23:26:10
PAYMENT0024518,ACC0014720,2026-07-15 19:01:56,111340.42,SMS,2026-07-11 13:10:19
PAYMENT0011697,ACC0016350,2026-07-15 19:04:05,45484.97,VOICE,2026-07-02 13:03:02
PAYMENT0008066,ACC0026992,2026-07-15 19:08:56,50140.97,SMS,2026-07-08 08:25:10
PAYMENT0000656,ACC0029714,2026-07-15 19:15:41,13549.78,VOICE,2026-07-09 13:53:34
PAYMENT0002004,ACC0002681,2026-07-15 20:00:24,14233.1,VOICE,2026-06-06 11:07:31
PAYMENT0001389,ACC0002749,2026-07-15 20:27:45,113880.98,WHATSAPP,2026-06-29 17:17:14
PAYMENT0005455,ACC0029007,2026-07-15 20:30:59,11816.54,WHATSAPP,2026-06-21 18:07:07
PAYMENT0003777,ACC0016880,2026-07-15 20:31:33,9555.97,SMS,2026-07-01 10:26:50
PAYMENT0014353,ACC0022843,2026-07-15 20:38:25,85724.53,WHATSAPP,2026-07-04 06:15:01
PAYMENT0011473,ACC0014516,2026-07-15 20:41:41,1272.88,VOICE,2026-06-28 08:11:46
PAYMENT0019253,ACC0010549,2026-07-15 20:43:42,111341.32,VOICE,2026-05-02 21:07:42
PAYMENT0015602,ACC0021178,2026-07-15 21:47:33,7524.68,VOICE,2026-07-02 21:47:54
PAYMENT0008815,ACC0017241,2026-07-15 22:19:15,124813.25,WHATSAPP,2026-07-13 22:33:44
PAYMENT0004635,ACC0018754,2026-07-15 22:39:22,140502.84,,
PAYMENT0023913,ACC0016272,2026-07-15 23:23:02,118769.58,VOICE,2026-06-24 20:47:29
PAYMENT0019735,ACC0026022,2026-07-15 23:53:42,56311.59,VOICE,2026-05-26 01:27:46
PAYMENT0022664,ACC0017136,2026-07-16 00:04:51,134564.01,FIELD,2026-07-03 08:35:02
PAYMENT0005948,ACC0028610,2026-07-16 00:31:44,16212.51,SMS,2026-05-30 14:51:32
PAYMENT0014630,ACC0013442,2026-07-16 00:34:28,95355.17,WHATSAPP,2026-07-01 16:59:45
PAYMENT0022678,ACC0011695,2026-07-16 00:59:09,90395.05,SMS,2026-06-23 20:40:36
PAYMENT0010464,ACC0015880,2026-07-16 00:59:43,95759.11,SMS,2026-06-23 01:30:43
PAYMENT0003479,ACC0019227,2026-07-16 02:00:16,123383.66,SMS,2026-05-05 14:35:23
PAYMENT0024712,ACC0001556,2026-07-16 02:18:19,35495.55,VOICE,2026-05-11 06:11:00
PAYMENT0000969,ACC0029548,2026-07-16 02:33:14,80473.71,VOICE,2026-07-03 18:23:06
PAYMENT0019768,ACC0003698,2026-07-16 03:45:59,92431.14,VOICE,2026-07-10 09:54:46
PAYMENT0005795,ACC0021062,2026-07-16 04:41:26,37073.8,WHATSAPP,2026-05-30 17:28:57
PAYMENT0013701,ACC0013756,2026-07-16 04:47:00,496.24,SMS,2026-06-10 21:49:47
PAYMENT0002666,ACC0026534,2026-07-16 05:03:51,143675.02,VOICE,2026-06-25 05:27:52
PAYMENT0019635,ACC0026838,2026-07-16 05:14:15,92989.13,SMS,2026-05-05 18:51:56
PAYMENT0022512,ACC0003461,2026-07-16 05:21:06,120864.07,WHATSAPP,2026-07-08 05:04:44
PAYMENT0019430,ACC0016552,2026-07-16 05:28:27,52504.33,WHATSAPP,2026-07-14 21:15:17
PAYMENT0022795,ACC0013175,2026-07-16 05:51:20,44070.49,VOICE,2026-06-17 20:09:11
PAYMENT0014609,ACC0011370,2026-07-16 07:25:22,52120.74,VOICE,2026-07-04 10:07:07
PAYMENT0024439,ACC0006392,2026-07-16 08:47:22,79416.58,VOICE,2026-07-12 09:03:51
PAYMENT0007562,ACC0016648,2026-07-16 09:19:21,96003.3,FIELD,2026-07-06 12:51:24
PAYMENT0024308,ACC0012503,2026-07-16 09:27:39,118533.2,WHATSAPP,2026-07-10 09:08:18
PAYMENT0015101,ACC0014048,2026-07-16 09:33:26,75949.26,WHATSAPP,2026-07-10 06:53:51
PAYMENT0004623,ACC0004799,2026-07-16 10:09:43,137666.44,VOICE,2026-07-13 08:13:29
PAYMENT0012422,ACC0010087,2026-07-16 10:42:05,66894.55,VOICE,2026-07-11 23:12:41
PAYMENT0000241,ACC0019270,2026-07-16 11:11:20,113899.07,WHATSAPP,2026-05-28 10:25:48
PAYMENT0016454,ACC0027698,2026-07-16 11:15:27,97634.16,SMS,2026-05-28 01:31:57
PAYMENT0023220,ACC0016951,2026-07-16 11:28:34,148743.97,VOICE,2026-07-07 19:18:16
PAYMENT0003036,ACC0001916,2026-07-16 11:32:26,72271.88,SMS,2026-07-14 06:16:24
PAYMENT0017098,ACC0009115,2026-07-16 12:17:44,37816.28,FIELD,2026-07-16 01:56:34
PAYMENT0008525,ACC0022438,2026-07-16 12:21:26,18920.89,VOICE,2026-07-03 09:47:33
PAYMENT0012942,ACC0017135,2026-07-16 12:35:09,44835.72,VOICE,2026-06-15 11:07:23
PAYMENT0013471,ACC0029367,2026-07-16 12:55:36,37780.69,WHATSAPP,2026-06-02 04:02:56
PAYMENT0023769,ACC0006852,2026-07-16 13:22:40,125321.98,WHATSAPP,2026-07-02 03:03:52
PAYMENT0004103,ACC0019086,2026-07-16 13:26:51,93260.49,VOICE,2026-07-11 16:55:40
PAYMENT0016299,ACC0018939,2026-07-16 14:00:52,130286.47,SMS,2026-04-14 18:03:32
PAYMENT0022624,ACC0000800,2026-07-16 14:48:41,117885.44,FIELD,2026-05-01 00:59:20
PAYMENT0023714,ACC0000238,2026-07-16 14:54:40,129371.01,SMS,2026-06-21 19:38:38
PAYMENT0007783,ACC0029553,2026-07-16 15:09:31,115339.42,SMS,2026-07-13 19:07:31
PAYMENT0024382,ACC0008969,2026-07-16 15:39:30,117632.29,VOICE,2026-05-23 07:10:26
PAYMENT0001221,ACC0020770,2026-07-16 15:45:36,131924.44,SMS,2026-06-12 01:29:07
PAYMENT0010553,ACC0016050,2026-07-16 16:17:35,75593.48,SMS,2026-07-04 06:44:05
PAYMENT0019651,ACC0009558,2026-07-16 16:18:46,2555.76,WHATSAPP,2026-03-29 20:45:28
PAYMENT0024717,ACC0015945,2026-07-16 16:44:57,104631.62,VOICE,2026-04-18 22:30:22
PAYMENT0019631,ACC0021012,2026-07-16 17:00:51,31411.53,WHATSAPP,2026-07-09 12:39:12
PAYMENT0014099,ACC0005381,2026-07-16 17:03:44,2211.05,SMS,2026-06-10 04:23:44
PAYMENT0022722,ACC0001292,2026-07-16 17:27:20,30956.99,WHATSAPP,2026-04-30 16:20:11
PAYMENT0022537,ACC0024029,2026-07-16 18:26:07,778.77,VOICE,2026-07-05 20:05:09
PAYMENT0008906,ACC0002030,2026-07-16 19:03:25,2475.21,SMS,2026-07-07 01:54:32
PAYMENT0018209,ACC0002121,2026-07-16 19:15:30,25103.24,FIELD,2026-07-01 08:03:21
PAYMENT0001878,ACC0025446,2026-07-16 19:36:10,6657.89,VOICE,2026-07-12 16:42:24
PAYMENT0022764,ACC0002931,2026-07-16 20:02:31,88885.9,VOICE,2026-07-10 00:49:07
PAYMENT0022681,ACC0000191,2026-07-16 20:05:38,2353.1,VOICE,2026-05-10 20:49:26
PAYMENT0000159,ACC0018428,2026-07-16 20:09:30,111588.31,FIELD,2026-06-21 14:52:27
PAYMENT0013368,ACC0002142,2026-07-16 20:17:21,115918.01,SMS,2026-06-04 18:04:50
PAYMENT0016576,ACC0006511,2026-07-16 20:35:25,114040.46,WHATSAPP,2026-06-28 21:03:19
PAYMENT0001411,ACC0007514,2026-07-16 21:13:02,58476.44,WHATSAPP,2026-03-01 17:06:56
PAYMENT0004203,ACC0009070,2026-07-16 21:14:40,132997.35,VOICE,2026-05-24 02:31:36
PAYMENT0014433,ACC0001517,2026-07-16 21:39:49,97347.71,VOICE,2026-07-04 10:35:09
PAYMENT0007895,ACC0029781,2026-07-16 22:54:59,43652.74,WHATSAPP,2026-07-08 08:25:30
PAYMENT0009379,ACC0025668,2026-07-16 23:10:56,121862.38,WHATSAPP,2026-05-27 20:59:10
PAYMENT0001841,ACC0008750,2026-07-16 23:15:17,143676.24,WHATSAPP,2026-06-04 18:51:07
PAYMENT0007479,ACC0023956,2026-07-16 23:20:30,37930.46,VOICE,2026-07-08 05:14:36
PAYMENT0007271,ACC0017318,2026-07-16 23:22:12,390.24,VOICE,2026-06-21 08:44:03
PAYMENT0016615,ACC0011472,2026-07-16 23:54:20,57789.21,WHATSAPP,2026-06-30 11:03:42
PAYMENT0019115,ACC0019568,2026-07-17 01:13:28,30797.58,FIELD,2026-06-21 22:43:54
PAYMENT0020992,ACC0018341,2026-07-17 01:14:32,101297.6,VOICE,2026-07-10 19:18:27
PAYMENT0000751,ACC0017666,2026-07-17 01:20:54,58186.38,SMS,2026-07-04 05:03:16
PAYMENT0006067,ACC0027433,2026-07-17 01:30:47,89183.87,FIELD,2026-07-13 23:43:56
PAYMENT0002203,ACC0014456,2026-07-17 02:52:17,4077.58,SMS,2026-06-12 10:44:30
PAYMENT0008591,ACC0006106,2026-07-17 03:29:42,40912.59,WHATSAPP,2026-07-13 06:49:41
PAYMENT0003031,ACC0001361,2026-07-17 03:44:10,105934.53,VOICE,2026-07-14 20:35:12
PAYMENT0006902,ACC0006048,2026-07-17 04:20:10,10996.17,VOICE,2026-05-28 20:21:37
PAYMENT0004896,ACC0028067,2026-07-17 04:36:27,43796.58,VOICE,2026-06-02 05:25:27
PAYMENT0014576,ACC0007921,2026-07-17 05:08:09,90165.81,VOICE,2026-06-05 08:47:00
PAYMENT0018692,ACC0003067,2026-07-17 05:16:08,62188.65,SMS,2026-06-12 23:44:41
PAYMENT0018529,ACC0003265,2026-07-17 05:22:40,92528.85,WHATSAPP,2026-06-29 11:55:38
PAYMENT0006371,ACC0020423,2026-07-17 05:23:55,19046.76,VOICE,2026-07-06 08:45:53
PAYMENT0016455,ACC0022444,2026-07-17 05:26:46,52413.0,WHATSAPP,2026-07-14 10:52:23
PAYMENT0018448,ACC0025066,2026-07-17 05:34:07,93434.46,VOICE,2026-06-19 01:11:13
PAYMENT0024215,ACC0017967,2026-07-17 06:38:48,120398.94,VOICE,2026-06-13 02:51:44
PAYMENT0024718,ACC0022997,2026-07-17 07:15:19,79326.54,SMS,2026-07-09 20:26:29
PAYMENT0024133,ACC0011895,2026-07-17 08:18:43,136243.67,FIELD,2026-07-16 17:19:45
PAYMENT0005569,ACC0009801,2026-07-17 08:33:47,118601.28,VOICE,2026-04-13 10:28:13
PAYMENT0016883,ACC0008977,2026-07-17 09:46:34,32122.95,WHATSAPP,2026-06-27 15:08:57
PAYMENT0015009,ACC0006679,2026-07-17 09:53:12,123660.73,WHATSAPP,2026-07-04 20:01:13
PAYMENT0007344,ACC0029612,2026-07-17 09:58:45,54193.54,WHATSAPP,2026-07-04 12:57:10
PAYMENT0008465,ACC0022146,2026-07-17 10:03:38,34803.88,SMS,2026-06-10 05:43:57
PAYMENT0014030,ACC0000791,2026-07-17 10:11:04,61480.08,VOICE,2026-05-21 03:14:00
PAYMENT0022928,ACC0005177,2026-07-17 10:32:01,101447.75,VOICE,2026-06-30 17:16:47
PAYMENT0010010,ACC0024791,2026-07-17 10:48:34,141804.69,SMS,2026-06-22 17:49:36
PAYMENT0012177,ACC0016237,2026-07-17 10:57:36,141736.6,VOICE,2026-06-28 13:54:08
PAYMENT0018937,ACC0001122,2026-07-17 10:58:36,114801.32,SMS,2026-04-26 21:37:01
PAYMENT0005951,ACC0017479,2026-07-17 11:16:35,139112.0,VOICE,2026-05-07 19:29:44
PAYMENT0006287,ACC0008278,2026-07-17 11:58:29,147065.36,FIELD,2026-07-10 16:38:50
PAYMENT0015077,ACC0007865,2026-07-17 12:17:43,104043.25,VOICE,2026-06-09 03:13:32
PAYMENT0022575,ACC0020459,2026-07-17 12:19:12,26947.87,VOICE,2026-07-12 21:29:15
PAYMENT0011832,ACC0025020,2026-07-17 12:21:12,63183.64,WHATSAPP,2026-06-22 21:45:59
PAYMENT0017222,ACC0029569,2026-07-17 13:25:49,125664.47,WHATSAPP,2026-04-18 14:48:44
PAYMENT0005817,ACC0028680,2026-07-17 14:09:41,81924.18,SMS,2026-07-15 12:37:28
PAYMENT0023337,ACC0013332,2026-07-17 14:19:51,37611.91,FIELD,2026-07-04 22:33:52
PAYMENT0021685,ACC0004413,2026-07-17 14:20:55,78390.63,SMS,2026-05-16 12:04:10
PAYMENT0000098,ACC0014169,2026-07-17 14:26:45,94984.31,WHATSAPP,2026-07-10 22:43:53
PAYMENT0021969,ACC0009486,2026-07-17 15:12:25,24357.14,FIELD,2026-06-03 15:06:44
PAYMENT0023102,ACC0006350,2026-07-17 15:21:10,14987.48,VOICE,2026-06-28 03:11:36
PAYMENT0016590,ACC0028227,2026-07-17 15:44:36,33198.67,VOICE,2026-07-09 10:36:01
PAYMENT0004256,ACC0011547,2026-07-17 15:50:46,122973.5,SMS,2026-06-27 01:34:23
PAYMENT0002764,ACC0010470,2026-07-17 15:51:31,14432.75,FIELD,2026-06-03 20:11:26
PAYMENT0012389,ACC0002876,2026-07-17 16:10:47,8047.55,WHATSAPP,2026-07-14 05:06:03
PAYMENT0004686,ACC0014208,2026-07-17 16:39:20,59542.78,VOICE,2026-07-04 11:08:32
PAYMENT0020307,ACC0018114,2026-07-17 16:43:00,4320.28,FIELD,2026-07-01 07:04:08
PAYMENT0011160,ACC0000512,2026-07-17 16:45:25,85017.47,WHATSAPP,2026-07-08 17:20:52
PAYMENT0004807,ACC0025079,2026-07-17 18:34:01,14172.08,SMS,2026-07-10 13:21:22
PAYMENT0014036,ACC0006301,2026-07-17 19:06:20,11748.92,VOICE,2026-06-02 16:39:07
PAYMENT0009839,ACC0004940,2026-07-17 19:41:15,34333.5,VOICE,2026-07-15 11:04:02
PAYMENT0007251,ACC0023154,2026-07-17 20:16:48,147220.31,VOICE,2026-07-08 08:37:54
PAYMENT0002458,ACC0006680,2026-07-17 20:33:40,49171.89,VOICE,2026-06-07 09:43:35
PAYMENT0021290,ACC0002669,2026-07-17 21:02:14,30567.4,WHATSAPP,2026-06-19 15:29:43
PAYMENT0020510,ACC0027970,2026-07-17 22:09:25,64363.81,VOICE,2026-06-11 15:12:08
PAYMENT0000343,ACC0006807,2026-07-17 22:38:40,88842.36,WHATSAPP,2026-07-11 12:55:27
PAYMENT0000881,ACC0017591,2026-07-17 23:33:17,129907.05,SMS,2026-05-24 06:43:18
PAYMENT0008179,ACC0006727,2026-07-17 23:38:49,109272.67,SMS,2026-06-25 00:14:52
PAYMENT0015064,ACC0019189,2026-07-17 23:42:08,62664.28,FIELD,2026-06-22 00:20:54
PAYMENT0000239,ACC0005126,2026-07-17 23:44:24,100376.1,WHATSAPP,2026-07-14 23:51:05
PAYMENT0021252,ACC0024968,2026-07-17 23:47:53,129612.06,WHATSAPP,2026-05-11 19:00:27
PAYMENT0010152,ACC0028596,2026-07-18 00:29:05,53451.99,SMS,2026-07-01 23:51:23
PAYMENT0009673,ACC0020604,2026-07-18 00:34:18,94253.54,WHATSAPP,2026-06-22 09:03:24
PAYMENT0008213,ACC0009348,2026-07-18 01:35:43,103941.74,WHATSAPP,2026-05-13 11:09:18
PAYMENT0019806,ACC0025836,2026-07-18 01:52:15,147444.23,VOICE,2026-06-28 07:46:13
PAYMENT0007080,ACC0010058,2026-07-18 01:55:47,21745.5,SMS,2026-07-08 01:03:12
PAYMENT0016829,ACC0026572,2026-07-18 02:22:46,38752.47,WHATSAPP,2026-07-08 04:12:03
PAYMENT0017404,ACC0027720,2026-07-18 02:49:33,5460.45,SMS,2026-07-05 06:35:49
PAYMENT0021873,ACC0013446,2026-07-18 03:13:18,35630.06,SMS,2026-07-03 03:22:36
PAYMENT0024872,ACC0019116,2026-07-18 03:33:49,103417.61,SMS,2026-05-07 23:35:39
PAYMENT0015757,ACC0014353,2026-07-18 04:04:55,68327.68,WHATSAPP,2026-06-22 20:29:00
PAYMENT0000936,ACC0018687,2026-07-18 04:22:57,79579.51,FIELD,2026-07-05 15:11:46
PAYMENT0012827,ACC0010808,2026-07-18 04:28:36,104697.83,SMS,2026-07-03 17:35:08
PAYMENT0016508,ACC0021894,2026-07-18 04:55:18,43487.15,WHATSAPP,2026-01-22 02:59:01
PAYMENT0001751,ACC0029329,2026-07-18 05:11:00,138857.58,VOICE,2026-02-21 10:42:08
PAYMENT0015965,ACC0017984,2026-07-18 05:14:44,113058.64,VOICE,2026-06-02 03:48:18
PAYMENT0002697,ACC0002328,2026-07-18 05:40:53,69301.0,SMS,2026-06-23 01:43:44
PAYMENT0015663,ACC0006089,2026-07-18 06:01:14,110329.82,WHATSAPP,2026-07-11 09:44:32
PAYMENT0011303,ACC0027434,2026-07-18 06:07:06,45267.22,WHATSAPP,2026-06-23 13:48:59
PAYMENT0021323,ACC0021230,2026-07-18 06:47:33,140535.46,VOICE,2026-06-27 18:25:57
PAYMENT0009026,ACC0029079,2026-07-18 07:41:41,55943.46,VOICE,2026-06-07 23:24:31
PAYMENT0006629,ACC0009115,2026-07-18 08:18:23,64620.91,FIELD,2026-07-16 01:56:34
PAYMENT0014172,ACC0013183,2026-07-18 10:38:22,93632.35,VOICE,2026-07-13 17:54:28
PAYMENT0010022,ACC0008667,2026-07-18 10:47:19,34900.3,SMS,2026-06-26 18:49:20
PAYMENT0022356,ACC0024251,2026-07-18 10:58:02,53823.46,VOICE,2026-06-27 17:48:03
PAYMENT0018316,ACC0025304,2026-07-18 11:05:18,131723.73,VOICE,2026-05-07 14:15:24
PAYMENT0011362,ACC0022777,2026-07-18 13:19:17,41988.17,WHATSAPP,2026-06-04 17:20:31
PAYMENT0011916,ACC0028439,2026-07-18 13:45:18,120821.67,SMS,2026-05-27 12:27:16
PAYMENT0010313,ACC0028463,2026-07-18 13:51:11,2521.8,WHATSAPP,2026-06-27 14:16:28
PAYMENT0014810,ACC0022884,2026-07-18 13:59:35,139994.17,VOICE,2026-06-05 16:42:32
PAYMENT0020195,ACC0001616,2026-07-18 14:00:44,130978.97,WHATSAPP,2026-07-04 17:04:19
PAYMENT0018491,ACC0012021,2026-07-18 14:29:53,3948.13,VOICE,2026-05-15 02:17:16
PAYMENT0009406,ACC0006051,2026-07-18 14:36:45,55261.98,SMS,2026-06-04 22:13:47
PAYMENT0020060,ACC0029450,2026-07-18 14:46:47,142869.47,SMS,2026-05-02 18:10:23
PAYMENT0005349,ACC0002786,2026-07-18 14:51:58,58454.09,VOICE,2026-07-14 15:03:10
PAYMENT0013362,ACC0014817,2026-07-18 15:02:10,142964.95,WHATSAPP,2026-06-28 23:00:55
PAYMENT0008166,ACC0023743,2026-07-18 15:16:42,28681.05,WHATSAPP,2026-05-25 21:15:42
PAYMENT0017258,ACC0004112,2026-07-18 16:02:19,45538.19,VOICE,2026-06-17 00:21:32
PAYMENT0024651,ACC0020994,2026-07-18 16:48:19,60878.33,FIELD,2026-04-17 13:21:24
PAYMENT0015443,ACC0026809,2026-07-18 16:50:45,11673.45,WHATSAPP,2026-05-01 14:55:16
PAYMENT0014629,ACC0021355,2026-07-18 16:51:52,108234.48,VOICE,2026-03-28 16:29:41
PAYMENT0022289,ACC0017502,2026-07-18 17:00:14,44625.4,VOICE,2026-07-17 17:37:20
PAYMENT0006857,ACC0024988,2026-07-18 17:02:09,117034.47,VOICE,2026-07-11 16:56:48
PAYMENT0021029,ACC0014477,2026-07-18 17:09:37,60737.61,VOICE,2026-06-22 12:13:19
PAYMENT0016206,ACC0017858,2026-07-18 17:20:39,25466.46,SMS,2026-07-18 15:53:01
PAYMENT0007850,ACC0000709,2026-07-18 17:24:21,123131.92,VOICE,2026-05-19 17:27:01
PAYMENT0015692,ACC0021383,2026-07-18 18:04:22,98344.61,VOICE,2026-07-18 10:35:43
PAYMENT0000346,ACC0026342,2026-07-18 18:28:44,49022.6,VOICE,2026-06-08 00:36:59
PAYMENT0005517,ACC0011428,2026-07-18 19:31:46,84730.44,SMS,2026-07-15 08:46:00
PAYMENT0013153,ACC0022614,2026-07-18 19:32:18,17536.59,VOICE,2026-07-18 14:34:57
PAYMENT0020658,ACC0026036,2026-07-18 19:45:42,3227.13,WHATSAPP,2026-07-15 05:25:56
PAYMENT0016861,ACC0015523,2026-07-18 19:59:10,127769.57,VOICE,2026-06-11 16:30:06
PAYMENT0005722,ACC0003780,2026-07-18 20:07:28,135900.12,VOICE,2026-07-03 18:33:06
PAYMENT0013702,ACC0018546,2026-07-18 20:11:18,99385.55,SMS,2026-06-13 01:16:13
PAYMENT0006213,ACC0006955,2026-07-18 21:25:03,137920.28,VOICE,2026-06-08 08:50:44
PAYMENT0019340,ACC0021559,2026-07-18 21:30:48,25811.67,SMS,2026-06-05 00:20:41
PAYMENT0009061,ACC0025407,2026-07-18 21:38:51,61322.04,WHATSAPP,2026-06-25 13:38:40
PAYMENT0003003,ACC0008374,2026-07-18 21:49:12,129773.33,VOICE,2026-07-01 00:55:10
PAYMENT0023455,ACC0017800,2026-07-18 21:50:21,80851.91,SMS,2026-07-17 13:12:51
PAYMENT0002835,ACC0005724,2026-07-18 21:59:59,130976.66,FIELD,2026-07-05 20:32:53
PAYMENT0000147,ACC0013653,2026-07-18 22:06:57,44303.13,WHATSAPP,2026-06-13 19:32:09
PAYMENT0023060,ACC0014118,2026-07-18 22:42:30,118690.85,WHATSAPP,2026-07-08 23:27:01
PAYMENT0017787,ACC0005744,2026-07-18 23:42:21,37652.25,SMS,2026-06-15 16:59:30
PAYMENT0020406,ACC0007730,2026-07-18 23:53:47,98772.89,VOICE,2026-06-17 00:10:52
PAYMENT0005301,ACC0028708,2026-07-18 23:55:56,125009.82,WHATSAPP,2026-07-11 12:12:22
PAYMENT0019093,ACC0002509,2026-07-19 01:16:37,112173.32,WHATSAPP,2026-06-13 23:38:52
PAYMENT0003902,ACC0021654,2026-07-19 01:33:46,29608.87,WHATSAPP,2026-05-01 05:30:41
PAYMENT0021655,ACC0008409,2026-07-19 02:40:10,87402.19,FIELD,2026-07-12 14:09:57
PAYMENT0009228,ACC0015873,2026-07-19 02:41:49,142909.31,FIELD,2026-05-09 11:31:03
PAYMENT0010622,ACC0021542,2026-07-19 03:40:41,133427.15,SMS,2026-04-29 03:41:29
PAYMENT0024029,ACC0018794,2026-07-19 03:51:30,77348.54,WHATSAPP,2026-05-13 04:31:17
PAYMENT0007089,ACC0006735,2026-07-19 04:08:45,132712.05,VOICE,2026-06-29 21:43:56
PAYMENT0019300,ACC0006407,2026-07-19 04:13:12,149028.47,SMS,2026-06-10 04:41:42
PAYMENT0024932,ACC0026897,2026-07-19 05:26:19,56880.96,SMS,2026-05-08 00:44:39
PAYMENT0012070,ACC0001588,2026-07-19 05:45:59,81037.14,WHATSAPP,2026-05-18 22:37:29
PAYMENT0006340,ACC0020861,2026-07-19 06:51:34,33181.53,VOICE,2026-06-09 08:30:16
PAYMENT0019231,ACC0025165,2026-07-19 06:52:52,79902.72,SMS,2026-06-20 23:34:05
PAYMENT0016130,ACC0025261,2026-07-19 07:27:35,124895.92,WHATSAPP,2026-06-19 08:00:12
PAYMENT0002055,ACC0007541,2026-07-19 08:21:47,67187.92,VOICE,2026-05-02 23:59:39
PAYMENT0023493,ACC0008326,2026-07-19 08:43:54,96841.03,WHATSAPP,2026-07-02 19:22:28
PAYMENT0013819,ACC0018965,2026-07-19 09:55:05,26056.74,FIELD,2026-06-20 06:09:33
PAYMENT0006261,ACC0003285,2026-07-19 11:01:20,92765.92,WHATSAPP,2026-07-13 09:46:38
PAYMENT0008368,ACC0000538,2026-07-19 11:34:05,38953.82,WHATSAPP,2026-02-15 07:04:11
PAYMENT0021988,ACC0003256,2026-07-19 11:34:59,68694.19,SMS,2026-07-12 11:40:27
PAYMENT0006951,ACC0006834,2026-07-19 11:50:30,86241.11,VOICE,2026-06-28 02:52:11
PAYMENT0014916,ACC0019937,2026-07-19 11:59:50,79526.11,VOICE,2026-07-06 13:53:54
PAYMENT0017725,ACC0029806,2026-07-19 12:17:07,98585.09,SMS,2026-07-01 07:56:51
PAYMENT0019832,ACC0018919,2026-07-19 12:56:09,61071.08,VOICE,2026-07-12 19:38:51
PAYMENT0013252,ACC0010589,2026-07-19 13:07:06,77108.4,FIELD,2026-04-10 23:34:56
PAYMENT0001951,ACC0029240,2026-07-19 14:16:29,143923.69,VOICE,2026-05-09 14:51:30
PAYMENT0020638,ACC0000970,2026-07-19 14:49:03,129846.19,VOICE,2026-06-03 20:25:03
PAYMENT0007840,ACC0005876,2026-07-19 15:22:59,116201.05,VOICE,2026-07-11 10:08:20
PAYMENT0010227,ACC0004924,2026-07-19 15:26:10,106685.25,FIELD,2026-07-13 12:21:57
PAYMENT0019469,ACC0009593,2026-07-19 15:52:59,60871.73,VOICE,2026-05-04 04:30:52
PAYMENT0001743,ACC0015587,2026-07-19 15:59:11,134505.51,FIELD,2026-07-07 05:22:01
PAYMENT0002059,ACC0015625,2026-07-19 16:08:34,39395.46,VOICE,2026-02-25 07:33:31
PAYMENT0013203,ACC0013946,2026-07-19 17:15:11,70630.32,VOICE,2026-06-05 04:58:57
PAYMENT0017886,ACC0027115,2026-07-19 17:31:16,144595.18,FIELD,2026-07-03 12:04:05
PAYMENT0012978,ACC0019390,2026-07-19 17:57:39,145510.53,VOICE,2026-07-04 06:22:42
PAYMENT0004307,ACC0019069,2026-07-19 18:17:17,76209.59,VOICE,2026-06-28 22:46:05
PAYMENT0021615,ACC0020216,2026-07-19 20:09:50,134728.62,WHATSAPP,2026-07-08 02:17:49
PAYMENT0004785,ACC0017389,2026-07-19 22:09:45,128963.98,WHATSAPP,2026-06-23 20:41:29
PAYMENT0005840,ACC0021154,2026-07-19 22:28:11,26802.21,VOICE,2026-07-04 23:39:03
PAYMENT0017334,ACC0010032,2026-07-19 22:48:32,98768.91,WHATSAPP,2026-07-03 13:37:13
PAYMENT0024474,ACC0000397,2026-07-19 22:56:04,50753.46,SMS,2026-04-07 06:07:26
PAYMENT0013748,ACC0029735,2026-07-19 23:01:00,18165.46,VOICE,2026-07-17 21:53:22
PAYMENT0013813,ACC0010483,2026-07-19 23:28:57,109066.08,VOICE,2026-07-08 06:21:05
PAYMENT0000433,ACC0026456,2026-07-20 00:05:02,38264.03,VOICE,2026-06-14 22:16:58
PAYMENT0001572,ACC0004415,2026-07-20 00:41:22,89686.54,WHATSAPP,2026-06-25 10:10:32
PAYMENT0012719,ACC0006557,2026-07-20 00:50:30,109222.81,WHATSAPP,2026-07-10 11:21:08
PAYMENT0012554,ACC0029126,2026-07-20 00:53:32,21150.68,SMS,2026-07-15 06:55:56
PAYMENT0013351,ACC0006779,2026-07-20 00:56:40,11230.58,WHATSAPP,2026-07-14 07:05:57
PAYMENT0003487,ACC0004857,2026-07-20 01:06:00,78756.29,VOICE,2026-06-25 01:05:42
PAYMENT0008147,ACC0017897,2026-07-20 01:23:04,120274.78,VOICE,2026-07-14 12:34:42
PAYMENT0006499,ACC0015689,2026-07-20 01:42:44,69708.39,WHATSAPP,2026-07-07 20:04:18
PAYMENT0016757,ACC0009837,2026-07-20 03:01:31,39098.63,VOICE,2026-07-08 20:54:32
PAYMENT0015696,ACC0015624,2026-07-20 03:10:05,148863.18,VOICE,2026-06-26 16:24:34
PAYMENT0023622,ACC0017236,2026-07-20 03:47:09,40976.98,FIELD,2026-06-16 03:00:42
PAYMENT0014417,ACC0028634,2026-07-20 04:34:13,1853.2,WHATSAPP,2026-06-19 00:46:11
PAYMENT0020389,ACC0018602,2026-07-20 05:34:01,44491.96,WHATSAPP,2026-05-17 18:04:55
PAYMENT0004971,ACC0000857,2026-07-20 05:39:14,89787.63,VOICE,2026-06-09 08:07:53
PAYMENT0014557,ACC0022989,2026-07-20 05:40:14,22131.94,VOICE,2026-06-21 22:38:48
PAYMENT0019500,ACC0014405,2026-07-20 05:44:58,92429.25,FIELD,2026-04-26 10:52:07
PAYMENT0000636,ACC0011937,2026-07-20 06:00:49,51145.51,VOICE,2026-07-07 14:40:39
PAYMENT0000431,ACC0022081,2026-07-20 06:42:30,143268.41,WHATSAPP,2026-06-03 11:18:13
PAYMENT0010798,ACC0020018,2026-07-20 06:43:49,13764.72,WHATSAPP,2026-07-12 23:14:12
PAYMENT0008598,ACC0013123,2026-07-20 07:34:08,114676.89,FIELD,2026-07-05 20:04:22
PAYMENT0023934,ACC0018206,2026-07-20 07:38:54,74512.3,VOICE,2026-05-30 18:13:34
PAYMENT0000560,ACC0027503,2026-07-20 07:59:00,11351.44,WHATSAPP,2026-06-14 20:44:40
PAYMENT0010893,ACC0000422,2026-07-20 08:06:55,46250.78,VOICE,2026-05-29 20:28:11
PAYMENT0014498,ACC0013308,2026-07-20 08:10:47,8526.22,VOICE,2026-07-11 00:24:37
PAYMENT0003817,ACC0001261,2026-07-20 08:15:39,86679.14,WHATSAPP,2026-06-13 12:26:38
PAYMENT0003996,ACC0025034,2026-07-20 08:21:33,3472.97,FIELD,2026-07-12 02:03:27
PAYMENT0006843,ACC0012162,2026-07-20 08:37:16,136917.78,WHATSAPP,2026-06-12 10:57:26
PAYMENT0012063,ACC0025279,2026-07-20 09:19:46,52664.38,WHATSAPP,2026-07-01 13:40:27
PAYMENT0016359,ACC0001855,2026-07-20 09:39:54,33702.36,WHATSAPP,2026-06-28 15:00:23
PAYMENT0022304,ACC0006596,2026-07-20 09:47:50,8598.37,VOICE,2026-07-16 11:34:33
PAYMENT0017201,ACC0008424,2026-07-20 10:05:30,72454.41,SMS,2026-07-11 04:29:46
PAYMENT0013986,ACC0001139,2026-07-20 10:36:36,37597.98,WHATSAPP,2026-07-13 03:26:17
PAYMENT0003832,ACC0029687,2026-07-20 11:57:04,403.2,WHATSAPP,2026-07-07 05:56:44
PAYMENT0017803,ACC0008374,2026-07-20 12:14:57,4746.96,VOICE,2026-07-01 00:55:10
PAYMENT0019639,ACC0029832,2026-07-20 12:21:28,76149.92,VOICE,2026-05-11 02:59:03
PAYMENT0005416,ACC0008861,2026-07-20 13:15:59,13027.73,VOICE,2026-06-20 18:53:31
PAYMENT0002674,ACC0022238,2026-07-20 13:32:27,111604.73,FIELD,2026-05-26 19:29:31
PAYMENT0023392,ACC0001841,2026-07-20 13:45:21,36244.04,WHATSAPP,2026-07-06 14:54:59
PAYMENT0008460,ACC0004891,2026-07-20 15:16:17,140924.33,FIELD,2026-07-08 08:53:44
PAYMENT0017865,ACC0020545,2026-07-20 15:46:39,49732.58,FIELD,2026-07-18 15:34:49
PAYMENT0019895,ACC0010022,2026-07-20 15:50:44,51243.33,VOICE,2026-07-05 19:23:27
PAYMENT0002184,ACC0006755,2026-07-20 16:30:08,108495.08,VOICE,2026-06-15 13:18:58
PAYMENT0005516,ACC0027813,2026-07-20 16:30:47,46495.71,SMS,2026-05-12 07:05:33
PAYMENT0011928,ACC0021276,2026-07-20 16:43:01,96050.53,SMS,2026-07-13 19:37:40
PAYMENT0021766,ACC0017017,2026-07-20 16:46:17,59815.8,WHATSAPP,2026-05-06 05:16:08
PAYMENT0001895,ACC0009618,2026-07-20 17:50:19,73455.17,WHATSAPP,2026-06-02 08:59:33
PAYMENT0017063,ACC0016529,2026-07-20 18:28:06,61672.26,VOICE,2026-07-11 03:38:37
PAYMENT0003950,ACC0019721,2026-07-20 19:53:05,106564.72,SMS,2026-05-19 09:51:47
PAYMENT0006522,ACC0018150,2026-07-20 19:54:22,121355.59,VOICE,2026-06-15 03:34:25
PAYMENT0020411,ACC0012434,2026-07-20 20:02:04,147477.62,WHATSAPP,2026-06-05 19:56:52
PAYMENT0000010,ACC0011343,2026-07-20 20:51:33,80004.84,VOICE,2026-07-07 16:56:19
PAYMENT0023512,ACC0004474,2026-07-20 21:37:32,7633.12,FIELD,2026-07-14 10:04:32
PAYMENT0003598,ACC0012336,2026-07-20 21:43:05,50602.63,WHATSAPP,2026-05-11 10:31:06
PAYMENT0005317,ACC0029080,2026-07-20 23:16:19,32171.93,VOICE,2026-05-04 17:19:54
PAYMENT0022121,ACC0023081,2026-07-21 00:22:20,144559.57,WHATSAPP,2026-07-04 23:49:12
PAYMENT0013961,ACC0022834,2026-07-21 01:59:40,72217.53,VOICE,2026-07-09 05:06:50
PAYMENT0009224,ACC0014454,2026-07-21 02:15:14,124708.2,WHATSAPP,2026-06-27 09:57:11
PAYMENT0011232,ACC0010562,2026-07-21 03:01:12,105948.12,FIELD,2026-07-19 22:48:49
PAYMENT0015013,ACC0015396,2026-07-21 03:27:51,106974.0,SMS,2026-07-04 00:18:51
PAYMENT0015378,ACC0017250,2026-07-21 03:31:31,73883.21,VOICE,2026-07-19 15:05:27
PAYMENT0005441,ACC0012316,2026-07-21 03:37:33,71882.01,SMS,2026-06-27 00:32:59
PAYMENT0006190,ACC0021268,2026-07-21 04:13:10,29345.5,VOICE,2026-07-19 02:19:21
PAYMENT0009110,ACC0000637,2026-07-21 05:25:23,27977.24,WHATSAPP,2026-07-06 22:36:37
PAYMENT0003297,ACC0028472,2026-07-21 05:30:51,50064.79,VOICE,2026-07-14 23:05:39
PAYMENT0015117,ACC0023165,2026-07-21 05:43:01,931.8,VOICE,2026-07-08 06:34:35
PAYMENT0013193,ACC0012914,2026-07-21 06:04:47,131154.7,WHATSAPP,2026-07-11 07:02:55
PAYMENT0015208,ACC0022380,2026-07-21 06:09:09,142898.52,FIELD,2026-07-17 09:51:50
PAYMENT0015376,ACC0020183,2026-07-21 06:27:05,135422.97,VOICE,2026-07-12 15:23:35
PAYMENT0007052,ACC0013584,2026-07-21 06:40:04,124326.3,WHATSAPP,2026-05-14 17:28:58
PAYMENT0015988,ACC0013862,2026-07-21 07:24:58,90457.36,WHATSAPP,2026-07-02 22:03:47
PAYMENT0015065,ACC0008399,2026-07-21 07:35:35,19393.71,SMS,2026-07-20 00:54:59
PAYMENT0008151,ACC0016087,2026-07-21 08:38:33,119001.1,VOICE,2026-07-10 14:38:43
PAYMENT0003126,ACC0011624,2026-07-21 08:56:56,39126.19,VOICE,2026-07-06 09:52:39
PAYMENT0019018,ACC0001312,2026-07-21 11:27:50,18854.49,SMS,2026-02-27 09:57:17
PAYMENT0016114,ACC0017812,2026-07-21 11:33:06,130443.4,SMS,2026-06-19 08:26:29
PAYMENT0000278,ACC0013939,2026-07-21 11:37:53,35728.7,WHATSAPP,2026-06-16 09:27:15
PAYMENT0000681,ACC0002201,2026-07-21 11:56:39,145335.79,VOICE,2026-07-04 23:57:58
PAYMENT0011387,ACC0012373,2026-07-21 11:58:28,26125.64,VOICE,2026-06-16 21:06:53
PAYMENT0021909,ACC0001076,2026-07-21 12:37:26,12050.36,SMS,2026-07-03 08:19:52
PAYMENT0008037,ACC0007408,2026-07-21 13:35:17,22164.72,WHATSAPP,2026-07-20 09:17:38
PAYMENT0014146,ACC0025755,2026-07-21 13:50:06,66061.59,VOICE,2026-07-01 21:32:36
PAYMENT0014427,ACC0015380,2026-07-21 13:51:43,5822.79,WHATSAPP,2026-06-22 07:20:17
PAYMENT0016077,ACC0008115,2026-07-21 13:52:54,69734.42,FIELD,2026-06-30 20:24:59
PAYMENT0000411,ACC0029921,2026-07-21 14:02:53,1000.62,WHATSAPP,2026-06-22 14:32:00
PAYMENT0008304,ACC0028728,2026-07-21 14:57:26,1742.35,WHATSAPP,2026-07-02 10:41:40
PAYMENT0010212,ACC0027084,2026-07-21 15:19:03,71270.73,SMS,2026-05-13 11:15:17
PAYMENT0006228,ACC0023407,2026-07-21 15:33:20,26990.27,SMS,2026-07-15 22:27:51
PAYMENT0018941,ACC0020996,2026-07-21 16:05:12,75739.33,WHATSAPP,2026-07-16 11:15:24
PAYMENT0002618,ACC0011445,2026-07-21 16:23:50,134648.8,VOICE,2026-06-13 15:23:13
PAYMENT0010771,ACC0021589,2026-07-21 16:49:53,122948.5,SMS,2026-06-14 10:54:36
PAYMENT0022331,ACC0020051,2026-07-21 17:28:38,133265.6,VOICE,2026-07-16 03:49:12
PAYMENT0009936,ACC0028551,2026-07-21 17:37:24,53249.04,FIELD,2026-07-21 13:02:15
PAYMENT0005161,ACC0022793,2026-07-21 17:37:33,51907.95,VOICE,2026-07-12 02:43:29
PAYMENT0006068,ACC0024256,2026-07-21 17:45:06,32158.91,VOICE,2026-06-21 15:51:44
PAYMENT0022971,ACC0017843,2026-07-21 19:11:00,3629.0,WHATSAPP,2026-07-16 01:27:02
PAYMENT0005108,ACC0008163,2026-07-21 21:02:21,60667.65,VOICE,2026-07-07 10:00:12
PAYMENT0022956,ACC0009236,2026-07-21 21:08:37,108411.8,SMS,2026-07-07 14:04:39
PAYMENT0017281,ACC0003257,2026-07-21 21:41:09,107487.72,VOICE,2026-07-17 00:45:52
PAYMENT0016412,ACC0000682,2026-07-21 22:13:49,148789.18,VOICE,2026-07-21 15:57:25
PAYMENT0017154,ACC0012474,2026-07-21 22:27:59,57332.88,VOICE,2026-07-19 13:15:47
PAYMENT0015158,ACC0003693,2026-07-21 23:19:11,79606.33,SMS,2026-07-14 06:58:49
PAYMENT0003058,ACC0011413,2026-07-22 00:05:42,33351.84,WHATSAPP,2026-07-21 11:50:41
PAYMENT0001882,ACC0013018,2026-07-22 00:56:31,141003.29,WHATSAPP,2026-06-08 23:34:20
PAYMENT0007261,ACC0006485,2026-07-22 01:16:59,145217.33,VOICE,2026-06-27 11:45:35
PAYMENT0016631,ACC0008303,2026-07-22 01:25:37,147546.05,SMS,2026-06-30 17:11:40
PAYMENT0020290,ACC0009071,2026-07-22 01:33:10,68226.7,VOICE,2026-07-11 23:07:18
PAYMENT0019061,ACC0016325,2026-07-22 01:54:13,61214.8,VOICE,2026-07-04 08:53:21
PAYMENT0004897,ACC0021619,2026-07-22 02:07:41,137274.9,VOICE,2026-07-21 23:36:03
PAYMENT0006637,ACC0017104,2026-07-22 02:30:22,68436.78,VOICE,2026-07-01 02:31:07
PAYMENT0023708,ACC0013241,2026-07-22 02:34:00,137657.73,WHATSAPP,2026-07-15 13:27:00
PAYMENT0007673,ACC0000206,2026-07-22 02:42:29,128760.36,WHATSAPP,2026-06-06 10:29:36
PAYMENT0005202,ACC0004285,2026-07-22 03:49:09,121641.6,WHATSAPP,2026-03-21 22:04:49
PAYMENT0015532,ACC0017111,2026-07-22 04:06:30,63232.97,FIELD,2026-07-18 06:58:32
PAYMENT0016640,ACC0019444,2026-07-22 04:56:11,6593.0,FIELD,2026-06-04 03:31:34
PAYMENT0024446,ACC0004164,2026-07-22 05:10:38,27089.02,VOICE,2026-07-18 09:53:30
PAYMENT0010148,ACC0001060,2026-07-22 05:19:17,54829.85,VOICE,2026-07-12 00:24:08
PAYMENT0015288,ACC0004634,2026-07-22 05:20:48,41110.02,SMS,2026-06-24 09:00:52
PAYMENT0018191,ACC0029314,2026-07-22 05:21:04,98076.25,SMS,2026-06-30 05:22:24
PAYMENT0016250,ACC0009713,2026-07-22 05:21:30,50340.55,VOICE,2026-07-08 23:52:19
PAYMENT0011216,ACC0007190,2026-07-22 05:28:39,48423.13,FIELD,2026-04-30 20:27:21
PAYMENT0020940,ACC0027688,2026-07-22 05:56:18,29923.18,WHATSAPP,2026-07-17 00:53:00
PAYMENT0002340,ACC0014308,2026-07-22 06:38:36,111888.74,WHATSAPP,2026-06-20 11:44:02
PAYMENT0019876,ACC0027103,2026-07-22 06:59:54,136361.23,VOICE,2026-03-19 13:47:54
PAYMENT0010375,ACC0020534,2026-07-22 08:46:40,147907.34,FIELD,2026-06-29 16:52:07
PAYMENT0007977,ACC0004156,2026-07-22 08:58:37,62823.33,SMS,2026-04-15 23:40:51
PAYMENT0024194,ACC0016719,2026-07-22 09:52:58,110290.56,WHATSAPP,2026-07-14 00:22:19
PAYMENT0004146,ACC0026551,2026-07-22 09:58:46,65016.84,VOICE,2026-07-18 00:01:40
PAYMENT0004477,ACC0003556,2026-07-22 09:59:05,146212.54,VOICE,2026-06-06 17:40:54
PAYMENT0019100,ACC0021750,2026-07-22 10:21:00,48695.04,SMS,2026-07-14 13:40:00
PAYMENT0005603,ACC0003139,2026-07-22 10:27:36,113775.3,VOICE,2026-07-14 04:55:11
PAYMENT0014362,ACC0024700,2026-07-22 10:50:16,10066.43,VOICE,2026-06-27 16:48:36
PAYMENT0016402,ACC0008198,2026-07-22 11:35:30,34285.31,SMS,2026-06-24 08:09:09
PAYMENT0002057,ACC0002524,2026-07-22 13:06:43,118780.69,FIELD,2026-07-15 07:28:37
PAYMENT0017578,ACC0003517,2026-07-22 13:09:46,31772.52,VOICE,2026-05-11 10:00:13
PAYMENT0004882,ACC0026030,2026-07-22 13:33:32,86739.52,WHATSAPP,2026-07-03 00:58:46
PAYMENT0001557,ACC0028261,2026-07-22 13:34:15,110211.07,FIELD,2026-07-16 12:38:18
PAYMENT0024070,ACC0019848,2026-07-22 14:43:36,114561.18,SMS,2026-06-02 03:33:59
PAYMENT0007216,ACC0029012,2026-07-22 15:17:35,139645.28,WHATSAPP,2026-07-14 04:33:53
PAYMENT0013338,ACC0010150,2026-07-22 15:57:45,122443.23,SMS,2026-07-05 13:30:22
PAYMENT0012714,ACC0026345,2026-07-22 16:23:42,30743.36,WHATSAPP,2026-06-27 21:13:35
PAYMENT0014763,ACC0010556,2026-07-22 16:37:27,143073.25,SMS,2026-06-26 02:01:05
PAYMENT0018698,ACC0003428,2026-07-22 16:39:52,31473.61,VOICE,2026-04-26 16:14:34
PAYMENT0001924,ACC0005996,2026-07-22 17:26:03,53432.93,VOICE,2026-07-13 19:00:38
PAYMENT0014438,ACC0027321,2026-07-22 17:54:44,44706.07,WHATSAPP,2026-06-26 17:28:57
PAYMENT0018806,ACC0029831,2026-07-22 19:06:02,13615.56,SMS,2026-07-14 23:32:36
PAYMENT0011030,ACC0028950,2026-07-22 20:06:43,121548.2,SMS,2026-05-17 13:31:14
PAYMENT0003991,ACC0007319,2026-07-22 20:49:11,22753.31,VOICE,2026-07-09 10:02:28
PAYMENT0013913,ACC0019573,2026-07-22 21:11:35,34622.78,WHATSAPP,2026-06-16 21:19:01
PAYMENT0016933,ACC0028188,2026-07-22 21:53:07,128994.38,WHATSAPP,2026-07-18 11:21:03
PAYMENT0009920,ACC0006113,2026-07-22 22:01:39,16949.27,WHATSAPP,2026-07-15 09:46:14
PAYMENT0018761,ACC0010690,2026-07-22 22:18:56,31270.83,SMS,2026-06-30 00:02:28
PAYMENT0004431,ACC0024167,2026-07-22 23:03:06,25469.49,SMS,2026-06-07 02:28:21
PAYMENT0013648,ACC0010032,2026-07-22 23:12:09,64636.91,WHATSAPP,2026-07-03 13:37:13
PAYMENT0021187,ACC0028225,2026-07-22 23:27:04,53751.37,VOICE,2026-07-12 05:22:05
PAYMENT0001861,ACC0014842,2026-07-22 23:46:02,43660.5,SMS,2026-06-19 12:53:22
PAYMENT0009559,ACC0002564,2026-07-23 00:37:12,124587.02,FIELD,2026-07-15 08:01:03
PAYMENT0004854,ACC0019308,2026-07-23 01:07:51,113120.72,SMS,2026-04-18 05:00:04
PAYMENT0009904,ACC0007495,2026-07-23 03:59:49,26075.39,VOICE,2026-07-09 02:42:58
PAYMENT0011763,ACC0014906,2026-07-23 04:06:15,8861.1,VOICE,2026-05-18 20:35:29
PAYMENT0019726,ACC0028274,2026-07-23 04:14:37,50334.5,WHATSAPP,2026-06-12 00:38:32
PAYMENT0016882,ACC0018982,2026-07-23 04:19:53,71583.22,SMS,2026-07-05 02:55:41
PAYMENT0016452,ACC0016401,2026-07-23 04:36:52,55193.68,WHATSAPP,2026-07-20 08:16:42
PAYMENT0017338,ACC0027731,2026-07-23 04:46:02,107426.44,SMS,2026-07-14 14:25:23
PAYMENT0010146,ACC0027535,2026-07-23 05:07:23,54695.95,SMS,2026-07-15 19:54:24
PAYMENT0006874,ACC0018212,2026-07-23 05:08:31,39565.22,VOICE,2026-06-29 06:27:06
PAYMENT0000129,ACC0022762,2026-07-23 05:14:58,114632.19,VOICE,2026-06-19 11:15:29
PAYMENT0005207,ACC0019132,2026-07-23 05:17:51,63123.11,WHATSAPP,2026-07-02 04:30:40
PAYMENT0022663,ACC0014631,2026-07-23 05:21:38,30054.37,SMS,2026-07-10 20:59:00
PAYMENT0015931,ACC0000344,2026-07-23 05:58:03,119395.0,SMS,2026-04-11 18:38:19
PAYMENT0002086,ACC0005714,2026-07-23 06:02:06,18710.48,VOICE,2026-06-28 21:49:36
PAYMENT0021965,ACC0011505,2026-07-23 06:24:06,100731.59,FIELD,2026-07-19 12:30:35
PAYMENT0014065,ACC0025303,2026-07-23 06:36:42,13971.98,VOICE,2026-07-22 10:52:45
PAYMENT0023413,ACC0025431,2026-07-23 06:41:50,38403.85,VOICE,2026-07-09 09:11:44
PAYMENT0005432,ACC0016070,2026-07-23 07:09:03,79171.59,VOICE,2026-06-14 14:27:59
PAYMENT0014774,ACC0005572,2026-07-23 07:26:08,61278.01,SMS,2026-06-04 02:44:09
PAYMENT0012975,ACC0014129,2026-07-23 07:40:31,419.47,WHATSAPP,2026-06-13 08:04:15
PAYMENT0020350,ACC0010156,2026-07-23 07:52:54,149908.75,WHATSAPP,2026-07-02 23:19:05
PAYMENT0018568,ACC0003240,2026-07-23 07:56:57,16049.77,FIELD,2026-06-03 03:03:49
PAYMENT0012359,ACC0011326,2026-07-23 07:57:26,41608.62,VOICE,2026-06-17 03:32:38
PAYMENT0021475,ACC0010594,2026-07-23 08:04:18,91128.11,WHATSAPP,2026-07-06 08:17:08
PAYMENT0022230,ACC0023347,2026-07-23 08:31:53,95023.75,VOICE,2026-07-06 09:40:09
PAYMENT0014811,ACC0019621,2026-07-23 08:36:51,46276.67,WHATSAPP,2026-07-21 20:53:49
PAYMENT0004434,ACC0003114,2026-07-23 08:37:51,4357.45,WHATSAPP,2026-07-06 05:30:30
PAYMENT0024697,ACC0014779,2026-07-23 08:45:35,87655.72,WHATSAPP,2026-06-06 18:10:17
PAYMENT0005784,ACC0026986,2026-07-23 09:05:29,83971.58,WHATSAPP,2026-04-18 16:25:49
PAYMENT0023697,ACC0014881,2026-07-23 09:22:39,107185.67,SMS,2026-07-19 18:43:45
PAYMENT0001470,ACC0017061,2026-07-23 09:26:12,101326.46,SMS,2026-05-12 05:23:16
PAYMENT0021213,ACC0011866,2026-07-23 10:08:40,117238.36,VOICE,2026-07-16 20:08:18
PAYMENT0006994,ACC0004151,2026-07-23 10:14:49,3294.94,SMS,2026-06-03 03:34:45
PAYMENT0010981,ACC0017186,2026-07-23 10:38:28,147633.4,FIELD,2026-06-23 12:35:09
PAYMENT0022892,ACC0011528,2026-07-23 10:58:33,137440.62,WHATSAPP,2026-07-22 23:16:49
PAYMENT0001027,ACC0003966,2026-07-23 11:36:26,95856.38,VOICE,2026-07-20 15:09:40
PAYMENT0008181,ACC0025614,2026-07-23 12:09:46,141529.93,SMS,2026-06-30 22:46:54
PAYMENT0010859,ACC0023627,2026-07-23 12:39:29,44913.4,WHATSAPP,2026-07-09 05:45:33
PAYMENT0019690,ACC0001727,2026-07-23 12:58:13,54192.45,VOICE,2026-07-23 01:57:59
PAYMENT0009459,ACC0015327,2026-07-23 13:33:45,69277.69,VOICE,2026-07-21 09:22:01
PAYMENT0008409,ACC0021446,2026-07-23 13:40:40,42197.54,VOICE,2026-07-15 19:17:47
PAYMENT0021610,ACC0008541,2026-07-23 14:33:29,117641.49,WHATSAPP,2026-07-13 21:13:09
PAYMENT0003028,ACC0020698,2026-07-23 15:42:38,142415.45,FIELD,2026-07-15 20:59:29
PAYMENT0002379,ACC0014966,2026-07-23 16:10:59,10845.7,VOICE,2026-07-09 01:14:47
PAYMENT0007371,ACC0029240,2026-07-23 16:33:09,116916.53,VOICE,2026-05-09 14:51:30
PAYMENT0018315,ACC0026938,2026-07-23 17:05:03,120152.26,SMS,2026-06-03 15:36:56
PAYMENT0005956,ACC0002004,2026-07-23 17:40:47,147224.85,FIELD,2026-07-21 23:45:44
PAYMENT0008158,ACC0014312,2026-07-23 18:03:14,81188.52,VOICE,2026-06-21 08:41:19
PAYMENT0019809,ACC0026903,2026-07-23 18:40:56,94936.23,SMS,2026-07-01 17:15:26
PAYMENT0015474,ACC0022394,2026-07-23 18:52:24,128381.54,SMS,2026-07-06 13:56:07
PAYMENT0020423,ACC0022622,2026-07-23 19:02:05,80588.51,VOICE,2026-06-17 11:38:11
PAYMENT0006162,ACC0009240,2026-07-23 19:04:22,50435.21,WHATSAPP,2026-07-16 04:51:25
PAYMENT0023454,ACC0019671,2026-07-23 19:55:40,68083.56,WHATSAPP,2026-07-15 16:46:04
PAYMENT0006481,ACC0009387,2026-07-23 20:22:13,17090.78,,
PAYMENT0012912,ACC0027062,2026-07-23 21:11:34,69816.29,VOICE,2026-07-21 06:03:46
PAYMENT0016807,ACC0021932,2026-07-23 22:11:23,119057.85,VOICE,2026-05-15 23:57:11
PAYMENT0005493,ACC0002899,2026-07-23 22:12:02,43881.47,WHATSAPP,2026-07-09 21:29:42
PAYMENT0007625,ACC0011361,2026-07-23 22:43:37,134780.74,WHATSAPP,2026-07-19 09:31:08
PAYMENT0011613,ACC0008490,2026-07-23 23:29:43,4844.63,WHATSAPP,2026-07-12 01:37:48
PAYMENT0005219,ACC0023707,2026-07-23 23:39:53,35778.72,SMS,2026-07-06 18:38:22
PAYMENT0021814,ACC0023008,2026-07-24 00:32:54,35075.07,WHATSAPP,2026-06-26 10:25:41
PAYMENT0000776,ACC0019726,2026-07-24 00:53:48,84334.52,VOICE,2026-07-24 00:07:35
PAYMENT0004370,ACC0013201,2026-07-24 00:58:19,41027.79,VOICE,2026-06-16 06:34:54
PAYMENT0014611,ACC0027378,2026-07-24 01:06:57,78923.84,VOICE,2026-06-18 22:38:18
PAYMENT0008825,ACC0009195,2026-07-24 01:20:15,124970.66,FIELD,2026-07-07 17:54:15
PAYMENT0002307,ACC0024676,2026-07-24 01:30:41,145598.75,WHATSAPP,2026-07-02 10:13:28
PAYMENT0006842,ACC0022534,2026-07-24 02:20:54,29065.4,SMS,2026-03-15 21:04:53
PAYMENT0009034,ACC0004182,2026-07-24 02:39:29,68986.26,VOICE,2026-07-20 22:17:51
PAYMENT0020281,ACC0023505,2026-07-24 02:41:04,117172.94,VOICE,2026-07-22 19:09:30
PAYMENT0021078,ACC0011065,2026-07-24 02:41:24,75955.47,WHATSAPP,2026-07-19 17:40:47
PAYMENT0006055,ACC0028001,2026-07-24 03:24:22,113691.61,WHATSAPP,2026-07-12 11:17:23
PAYMENT0020399,ACC0020650,2026-07-24 03:49:14,57199.42,SMS,2026-07-14 08:17:46
PAYMENT0004529,ACC0019581,2026-07-24 04:25:29,76705.43,VOICE,2026-07-03 08:47:21
PAYMENT0024559,ACC0022237,2026-07-24 04:28:44,61074.34,VOICE,2026-07-03 17:33:11
PAYMENT0009117,ACC0007327,2026-07-24 04:32:09,42991.81,VOICE,2026-07-20 16:12:20
PAYMENT0010985,ACC0028450,2026-07-24 05:26:43,115570.62,VOICE,2026-07-05 18:58:51
PAYMENT0024458,ACC0019621,2026-07-24 05:37:50,120344.37,WHATSAPP,2026-07-21 20:53:49
PAYMENT0003986,ACC0009872,2026-07-24 06:31:28,146211.45,VOICE,2026-06-28 15:03:14
PAYMENT0010790,ACC0018105,2026-07-24 06:32:40,38243.14,FIELD,2026-02-05 12:08:32
PAYMENT0003296,ACC0017615,2026-07-24 07:10:28,70392.13,VOICE,2026-07-06 06:14:42
PAYMENT0001521,ACC0001559,2026-07-24 07:20:32,58350.31,VOICE,2026-06-14 08:21:01
PAYMENT0016134,ACC0019918,2026-07-24 07:21:35,37334.42,VOICE,2026-07-23 01:40:59
PAYMENT0011806,ACC0007876,2026-07-24 08:22:00,65212.51,WHATSAPP,2026-07-16 11:50:47
PAYMENT0010728,ACC0029602,2026-07-24 08:37:50,143200.85,SMS,2026-06-06 19:39:13
PAYMENT0001724,ACC0027871,2026-07-24 09:36:41,34946.01,WHATSAPP,2026-07-09 02:15:09
PAYMENT0010556,ACC0005121,2026-07-24 09:44:37,129138.66,WHATSAPP,2026-06-20 10:35:44
PAYMENT0012305,ACC0017950,2026-07-24 09:59:17,72615.81,VOICE,2026-03-26 13:29:07
PAYMENT0013463,ACC0015440,2026-07-24 10:01:47,50751.23,SMS,2026-05-30 04:37:04
PAYMENT0001984,ACC0018998,2026-07-24 10:33:13,32135.77,VOICE,2026-07-13 14:53:33
PAYMENT0019203,ACC0023737,2026-07-24 10:38:13,121347.77,VOICE,2026-07-20 22:11:05
PAYMENT0009965,ACC0005473,2026-07-24 11:02:07,6601.84,VOICE,2026-06-26 18:08:55
PAYMENT0021785,ACC0003763,2026-07-24 11:24:23,128646.41,WHATSAPP,2026-06-06 04:48:34
PAYMENT0009639,ACC0010675,2026-07-24 11:26:46,116467.98,VOICE,2026-05-01 14:43:05
PAYMENT0001664,ACC0005560,2026-07-24 11:45:49,122037.34,WHATSAPP,2026-06-17 21:10:56
PAYMENT0023333,ACC0019563,2026-07-24 11:51:31,112525.54,VOICE,2026-07-05 16:27:13
PAYMENT0003787,ACC0006282,2026-07-24 12:37:53,32536.12,SMS,2026-07-10 07:49:58
PAYMENT0006297,ACC0022432,2026-07-24 12:47:01,119060.76,VOICE,2026-07-21 15:57:34
PAYMENT0019617,ACC0003295,2026-07-24 14:05:35,110049.78,FIELD,2026-07-03 03:17:03
PAYMENT0021427,ACC0013331,2026-07-24 14:38:32,58748.63,SMS,2026-07-20 16:17:39
PAYMENT0011095,ACC0029879,2026-07-24 15:13:40,147139.75,VOICE,2026-04-12 05:38:27
PAYMENT0020871,ACC0003088,2026-07-24 15:24:04,60535.24,VOICE,2026-07-03 12:38:15
PAYMENT0019842,ACC0022343,2026-07-24 16:38:26,75929.0,SMS,2026-06-24 18:40:50
PAYMENT0008250,ACC0004734,2026-07-24 16:51:35,106422.44,VOICE,2026-07-17 20:16:14
PAYMENT0023716,ACC0012865,2026-07-24 16:58:27,31538.81,WHATSAPP,2026-04-17 00:21:51
PAYMENT0024226,ACC0021639,2026-07-24 17:25:56,67777.54,VOICE,2026-07-03 10:22:29
PAYMENT0021630,ACC0007498,2026-07-24 17:37:36,132714.09,WHATSAPP,2026-07-21 05:22:24
PAYMENT0020239,ACC0004633,2026-07-24 17:37:45,71012.23,VOICE,2026-06-22 13:52:41
PAYMENT0000563,ACC0026302,2026-07-24 20:05:12,64701.97,FIELD,2026-06-22 09:07:22
PAYMENT0010332,ACC0024784,2026-07-24 20:09:33,115255.0,WHATSAPP,2026-06-01 11:30:41
PAYMENT0010410,ACC0023080,2026-07-24 21:03:30,54027.35,VOICE,2026-07-21 07:19:31
PAYMENT0001413,ACC0028934,2026-07-24 21:04:19,76410.22,WHATSAPP,2026-06-03 11:22:22
PAYMENT0015713,ACC0013379,2026-07-24 21:10:38,133350.2,VOICE,2026-05-20 01:57:43
PAYMENT0002966,ACC0017088,2026-07-24 21:31:35,20734.02,VOICE,2026-07-10 17:01:51
PAYMENT0012843,ACC0018297,2026-07-24 21:32:44,106753.1,VOICE,2026-07-20 08:47:04
PAYMENT0023161,ACC0023295,2026-07-24 22:58:58,132557.15,VOICE,2026-07-05 14:29:05
PAYMENT0015857,ACC0007008,2026-07-24 23:11:01,120112.96,VOICE,2026-07-22 20:35:26
PAYMENT0012290,ACC0004374,2026-07-24 23:11:39,144387.66,SMS,2026-07-20 13:45:11
PAYMENT0001162,ACC0015156,2026-07-24 23:21:48,137603.03,WHATSAPP,2026-06-30 18:00:43
PAYMENT0002472,ACC0006304,2026-07-24 23:28:09,73548.67,FIELD,2026-07-08 23:03:21
PAYMENT0013965,ACC0022447,2026-07-24 23:39:57,56466.39,WHATSAPP,2026-05-19 14:40:15
PAYMENT0022015,ACC0011377,2026-07-24 23:41:07,8869.43,WHATSAPP,2026-07-23 17:55:11
PAYMENT0017943,ACC0005120,2026-07-25 00:11:18,74095.54,SMS,2026-05-07 16:35:46
PAYMENT0021813,ACC0020389,2026-07-25 00:20:06,118194.28,WHATSAPP,2026-06-28 10:21:03
PAYMENT0010695,ACC0008855,2026-07-25 01:07:57,113800.9,WHATSAPP,2026-06-10 03:40:02
PAYMENT0021011,ACC0002786,2026-07-25 01:31:26,127759.09,VOICE,2026-07-14 15:03:10
PAYMENT0011431,ACC0025254,2026-07-25 01:36:34,103621.11,VOICE,2026-07-06 19:20:05
PAYMENT0002903,ACC0026444,2026-07-25 01:47:41,5170.15,VOICE,2026-07-12 23:47:02
PAYMENT0009222,ACC0004395,2026-07-25 01:58:37,86411.28,VOICE,2026-07-22 16:12:08
PAYMENT0016699,ACC0001050,2026-07-25 02:28:22,82496.3,FIELD,2026-07-22 09:31:55
PAYMENT0009097,ACC0010551,2026-07-25 02:28:59,69176.24,VOICE,2026-06-25 14:51:26
PAYMENT0008047,ACC0022359,2026-07-25 02:43:02,57784.71,VOICE,2026-07-20 05:32:14
PAYMENT0016907,ACC0004207,2026-07-25 02:46:59,49718.02,VOICE,2026-07-09 11:26:44
PAYMENT0000149,ACC0018444,2026-07-25 03:04:14,96766.12,VOICE,2026-07-20 15:43:34
PAYMENT0005668,ACC0009055,2026-07-25 03:18:39,122119.09,SMS,2026-07-16 02:27:09
PAYMENT0018244,ACC0019556,2026-07-25 03:27:07,28776.42,SMS,2026-05-23 14:11:37
PAYMENT0017077,ACC0001561,2026-07-25 03:36:06,122670.33,FIELD,2026-07-24 14:47:29
PAYMENT0004727,ACC0006781,2026-07-25 04:10:32,45763.0,SMS,2026-07-24 14:36:17
PAYMENT0011093,ACC0021115,2026-07-25 04:55:29,63711.19,SMS,2026-05-14 01:40:50
PAYMENT0010297,ACC0009636,2026-07-25 06:08:02,105271.15,WHATSAPP,2026-07-21 08:49:11
PAYMENT0021829,ACC0006215,2026-07-25 06:25:33,59386.62,WHATSAPP,2026-07-16 07:00:25
PAYMENT0022454,ACC0022380,2026-07-25 06:34:16,31282.74,FIELD,2026-07-17 09:51:50
PAYMENT0009516,ACC0020166,2026-07-25 06:45:01,16094.87,SMS,2026-07-19 08:49:47
PAYMENT0002625,ACC0019502,2026-07-25 07:14:39,56332.3,WHATSAPP,2026-07-05 03:47:27
PAYMENT0004736,ACC0005762,2026-07-25 09:11:02,6421.37,VOICE,2026-06-30 23:01:21
PAYMENT0004972,ACC0013876,2026-07-25 09:27:55,123009.54,VOICE,2026-06-11 08:54:35
PAYMENT0019162,ACC0018231,2026-07-25 09:38:01,33203.75,VOICE,2026-06-12 04:32:21
PAYMENT0011114,ACC0005650,2026-07-25 10:00:50,146547.58,VOICE,2026-07-20 04:48:41
PAYMENT0007909,ACC0008016,2026-07-25 10:03:55,80197.02,VOICE,2026-07-22 11:50:14
PAYMENT0004228,ACC0015233,2026-07-25 10:11:44,122839.69,VOICE,2026-05-24 02:48:35
PAYMENT0015630,ACC0001268,2026-07-25 10:42:06,95043.24,SMS,2026-06-30 17:41:11
PAYMENT0003375,ACC0028456,2026-07-25 11:27:54,27809.46,SMS,2026-06-22 04:36:18
PAYMENT0012977,ACC0016487,2026-07-25 11:46:53,64505.89,VOICE,2026-07-03 03:50:32
PAYMENT0013213,ACC0025297,2026-07-25 12:57:05,139741.12,SMS,2026-05-01 14:45:47
PAYMENT0014946,ACC0026461,2026-07-25 13:03:14,115130.68,SMS,2026-06-23 15:43:12
PAYMENT0022179,ACC0015963,2026-07-25 13:08:07,14094.84,FIELD,2026-06-28 04:36:59
PAYMENT0023862,ACC0003303,2026-07-25 13:09:16,23243.82,SMS,2026-07-10 18:08:57
PAYMENT0013442,ACC0012681,2026-07-25 13:19:06,31088.17,WHATSAPP,2026-07-03 16:50:38
PAYMENT0005444,ACC0026507,2026-07-25 13:19:32,64215.41,WHATSAPP,2026-07-07 16:24:33
PAYMENT0018301,ACC0015659,2026-07-25 13:23:37,38890.47,VOICE,2026-07-18 05:57:19
PAYMENT0003196,ACC0019352,2026-07-25 13:25:30,117930.03,WHATSAPP,2026-07-09 08:40:15
PAYMENT0009855,ACC0017793,2026-07-25 13:27:17,35364.87,VOICE,2026-07-06 20:22:03
PAYMENT0010783,ACC0000804,2026-07-25 13:43:59,19297.26,VOICE,2026-04-02 10:26:02
PAYMENT0021198,ACC0027272,2026-07-25 14:24:18,127546.27,VOICE,2026-06-21 15:03:31
PAYMENT0006938,ACC0022994,2026-07-25 16:20:47,23719.21,VOICE,2026-06-07 20:06:33
PAYMENT0000803,ACC0008340,2026-07-25 16:30:11,26189.22,SMS,2026-05-16 12:40:26
PAYMENT0020848,ACC0004393,2026-07-25 16:35:15,102052.61,WHATSAPP,2026-07-16 16:31:18
PAYMENT0020600,ACC0026106,2026-07-25 17:01:52,57850.74,VOICE,2026-06-18 12:25:51
PAYMENT0014560,ACC0004475,2026-07-25 17:25:30,126010.63,FIELD,2026-07-13 01:41:46
PAYMENT0019322,ACC0026919,2026-07-25 17:56:39,67471.81,SMS,2026-07-17 13:58:05
PAYMENT0001013,ACC0017666,2026-07-25 17:58:23,82113.0,SMS,2026-07-24 13:34:30
PAYMENT0024713,ACC0002092,2026-07-25 18:32:31,21863.64,FIELD,2026-07-10 13:35:13
PAYMENT0021845,ACC0007670,2026-07-25 19:00:23,13567.22,VOICE,2026-06-14 03:18:25
PAYMENT0005255,ACC0016895,2026-07-25 19:09:56,147181.61,VOICE,2026-07-04 17:03:06
PAYMENT0023352,ACC0003231,2026-07-25 19:11:48,86697.2,WHATSAPP,2026-06-29 09:09:18
PAYMENT0007637,ACC0029356,2026-07-25 19:34:54,12327.6,SMS,2026-05-29 08:18:29
PAYMENT0001375,ACC0004121,2026-07-25 20:11:17,10591.76,VOICE,2026-06-08 03:17:48
PAYMENT0018823,ACC0003953,2026-07-25 21:31:18,88672.91,SMS,2026-07-05 02:03:11
PAYMENT0019204,ACC0022808,2026-07-25 21:58:10,9712.35,VOICE,2026-07-22 10:27:40
PAYMENT0015138,ACC0003644,2026-07-25 22:07:12,146559.66,VOICE,2026-07-05 10:09:51
PAYMENT0003648,ACC0008529,2026-07-25 22:32:05,57880.52,VOICE,2026-05-03 21:26:55
PAYMENT0013840,ACC0019816,2026-07-25 22:39:26,127407.81,VOICE,2026-07-13 10:53:01
PAYMENT0002099,ACC0000937,2026-07-25 22:40:50,33656.56,VOICE,2026-06-30 16:25:44
PAYMENT0019922,ACC0021798,2026-07-25 23:24:35,50770.97,SMS,2026-06-19 02:19:33
PAYMENT0008209,ACC0017480,2026-07-25 23:28:02,16952.65,VOICE,2026-05-30 18:16:27
PAYMENT0016446,ACC0005188,2026-07-25 23:37:51,112983.7,WHATSAPP,2026-07-03 23:47:04
PAYMENT0008697,ACC0024352,2026-07-25 23:40:16,136104.16,VOICE,2026-05-08 08:54:49
PAYMENT0021216,ACC0023464,2026-07-25 23:48:56,95749.25,WHATSAPP,2026-07-24 06:23:53
PAYMENT0004410,ACC0029306,2026-07-26 00:26:53,102019.29,VOICE,2026-07-15 07:04:21
PAYMENT0017092,ACC0018097,2026-07-26 00:59:42,112572.18,SMS,2026-06-19 14:25:25
PAYMENT0013743,ACC0028672,2026-07-26 01:25:51,137057.85,VOICE,2026-07-12 10:36:27
PAYMENT0018577,ACC0021910,2026-07-26 01:28:06,37819.53,VOICE,2026-07-24 22:51:55
PAYMENT0020053,ACC0027166,2026-07-26 02:37:10,38542.8,FIELD,2026-06-05 10:33:54
PAYMENT0022752,ACC0017524,2026-07-26 03:11:08,96853.96,WHATSAPP,2026-06-05 10:40:50
PAYMENT0011516,ACC0029836,2026-07-26 03:26:04,48766.05,VOICE,2026-06-30 20:41:42
PAYMENT0007764,ACC0007797,2026-07-26 04:22:42,141244.37,VOICE,2026-07-17 21:02:01
PAYMENT0022542,ACC0028130,2026-07-26 04:50:49,66784.56,VOICE,2026-02-26 12:16:28
PAYMENT0024695,ACC0000113,2026-07-26 05:19:35,17339.29,VOICE,2026-07-13 07:18:49
PAYMENT0022357,ACC0007585,2026-07-26 05:22:40,130189.23,VOICE,2026-07-13 09:54:31
PAYMENT0016560,ACC0022714,2026-07-26 05:28:38,33951.89,SMS,2026-07-18 05:19:17
PAYMENT0024880,ACC0001929,2026-07-26 05:54:57,41650.26,SMS,2026-07-20 07:36:16
PAYMENT0002285,ACC0008314,2026-07-26 06:11:32,86249.6,VOICE,2026-07-19 19:55:10
PAYMENT0023020,ACC0021841,2026-07-26 06:49:33,78493.3,WHATSAPP,2026-07-03 05:08:35
PAYMENT0014279,ACC0014781,2026-07-26 07:23:10,138119.22,SMS,2026-06-24 09:40:40
PAYMENT0013725,ACC0009275,2026-07-26 07:40:58,11306.92,FIELD,2026-06-27 06:35:02
PAYMENT0015457,ACC0026711,2026-07-26 07:52:54,36021.97,VOICE,2026-05-10 23:35:27
PAYMENT0019304,ACC0024238,2026-07-26 08:34:04,142441.53,VOICE,2026-04-11 15:49:56
PAYMENT0009880,ACC0015065,2026-07-26 08:43:14,37598.1,WHATSAPP,2026-05-09 00:58:51
PAYMENT0012579,ACC0019186,2026-07-26 08:46:34,134639.86,VOICE,2026-07-09 01:21:01
PAYMENT0022669,ACC0023713,2026-07-26 09:10:09,50994.37,FIELD,2026-06-06 14:42:20
PAYMENT0009724,ACC0016102,2026-07-26 10:43:56,27051.63,VOICE,2026-07-11 23:56:56
PAYMENT0023971,ACC0001667,2026-07-26 11:25:23,9144.52,VOICE,2026-07-19 10:19:15
PAYMENT0001087,ACC0009728,2026-07-26 11:56:18,121810.24,VOICE,2026-07-23 12:33:20
PAYMENT0004876,ACC0001686,2026-07-26 13:33:48,106243.47,SMS,2026-06-30 12:14:33
PAYMENT0004802,ACC0011676,2026-07-26 13:48:39,19951.46,SMS,2026-06-29 19:33:36
PAYMENT0001281,ACC0000898,2026-07-26 13:52:00,100558.43,WHATSAPP,2026-07-07 16:27:45
PAYMENT0023173,ACC0014241,2026-07-26 15:37:24,115882.75,SMS,2026-07-18 23:24:47
PAYMENT0023511,ACC0005440,2026-07-26 15:51:15,122987.25,SMS,2026-07-17 00:13:56
PAYMENT0015352,ACC0018124,2026-07-26 16:22:06,95678.74,WHATSAPP,2026-06-28 19:58:59
PAYMENT0021343,ACC0007040,2026-07-26 16:26:14,137421.11,VOICE,2026-05-28 13:48:01
PAYMENT0012102,ACC0013776,2026-07-26 16:28:36,8701.18,VOICE,2026-07-23 15:49:31
PAYMENT0007821,ACC0016058,2026-07-26 16:45:32,68506.66,WHATSAPP,2026-06-11 21:55:34
PAYMENT0024921,ACC0007364,2026-07-26 17:13:36,91386.16,VOICE,2026-07-13 17:24:37
PAYMENT0001090,ACC0005726,2026-07-26 17:15:51,107375.43,WHATSAPP,2026-07-25 10:34:12
PAYMENT0011997,ACC0004189,2026-07-26 18:07:36,71131.1,VOICE,2026-07-09 22:31:09
PAYMENT0021957,ACC0000115,2026-07-26 18:38:05,86309.24,SMS,2026-07-25 11:14:52
PAYMENT0009957,ACC0015989,2026-07-26 19:02:35,72072.4,SMS,2026-07-08 06:15:20
PAYMENT0022612,ACC0025584,2026-07-26 19:04:47,25413.15,FIELD,2026-07-18 00:07:32
PAYMENT0020440,ACC0010329,2026-07-26 19:14:20,39544.79,WHATSAPP,2026-07-23 14:58:47
PAYMENT0024927,ACC0013511,2026-07-26 19:19:34,142710.11,VOICE,2026-05-06 02:00:24
PAYMENT0020727,ACC0014271,2026-07-26 19:19:42,22053.33,SMS,2026-07-15 20:55:39
PAYMENT0022011,ACC0022240,2026-07-26 19:28:07,45892.86,VOICE,2026-06-26 06:35:06
PAYMENT0000476,ACC0006662,2026-07-26 19:34:08,139337.85,WHATSAPP,2026-07-22 05:39:30
PAYMENT0019800,ACC0028477,2026-07-26 19:59:36,118711.92,SMS,2026-04-13 13:21:09
PAYMENT0019812,ACC0021402,2026-07-26 20:10:24,96817.93,VOICE,2026-06-21 20:53:29
PAYMENT0023836,ACC0024282,2026-07-26 20:15:37,77676.12,WHATSAPP,2026-07-17 10:43:28
PAYMENT0010612,ACC0008791,2026-07-26 20:28:07,23525.74,WHATSAPP,2026-07-15 11:55:21
PAYMENT0003188,ACC0026171,2026-07-26 20:37:38,88147.99,VOICE,2026-07-19 00:40:28
PAYMENT0017841,ACC0018332,2026-07-26 20:48:54,94299.29,WHATSAPP,2026-07-14 03:22:10
PAYMENT0017422,ACC0015847,2026-07-26 20:50:29,35785.5,WHATSAPP,2026-07-24 11:15:28
PAYMENT0007402,ACC0003650,2026-07-26 20:51:05,44614.52,VOICE,2026-07-23 21:11:55
PAYMENT0020224,ACC0016414,2026-07-26 21:12:48,70791.51,VOICE,2026-07-23 21:52:32
PAYMENT0008342,ACC0004672,2026-07-26 21:18:28,144897.71,WHATSAPP,2026-07-26 01:13:09
PAYMENT0005554,ACC0005913,2026-07-26 21:28:03,115841.71,SMS,2026-07-25 07:50:41
PAYMENT0006839,ACC0008851,2026-07-26 22:24:17,25890.19,SMS,2026-07-03 20:23:25
PAYMENT0002677,ACC0001759,2026-07-26 22:57:52,67472.5,VOICE,2026-04-26 17:23:41
PAYMENT0001650,ACC0025474,2026-07-26 23:39:27,70256.41,VOICE,2026-04-26 07:52:32
PAYMENT0024472,ACC0024841,2026-07-27 00:01:33,35972.41,FIELD,2026-06-24 01:06:39
PAYMENT0017999,ACC0008134,2026-07-27 00:23:16,28567.35,VOICE,2026-07-10 23:00:40
PAYMENT0019433,ACC0018785,2026-07-27 00:35:18,64213.8,FIELD,2026-07-12 12:23:48
PAYMENT0023936,ACC0011166,2026-07-27 00:49:23,126693.44,WHATSAPP,2026-07-11 05:38:28
PAYMENT0000887,ACC0029945,2026-07-27 00:50:59,17497.2,FIELD,2026-06-21 17:39:07
PAYMENT0024762,ACC0012948,2026-07-27 01:15:23,71656.75,WHATSAPP,2026-07-13 09:03:43
PAYMENT0021862,ACC0016050,2026-07-27 02:04:13,23268.32,SMS,2026-07-23 22:00:55
PAYMENT0023377,ACC0025068,2026-07-27 02:13:36,59707.85,WHATSAPP,2026-05-02 03:21:59
PAYMENT0006467,ACC0011603,2026-07-27 02:17:10,84996.54,FIELD,2026-07-19 12:41:46
PAYMENT0016564,ACC0023342,2026-07-27 02:19:21,54495.79,SMS,2026-05-27 07:48:20
PAYMENT0024145,ACC0006502,2026-07-27 02:22:39,54774.98,WHATSAPP,2026-07-19 20:01:04
PAYMENT0017576,ACC0004733,2026-07-27 02:22:54,61426.29,FIELD,2026-06-28 13:24:51
PAYMENT0019348,ACC0007084,2026-07-27 02:26:55,6206.35,WHATSAPP,2026-07-26 11:17:08
PAYMENT0016832,ACC0024562,2026-07-27 03:50:43,54970.47,WHATSAPP,2026-05-29 09:05:08
PAYMENT0023484,ACC0005442,2026-07-27 03:51:17,3815.67,SMS,2026-07-23 06:30:23
PAYMENT0002408,ACC0000555,2026-07-27 05:39:41,148793.53,WHATSAPP,2026-07-13 17:36:40
PAYMENT0005844,ACC0008206,2026-07-27 06:42:54,60045.53,WHATSAPP,2026-07-10 18:04:59
PAYMENT0017997,ACC0021550,2026-07-27 07:06:14,129853.59,VOICE,2026-07-15 06:00:59
PAYMENT0002672,ACC0011109,2026-07-27 07:21:27,124601.71,FIELD,2026-07-21 00:08:48
PAYMENT0016036,ACC0021915,2026-07-27 08:16:48,113842.32,VOICE,2026-07-18 17:30:47
PAYMENT0000959,ACC0010978,2026-07-27 09:13:26,59562.4,SMS,2026-07-15 21:02:33
PAYMENT0014050,ACC0024644,2026-07-27 09:28:57,50842.64,SMS,2026-07-21 01:33:22
PAYMENT0014336,ACC0012375,2026-07-27 09:47:10,146136.93,WHATSAPP,2026-07-09 21:14:45
PAYMENT0016518,ACC0018779,2026-07-27 09:47:52,18574.91,FIELD,2026-07-02 09:52:05
PAYMENT0002601,ACC0020473,2026-07-27 10:52:09,85000.2,SMS,2026-07-25 22:26:32
PAYMENT0016076,ACC0021448,2026-07-27 11:42:17,55400.18,FIELD,2026-06-26 07:48:03
PAYMENT0017914,ACC0023176,2026-07-27 12:31:33,62464.29,WHATSAPP,2026-06-18 04:26:31
PAYMENT0023914,ACC0008293,2026-07-27 12:45:55,62493.75,WHATSAPP,2026-07-15 15:51:43
PAYMENT0000201,ACC0021176,2026-07-27 12:46:02,30298.31,VOICE,2026-07-09 10:08:43
PAYMENT0018122,ACC0016664,2026-07-27 13:29:42,89201.8,VOICE,2026-07-16 18:13:44
PAYMENT0007533,ACC0021143,2026-07-27 13:53:16,8066.18,VOICE,2026-07-24 10:20:10
PAYMENT0000678,ACC0011980,2026-07-27 13:57:57,89544.2,WHATSAPP,2026-06-21 10:21:29
PAYMENT0005506,ACC0004512,2026-07-27 14:04:15,85872.99,VOICE,2026-07-13 01:14:21
PAYMENT0016169,ACC0008588,2026-07-27 14:31:32,30987.6,VOICE,2026-07-02 02:17:59
PAYMENT0017907,ACC0004160,2026-07-27 14:36:14,38126.83,VOICE,2026-07-27 08:54:19
PAYMENT0014325,ACC0023038,2026-07-27 15:15:27,110532.51,WHATSAPP,2026-07-18 21:03:16
PAYMENT0013607,ACC0022251,2026-07-27 15:21:01,52302.72,WHATSAPP,2026-07-13 05:07:58
PAYMENT0005072,ACC0028075,2026-07-27 15:33:40,87307.09,VOICE,2026-06-02 18:50:28
PAYMENT0014591,ACC0009147,2026-07-27 15:40:22,115953.7,FIELD,2026-07-20 20:53:49
PAYMENT0011206,ACC0011349,2026-07-27 16:06:02,92016.17,SMS,2026-07-13 10:07:20
PAYMENT0019582,ACC0003063,2026-07-27 16:08:47,136976.25,WHATSAPP,2026-07-11 11:12:27
PAYMENT0002869,ACC0004736,2026-07-27 16:30:25,131267.13,VOICE,2026-03-21 01:31:00
PAYMENT0021559,ACC0003641,2026-07-27 16:56:24,80358.59,FIELD,2026-05-24 11:33:00
PAYMENT0012944,ACC0026367,2026-07-27 17:47:32,64503.19,WHATSAPP,2026-06-29 12:12:50
PAYMENT0001968,ACC0008454,2026-07-27 18:15:32,12854.93,VOICE,2026-07-20 06:45:03
PAYMENT0022468,ACC0017352,2026-07-27 18:35:22,18298.42,WHATSAPP,2026-07-17 10:20:11
PAYMENT0010624,ACC0022078,2026-07-27 18:41:05,143386.68,VOICE,2026-05-07 12:05:27
PAYMENT0022960,ACC0010511,2026-07-27 18:41:12,92216.55,WHATSAPP,2026-06-17 23:32:07
PAYMENT0005628,ACC0020938,2026-07-27 19:11:28,40842.38,FIELD,2026-07-23 15:39:50
PAYMENT0005861,ACC0008509,2026-07-27 19:18:55,64044.79,SMS,2026-06-08 08:25:18
PAYMENT0002290,ACC0018925,2026-07-27 19:51:12,51573.57,VOICE,2026-06-21 23:46:10
PAYMENT0003592,ACC0003092,2026-07-27 20:09:18,33899.23,SMS,2026-06-26 20:51:07
PAYMENT0005904,ACC0002670,2026-07-27 20:11:47,27853.18,SMS,2026-05-26 21:11:28
PAYMENT0007654,ACC0029537,2026-07-27 20:15:13,102291.91,VOICE,2026-07-10 23:23:47
PAYMENT0002041,ACC0015525,2026-07-27 20:22:20,130604.91,WHATSAPP,2026-07-10 02:07:33
PAYMENT0004783,ACC0025646,2026-07-27 20:53:02,63946.61,VOICE,2026-07-04 12:58:18
PAYMENT0000426,ACC0018938,2026-07-27 21:00:56,123881.49,VOICE,2026-07-05 08:05:20
PAYMENT0005721,ACC0012618,2026-07-27 21:43:29,37412.78,WHATSAPP,2026-07-23 05:59:24
PAYMENT0001212,ACC0009818,2026-07-27 21:58:08,140580.1,SMS,2026-07-14 03:35:54
PAYMENT0007502,ACC0019146,2026-07-27 22:08:58,102165.08,VOICE,2026-07-25 07:33:41
PAYMENT0018374,ACC0007497,2026-07-27 22:14:24,13358.14,WHATSAPP,2026-06-29 11:05:38
PAYMENT0007285,ACC0024852,2026-07-27 22:33:33,18231.19,FIELD,2026-07-25 02:45:27
PAYMENT0005547,ACC0004837,2026-07-27 22:38:13,80169.65,WHATSAPP,2026-05-28 23:53:32
PAYMENT0018224,ACC0013540,2026-07-27 22:56:51,56384.24,VOICE,2026-07-25 17:50:37
PAYMENT0007228,ACC0013957,2026-07-27 23:22:01,116765.37,FIELD,2026-07-09 14:19:52
PAYMENT0023705,ACC0007187,2026-07-27 23:45:03,55074.36,WHATSAPP,2026-06-13 03:42:32
PAYMENT0005931,ACC0013678,2026-07-28 00:34:24,13432.23,SMS,2026-06-27 13:36:00
PAYMENT0022248,ACC0015809,2026-07-28 01:24:22,24198.34,WHATSAPP,2026-07-23 22:08:51
PAYMENT0011009,ACC0010601,2026-07-28 03:17:08,16743.98,WHATSAPP,2026-07-25 02:20:40
PAYMENT0020697,ACC0027195,2026-07-28 03:28:10,19250.58,WHATSAPP,2026-07-22 13:28:19
PAYMENT0017602,ACC0012450,2026-07-28 03:37:14,107920.19,VOICE,2026-07-28 03:01:24
PAYMENT0011429,ACC0023067,2026-07-28 04:17:18,98324.62,VOICE,2026-07-15 06:28:19
PAYMENT0000126,ACC0011241,2026-07-28 05:34:43,14717.2,WHATSAPP,2026-05-09 09:58:20
PAYMENT0002811,ACC0008025,2026-07-28 05:35:21,63845.76,WHATSAPP,2026-07-01 18:16:59
PAYMENT0007259,ACC0016944,2026-07-28 06:18:35,71818.59,WHATSAPP,2026-07-10 09:10:16
PAYMENT0016684,ACC0016215,2026-07-28 06:37:44,72688.41,VOICE,2026-07-19 04:01:37
PAYMENT0020955,ACC0010679,2026-07-28 06:38:37,6632.91,WHATSAPP,2026-07-13 09:31:04
PAYMENT0018473,ACC0009105,2026-07-28 06:39:00,69351.25,VOICE,2026-05-31 01:28:41
PAYMENT0013807,ACC0000366,2026-07-28 08:45:04,149851.03,WHATSAPP,2026-06-11 13:01:31
PAYMENT0011706,ACC0014381,2026-07-28 09:04:11,139327.37,FIELD,2026-07-20 00:59:17
PAYMENT0015015,ACC0029652,2026-07-28 09:21:13,32040.35,SMS,2026-07-08 12:52:17
PAYMENT0022215,ACC0019589,2026-07-28 09:55:45,122755.07,VOICE,2026-07-08 02:55:45
PAYMENT0004517,ACC0005205,2026-07-28 10:25:39,8747.86,WHATSAPP,2026-07-08 16:33:30
PAYMENT0007068,ACC0019301,2026-07-28 11:06:33,67625.21,VOICE,2026-05-26 08:46:28
PAYMENT0019368,ACC0026916,2026-07-28 11:53:40,108961.89,VOICE,2026-07-20 04:56:20
PAYMENT0008800,ACC0029479,2026-07-28 12:22:32,104511.08,FIELD,2026-06-30 02:06:32
PAYMENT0012476,ACC0012096,2026-07-28 13:30:57,114760.23,VOICE,2026-07-22 21:06:17
PAYMENT0010591,ACC0021513,2026-07-28 13:42:30,26275.92,VOICE,2026-07-20 15:47:02
PAYMENT0011696,ACC0026962,2026-07-28 13:55:25,97776.43,SMS,2026-04-10 06:26:44
PAYMENT0012982,ACC0011141,2026-07-28 14:09:53,65045.69,WHATSAPP,2026-06-24 05:49:28
PAYMENT0003314,ACC0029426,2026-07-28 14:11:53,132774.76,SMS,2026-06-14 09:32:25
PAYMENT0019094,ACC0028659,2026-07-28 14:16:23,79954.17,FIELD,2026-07-27 11:36:46
PAYMENT0004314,ACC0025230,2026-07-28 14:31:50,107656.07,SMS,2026-06-30 04:32:21
PAYMENT0018664,ACC0014915,2026-07-28 14:52:48,35435.1,WHATSAPP,2026-05-27 09:33:11
PAYMENT0014442,ACC0029593,2026-07-28 14:53:26,52524.97,WHATSAPP,2026-07-20 20:46:49
PAYMENT0017967,ACC0014720,2026-07-28 14:56:13,132087.09,WHATSAPP,2026-07-24 23:58:38
PAYMENT0022222,ACC0028319,2026-07-28 15:06:03,145170.74,SMS,2026-07-09 15:10:50
PAYMENT0004737,ACC0008361,2026-07-28 15:28:41,109886.24,WHATSAPP,2026-07-19 03:23:18
PAYMENT0022610,ACC0014443,2026-07-28 15:48:27,118119.97,WHATSAPP,2026-05-02 21:14:11
PAYMENT0007124,ACC0024843,2026-07-28 16:27:11,38927.73,WHATSAPP,2026-04-17 12:48:53
PAYMENT0021188,ACC0027408,2026-07-28 16:34:21,64553.24,VOICE,2026-07-25 13:53:58
PAYMENT0023163,ACC0006579,2026-07-28 16:38:27,53274.63,FIELD,2026-07-19 15:02:26
PAYMENT0003638,ACC0009604,2026-07-28 16:58:27,64886.63,WHATSAPP,2026-07-26 17:37:26
PAYMENT0013583,ACC0014912,2026-07-28 17:39:24,99980.82,WHATSAPP,2026-06-16 06:12:28
PAYMENT0006679,ACC0028021,2026-07-28 17:39:42,29825.59,WHATSAPP,2026-07-26 07:37:00
PAYMENT0009244,ACC0015020,2026-07-28 18:00:17,98216.79,VOICE,2026-06-18 17:45:26
PAYMENT0003489,ACC0017471,2026-07-28 18:07:53,109782.32,VOICE,2026-07-20 22:58:32
PAYMENT0005560,ACC0020006,2026-07-28 18:08:20,28426.27,VOICE,2026-07-09 02:17:05
PAYMENT0020817,ACC0015368,2026-07-28 18:40:21,40488.87,WHATSAPP,2026-06-28 22:14:57
PAYMENT0018731,ACC0004161,2026-07-28 18:40:23,4445.36,VOICE,2026-07-26 03:10:20
PAYMENT0005087,ACC0024961,2026-07-28 19:27:49,57427.33,VOICE,2026-04-29 06:38:10
PAYMENT0006578,ACC0016951,2026-07-28 19:34:00,3883.54,VOICE,2026-07-18 11:10:33
PAYMENT0015308,ACC0013871,2026-07-28 20:06:48,7030.04,WHATSAPP,2026-06-24 16:52:05
PAYMENT0022984,ACC0019663,2026-07-28 21:04:31,148698.91,VOICE,2026-07-20 06:41:59
PAYMENT0018861,ACC0000119,2026-07-28 21:44:45,101828.2,WHATSAPP,2026-06-21 15:57:01
PAYMENT0011295,ACC0026414,2026-07-28 21:56:40,65459.39,FIELD,2026-07-27 18:18:36
PAYMENT0002035,ACC0027305,2026-07-28 22:07:35,62561.65,VOICE,2026-06-24 02:17:23
PAYMENT0021882,ACC0022775,2026-07-28 22:56:51,32682.03,FIELD,2026-07-14 20:16:58
PAYMENT0023632,ACC0007853,2026-07-28 22:59:00,99827.95,VOICE,2026-07-06 18:00:05
PAYMENT0013220,ACC0014414,2026-07-28 23:24:37,16386.31,VOICE,2026-07-10 03:23:35
PAYMENT0008928,ACC0020967,2026-07-28 23:38:50,55186.04,FIELD,2026-07-18 08:55:58
PAYMENT0017650,ACC0019791,2026-07-29 00:13:29,76568.76,SMS,2026-07-04 16:28:23
PAYMENT0012591,ACC0001359,2026-07-29 00:16:42,147353.16,WHATSAPP,2026-06-17 05:07:56
PAYMENT0008353,ACC0013632,2026-07-29 00:32:14,63985.03,FIELD,2026-07-27 21:34:39
PAYMENT0005319,ACC0026694,2026-07-29 00:32:54,131653.53,WHATSAPP,2026-06-12 05:00:15
PAYMENT0019518,ACC0022907,2026-07-29 00:32:57,21957.25,WHATSAPP,2026-07-06 11:48:49
PAYMENT0013458,ACC0027907,2026-07-29 01:10:20,101618.5,WHATSAPP,2026-07-25 14:19:01
PAYMENT0016995,ACC0001575,2026-07-29 02:19:46,148239.91,VOICE,2026-07-05 12:29:35
PAYMENT0000312,ACC0000851,2026-07-29 02:48:01,129613.8,VOICE,2026-07-20 07:04:57
PAYMENT0001723,ACC0025883,2026-07-29 02:49:38,65913.47,WHATSAPP,2026-07-18 07:40:07
PAYMENT0016381,ACC0004059,2026-07-29 03:14:48,34554.03,VOICE,2026-06-03 16:52:20
PAYMENT0009669,ACC0018765,2026-07-29 03:35:47,113701.34,WHATSAPP,2026-07-09 04:11:38
PAYMENT0024724,ACC0026717,2026-07-29 03:43:30,138186.54,FIELD,2026-07-18 00:50:41
PAYMENT0010470,ACC0025902,2026-07-29 03:46:57,108508.36,SMS,2026-07-25 06:08:21
PAYMENT0003864,ACC0023686,2026-07-29 03:49:55,25099.11,FIELD,2026-06-18 00:40:35
PAYMENT0023127,ACC0016142,2026-07-29 04:18:02,49336.52,WHATSAPP,2026-07-04 00:54:05
PAYMENT0022227,ACC0021754,2026-07-29 04:57:35,7881.23,VOICE,2026-07-07 18:34:28
PAYMENT0009778,ACC0001617,2026-07-29 05:17:51,35710.38,VOICE,2026-07-23 03:36:02
PAYMENT0015784,ACC0020951,2026-07-29 05:38:28,82609.98,FIELD,2026-07-05 21:53:12
PAYMENT0015761,ACC0023986,2026-07-29 05:55:47,141620.02,VOICE,2026-07-16 16:42:01
PAYMENT0000999,ACC0018216,2026-07-29 06:05:24,83082.28,WHATSAPP,2026-05-23 11:32:10
PAYMENT0017852,ACC0020600,2026-07-29 06:13:07,146509.39,WHATSAPP,2026-06-05 07:08:43
PAYMENT0009595,ACC0009952,2026-07-29 07:44:10,131280.73,FIELD,2026-05-14 22:21:09
PAYMENT0013254,ACC0001888,2026-07-29 08:33:02,82037.16,VOICE,2026-06-30 21:23:47
PAYMENT0017233,ACC0011648,2026-07-29 08:42:40,14086.78,FIELD,2026-07-11 21:02:28
PAYMENT0004046,ACC0000506,2026-07-29 09:00:59,139600.33,SMS,2026-06-09 16:31:56
PAYMENT0001812,ACC0012831,2026-07-29 09:15:31,68873.6,SMS,2026-06-23 08:47:02
PAYMENT0007176,ACC0009230,2026-07-29 09:57:18,124111.48,WHATSAPP,2026-07-25 09:34:52
PAYMENT0019960,ACC0028104,2026-07-29 10:01:11,140248.48,SMS,2026-07-08 06:59:53
PAYMENT0005704,ACC0001003,2026-07-29 10:08:49,24291.51,VOICE,2026-06-15 03:09:01
PAYMENT0023986,ACC0024311,2026-07-29 10:21:15,17994.26,SMS,2026-05-20 19:17:52
PAYMENT0014387,ACC0004836,2026-07-29 10:42:34,73969.35,VOICE,2026-07-29 00:50:56
PAYMENT0024615,ACC0003892,2026-07-29 10:49:20,68326.44,WHATSAPP,2026-06-23 20:20:54
PAYMENT0014596,ACC0023405,2026-07-29 11:35:53,116091.13,WHATSAPP,2026-07-09 09:16:07
PAYMENT0016138,ACC0014048,2026-07-29 11:56:44,90390.17,WHATSAPP,2026-07-10 06:53:51
PAYMENT0004161,ACC0013174,2026-07-29 13:16:16,96017.75,VOICE,2026-07-19 19:16:11
PAYMENT0008075,ACC0004794,2026-07-29 13:57:18,71890.6,VOICE,2026-07-12 00:00:57
PAYMENT0023883,ACC0003548,2026-07-29 14:29:46,19671.47,VOICE,2026-07-24 04:29:38
PAYMENT0009251,ACC0003224,2026-07-29 14:46:29,97823.96,WHATSAPP,2026-06-07 01:45:25
PAYMENT0018523,ACC0029926,2026-07-29 14:52:25,13700.96,VOICE,2026-07-03 23:38:49
PAYMENT0012828,ACC0016307,2026-07-29 15:17:21,70537.62,VOICE,2026-07-21 00:57:32
PAYMENT0021276,ACC0015463,2026-07-29 15:18:59,2745.13,FIELD,2026-07-26 03:01:53
PAYMENT0016954,ACC0022331,2026-07-29 15:32:50,6228.47,SMS,2026-06-17 16:13:05
PAYMENT0011062,ACC0012503,2026-07-29 15:40:55,98374.19,VOICE,2026-07-27 09:39:20
PAYMENT0017678,ACC0014598,2026-07-29 15:51:52,31061.75,VOICE,2026-06-30 11:26:41
PAYMENT0002745,ACC0013181,2026-07-29 16:30:02,128238.9,FIELD,2026-07-02 19:02:30
PAYMENT0001682,ACC0024932,2026-07-29 17:38:17,144491.65,SMS,2026-07-11 12:04:07
PAYMENT0001544,ACC0004720,2026-07-29 17:40:22,21938.46,WHATSAPP,2026-06-30 07:24:24
PAYMENT0013764,ACC0012180,2026-07-29 17:51:02,24447.51,SMS,2026-07-26 12:44:15
PAYMENT0014681,ACC0025364,2026-07-29 19:16:08,26023.44,FIELD,2026-07-27 14:20:19
PAYMENT0010399,ACC0005356,2026-07-29 19:20:55,149211.37,SMS,2026-07-05 07:40:27
PAYMENT0021883,ACC0003582,2026-07-29 19:29:09,2480.76,VOICE,2026-07-22 14:55:49
PAYMENT0022987,ACC0005519,2026-07-29 19:56:39,125504.24,VOICE,2026-07-26 18:45:09
PAYMENT0000386,ACC0022326,2026-07-29 20:34:07,44745.39,SMS,2026-06-21 20:19:04
PAYMENT0024843,ACC0010475,2026-07-29 21:11:47,68887.78,FIELD,2026-06-20 07:44:11
PAYMENT0014350,ACC0004326,2026-07-29 21:43:23,80838.61,WHATSAPP,2026-07-26 19:00:11
PAYMENT0020051,ACC0011745,2026-07-29 21:52:00,10949.41,VOICE,2026-07-04 04:45:12
PAYMENT0001644,ACC0000107,2026-07-29 22:00:02,92102.15,WHATSAPP,2026-07-02 04:34:13
PAYMENT0024719,ACC0021255,2026-07-29 22:16:46,110783.35,SMS,2026-06-21 02:27:49
PAYMENT0009584,ACC0000340,2026-07-29 22:28:16,26294.91,SMS,2026-07-05 13:49:17
PAYMENT0021777,ACC0013442,2026-07-29 22:45:36,57067.4,WHATSAPP,2026-07-01 16:59:45
PAYMENT0020037,ACC0023155,2026-07-29 23:08:42,70276.07,FIELD,2026-07-06 12:26:29
PAYMENT0021434,ACC0006008,2026-07-29 23:34:26,26263.54,SMS,2026-06-19 00:57:11
PAYMENT0013080,ACC0017450,2026-07-30 00:00:33,29493.8,VOICE,2026-06-01 18:39:35
PAYMENT0008448,ACC0026494,2026-07-30 00:30:10,139572.83,VOICE,2026-05-21 08:16:24
PAYMENT0018501,ACC0013803,2026-07-30 00:31:52,32971.64,WHATSAPP,2026-06-23 01:45:04
PAYMENT0022260,ACC0019709,2026-07-30 00:48:43,93739.99,VOICE,2026-06-30 06:32:40
PAYMENT0022666,ACC0013653,2026-07-30 02:12:29,26024.86,WHATSAPP,2026-06-13 19:32:09
PAYMENT0014263,ACC0011627,2026-07-30 02:22:31,68410.01,VOICE,2026-07-27 02:59:25
PAYMENT0007853,ACC0026734,2026-07-30 02:45:46,147304.59,WHATSAPP,2026-07-30 00:30:40
PAYMENT0009878,ACC0026477,2026-07-30 04:32:51,12644.1,VOICE,2026-06-16 20:14:01
PAYMENT0010052,ACC0009860,2026-07-30 05:44:20,21489.87,VOICE,2026-05-26 15:47:12
PAYMENT0020229,ACC0016133,2026-07-30 06:25:57,61942.74,VOICE,2026-07-25 10:37:30
PAYMENT0009514,ACC0002690,2026-07-30 06:28:33,18160.49,VOICE,2026-05-20 22:57:14
PAYMENT0022470,ACC0013288,2026-07-30 06:54:21,22298.66,FIELD,2026-06-12 02:35:44
PAYMENT0008939,ACC0023059,2026-07-30 07:38:03,89684.87,WHATSAPP,2026-06-24 21:10:22
PAYMENT0000756,ACC0022965,2026-07-30 08:12:35,126432.75,VOICE,2026-06-25 00:35:22
PAYMENT0010061,ACC0016009,2026-07-30 09:04:46,95213.09,VOICE,2026-07-15 17:08:45
PAYMENT0018583,ACC0022627,2026-07-30 09:14:26,141596.77,VOICE,2026-06-28 08:20:00
PAYMENT0019055,ACC0022681,2026-07-30 09:45:42,53402.6,VOICE,2026-06-27 14:28:21
PAYMENT0014912,ACC0019298,2026-07-30 09:46:05,146936.14,WHATSAPP,2026-05-22 05:29:50
PAYMENT0012104,ACC0013242,2026-07-30 10:24:57,56173.49,SMS,2026-06-13 22:29:39
PAYMENT0013329,ACC0010332,2026-07-30 11:23:06,49232.55,SMS,2026-07-25 14:17:04
PAYMENT0000211,ACC0011320,2026-07-30 11:36:50,18417.58,WHATSAPP,2026-07-17 15:08:38
PAYMENT0001030,ACC0027466,2026-07-30 12:11:00,83009.04,VOICE,2026-06-28 12:54:20
PAYMENT0003139,ACC0020499,2026-07-30 12:42:02,147800.9,FIELD,2026-07-24 19:38:06
PAYMENT0010847,ACC0012945,2026-07-30 13:51:34,73295.43,VOICE,2026-07-24 11:32:14
PAYMENT0005650,ACC0028842,2026-07-30 13:55:46,89680.75,SMS,2026-07-27 01:18:50
PAYMENT0000029,ACC0001438,2026-07-30 13:56:31,119423.32,WHATSAPP,2026-07-28 05:06:41
PAYMENT0011733,ACC0016492,2026-07-30 14:03:13,98173.05,WHATSAPP,2026-06-12 15:37:51
PAYMENT0013831,ACC0002539,2026-07-30 14:16:34,99162.78,VOICE,2026-07-30 04:10:19
PAYMENT0012085,ACC0022850,2026-07-30 14:33:11,116842.63,VOICE,2026-04-12 13:00:50
PAYMENT0017478,ACC0028573,2026-07-30 14:37:24,121175.84,VOICE,2026-06-23 09:14:25
PAYMENT0017048,ACC0019273,2026-07-30 15:00:50,135671.61,SMS,2026-07-17 09:12:50
PAYMENT0010676,ACC0008668,2026-07-30 15:53:01,135099.45,VOICE,2026-06-30 03:10:48
PAYMENT0018730,ACC0022170,2026-07-30 15:54:52,44837.28,FIELD,2026-07-03 02:01:45
PAYMENT0001564,ACC0001758,2026-07-30 16:14:55,122242.53,VOICE,2026-07-21 23:20:10
PAYMENT0004313,ACC0026978,2026-07-30 16:19:49,88452.11,FIELD,2026-06-24 19:01:44
PAYMENT0017310,ACC0025802,2026-07-30 16:40:47,22668.57,FIELD,2026-07-20 09:16:29
PAYMENT0005863,ACC0000440,2026-07-30 16:45:10,99589.75,VOICE,2026-05-16 10:23:58
PAYMENT0011667,ACC0001485,2026-07-30 17:00:51,132130.43,WHATSAPP,2026-07-28 00:40:41
PAYMENT0021333,ACC0027203,2026-07-30 17:31:35,64335.9,WHATSAPP,2026-05-18 17:09:25
PAYMENT0015578,ACC0008093,2026-07-30 17:34:10,127037.38,SMS,2026-07-17 22:39:24
PAYMENT0023142,ACC0012066,2026-07-30 18:11:02,59594.48,SMS,2026-06-22 14:01:54
PAYMENT0011125,ACC0027392,2026-07-30 18:33:17,76760.01,VOICE,2026-07-09 12:56:43
PAYMENT0002416,ACC0012250,2026-07-30 18:41:52,87999.68,SMS,2026-07-09 09:59:18
PAYMENT0014905,ACC0001517,2026-07-30 19:26:30,55238.61,VOICE,2026-07-04 10:35:09
PAYMENT0024881,ACC0005576,2026-07-30 19:35:29,80521.77,WHATSAPP,2026-07-24 00:14:48
PAYMENT0008486,ACC0014690,2026-07-30 20:00:50,95401.45,VOICE,2026-06-16 06:57:02
PAYMENT0002474,ACC0014421,2026-07-30 20:21:16,16374.44,WHATSAPP,2026-06-29 20:43:05
PAYMENT0000529,ACC0003499,2026-07-30 20:30:09,2091.69,SMS,2026-06-15 18:33:03
PAYMENT0009092,ACC0017528,2026-07-30 21:06:27,128544.94,VOICE,2026-07-29 10:15:46
PAYMENT0005835,ACC0001027,2026-07-30 21:24:18,66729.11,VOICE,2026-02-23 04:59:00
PAYMENT0012038,ACC0001107,2026-07-30 21:43:49,59388.5,FIELD,2026-06-25 10:00:16
PAYMENT0009328,ACC0014012,2026-07-30 21:58:33,70802.37,VOICE,2026-06-23 06:12:49
PAYMENT0010546,ACC0006030,2026-07-30 22:13:31,118619.67,SMS,2026-05-26 02:20:23
PAYMENT0009285,ACC0011154,2026-07-30 22:18:18,130701.2,VOICE,2026-06-27 23:06:58
PAYMENT0021362,ACC0012988,2026-07-30 23:10:13,58414.28,SMS,2026-07-14 06:48:09
PAYMENT0020151,ACC0009697,2026-07-30 23:14:02,123470.87,SMS,2026-05-17 22:30:54
PAYMENT0015501,ACC0015558,2026-07-30 23:25:39,112110.47,FIELD,2026-06-05 08:42:19
PAYMENT0001631,ACC0025267,2026-07-30 23:42:42,51790.3,WHATSAPP,2026-07-15 06:10:16
PAYMENT0016065,ACC0018324,2026-07-31 00:30:46,43291.52,FIELD,2026-06-09 12:03:42
PAYMENT0020722,ACC0003732,2026-07-31 01:08:20,138823.46,FIELD,2026-07-10 23:42:22
PAYMENT0015703,ACC0012048,2026-07-31 01:08:34,89446.94,SMS,2026-07-18 03:49:13
PAYMENT0003337,ACC0017389,2026-07-31 02:15:17,131002.22,SMS,2026-07-24 01:09:50
PAYMENT0007016,ACC0019450,2026-07-31 02:15:45,87296.3,SMS,2026-07-05 22:00:14
PAYMENT0001106,ACC0012306,2026-07-31 03:10:52,4467.66,SMS,2026-06-06 06:09:47
PAYMENT0022184,ACC0016268,2026-07-31 03:24:18,34802.94,SMS,2026-07-29 22:25:29
PAYMENT0009857,ACC0005723,2026-07-31 03:36:31,39075.18,FIELD,2026-07-27 03:41:27
PAYMENT0011308,ACC0016282,2026-07-31 04:30:49,119314.85,VOICE,2026-07-16 16:34:03
PAYMENT0023589,ACC0004430,2026-07-31 06:04:23,138729.07,WHATSAPP,2026-07-29 08:21:30
PAYMENT0011688,ACC0006781,2026-07-31 06:17:00,18013.12,SMS,2026-07-24 14:36:17
PAYMENT0000231,ACC0022907,2026-07-31 06:20:46,146433.6,WHATSAPP,2026-07-06 11:48:49
PAYMENT0004911,ACC0025090,2026-07-31 06:58:30,101142.4,VOICE,2026-06-18 15:26:09
PAYMENT0011307,ACC0024981,2026-07-31 07:02:54,55832.85,VOICE,2026-07-06 01:37:50
PAYMENT0018067,ACC0027197,2026-07-31 07:57:36,87494.68,VOICE,2026-07-12 03:19:36
PAYMENT0002128,ACC0026237,2026-07-31 08:30:03,102014.12,WHATSAPP,2026-07-09 23:52:10
PAYMENT0022985,ACC0006315,2026-07-31 09:31:55,6861.68,VOICE,2026-06-26 18:20:30
PAYMENT0007519,ACC0028277,2026-07-31 09:33:43,82736.08,WHATSAPP,2026-06-01 14:04:50
PAYMENT0009907,ACC0014063,2026-07-31 09:38:59,103068.32,VOICE,2026-05-22 21:13:42
PAYMENT0022372,ACC0026143,2026-07-31 12:03:10,92342.02,VOICE,2026-07-21 23:07:07
PAYMENT0020490,ACC0017217,2026-07-31 12:21:57,106308.63,VOICE,2026-07-12 19:57:52
PAYMENT0017450,ACC0004205,2026-07-31 13:38:03,69908.14,VOICE,2026-07-05 17:06:24
PAYMENT0021199,ACC0000070,2026-07-31 13:58:14,39313.18,VOICE,2026-07-09 20:30:16
PAYMENT0021730,ACC0023450,2026-07-31 15:28:34,149628.51,VOICE,2026-05-16 12:34:09
PAYMENT0013484,ACC0000505,2026-07-31 15:29:21,60113.72,WHATSAPP,2026-07-29 12:57:09
PAYMENT0015888,ACC0016483,2026-07-31 16:25:59,122250.49,WHATSAPP,2026-07-08 01:48:07
PAYMENT0022339,ACC0001432,2026-07-31 16:41:27,18062.82,VOICE,2026-07-21 17:38:32
PAYMENT0019937,ACC0026076,2026-07-31 17:15:27,139058.8,WHATSAPP,2026-06-29 09:32:01
PAYMENT0016095,ACC0012612,2026-07-31 17:16:32,43881.03,VOICE,2026-07-06 08:33:51
PAYMENT0017944,ACC0008965,2026-07-31 17:48:54,59099.51,VOICE,2026-07-27 11:14:19
PAYMENT0011048,ACC0025539,2026-07-31 18:07:42,138275.2,WHATSAPP,2026-05-06 03:54:33
PAYMENT0020596,ACC0029055,2026-07-31 18:51:23,15776.91,SMS,2026-07-27 04:23:09
PAYMENT0011253,ACC0003633,2026-07-31 19:44:57,91736.27,VOICE,2026-05-05 15:33:53
PAYMENT0020754,ACC0000230,2026-07-31 19:49:24,112883.47,VOICE,2026-04-25 20:01:44
PAYMENT0001461,ACC0012805,2026-07-31 20:04:20,106968.03,WHATSAPP,2026-07-20 04:16:34
PAYMENT0022144,ACC0014849,2026-07-31 22:04:45,9978.3,FIELD,2026-06-29 19:41:24
PAYMENT0013938,ACC0003386,2026-07-31 22:28:40,140901.34,VOICE,2026-07-04 10:10:31
PAYMENT0008925,ACC0023429,2026-07-31 22:54:47,120774.07,SMS,2026-03-26 23:20:36
PAYMENT0008097,ACC0007040,2026-07-31 23:04:35,48995.95,VOICE,2026-05-28 13:48:01
PAYMENT0009449,ACC0001233,2026-07-31 23:09:55,23647.91,WHATSAPP,2026-07-31 11:48:12
PAYMENT0021129,ACC0009090,2026-07-31 23:20:04,90036.85,VOICE,2026-07-19 12:14:50
PAYMENT0011418,ACC0011607,2026-07-31 23:31:03,43841.32,WHATSAPP,2026-07-30 22:34:43
PAYMENT0015716,ACC0005987,2026-07-31 23:38:03,80466.65,FIELD,2026-05-20 07:02:22
PAYMENT0008987,ACC0006311,2026-08-01 00:26:35,51532.86,VOICE,2026-07-26 16:51:00
PAYMENT0015164,ACC0022654,2026-08-01 01:43:55,147549.08,SMS,2026-07-29 14:47:07
PAYMENT0005406,ACC0022017,2026-08-01 02:02:06,126532.97,VOICE,2026-07-03 06:43:06
PAYMENT0001830,ACC0022014,2026-08-01 02:28:28,81857.03,FIELD,2026-07-13 20:23:29
PAYMENT0000661,ACC0021927,2026-08-01 02:31:27,29541.22,SMS,2026-04-01 08:11:31
PAYMENT0024704,ACC0021255,2026-08-01 02:37:35,125301.96,VOICE,2026-07-31 00:58:43
PAYMENT0007599,ACC0020556,2026-08-01 02:40:03,70962.39,SMS,2026-07-09 06:38:55
PAYMENT0019970,ACC0000071,2026-08-01 02:40:30,82726.09,VOICE,2026-07-22 03:59:51
PAYMENT0019184,ACC0002216,2026-08-01 03:06:08,15184.59,SMS,2026-05-08 03:26:35
PAYMENT0003691,ACC0025867,2026-08-01 03:13:23,134647.64,VOICE,2026-07-30 23:25:14
PAYMENT0021661,ACC0022258,2026-08-01 03:32:15,147035.42,VOICE,2026-07-07 08:09:36
PAYMENT0009776,ACC0019412,2026-08-01 03:41:37,67288.82,FIELD,2026-07-09 17:25:40
PAYMENT0019256,ACC0022878,2026-08-01 03:43:54,108332.16,VOICE,2026-06-27 20:06:12
PAYMENT0019314,ACC0017345,2026-08-01 03:55:46,54307.67,WHATSAPP,2026-08-01 00:40:21
PAYMENT0012951,ACC0000350,2026-08-01 04:15:02,101718.18,SMS,2026-04-27 20:58:08
PAYMENT0022068,ACC0019129,2026-08-01 04:16:33,30876.04,WHATSAPP,2026-07-31 16:11:00
PAYMENT0018053,ACC0010914,2026-08-01 05:02:51,6375.05,VOICE,2026-04-17 15:33:36
PAYMENT0006003,ACC0016394,2026-08-01 05:26:11,49837.54,WHATSAPP,2026-07-21 13:20:30
PAYMENT0015347,ACC0021709,2026-08-01 05:48:42,50188.48,VOICE,2026-07-11 09:06:17
PAYMENT0012259,ACC0004951,2026-08-01 06:26:36,82458.74,VOICE,2026-06-01 19:53:12
PAYMENT0014069,ACC0015169,2026-08-01 07:17:07,117125.78,SMS,2026-06-10 00:25:46
PAYMENT0020534,ACC0014043,2026-08-01 08:37:39,122544.54,WHATSAPP,2026-07-05 01:03:48
PAYMENT0006502,ACC0029780,2026-08-01 09:19:22,48792.59,WHATSAPP,2026-07-20 20:34:35
PAYMENT0006790,ACC0013597,2026-08-01 09:28:01,17332.02,VOICE,2026-07-15 23:27:37
PAYMENT0024776,ACC0016570,2026-08-01 09:35:57,52100.86,WHATSAPP,2026-07-05 14:36:13
PAYMENT0018606,ACC0019767,2026-08-01 09:40:24,85279.78,SMS,2026-06-26 16:17:12
PAYMENT0000904,ACC0001963,2026-08-01 10:19:08,5707.56,VOICE,2026-07-29 16:36:59
PAYMENT0004910,ACC0009226,2026-08-01 10:37:19,116301.78,FIELD,2026-07-25 00:29:35
PAYMENT0011013,ACC0026393,2026-08-01 10:49:19,140229.07,WHATSAPP,2026-07-08 12:50:01
PAYMENT0005696,ACC0008914,2026-08-01 11:26:14,18266.24,WHATSAPP,2026-07-26 01:24:11
PAYMENT0008117,ACC0005541,2026-08-01 11:28:29,126974.49,WHATSAPP,2026-06-30 17:34:05
PAYMENT0001218,ACC0017436,2026-08-01 11:29:13,50088.35,SMS,2026-07-23 22:26:45
PAYMENT0019785,ACC0024426,2026-08-01 12:05:55,108401.49,VOICE,2026-06-21 01:00:32
PAYMENT0003969,ACC0010082,2026-08-01 12:23:01,64719.85,FIELD,2026-07-29 16:10:50
PAYMENT0017832,ACC0010525,2026-08-01 12:49:40,33129.04,VOICE,2026-06-17 01:08:54
PAYMENT0002576,ACC0018622,2026-08-01 13:01:56,111060.72,VOICE,2026-06-30 12:05:34
PAYMENT0022089,ACC0004508,2026-08-01 13:13:50,56745.19,SMS,2026-03-28 14:24:28
PAYMENT0001808,ACC0005156,2026-08-01 13:26:51,137438.41,WHATSAPP,2026-06-11 22:27:00
PAYMENT0019711,ACC0026858,2026-08-01 13:41:42,8671.76,SMS,2026-07-29 16:43:29
PAYMENT0006990,ACC0024913,2026-08-01 14:05:07,9873.1,SMS,2026-07-30 09:23:47
PAYMENT0024785,ACC0014181,2026-08-01 14:09:50,60286.37,VOICE,2026-07-28 13:23:12
PAYMENT0001922,ACC0022420,2026-08-01 14:11:03,104263.76,FIELD,2026-07-17 15:22:47
PAYMENT0019291,ACC0019094,2026-08-01 14:23:54,24952.08,WHATSAPP,2026-06-15 17:51:06
PAYMENT0004895,ACC0007934,2026-08-01 14:27:58,145298.69,VOICE,2026-07-18 09:48:58
PAYMENT0003276,ACC0009881,2026-08-01 14:47:19,27481.68,SMS,2026-07-30 17:01:49
PAYMENT0018897,ACC0028245,2026-08-01 15:01:26,101220.66,VOICE,2026-06-23 03:33:26
PAYMENT0001985,ACC0023904,2026-08-01 15:49:57,95997.05,VOICE,2026-06-26 05:38:40
PAYMENT0000816,ACC0014410,2026-08-01 16:29:02,13635.74,WHATSAPP,2026-07-20 22:38:50
PAYMENT0019516,ACC0004681,2026-08-01 17:15:57,139812.19,VOICE,2026-07-25 23:11:25
PAYMENT0001002,ACC0024347,2026-08-01 17:21:42,31208.22,WHATSAPP,2026-07-18 18:35:04
PAYMENT0016462,ACC0028087,2026-08-01 17:53:28,118392.08,WHATSAPP,2026-06-15 02:26:35
PAYMENT0013949,ACC0012028,2026-08-01 18:01:40,93169.7,WHATSAPP,2026-07-25 15:19:02
PAYMENT0007042,ACC0025114,2026-08-01 18:03:26,106162.08,WHATSAPP,2026-07-01 17:40:08
PAYMENT0006794,ACC0012268,2026-08-01 19:14:07,70268.02,WHATSAPP,2026-07-24 15:19:41
PAYMENT0009367,ACC0001178,2026-08-01 20:05:55,120922.7,VOICE,2026-07-23 09:46:34
PAYMENT0001822,ACC0014049,2026-08-01 21:18:00,63766.28,VOICE,2026-07-03 21:40:01
PAYMENT0018869,ACC0003784,2026-08-01 21:37:13,90532.16,SMS,2026-06-28 01:20:12
PAYMENT0010925,ACC0021989,2026-08-01 22:17:31,130543.03,FIELD,2026-07-23 17:48:23
PAYMENT0020841,ACC0028819,2026-08-01 22:30:10,74038.1,VOICE,2026-07-31 04:43:54
PAYMENT0004335,ACC0016641,2026-08-01 22:53:33,142114.76,VOICE,2026-06-24 04:28:46
PAYMENT0023489,ACC0021361,2026-08-01 22:59:11,112160.77,VOICE,2026-07-26 04:52:07
PAYMENT0011740,ACC0023700,2026-08-01 23:17:48,118894.68,SMS,2026-07-29 23:11:12
PAYMENT0016369,ACC0015621,2026-08-01 23:34:50,64067.86,SMS,2026-06-06 10:15:41
PAYMENT0020148,ACC0004473,2026-08-02 00:00:10,63442.35,FIELD,2026-07-26 16:02:48
PAYMENT0020273,ACC0020043,2026-08-02 00:06:00,61438.07,VOICE,2026-07-06 06:26:39
PAYMENT0001410,ACC0024631,2026-08-02 00:09:02,45568.84,SMS,2026-06-27 05:52:20
PAYMENT0015056,ACC0012260,2026-08-02 00:37:53,101523.8,VOICE,2026-07-20 11:34:07
PAYMENT0011631,ACC0004822,2026-08-02 00:38:57,64348.76,SMS,2026-07-04 05:45:07
PAYMENT0018343,ACC0026487,2026-08-02 00:44:55,141454.17,VOICE,2026-08-01 22:04:15
PAYMENT0007226,ACC0022356,2026-08-02 01:14:01,2313.3,VOICE,2026-06-24 04:35:44
PAYMENT0012093,ACC0020623,2026-08-02 01:36:13,117893.56,VOICE,2026-07-04 21:26:50
PAYMENT0007834,ACC0016851,2026-08-02 01:55:56,48949.23,FIELD,2026-07-10 00:30:18
PAYMENT0024302,ACC0005971,2026-08-02 02:19:26,4188.32,VOICE,2026-05-03 01:53:17
PAYMENT0020334,ACC0022814,2026-08-02 02:44:51,105665.02,VOICE,2026-07-24 15:55:53
PAYMENT0019927,ACC0006777,2026-08-02 02:48:57,69635.45,VOICE,2026-06-22 10:06:28
PAYMENT0000897,ACC0026965,2026-08-02 04:31:37,53253.37,WHATSAPP,2026-06-07 12:02:25
PAYMENT0020909,ACC0021275,2026-08-02 04:34:04,135384.42,VOICE,2026-07-15 02:18:51
PAYMENT0009099,ACC0006662,2026-08-02 04:40:35,24994.05,VOICE,2026-08-01 05:29:12
PAYMENT0022732,ACC0019695,2026-08-02 05:09:57,127660.67,VOICE,2026-06-08 05:21:15
PAYMENT0023646,ACC0020285,2026-08-02 06:21:19,855.17,VOICE,2026-07-18 01:52:11
PAYMENT0005778,ACC0027845,2026-08-02 06:39:03,111974.27,SMS,2026-07-27 18:39:37
PAYMENT0023391,ACC0010706,2026-08-02 06:57:05,94199.71,VOICE,2026-07-06 03:43:55
PAYMENT0010092,ACC0004528,2026-08-02 07:11:10,3918.9,VOICE,2026-07-11 02:37:41
PAYMENT0004606,ACC0025364,2026-08-02 07:52:03,71074.38,FIELD,2026-07-27 14:20:19
PAYMENT0013043,ACC0027077,2026-08-02 08:13:29,138604.54,SMS,2026-07-22 16:19:17
PAYMENT0012045,ACC0023412,2026-08-02 08:55:05,117944.55,VOICE,2026-07-07 03:59:24
PAYMENT0003392,ACC0024675,2026-08-02 09:23:15,94583.95,VOICE,2026-05-01 21:51:35
PAYMENT0024751,ACC0004542,2026-08-02 10:01:31,30905.64,VOICE,2026-05-28 15:07:37
PAYMENT0005354,ACC0023401,2026-08-02 10:20:36,12663.92,SMS,2026-07-04 12:05:59
PAYMENT0003068,ACC0012262,2026-08-02 11:10:42,143912.4,SMS,2026-07-21 20:43:19
PAYMENT0006383,ACC0023465,2026-08-02 11:52:01,81604.11,VOICE,2026-07-15 03:50:04
PAYMENT0023089,ACC0017256,2026-08-02 12:39:55,136932.04,SMS,2026-03-27 13:10:25
PAYMENT0005308,ACC0002342,2026-08-02 13:04:48,107009.45,VOICE,2026-06-01 23:16:17
PAYMENT0007714,ACC0007652,2026-08-02 13:44:41,63171.75,FIELD,2026-07-31 12:15:59
PAYMENT0011188,ACC0004324,2026-08-02 14:54:24,92297.17,VOICE,2026-06-16 08:27:05
PAYMENT0016460,ACC0001543,2026-08-02 15:54:42,111153.82,WHATSAPP,2026-07-19 20:22:41
PAYMENT0003041,ACC0001676,2026-08-02 16:07:55,33115.6,SMS,2026-07-14 03:56:13
PAYMENT0014693,ACC0020788,2026-08-02 17:54:47,24498.34,WHATSAPP,2026-05-31 05:13:43
PAYMENT0020419,ACC0025356,2026-08-02 18:02:51,10825.62,FIELD,2026-07-31 09:34:14
PAYMENT0006214,ACC0023826,2026-08-02 18:12:01,76966.91,VOICE,2026-07-02 07:15:33
PAYMENT0012022,ACC0029365,2026-08-02 18:14:43,38080.31,VOICE,2026-07-23 10:15:42
PAYMENT0016353,ACC0014690,2026-08-02 18:17:23,7567.96,VOICE,2026-06-16 06:57:02
PAYMENT0021910,ACC0008585,2026-08-02 19:03:11,123718.57,VOICE,2026-06-09 04:18:11
PAYMENT0000957,ACC0005508,2026-08-02 19:19:31,17342.86,VOICE,2026-05-24 15:28:10
PAYMENT0016599,ACC0008212,2026-08-02 19:58:29,98027.46,SMS,2026-07-21 03:18:02
PAYMENT0018115,ACC0017206,2026-08-02 20:29:13,12792.12,FIELD,2026-07-11 09:43:14
PAYMENT0002560,ACC0005699,2026-08-02 20:31:03,50112.37,SMS,2026-07-31 14:51:33
PAYMENT0010135,ACC0022171,2026-08-02 20:33:33,58823.98,VOICE,2026-06-17 06:49:41
PAYMENT0024950,ACC0008499,2026-08-02 21:09:13,64489.07,SMS,2026-05-15 03:10:51
PAYMENT0020428,ACC0021289,2026-08-02 21:22:35,141402.8,WHATSAPP,2026-07-28 17:37:40
PAYMENT0018435,ACC0022474,2026-08-02 22:05:55,84905.85,VOICE,2026-07-29 01:49:55
PAYMENT0002135,ACC0014715,2026-08-02 22:37:50,114601.31,VOICE,2026-07-13 14:17:13
PAYMENT0019611,ACC0025078,2026-08-02 23:52:45,50526.76,WHATSAPP,2026-06-18 02:41:14
PAYMENT0014545,ACC0007726,2026-08-03 00:19:06,23394.98,VOICE,2026-06-13 23:03:36
PAYMENT0012296,ACC0004202,2026-08-03 00:32:11,68505.09,FIELD,2026-07-26 12:14:24
PAYMENT0002227,ACC0018750,2026-08-03 00:52:59,111781.69,WHATSAPP,2026-07-29 18:37:44
PAYMENT0020338,ACC0026687,2026-08-03 01:29:01,83515.38,WHATSAPP,2026-07-27 11:27:50
PAYMENT0005977,ACC0025178,2026-08-03 01:29:07,26837.69,SMS,2026-04-28 06:47:11
PAYMENT0013019,ACC0024265,2026-08-03 02:15:56,60175.43,WHATSAPP,2026-08-01 15:51:34
PAYMENT0004036,ACC0009647,2026-08-03 03:21:20,31398.75,VOICE,2026-07-23 00:52:59
PAYMENT0024575,ACC0014778,2026-08-03 03:39:45,60115.69,SMS,2026-07-25 13:43:40
PAYMENT0022408,ACC0028416,2026-08-03 04:11:52,16352.19,WHATSAPP,2026-07-04 21:17:30
PAYMENT0009304,ACC0007561,2026-08-03 04:42:03,126275.36,FIELD,2026-05-19 09:05:32
PAYMENT0023772,ACC0029564,2026-08-03 04:49:07,141231.03,VOICE,2026-07-29 22:52:11
PAYMENT0023347,ACC0003078,2026-08-03 05:24:46,67080.06,WHATSAPP,2026-05-13 00:17:31
PAYMENT0004061,ACC0015197,2026-08-03 06:00:10,102610.59,WHATSAPP,2026-07-05 16:00:34
PAYMENT0010521,ACC0002283,2026-08-03 06:31:54,23745.93,SMS,2026-05-22 19:55:20
PAYMENT0010062,ACC0012697,2026-08-03 06:43:51,22947.12,VOICE,2026-08-01 09:24:58
PAYMENT0003132,ACC0006704,2026-08-03 06:52:30,58538.31,FIELD,2026-06-25 04:02:44
PAYMENT0020833,ACC0015886,2026-08-03 06:55:10,26102.74,WHATSAPP,2026-05-21 12:07:14
PAYMENT0007572,ACC0000494,2026-08-03 07:10:56,16237.27,VOICE,2026-07-19 07:40:19
PAYMENT0005399,ACC0020701,2026-08-03 07:19:38,35172.95,WHATSAPP,2026-07-25 23:39:01
PAYMENT0020779,ACC0013297,2026-08-03 07:51:38,46864.34,SMS,2026-06-06 00:50:31
PAYMENT0003851,ACC0010024,2026-08-03 08:02:54,142386.55,WHATSAPP,2026-06-07 23:32:17
PAYMENT0024943,ACC0001452,2026-08-03 08:24:59,48610.04,WHATSAPP,2026-06-16 14:52:19
PAYMENT0014926,ACC0020427,2026-08-03 08:25:27,28706.04,SMS,2026-06-30 12:20:52
PAYMENT0000481,ACC0004859,2026-08-03 08:29:55,147740.78,VOICE,2026-06-19 03:22:22
PAYMENT0018360,ACC0016969,2026-08-03 08:44:48,105481.96,VOICE,2026-05-20 17:10:02
PAYMENT0004597,ACC0021984,2026-08-03 09:01:15,85729.38,VOICE,2026-07-30 18:29:47
PAYMENT0006774,ACC0002808,2026-08-03 09:04:51,3604.92,WHATSAPP,2026-08-02 18:02:13
PAYMENT0015229,ACC0014307,2026-08-03 09:06:08,143137.61,SMS,2026-07-12 06:45:44
PAYMENT0019956,ACC0000219,2026-08-03 09:10:52,91986.91,VOICE,2026-03-22 08:17:11
PAYMENT0019674,ACC0023016,2026-08-03 09:25:33,110181.96,VOICE,2026-07-09 12:57:21
PAYMENT0024037,ACC0027082,2026-08-03 09:52:15,34172.95,WHATSAPP,2026-06-04 15:03:43
PAYMENT0000574,ACC0010369,2026-08-03 12:03:18,91406.94,VOICE,2026-07-20 03:35:39
PAYMENT0005656,ACC0008495,2026-08-03 12:29:25,17773.51,WHATSAPP,2026-07-05 15:19:34
PAYMENT0007594,ACC0022206,2026-08-03 12:37:19,79907.72,SMS,2026-07-28 14:39:02
PAYMENT0009808,ACC0000330,2026-08-03 13:00:25,17000.16,FIELD,2026-05-21 15:00:25
PAYMENT0022859,ACC0017388,2026-08-03 13:01:47,23218.35,SMS,2026-07-25 07:22:47
PAYMENT0000454,ACC0001190,2026-08-03 13:19:39,90347.48,WHATSAPP,2026-06-14 11:22:43
PAYMENT0017263,ACC0014152,2026-08-03 13:43:50,83116.64,SMS,2026-06-22 11:40:59
PAYMENT0019374,ACC0012768,2026-08-03 13:45:11,48491.33,WHATSAPP,2026-07-06 07:03:31
PAYMENT0009631,ACC0009263,2026-08-03 13:53:49,137060.96,VOICE,2026-05-13 02:49:57
PAYMENT0013548,ACC0009112,2026-08-03 14:25:01,82779.91,SMS,2026-07-03 00:37:08
PAYMENT0004541,ACC0016320,2026-08-03 14:33:42,958.23,VOICE,2026-04-13 13:09:16
PAYMENT0006399,ACC0024414,2026-08-03 14:44:53,49549.2,VOICE,2026-06-18 08:58:18
PAYMENT0005822,ACC0014748,2026-08-03 14:59:27,94397.44,VOICE,2026-07-31 11:54:19
PAYMENT0014360,ACC0013399,2026-08-03 16:04:21,13812.02,SMS,2026-05-13 09:39:32
PAYMENT0023086,ACC0017232,2026-08-03 16:16:51,58203.66,FIELD,2026-07-08 04:17:33
PAYMENT0001929,ACC0000753,2026-08-03 16:47:08,63423.32,WHATSAPP,2026-07-18 01:26:11
PAYMENT0010963,ACC0020297,2026-08-03 17:28:59,62886.21,VOICE,2026-07-03 21:09:35
PAYMENT0004763,ACC0006021,2026-08-03 17:39:05,63288.91,FIELD,2026-08-03 07:36:22
PAYMENT0018251,ACC0028746,2026-08-03 17:45:19,15160.85,VOICE,2026-07-17 02:26:35
PAYMENT0011115,ACC0016963,2026-08-03 18:17:16,43438.27,WHATSAPP,2026-06-25 12:56:10
PAYMENT0017956,ACC0000375,2026-08-03 18:23:20,71839.26,SMS,2026-07-29 19:45:25
PAYMENT0001982,ACC0006367,2026-08-03 18:57:26,19581.56,VOICE,2026-05-31 02:23:55
PAYMENT0014556,ACC0014566,2026-08-03 19:04:36,70043.96,VOICE,2026-06-11 00:05:39
PAYMENT0003711,ACC0026614,2026-08-03 19:44:08,124070.62,WHATSAPP,2026-07-31 01:05:34
PAYMENT0001629,ACC0017400,2026-08-03 20:30:37,70339.52,FIELD,2026-07-04 11:08:00
PAYMENT0021281,ACC0005203,2026-08-03 20:30:42,64169.94,WHATSAPP,2026-07-14 15:37:06
PAYMENT0012124,ACC0005728,2026-08-03 21:13:22,91641.81,VOICE,2026-07-19 01:00:15
PAYMENT0010487,ACC0012657,2026-08-03 22:23:04,48028.21,SMS,2026-08-02 19:25:50
PAYMENT0019716,ACC0014367,2026-08-03 23:17:54,90595.49,SMS,2026-06-17 03:18:46
PAYMENT0021902,ACC0019496,2026-08-03 23:25:36,112044.99,FIELD,2026-06-14 12:02:56
PAYMENT0019541,ACC0023412,2026-08-04 00:35:10,18416.37,VOICE,2026-07-07 03:59:24
PAYMENT0002588,ACC0026054,2026-08-04 00:36:42,27155.39,VOICE,2026-06-22 02:07:43
PAYMENT0004665,ACC0004701,2026-08-04 00:57:19,48549.02,SMS,2026-07-26 17:52:40
PAYMENT0012768,ACC0000303,2026-08-04 01:33:21,91175.25,SMS,2026-07-19 22:04:14
PAYMENT0007848,ACC0003991,2026-08-04 03:25:14,60997.0,WHATSAPP,2026-07-14 20:38:55
PAYMENT0021642,ACC0000438,2026-08-04 03:41:35,20471.5,VOICE,2026-07-18 15:22:34
PAYMENT0014933,ACC0019141,2026-08-04 04:15:03,31473.84,VOICE,2026-07-30 00:26:58
PAYMENT0012275,ACC0020829,2026-08-04 05:38:37,118733.29,SMS,2026-07-11 07:07:28
PAYMENT0000190,ACC0008922,2026-08-04 06:05:43,39739.8,FIELD,2026-07-27 04:22:47
PAYMENT0015731,ACC0003924,2026-08-04 06:39:13,72352.21,WHATSAPP,2026-07-12 15:47:21
PAYMENT0013198,ACC0021047,2026-08-04 06:58:12,139969.51,FIELD,2026-06-06 20:15:26
PAYMENT0002823,ACC0001671,2026-08-04 06:59:15,59993.83,WHATSAPP,2026-08-03 00:27:51
PAYMENT0013381,ACC0026556,2026-08-04 07:04:41,61480.19,VOICE,2026-05-15 23:48:03
PAYMENT0024813,ACC0010072,2026-08-04 07:05:21,132855.82,WHATSAPP,2026-07-24 21:02:21
PAYMENT0019011,ACC0004975,2026-08-04 07:26:31,31133.86,SMS,2026-07-17 19:21:14
PAYMENT0023518,ACC0005610,2026-08-04 07:32:48,108499.97,SMS,2026-07-01 10:23:29
PAYMENT0022361,ACC0000896,2026-08-04 07:37:22,134382.68,FIELD,2026-06-01 17:19:20
PAYMENT0019962,ACC0010552,2026-08-04 07:45:16,139899.63,VOICE,2026-07-19 05:21:47
PAYMENT0010875,ACC0022676,2026-08-04 08:01:08,149679.59,VOICE,2026-07-13 15:21:09
PAYMENT0004609,ACC0016125,2026-08-04 08:19:15,16261.6,VOICE,2026-07-04 17:30:04
PAYMENT0021703,ACC0005782,2026-08-04 09:01:04,124107.37,SMS,2026-07-30 13:01:51
PAYMENT0007646,ACC0020437,2026-08-04 09:30:25,17636.3,VOICE,2026-06-09 22:33:13
PAYMENT0021964,ACC0013354,2026-08-04 10:20:56,114077.71,SMS,2026-04-22 04:04:05
PAYMENT0002013,ACC0014522,2026-08-04 10:59:49,13588.8,WHATSAPP,2026-07-16 22:44:18
PAYMENT0016752,ACC0003495,2026-08-04 11:02:50,140118.02,SMS,2026-05-01 03:06:19
PAYMENT0024009,ACC0024308,2026-08-04 11:08:13,143010.89,SMS,2026-06-15 02:24:48
PAYMENT0002538,ACC0004275,2026-08-04 11:11:13,79393.02,VOICE,2026-08-01 15:59:29
PAYMENT0010035,ACC0004087,2026-08-04 11:13:12,46740.13,VOICE,2026-05-17 20:39:26
PAYMENT0016981,ACC0019213,2026-08-04 11:23:50,36908.61,WHATSAPP,2026-04-12 16:10:59
PAYMENT0020520,ACC0014564,2026-08-04 11:24:47,47592.32,WHATSAPP,2026-07-20 10:10:11
PAYMENT0022643,ACC0029682,2026-08-04 11:55:14,114745.87,VOICE,2026-08-03 21:29:10
PAYMENT0014395,ACC0018811,2026-08-04 12:03:42,132745.46,VOICE,2026-07-29 05:55:38
PAYMENT0022611,ACC0021439,2026-08-04 13:04:14,117861.18,VOICE,2026-06-21 06:50:44
PAYMENT0014111,ACC0018883,2026-08-04 16:01:41,41715.93,VOICE,2026-08-03 03:45:25
PAYMENT0004920,ACC0010474,2026-08-04 16:42:51,69624.51,WHATSAPP,2026-07-01 17:58:18
PAYMENT0014019,ACC0011512,2026-08-04 17:06:15,141866.57,FIELD,2026-07-22 13:28:26
PAYMENT0024478,ACC0027364,2026-08-04 17:14:23,105784.24,WHATSAPP,2026-07-17 17:03:00
PAYMENT0016582,ACC0011621,2026-08-04 18:20:44,8916.98,FIELD,2026-06-19 23:33:40
PAYMENT0012778,ACC0005765,2026-08-04 18:33:00,54294.44,VOICE,2026-06-12 12:18:54
PAYMENT0021031,ACC0000158,2026-08-04 19:13:04,47676.38,VOICE,2026-06-18 21:11:01
PAYMENT0004829,ACC0015223,2026-08-04 19:28:47,141197.63,FIELD,2026-07-31 16:56:08
PAYMENT0007008,ACC0007601,2026-08-04 20:21:09,99098.04,VOICE,2026-07-19 12:55:25
PAYMENT0006712,ACC0019889,2026-08-04 20:42:25,47065.62,FIELD,2026-05-01 04:41:25
PAYMENT0010812,ACC0012619,2026-08-04 21:31:24,93045.98,WHATSAPP,2026-07-14 17:58:22
PAYMENT0017230,ACC0013059,2026-08-04 22:19:39,134754.4,VOICE,2026-06-23 19:01:58
PAYMENT0022036,ACC0029537,2026-08-04 22:27:20,113311.76,WHATSAPP,2026-07-31 08:15:57
PAYMENT0000570,ACC0004474,2026-08-04 23:00:20,90384.64,VOICE,2026-07-24 22:12:21
PAYMENT0007570,ACC0015852,2026-08-04 23:20:26,97187.28,WHATSAPP,2026-07-02 08:28:44
PAYMENT0001024,ACC0016180,2026-08-05 00:03:07,38075.93,SMS,2026-08-01 17:05:59
PAYMENT0024854,ACC0017244,2026-08-05 01:35:36,9224.86,WHATSAPP,2026-05-31 00:42:53
PAYMENT0018149,ACC0013168,2026-08-05 01:38:30,124197.43,WHATSAPP,2026-07-25 20:15:54
PAYMENT0011535,ACC0002633,2026-08-05 01:43:38,64191.95,VOICE,2026-06-17 21:24:20
PAYMENT0024977,ACC0011949,2026-08-05 01:54:34,16906.71,VOICE,2026-07-20 10:53:31
PAYMENT0005008,ACC0010654,2026-08-05 02:50:32,95839.67,WHATSAPP,2026-07-24 03:20:24
PAYMENT0011767,ACC0003405,2026-08-05 03:41:24,97907.14,FIELD,2026-06-28 05:50:31
PAYMENT0020314,ACC0006914,2026-08-05 04:59:01,118804.08,WHATSAPP,2026-04-19 05:25:15
PAYMENT0005724,ACC0027282,2026-08-05 05:08:55,139984.41,VOICE,2026-07-02 12:53:21
PAYMENT0005102,ACC0013291,2026-08-05 05:25:12,128237.28,VOICE,2026-08-04 00:29:42
PAYMENT0022906,ACC0008670,2026-08-05 06:04:57,75938.45,VOICE,2026-07-30 22:12:59
PAYMENT0016950,ACC0006292,2026-08-05 06:23:31,82210.89,FIELD,2026-07-17 00:14:19
PAYMENT0003038,ACC0000742,2026-08-05 07:18:17,32047.27,SMS,2026-07-22 07:11:33
PAYMENT0002890,ACC0002722,2026-08-05 07:29:01,6502.12,FIELD,2026-05-25 16:54:57
PAYMENT0014301,ACC0013054,2026-08-05 07:36:10,146597.01,WHATSAPP,2026-08-02 10:23:16
PAYMENT0006357,ACC0007868,2026-08-05 07:51:10,145304.58,VOICE,2026-07-27 10:29:37
PAYMENT0006323,ACC0019245,2026-08-05 08:28:39,62795.13,VOICE,2026-07-30 20:32:10
PAYMENT0018005,ACC0021752,2026-08-05 09:16:14,132048.46,WHATSAPP,2026-07-18 22:23:00
PAYMENT0013567,ACC0013780,2026-08-05 09:18:42,27848.11,FIELD,2026-08-03 20:11:03
PAYMENT0018399,ACC0025690,2026-08-05 09:22:30,59377.02,WHATSAPP,2026-08-05 07:12:14
PAYMENT0013569,ACC0019544,2026-08-05 09:26:09,122302.89,SMS,2026-06-11 22:11:27
PAYMENT0001198,ACC0020007,2026-08-05 09:53:03,89988.76,WHATSAPP,2026-07-18 13:49:03
PAYMENT0003029,ACC0015567,2026-08-05 09:53:56,41483.38,WHATSAPP,2026-07-31 05:17:40
PAYMENT0008742,ACC0020923,2026-08-05 10:20:32,10115.71,VOICE,2026-07-14 12:05:53
PAYMENT0011819,ACC0011569,2026-08-05 10:20:36,146166.13,VOICE,2026-07-26 16:00:03
PAYMENT0024136,ACC0013317,2026-08-05 10:28:50,52347.14,VOICE,2026-06-07 11:56:14
PAYMENT0004818,ACC0000742,2026-08-05 11:42:30,86656.57,SMS,2026-07-22 07:11:33
PAYMENT0010693,ACC0009635,2026-08-05 11:48:08,83263.13,SMS,2026-07-22 20:12:17
PAYMENT0001005,ACC0027716,2026-08-05 12:02:46,66608.38,VOICE,2026-07-20 07:52:51
PAYMENT0013105,ACC0015416,2026-08-05 12:05:11,91563.02,VOICE,2026-06-18 19:28:51
PAYMENT0016410,ACC0015547,2026-08-05 12:19:40,1121.0,WHATSAPP,2026-07-29 20:04:21
PAYMENT0011963,ACC0028732,2026-08-05 13:06:54,108166.98,WHATSAPP,2026-07-23 19:35:16
PAYMENT0005362,ACC0022507,2026-08-05 13:19:15,73806.01,,
PAYMENT0018073,ACC0002708,2026-08-05 13:50:54,104779.93,WHATSAPP,2026-07-21 00:49:03
PAYMENT0013464,ACC0007554,2026-08-05 14:47:46,82881.38,WHATSAPP,2026-07-02 07:44:17
PAYMENT0022284,ACC0007572,2026-08-05 14:55:35,101889.94,VOICE,2026-07-12 13:05:56
PAYMENT0011041,ACC0017783,2026-08-05 15:37:45,33511.0,WHATSAPP,2026-06-06 19:44:58
PAYMENT0002726,ACC0007365,2026-08-05 15:39:54,66202.12,FIELD,2026-08-04 19:41:21
PAYMENT0020670,ACC0023330,2026-08-05 15:48:00,69479.49,SMS,2026-07-10 20:34:33
PAYMENT0008846,ACC0005296,2026-08-05 17:32:32,3591.77,WHATSAPP,2026-06-27 17:35:31
PAYMENT0006171,ACC0006151,2026-08-05 17:50:18,145641.17,WHATSAPP,2026-07-22 10:54:49
PAYMENT0006980,ACC0020020,2026-08-05 18:32:22,118292.71,VOICE,2026-07-08 07:58:07
PAYMENT0009012,ACC0015371,2026-08-05 18:57:39,143577.17,SMS,2026-08-02 08:48:15
PAYMENT0023309,ACC0016093,2026-08-05 19:04:36,122547.44,VOICE,2026-06-24 08:23:05
PAYMENT0007110,ACC0025207,2026-08-05 19:12:44,99914.98,VOICE,2026-08-02 14:41:57
PAYMENT0001426,ACC0022442,2026-08-05 19:38:48,124644.73,VOICE,2026-07-29 21:33:32
PAYMENT0015039,ACC0006526,2026-08-05 20:03:46,149889.1,FIELD,2026-06-04 06:25:53
PAYMENT0003599,ACC0009293,2026-08-05 20:59:32,132607.4,VOICE,2026-08-01 23:25:13
PAYMENT0005698,ACC0020961,2026-08-05 21:52:01,82194.23,SMS,2026-08-04 11:56:54
PAYMENT0023452,ACC0002325,2026-08-05 22:52:57,29186.49,VOICE,2026-07-29 13:49:50
PAYMENT0013023,ACC0016640,2026-08-05 23:57:25,94332.95,WHATSAPP,2026-05-23 14:44:00
PAYMENT0013553,ACC0017254,2026-08-06 00:12:08,18426.33,SMS,2026-07-07 18:04:25
PAYMENT0020559,ACC0020819,2026-08-06 00:42:19,6385.93,VOICE,2026-07-19 17:09:10
PAYMENT0015456,ACC0026973,2026-08-06 00:48:39,135699.82,FIELD,2026-07-31 07:18:04
PAYMENT0015236,ACC0013668,2026-08-06 00:54:25,75531.01,VOICE,2026-07-26 14:30:50
PAYMENT0008430,ACC0002691,2026-08-06 01:16:36,139916.74,SMS,2026-07-16 18:47:57
PAYMENT0006301,ACC0019217,2026-08-06 01:33:04,45345.98,SMS,2026-06-08 06:46:15
PAYMENT0010796,ACC0028724,2026-08-06 02:02:43,85848.54,FIELD,2026-06-29 13:26:46
PAYMENT0011105,ACC0002515,2026-08-06 02:28:02,115042.13,VOICE,2026-07-20 02:18:27
PAYMENT0018222,ACC0027034,2026-08-06 03:44:34,128799.87,WHATSAPP,2026-04-08 20:17:08
PAYMENT0018064,ACC0021219,2026-08-06 03:51:27,34698.53,SMS,2026-08-02 02:12:02
PAYMENT0024148,ACC0000249,2026-08-06 03:54:06,18490.52,SMS,2026-06-25 18:03:55
PAYMENT0024538,ACC0020120,2026-08-06 04:18:58,118860.39,SMS,2026-06-13 20:37:02
PAYMENT0005401,ACC0020322,2026-08-06 04:38:47,109519.43,WHATSAPP,2026-08-04 05:42:32
PAYMENT0021637,ACC0010319,2026-08-06 04:54:56,106612.21,VOICE,2026-07-10 05:24:32
PAYMENT0017012,ACC0024718,2026-08-06 04:59:25,100496.07,SMS,2026-06-08 15:48:50
PAYMENT0005719,ACC0020987,2026-08-06 05:02:10,19936.33,WHATSAPP,2026-07-18 16:19:20
PAYMENT0014631,ACC0000008,2026-08-06 05:19:49,129255.53,WHATSAPP,2026-07-22 13:20:12
PAYMENT0018072,ACC0008301,2026-08-06 05:58:14,148220.22,VOICE,2026-08-05 19:55:17
PAYMENT0011235,ACC0007012,2026-08-06 06:10:41,72792.37,VOICE,2026-06-29 14:22:20
PAYMENT0005710,ACC0025304,2026-08-06 06:30:16,135859.13,VOICE,2026-07-29 23:17:14
PAYMENT0001359,ACC0008614,2026-08-06 07:41:34,84579.71,SMS,2026-06-18 19:25:43
PAYMENT0024315,ACC0007549,2026-08-06 07:53:59,63966.32,WHATSAPP,2026-07-27 17:25:20
PAYMENT0014922,ACC0008955,2026-08-06 08:17:39,107119.8,VOICE,2026-07-26 03:35:49
PAYMENT0020387,ACC0021212,2026-08-06 08:26:57,54554.27,VOICE,2026-06-19 17:43:36
PAYMENT0017753,ACC0012065,2026-08-06 08:30:14,80953.75,VOICE,2026-07-23 19:25:56
PAYMENT0001336,ACC0016085,2026-08-06 08:49:51,31695.27,VOICE,2026-06-28 16:48:25
PAYMENT0015278,ACC0012491,2026-08-06 08:52:04,89789.47,WHATSAPP,2026-05-24 22:49:47
PAYMENT0023031,ACC0018623,2026-08-06 08:54:02,21976.47,VOICE,2026-08-04 23:20:26
PAYMENT0006117,ACC0009521,2026-08-06 09:08:58,88889.35,VOICE,2026-08-05 23:24:52
PAYMENT0008469,ACC0022772,2026-08-06 09:09:48,4488.44,VOICE,2026-06-22 01:24:00
PAYMENT0019908,ACC0008634,2026-08-06 09:16:34,134305.41,WHATSAPP,2026-07-03 13:26:43
PAYMENT0015197,ACC0029461,2026-08-06 09:19:42,72227.12,FIELD,2026-07-28 17:40:05
PAYMENT0007167,ACC0007353,2026-08-06 09:33:46,54133.77,FIELD,2026-07-22 04:49:19
PAYMENT0002893,ACC0026956,2026-08-06 09:35:53,141821.99,SMS,2026-08-05 02:31:44
PAYMENT0014465,ACC0012868,2026-08-06 10:11:28,78559.29,VOICE,2026-07-26 14:13:10
PAYMENT0002812,ACC0001688,2026-08-06 10:29:12,11062.61,SMS,2026-07-15 05:57:25
PAYMENT0005604,ACC0004891,2026-08-06 12:25:52,122706.85,WHATSAPP,2026-08-02 01:03:20
PAYMENT0018963,ACC0022558,2026-08-06 12:49:04,112190.41,VOICE,2026-05-27 22:38:38
PAYMENT0012083,ACC0002467,2026-08-06 13:05:34,33770.23,VOICE,2026-04-13 09:54:07
PAYMENT0009663,ACC0028373,2026-08-06 13:15:27,116953.61,WHATSAPP,2026-07-02 05:11:40
PAYMENT0008544,ACC0015925,2026-08-06 13:51:24,123242.78,SMS,2026-08-03 02:39:53
PAYMENT0013176,ACC0006048,2026-08-06 13:53:41,46737.03,VOICE,2026-05-28 20:21:37
PAYMENT0015180,ACC0026158,2026-08-06 14:33:53,139880.05,VOICE,2026-08-01 20:50:08
PAYMENT0016140,ACC0020969,2026-08-06 14:40:23,59520.12,WHATSAPP,2026-07-03 20:05:41
PAYMENT0013059,ACC0014423,2026-08-06 14:43:51,39827.67,VOICE,2026-08-04 06:15:30
PAYMENT0009043,ACC0004385,2026-08-06 15:18:19,97497.94,WHATSAPP,2026-08-04 10:01:35
PAYMENT0008667,ACC0008088,2026-08-06 15:44:34,51826.93,SMS,2026-07-05 16:28:34
PAYMENT0001545,ACC0016678,2026-08-06 15:45:25,43835.69,FIELD,2026-08-02 21:27:57
PAYMENT0021932,ACC0012825,2026-08-06 16:05:40,68439.9,FIELD,2026-06-20 20:37:41
PAYMENT0019080,ACC0013549,2026-08-06 16:44:02,149152.49,VOICE,2026-07-25 23:44:11
PAYMENT0018438,ACC0028406,2026-08-06 16:59:22,92389.75,VOICE,2026-07-28 19:44:27
PAYMENT0015137,ACC0018065,2026-08-06 17:09:05,655.19,SMS,2026-06-01 02:49:13
PAYMENT0014053,ACC0028746,2026-08-06 17:20:23,55826.68,VOICE,2026-07-17 02:26:35
PAYMENT0015530,ACC0022102,2026-08-06 17:20:40,147654.94,SMS,2026-07-29 20:01:31
PAYMENT0012312,ACC0006388,2026-08-06 18:39:52,88128.28,WHATSAPP,2026-07-14 17:00:38
PAYMENT0023988,ACC0003262,2026-08-06 18:53:49,98643.33,WHATSAPP,2026-07-26 10:58:35
PAYMENT0000552,ACC0021942,2026-08-06 18:56:06,11792.14,VOICE,2026-05-31 16:59:03
PAYMENT0010744,ACC0016499,2026-08-06 19:33:48,75730.79,WHATSAPP,2026-04-11 14:45:05
PAYMENT0013539,ACC0015156,2026-08-06 20:06:14,110708.99,WHATSAPP,2026-06-30 18:00:43
PAYMENT0018884,ACC0007260,2026-08-06 21:02:33,102729.65,SMS,2026-06-13 05:41:24
PAYMENT0014085,ACC0029086,2026-08-06 21:08:08,139411.6,VOICE,2026-07-23 12:14:41
PAYMENT0021784,ACC0017699,2026-08-06 21:24:24,87742.75,VOICE,2026-07-31 16:08:32
PAYMENT0023870,ACC0022111,2026-08-06 21:26:41,142752.41,WHATSAPP,2026-08-01 00:52:06
PAYMENT0016726,ACC0020982,2026-08-06 21:33:39,144415.02,VOICE,2026-03-19 05:29:58
PAYMENT0008111,ACC0018523,2026-08-06 21:42:47,107948.17,VOICE,2026-07-28 14:43:58
PAYMENT0008270,ACC0014049,2026-08-06 22:35:06,23498.33,VOICE,2026-07-03 21:40:01
PAYMENT0005353,ACC0026090,2026-08-06 23:53:43,107608.11,VOICE,2026-08-01 20:22:36
PAYMENT0014369,ACC0027790,2026-08-06 23:54:55,20568.87,WHATSAPP,2026-07-20 15:54:19
PAYMENT0007070,ACC0017873,2026-08-07 00:04:07,42478.41,SMS,2026-07-08 10:43:04
PAYMENT0005821,ACC0013450,2026-08-07 00:18:49,120876.66,SMS,2026-07-28 18:07:04
PAYMENT0022721,ACC0025909,2026-08-07 00:51:57,120108.49,WHATSAPP,2026-06-30 20:36:31
PAYMENT0009894,ACC0004195,2026-08-07 00:58:45,134566.75,FIELD,2026-08-04 12:11:38
PAYMENT0000473,ACC0025835,2026-08-07 01:26:41,136427.67,SMS,2026-06-20 23:25:24
PAYMENT0018464,ACC0025041,2026-08-07 01:36:51,85554.61,VOICE,2026-07-31 04:15:13
PAYMENT0005315,ACC0014792,2026-08-07 01:40:37,4868.8,VOICE,2026-08-06 01:40:54
PAYMENT0003458,ACC0000886,2026-08-07 02:33:23,48602.07,FIELD,2026-07-23 21:50:12
PAYMENT0011839,ACC0021566,2026-08-07 02:34:48,16822.29,VOICE,2026-07-16 11:45:49
PAYMENT0012658,ACC0012146,2026-08-07 03:03:42,39105.18,SMS,2026-07-02 09:51:13
PAYMENT0007346,ACC0023652,2026-08-07 03:06:16,42236.75,SMS,2026-08-04 23:36:49
PAYMENT0014158,ACC0017593,2026-08-07 03:16:10,77894.07,VOICE,2026-08-04 19:30:22
PAYMENT0013744,ACC0011268,2026-08-07 03:49:53,92186.65,WHATSAPP,2026-06-27 19:25:32
PAYMENT0005881,ACC0012065,2026-08-07 04:01:11,5066.23,VOICE,2026-07-23 19:25:56
PAYMENT0004526,ACC0024481,2026-08-07 04:25:57,9220.23,VOICE,2026-07-15 12:41:18
PAYMENT0004042,ACC0021814,2026-08-07 04:48:39,108965.01,WHATSAPP,2026-07-04 22:25:33
PAYMENT0022899,ACC0013886,2026-08-07 05:13:05,69162.91,VOICE,2026-08-04 09:40:22
PAYMENT0019335,ACC0027534,2026-08-07 05:14:24,10150.42,WHATSAPP,2026-07-17 16:17:45
PAYMENT0002746,ACC0005192,2026-08-07 05:14:26,33024.7,VOICE,2026-08-05 04:29:38
PAYMENT0002939,ACC0018411,2026-08-07 05:47:03,146391.54,VOICE,2026-07-11 14:23:23
PAYMENT0013692,ACC0001443,2026-08-07 05:56:15,39028.32,VOICE,2026-07-31 13:37:30
PAYMENT0008699,ACC0027003,2026-08-07 06:28:34,106950.6,SMS,2026-07-14 12:43:43
PAYMENT0017684,ACC0024550,2026-08-07 06:44:06,28105.96,VOICE,2026-07-09 04:55:24
PAYMENT0004625,ACC0014475,2026-08-07 07:43:10,56456.14,SMS,2026-07-15 20:22:49
PAYMENT0004523,ACC0025398,2026-08-07 08:16:01,34865.42,VOICE,2026-08-03 04:18:55
PAYMENT0016464,ACC0029378,2026-08-07 08:33:22,97733.79,VOICE,2026-07-29 22:12:33
PAYMENT0006418,ACC0024360,2026-08-07 09:04:49,40156.7,VOICE,2026-06-24 03:19:29
PAYMENT0021865,ACC0014394,2026-08-07 09:23:28,114975.62,WHATSAPP,2026-07-12 17:14:02
PAYMENT0023749,ACC0009184,2026-08-07 11:02:19,100291.48,WHATSAPP,2026-05-27 23:02:49
PAYMENT0000743,ACC0029144,2026-08-07 11:11:10,134870.38,VOICE,2026-05-06 01:14:45
PAYMENT0009671,ACC0021250,2026-08-07 11:37:12,108568.63,WHATSAPP,2026-07-30 14:39:40
PAYMENT0015388,ACC0014236,2026-08-07 11:54:56,35603.19,VOICE,2026-07-23 18:29:51
PAYMENT0006871,ACC0026954,2026-08-07 12:05:35,148808.55,VOICE,2026-07-25 16:52:11
PAYMENT0023022,ACC0007904,2026-08-07 12:20:15,33077.77,WHATSAPP,2026-06-16 20:20:29
PAYMENT0016324,ACC0005522,2026-08-07 13:33:38,123091.28,WHATSAPP,2026-07-30 18:34:40
PAYMENT0018488,ACC0027382,2026-08-07 13:58:58,20009.41,WHATSAPP,2026-06-24 07:05:41
PAYMENT0021004,ACC0004876,2026-08-07 15:05:45,132422.41,VOICE,2026-06-01 07:48:23
PAYMENT0012824,ACC0021425,2026-08-07 15:31:01,3282.69,VOICE,2026-07-29 02:26:36
PAYMENT0010330,ACC0028149,2026-08-07 17:55:39,14850.18,SMS,2026-05-14 18:27:30
PAYMENT0002506,ACC0010762,2026-08-07 18:21:57,12417.37,WHATSAPP,2026-07-28 18:32:26
PAYMENT0005832,ACC0017317,2026-08-07 18:23:04,15486.46,VOICE,2026-06-01 13:38:59
PAYMENT0021196,ACC0005182,2026-08-07 18:33:40,93541.31,WHATSAPP,2026-08-06 01:13:59
PAYMENT0019394,ACC0018678,2026-08-07 18:42:20,114472.28,WHATSAPP,2026-07-22 14:19:52
PAYMENT0001041,ACC0026408,2026-08-07 18:55:56,52470.63,SMS,2026-07-20 20:32:48
PAYMENT0013758,ACC0005092,2026-08-07 18:56:06,13852.34,VOICE,2026-07-29 12:54:34
PAYMENT0001691,ACC0003334,2026-08-07 19:59:04,137638.09,SMS,2026-06-27 12:20:38
PAYMENT0016248,ACC0010828,2026-08-07 20:20:52,141583.24,WHATSAPP,2026-08-07 05:58:43
PAYMENT0021154,ACC0003223,2026-08-07 20:35:42,133346.26,SMS,2026-07-18 09:34:47
PAYMENT0009981,ACC0012446,2026-08-07 20:51:45,94111.36,WHATSAPP,2026-08-05 02:30:47
PAYMENT0023265,ACC0001878,2026-08-07 21:26:33,72962.27,FIELD,2026-07-16 12:46:15
PAYMENT0008252,ACC0005773,2026-08-07 21:27:43,116491.6,FIELD,2026-07-24 01:48:35
PAYMENT0009158,ACC0015267,2026-08-07 21:43:05,2244.04,VOICE,2026-07-16 01:28:46
PAYMENT0023527,ACC0012284,2026-08-07 22:22:14,76312.45,WHATSAPP,2026-07-27 21:25:16
PAYMENT0021604,ACC0017541,2026-08-07 23:12:48,40290.54,WHATSAPP,2026-07-15 19:58:44
PAYMENT0008268,ACC0000934,2026-08-07 23:19:07,39578.0,WHATSAPP,2026-05-30 06:27:25
PAYMENT0020254,ACC0002057,2026-08-07 23:40:45,147919.43,VOICE,2026-07-19 10:18:06
PAYMENT0003316,ACC0007280,2026-08-07 23:52:35,98541.11,VOICE,2026-07-16 20:09:36
PAYMENT0022879,ACC0013187,2026-08-07 23:53:38,19132.85,WHATSAPP,2026-07-31 06:43:49
PAYMENT0005734,ACC0029223,2026-08-08 00:01:45,45884.48,WHATSAPP,2026-04-17 06:05:57
PAYMENT0009646,ACC0006049,2026-08-08 00:09:29,37543.38,FIELD,2026-07-05 18:58:17
PAYMENT0004426,ACC0025707,2026-08-08 00:12:54,34896.2,VOICE,2026-08-06 05:06:08
PAYMENT0009975,ACC0012013,2026-08-08 00:36:52,54365.17,WHATSAPP,2026-07-14 05:47:32
PAYMENT0000376,ACC0022370,2026-08-08 01:00:50,99891.26,VOICE,2026-06-30 12:20:47
PAYMENT0009972,ACC0004475,2026-08-08 01:10:49,83773.98,VOICE,2026-07-31 15:23:29
PAYMENT0014315,ACC0026868,2026-08-08 01:19:17,9642.93,SMS,2026-07-31 07:09:30
PAYMENT0012229,ACC0021960,2026-08-08 01:46:39,30397.78,VOICE,2026-07-30 05:52:24
PAYMENT0007116,ACC0029475,2026-08-08 02:16:52,97011.06,SMS,2026-07-16 01:39:41
PAYMENT0023773,ACC0006030,2026-08-08 03:08:13,123597.38,SMS,2026-05-26 02:20:23
PAYMENT0007976,ACC0014781,2026-08-08 03:18:36,116528.23,SMS,2026-06-24 09:40:40
PAYMENT0002896,ACC0028390,2026-08-08 03:37:41,115722.56,VOICE,2026-07-09 00:21:28
PAYMENT0022247,ACC0011456,2026-08-08 03:37:55,99880.1,SMS,2026-07-12 01:15:01
PAYMENT0014281,ACC0011454,2026-08-08 03:45:49,149903.5,WHATSAPP,2026-08-03 04:27:43
PAYMENT0007480,ACC0018772,2026-08-08 04:49:11,143769.6,VOICE,2026-06-16 07:14:20
PAYMENT0002172,ACC0001763,2026-08-08 05:11:39,61344.47,VOICE,2026-07-06 07:58:56
PAYMENT0016059,ACC0005327,2026-08-08 05:40:58,16184.9,FIELD,2026-07-19 05:04:44
PAYMENT0009178,ACC0016992,2026-08-08 06:15:41,119109.43,WHATSAPP,2026-07-23 08:13:35
PAYMENT0006587,ACC0006889,2026-08-08 06:30:48,19990.9,FIELD,2026-07-31 23:33:41
PAYMENT0009652,ACC0004150,2026-08-08 07:09:13,111059.57,SMS,2026-07-15 22:19:55
PAYMENT0006613,ACC0005679,2026-08-08 09:17:46,87164.8,VOICE,2026-07-11 06:18:23
PAYMENT0005381,ACC0007448,2026-08-08 09:48:12,1325.95,VOICE,2026-08-07 20:54:08
PAYMENT0005477,ACC0001904,2026-08-08 10:18:09,87596.64,SMS,2026-06-12 16:59:12
PAYMENT0006197,ACC0002364,2026-08-08 10:21:57,74869.66,VOICE,2026-06-30 11:56:27
PAYMENT0007866,ACC0013175,2026-08-08 10:46:20,83300.43,VOICE,2026-06-17 20:09:11
PAYMENT0006632,ACC0009743,2026-08-08 11:03:50,74023.49,VOICE,2026-02-06 14:40:07
PAYMENT0013578,ACC0016287,2026-08-08 12:29:27,112779.85,FIELD,2026-06-06 02:04:29
PAYMENT0007712,ACC0015763,2026-08-08 13:05:49,27750.98,SMS,2026-07-26 19:56:02
PAYMENT0007277,ACC0011748,2026-08-08 13:23:21,30065.9,FIELD,2026-07-27 15:26:37
PAYMENT0007136,ACC0003644,2026-08-08 13:24:51,126098.88,VOICE,2026-07-05 10:09:51
PAYMENT0019990,ACC0000879,2026-08-08 13:31:18,54642.91,FIELD,2026-07-20 12:06:06
PAYMENT0015140,ACC0011464,2026-08-08 13:42:43,81195.39,SMS,2026-07-18 13:00:14
PAYMENT0006992,ACC0026671,2026-08-08 14:04:15,67002.68,SMS,2026-07-09 13:44:58
PAYMENT0012738,ACC0010492,2026-08-08 14:14:06,65919.04,FIELD,2026-07-25 12:35:27
PAYMENT0012792,ACC0016769,2026-08-08 14:46:46,98434.68,VOICE,2026-07-24 02:48:06
PAYMENT0012118,ACC0010323,2026-08-08 15:32:24,36872.1,SMS,2026-06-17 10:20:58
PAYMENT0015873,ACC0000370,2026-08-08 16:48:52,107675.74,VOICE,2026-05-08 11:45:58
PAYMENT0004488,ACC0004145,2026-08-08 17:21:00,66042.17,FIELD,2026-07-02 18:59:03
PAYMENT0021809,ACC0022568,2026-08-08 18:53:12,50586.11,WHATSAPP,2026-07-03 13:45:49
PAYMENT0011943,ACC0021195,2026-08-08 19:33:11,102647.46,SMS,2026-07-12 09:54:08
PAYMENT0007900,ACC0013103,2026-08-08 19:57:33,135205.48,WHATSAPP,2026-07-01 09:44:29
PAYMENT0002143,ACC0012201,2026-08-08 20:06:20,82748.63,VOICE,2026-08-05 03:17:52
PAYMENT0021493,ACC0003680,2026-08-08 21:04:36,64200.64,WHATSAPP,2026-08-01 00:55:19
PAYMENT0003540,ACC0010464,2026-08-08 21:26:42,1881.12,SMS,2026-08-07 04:20:51
PAYMENT0021481,ACC0007738,2026-08-08 21:46:08,17268.55,WHATSAPP,2026-08-03 09:01:19
PAYMENT0007808,ACC0015350,2026-08-08 21:48:57,54562.51,WHATSAPP,2026-06-12 02:25:35
PAYMENT0007633,ACC0024049,2026-08-08 22:00:29,88056.77,VOICE,2026-06-11 04:19:57
PAYMENT0015722,ACC0021599,2026-08-08 22:19:50,144153.6,SMS,2026-07-10 05:09:29
PAYMENT0003466,ACC0028771,2026-08-08 22:39:35,48907.56,VOICE,2026-08-08 21:59:40
PAYMENT0013199,ACC0001279,2026-08-08 22:47:45,104402.73,FIELD,2026-07-31 21:48:25
PAYMENT0024156,ACC0028545,2026-08-08 23:03:05,18379.51,VOICE,2026-07-05 21:24:03
PAYMENT0024525,ACC0006572,2026-08-08 23:27:35,12272.51,WHATSAPP,2026-06-19 05:47:25
PAYMENT0016819,ACC0023412,2026-08-08 23:42:18,49207.43,VOICE,2026-07-07 03:59:24
PAYMENT0022857,ACC0023435,2026-08-08 23:50:23,51492.82,WHATSAPP,2026-08-02 07:33:19
