account_id,pre7_payer,post7_payer,pre7_cash,post7_cash
ACC0000008,False,False,0.0,0.0
ACC0000023,False,False,0.0,0.0
ACC0000027,False,False,0.0,0.0
ACC0000032,False,False,0.0,0.0
ACC0000036,False,False,0.0,0.0
ACC0000041,False,False,0.0,0.0
ACC0000042,False,False,0.0,0.0
ACC0000044,False,False,0.0,0.0
ACC0000050,False,False,0.0,0.0
ACC0000056,False,False,0.0,0.0
ACC0000078,False,False,0.0,0.0
ACC0000081,False,False,0.0,0.0
ACC0000082,False,False,0.0,0.0
ACC0000090,False,False,0.0,0.0
ACC0000095,False,False,0.0,0.0
ACC0000096,False,False,0.0,0.0
ACC0000099,False,False,0.0,0.0
ACC0000103,False,False,0.0,0.0
ACC0000118,False,False,0.0,0.0
ACC0000126,False,False,0.0,0.0
ACC0000135,False,False,0.0,0.0
ACC0000136,False,False,0.0,0.0
ACC0000137,False,False,0.0,0.0
ACC0000140,False,False,0.0,0.0
ACC0000145,False,False,0.0,0.0
ACC0000148,False,False,0.0,0.0
ACC0000150,False,False,0.0,0.0
ACC0000153,False,False,0.0,0.0
ACC0000163,False,False,0.0,0.0
ACC0000166,False,False,0.0,0.0
ACC0000170,False,False,0.0,0.0
ACC0000172,False,False,0.0,0.0
ACC0000174,False,False,0.0,0.0
ACC0000176,False,False,0.0,0.0
ACC0000182,False,False,0.0,0.0
ACC0000186,False,False,0.0,0.0
ACC0000192,False,False,0.0,0.0
ACC0000194,False,False,0.0,0.0
ACC0000197,False,False,0.0,0.0
ACC0000202,False,False,0.0,0.0
ACC0000209,False,False,0.0,0.0
ACC0000213,False,False,0.0,0.0
ACC0000215,False,False,0.0,0.0
ACC0000224,False,False,0.0,0.0
ACC0000227,False,False,0.0,0.0
ACC0000232,False,False,0.0,0.0
ACC0000236,False,False,0.0,0.0
ACC0000249,False,False,0.0,0.0
ACC0000251,False,False,0.0,0.0
ACC0000259,False,False,0.0,0.0
ACC0000261,False,False,0.0,0.0
ACC0000263,False,False,0.0,0.0
ACC0000269,False,False,0.0,0.0
ACC0000270,False,False,0.0,0.0
ACC0000278,False,False,0.0,0.0
ACC0000282,False,False,0.0,0.0
ACC0000285,False,False,0.0,0.0
ACC0000286,False,False,0.0,0.0
ACC0000288,False,False,0.0,0.0
ACC0000289,False,False,0.0,0.0
ACC0000291,False,False,0.0,0.0
ACC0000292,False,False,0.0,0.0
ACC0000294,False,False,0.0,0.0
ACC0000297,False,False,0.0,0.0
ACC0000306,False,False,0.0,0.0
ACC0000312,False,False,0.0,0.0
ACC0000314,False,False,0.0,0.0
ACC0000315,False,False,0.0,0.0
ACC0000317,False,False,0.0,0.0
ACC0000318,False,False,0.0,0.0
ACC0000320,False,False,0.0,0.0
ACC0000326,False,False,0.0,0.0
ACC0000337,False,False,0.0,0.0
ACC0000341,False,False,0.0,0.0
ACC0000345,False,False,0.0,0.0
ACC0000357,False,False,0.0,0.0
ACC0000369,False,False,0.0,0.0
ACC0000372,False,False,0.0,0.0
ACC0000377,False,False,0.0,0.0
ACC0000380,False,False,0.0,0.0
ACC0000381,True,False,131862.96,0.0
ACC0000385,False,False,0.0,0.0
ACC0000390,False,False,0.0,0.0
ACC0000392,False,False,0.0,0.0
ACC0000405,False,False,0.0,0.0
ACC0000414,False,False,0.0,0.0
ACC0000423,False,False,0.0,0.0
ACC0000428,False,False,0.0,0.0
ACC0000433,False,False,0.0,0.0
ACC0000439,False,False,0.0,0.0
ACC0000442,False,False,0.0,0.0
ACC0000447,False,False,0.0,0.0
ACC0000450,False,False,0.0,0.0
ACC0000452,False,False,0.0,0.0
ACC0000471,False,False,0.0,0.0
ACC0000473,False,False,0.0,0.0
ACC0000480,False,False,0.0,0.0
ACC0000481,False,False,0.0,0.0
ACC0000484,False,False,0.0,0.0
ACC0000489,False,False,0.0,0.0
ACC0000499,False,False,0.0,0.0
ACC0000501,False,False,0.0,0.0
ACC0000511,False,False,0.0,0.0
ACC0000513,False,False,0.0,0.0
ACC0000517,False,False,0.0,0.0
ACC0000523,False,False,0.0,0.0
ACC0000524,False,False,0.0,0.0
ACC0000535,False,False,0.0,0.0
ACC0000538,False,False,0.0,0.0
ACC0000544,False,False,0.0,0.0
ACC0000552,False,False,0.0,0.0
ACC0000554,False,False,0.0,0.0
ACC0000572,False,False,0.0,0.0
ACC0000577,False,False,0.0,0.0
ACC0000590,True,False,146448.75,0.0
ACC0000591,False,False,0.0,0.0
ACC0000598,False,False,0.0,0.0
ACC0000605,False,False,0.0,0.0
ACC0000606,False,False,0.0,0.0
ACC0000610,False,False,0.0,0.0
ACC0000616,False,False,0.0,0.0
ACC0000618,False,False,0.0,0.0
ACC0000619,False,False,0.0,0.0
ACC0000623,False,False,0.0,0.0
ACC0000630,False,False,0.0,0.0
ACC0000632,False,False,0.0,0.0
ACC0000633,False,False,0.0,0.0
ACC0000635,False,False,0.0,0.0
ACC0000646,False,False,0.0,0.0
ACC0000651,False,False,0.0,0.0
ACC0000658,False,False,0.0,0.0
ACC0000660,False,False,0.0,0.0
ACC0000661,False,False,0.0,0.0
ACC0000665,False,False,0.0,0.0
ACC0000666,False,False,0.0,0.0
ACC0000667,False,False,0.0,0.0
ACC0000672,False,False,0.0,0.0
ACC0000673,False,False,0.0,0.0
ACC0000675,False,False,0.0,0.0
ACC0000676,False,False,0.0,0.0
ACC0000685,False,False,0.0,0.0
ACC0000689,False,False,0.0,0.0
ACC0000692,False,False,0.0,0.0
ACC0000700,True,False,19326.9,0.0
ACC0000718,False,False,0.0,0.0
ACC0000725,False,False,0.0,0.0
ACC0000728,False,False,0.0,0.0
ACC0000730,False,False,0.0,0.0
ACC0000731,False,False,0.0,0.0
ACC0000748,False,False,0.0,0.0
ACC0000751,False,False,0.0,0.0
ACC0000758,False,False,0.0,0.0
ACC0000759,False,False,0.0,0.0
ACC0000769,False,False,0.0,0.0
ACC0000770,False,False,0.0,0.0
ACC0000774,False,False,0.0,0.0
ACC0000781,False,False,0.0,0.0
ACC0000788,False,False,0.0,0.0
ACC0000790,False,False,0.0,0.0
ACC0000794,False,False,0.0,0.0
ACC0000797,False,False,0.0,0.0
ACC0000802,False,False,0.0,0.0
ACC0000826,False,False,0.0,0.0
ACC0000828,False,False,0.0,0.0
ACC0000835,False,False,0.0,0.0
ACC0000844,False,False,0.0,0.0
ACC0000845,True,False,23594.17,0.0
ACC0000855,False,False,0.0,0.0
ACC0000860,False,False,0.0,0.0
ACC0000863,False,False,0.0,0.0
ACC0000864,False,False,0.0,0.0
ACC0000868,False,False,0.0,0.0
ACC0000871,False,False,0.0,0.0
ACC0000876,False,False,0.0,0.0
ACC0000888,False,False,0.0,0.0
ACC0000892,False,False,0.0,0.0
ACC0000893,False,True,0.0,138642.07
ACC0000894,False,False,0.0,0.0
ACC0000898,False,False,0.0,0.0
ACC0000904,False,False,0.0,0.0
ACC0000905,False,False,0.0,0.0
ACC0000908,False,False,0.0,0.0
ACC0000909,False,False,0.0,0.0
ACC0000915,False,False,0.0,0.0
ACC0000918,False,False,0.0,0.0
ACC0000921,False,False,0.0,0.0
ACC0000927,False,False,0.0,0.0
ACC0000932,False,False,0.0,0.0
ACC0000936,False,False,0.0,0.0
ACC0000938,False,False,0.0,0.0
ACC0000941,False,False,0.0,0.0
ACC0000948,False,False,0.0,0.0
ACC0000951,False,False,0.0,0.0
ACC0000953,False,False,0.0,0.0
ACC0000978,False,False,0.0,0.0
ACC0000989,False,False,0.0,0.0
ACC0000995,False,False,0.0,0.0
ACC0000998,False,False,0.0,0.0
ACC0000999,False,False,0.0,0.0
ACC0001003,False,False,0.0,0.0
ACC0001008,False,True,0.0,105991.11
ACC0001009,False,False,0.0,0.0
ACC0001014,False,False,0.0,0.0
ACC0001016,False,False,0.0,0.0
ACC0001020,False,False,0.0,0.0
ACC0001029,False,False,0.0,0.0
ACC0001031,False,False,0.0,0.0
ACC0001032,False,False,0.0,0.0
ACC0001038,False,False,0.0,0.0
ACC0001044,False,False,0.0,0.0
ACC0001047,False,False,0.0,0.0
ACC0001049,False,False,0.0,0.0
ACC0001055,False,False,0.0,0.0
ACC0001060,False,False,0.0,0.0
ACC0001064,False,False,0.0,0.0
ACC0001068,False,False,0.0,0.0
ACC0001073,False,False,0.0,0.0
ACC0001076,False,False,0.0,0.0
ACC0001079,False,False,0.0,0.0
ACC0001082,False,False,0.0,0.0
ACC0001084,False,False,0.0,0.0
ACC0001085,False,False,0.0,0.0
ACC0001086,False,False,0.0,0.0
ACC0001090,False,False,0.0,0.0
ACC0001099,False,False,0.0,0.0
ACC0001109,False,False,0.0,0.0
ACC0001112,False,False,0.0,0.0
ACC0001125,False,False,0.0,0.0
ACC0001128,False,False,0.0,0.0
ACC0001134,False,False,0.0,0.0
ACC0001137,False,False,0.0,0.0
ACC0001138,False,False,0.0,0.0
ACC0001145,False,False,0.0,0.0
ACC0001149,False,False,0.0,0.0
ACC0001151,False,False,0.0,0.0
ACC0001153,False,False,0.0,0.0
ACC0001157,False,False,0.0,0.0
ACC0001159,False,False,0.0,0.0
ACC0001162,False,False,0.0,0.0
ACC0001167,False,False,0.0,0.0
ACC0001173,False,False,0.0,0.0
ACC0001181,False,False,0.0,0.0
ACC0001188,False,False,0.0,0.0
ACC0001190,False,True,0.0,90347.48
ACC0001197,False,False,0.0,0.0
ACC0001198,False,False,0.0,0.0
ACC0001206,False,False,0.0,0.0
ACC0001212,False,False,0.0,0.0
ACC0001214,False,False,0.0,0.0
ACC0001215,False,False,0.0,0.0
ACC0001219,False,True,0.0,132255.9
ACC0001222,False,False,0.0,0.0
ACC0001226,False,False,0.0,0.0
ACC0001232,False,False,0.0,0.0
ACC0001236,False,False,0.0,0.0
ACC0001240,False,False,0.0,0.0
ACC0001242,False,False,0.0,0.0
ACC0001243,False,False,0.0,0.0
ACC0001247,True,False,72011.57,0.0
ACC0001249,False,False,0.0,0.0
ACC0001250,False,False,0.0,0.0
ACC0001252,False,False,0.0,0.0
ACC0001258,False,False,0.0,0.0
ACC0001260,False,False,0.0,0.0
ACC0001262,False,False,0.0,0.0
ACC0001263,False,False,0.0,0.0
ACC0001266,False,False,0.0,0.0
ACC0001270,False,False,0.0,0.0
ACC0001278,False,False,0.0,0.0
ACC0001279,False,False,0.0,0.0
ACC0001283,False,False,0.0,0.0
ACC0001288,False,False,0.0,0.0
ACC0001303,False,False,0.0,0.0
ACC0001315,False,False,0.0,0.0
ACC0001319,False,False,0.0,0.0
ACC0001327,False,False,0.0,0.0
ACC0001328,False,False,0.0,0.0
ACC0001331,False,False,0.0,0.0
ACC0001338,False,False,0.0,0.0
ACC0001343,False,False,0.0,0.0
ACC0001344,False,False,0.0,0.0
ACC0001361,False,False,0.0,0.0
ACC0001364,False,False,0.0,0.0
ACC0001375,False,False,0.0,0.0
ACC0001380,False,False,0.0,0.0
ACC0001381,False,False,0.0,0.0
ACC0001389,False,False,0.0,0.0
ACC0001399,False,False,0.0,0.0
ACC0001401,False,False,0.0,0.0
ACC0001404,False,False,0.0,0.0
ACC0001406,False,False,0.0,0.0
ACC0001408,False,False,0.0,0.0
ACC0001411,False,False,0.0,0.0
ACC0001420,False,False,0.0,0.0
ACC0001421,False,False,0.0,0.0
ACC0001428,False,False,0.0,0.0
ACC0001439,False,False,0.0,0.0
ACC0001443,False,False,0.0,0.0
ACC0001445,False,False,0.0,0.0
ACC0001450,False,False,0.0,0.0
ACC0001454,False,False,0.0,0.0
ACC0001464,False,False,0.0,0.0
ACC0001480,False,False,0.0,0.0
ACC0001483,False,False,0.0,0.0
ACC0001485,False,False,0.0,0.0
ACC0001486,False,False,0.0,0.0
ACC0001490,False,False,0.0,0.0
ACC0001496,False,False,0.0,0.0
ACC0001497,False,False,0.0,0.0
ACC0001508,False,False,0.0,0.0
ACC0001509,False,False,0.0,0.0
ACC0001510,False,False,0.0,0.0
ACC0001520,False,False,0.0,0.0
ACC0001521,False,False,0.0,0.0
ACC0001525,False,False,0.0,0.0
ACC0001532,False,False,0.0,0.0
ACC0001533,False,False,0.0,0.0
ACC0001535,False,False,0.0,0.0
ACC0001538,False,False,0.0,0.0
ACC0001541,False,False,0.0,0.0
ACC0001542,False,False,0.0,0.0
ACC0001546,False,False,0.0,0.0
ACC0001557,False,False,0.0,0.0
ACC0001558,False,False,0.0,0.0
ACC0001576,False,False,0.0,0.0
ACC0001585,False,False,0.0,0.0
ACC0001588,False,False,0.0,0.0
ACC0001593,False,False,0.0,0.0
ACC0001601,False,False,0.0,0.0
ACC0001607,False,False,0.0,0.0
ACC0001608,False,False,0.0,0.0
ACC0001617,False,False,0.0,0.0
ACC0001620,False,False,0.0,0.0
ACC0001622,False,False,0.0,0.0
ACC0001623,False,False,0.0,0.0
ACC0001635,False,False,0.0,0.0
ACC0001636,False,False,0.0,0.0
ACC0001642,False,False,0.0,0.0
ACC0001643,False,False,0.0,0.0
ACC0001645,False,False,0.0,0.0
ACC0001658,False,False,0.0,0.0
ACC0001667,False,False,0.0,0.0
ACC0001677,False,False,0.0,0.0
ACC0001684,False,False,0.0,0.0
ACC0001691,False,False,0.0,0.0
ACC0001692,False,False,0.0,0.0
ACC0001705,False,False,0.0,0.0
ACC0001707,False,False,0.0,0.0
ACC0001710,False,False,0.0,0.0
ACC0001715,False,False,0.0,0.0
ACC0001728,False,False,0.0,0.0
ACC0001729,False,False,0.0,0.0
ACC0001731,False,False,0.0,0.0
ACC0001732,False,False,0.0,0.0
ACC0001733,False,False,0.0,0.0
ACC0001742,True,False,21216.21,0.0
ACC0001745,False,False,0.0,0.0
ACC0001759,False,False,0.0,0.0
ACC0001760,False,False,0.0,0.0
ACC0001762,False,False,0.0,0.0
ACC0001763,False,False,0.0,0.0
ACC0001765,False,False,0.0,0.0
ACC0001768,False,False,0.0,0.0
ACC0001771,False,False,0.0,0.0
ACC0001772,False,False,0.0,0.0
ACC0001775,False,False,0.0,0.0
ACC0001784,False,False,0.0,0.0
ACC0001786,False,False,0.0,0.0
ACC0001791,False,False,0.0,0.0
ACC0001795,False,False,0.0,0.0
ACC0001797,False,False,0.0,0.0
ACC0001798,False,False,0.0,0.0
ACC0001799,False,False,0.0,0.0
ACC0001800,False,False,0.0,0.0
ACC0001805,False,False,0.0,0.0
ACC0001810,False,False,0.0,0.0
ACC0001811,False,False,0.0,0.0
ACC0001813,False,False,0.0,0.0
ACC0001823,False,False,0.0,0.0
ACC0001824,False,False,0.0,0.0
ACC0001830,False,False,0.0,0.0
ACC0001833,False,False,0.0,0.0
ACC0001834,False,False,0.0,0.0
ACC0001838,False,False,0.0,0.0
ACC0001841,False,False,0.0,0.0
ACC0001845,False,False,0.0,0.0
ACC0001852,False,False,0.0,0.0
ACC0001853,False,False,0.0,0.0
ACC0001856,False,False,0.0,0.0
ACC0001864,False,False,0.0,0.0
ACC0001866,False,False,0.0,0.0
ACC0001877,False,False,0.0,0.0
ACC0001880,False,False,0.0,0.0
ACC0001882,False,False,0.0,0.0
ACC0001889,False,False,0.0,0.0
ACC0001890,False,False,0.0,0.0
ACC0001891,False,False,0.0,0.0
ACC0001893,False,False,0.0,0.0
ACC0001897,False,False,0.0,0.0
ACC0001907,False,False,0.0,0.0
ACC0001908,False,False,0.0,0.0
ACC0001910,False,False,0.0,0.0
ACC0001919,False,False,0.0,0.0
ACC0001923,False,False,0.0,0.0
ACC0001929,True,False,41650.26,0.0
ACC0001932,False,False,0.0,0.0
ACC0001941,False,False,0.0,0.0
ACC0001943,False,False,0.0,0.0
ACC0001962,False,False,0.0,0.0
ACC0001969,False,False,0.0,0.0
ACC0001974,False,False,0.0,0.0
ACC0001980,False,False,0.0,0.0
ACC0001982,False,False,0.0,0.0
ACC0001987,False,False,0.0,0.0
ACC0001988,False,False,0.0,0.0
ACC0001992,False,False,0.0,0.0
ACC0001993,False,False,0.0,0.0
ACC0001997,False,False,0.0,0.0
ACC0002004,False,False,0.0,0.0
ACC0002007,False,False,0.0,0.0
ACC0002008,False,False,0.0,0.0
ACC0002010,False,False,0.0,0.0
ACC0002020,False,False,0.0,0.0
ACC0002024,False,False,0.0,0.0
ACC0002030,False,False,0.0,0.0
ACC0002044,False,False,0.0,0.0
ACC0002045,False,False,0.0,0.0
ACC0002047,False,False,0.0,0.0
ACC0002058,False,False,0.0,0.0
ACC0002081,False,False,0.0,0.0
ACC0002085,False,False,0.0,0.0
ACC0002088,False,False,0.0,0.0
ACC0002092,False,True,0.0,21863.64
ACC0002103,False,False,0.0,0.0
ACC0002105,False,False,0.0,0.0
ACC0002106,False,False,0.0,0.0
ACC0002108,False,False,0.0,0.0
ACC0002110,False,False,0.0,0.0
ACC0002113,False,False,0.0,0.0
ACC0002117,False,False,0.0,0.0
ACC0002118,False,False,0.0,0.0
ACC0002132,False,False,0.0,0.0
ACC0002135,False,False,0.0,0.0
ACC0002142,True,False,115918.01,0.0
ACC0002152,False,False,0.0,0.0
ACC0002158,False,False,0.0,0.0
ACC0002171,False,False,0.0,0.0
ACC0002177,False,False,0.0,0.0
ACC0002180,False,False,0.0,0.0
ACC0002185,False,False,0.0,0.0
ACC0002201,False,True,0.0,145335.79
ACC0002216,False,False,0.0,0.0
ACC0002217,False,False,0.0,0.0
ACC0002220,False,False,0.0,0.0
ACC0002223,False,False,0.0,0.0
ACC0002228,False,False,0.0,0.0
ACC0002231,False,False,0.0,0.0
ACC0002232,False,False,0.0,0.0
ACC0002234,False,False,0.0,0.0
ACC0002236,False,False,0.0,0.0
ACC0002239,False,False,0.0,0.0
ACC0002241,False,False,0.0,0.0
ACC0002243,False,False,0.0,0.0
ACC0002246,False,False,0.0,0.0
ACC0002251,False,False,0.0,0.0
ACC0002254,False,False,0.0,0.0
ACC0002255,False,False,0.0,0.0
ACC0002258,False,False,0.0,0.0
ACC0002262,False,False,0.0,0.0
ACC0002269,False,False,0.0,0.0
ACC0002275,False,False,0.0,0.0
ACC0002283,False,False,0.0,0.0
ACC0002292,False,False,0.0,0.0
ACC0002293,False,False,0.0,0.0
ACC0002295,False,False,0.0,0.0
ACC0002304,False,False,0.0,0.0
ACC0002309,False,False,0.0,0.0
ACC0002313,False,False,0.0,0.0
ACC0002320,False,False,0.0,0.0
ACC0002324,False,False,0.0,0.0
ACC0002332,False,False,0.0,0.0
ACC0002339,False,False,0.0,0.0
ACC0002357,False,False,0.0,0.0
ACC0002360,False,False,0.0,0.0
ACC0002361,False,False,0.0,0.0
ACC0002362,False,False,0.0,0.0
ACC0002363,False,False,0.0,0.0
ACC0002373,False,False,0.0,0.0
ACC0002374,False,False,0.0,0.0
ACC0002388,False,False,0.0,0.0
ACC0002391,False,False,0.0,0.0
ACC0002408,False,False,0.0,0.0
ACC0002413,False,False,0.0,0.0
ACC0002415,False,False,0.0,0.0
ACC0002426,False,False,0.0,0.0
ACC0002428,False,False,0.0,0.0
ACC0002432,False,False,0.0,0.0
ACC0002438,False,False,0.0,0.0
ACC0002440,False,False,0.0,0.0
ACC0002447,False,False,0.0,0.0
ACC0002459,False,False,0.0,0.0
ACC0002461,False,False,0.0,0.0
ACC0002468,False,False,0.0,0.0
ACC0002473,False,False,0.0,0.0
ACC0002474,True,False,119662.78,0.0
ACC0002485,False,False,0.0,0.0
ACC0002499,True,False,23268.72,0.0
ACC0002505,False,False,0.0,0.0
ACC0002509,False,False,0.0,0.0
ACC0002518,False,False,0.0,0.0
ACC0002523,False,False,0.0,0.0
ACC0002525,False,False,0.0,0.0
ACC0002538,False,False,0.0,0.0
ACC0002543,False,False,0.0,0.0
ACC0002544,False,False,0.0,0.0
ACC0002551,False,False,0.0,0.0
ACC0002559,False,False,0.0,0.0
ACC0002561,False,False,0.0,0.0
ACC0002562,False,False,0.0,0.0
ACC0002572,False,False,0.0,0.0
ACC0002573,False,False,0.0,0.0
ACC0002574,False,False,0.0,0.0
ACC0002576,False,False,0.0,0.0
ACC0002578,False,False,0.0,0.0
ACC0002582,False,False,0.0,0.0
ACC0002599,False,False,0.0,0.0
ACC0002604,False,False,0.0,0.0
ACC0002619,False,False,0.0,0.0
ACC0002622,False,False,0.0,0.0
ACC0002629,False,False,0.0,0.0
ACC0002635,False,False,0.0,0.0
ACC0002636,False,False,0.0,0.0
ACC0002643,False,False,0.0,0.0
ACC0002644,False,False,0.0,0.0
ACC0002653,False,False,0.0,0.0
ACC0002654,False,False,0.0,0.0
ACC0002656,False,False,0.0,0.0
ACC0002658,False,False,0.0,0.0
ACC0002663,False,False,0.0,0.0
ACC0002664,False,False,0.0,0.0
ACC0002666,False,False,0.0,0.0
ACC0002680,False,False,0.0,0.0
ACC0002681,True,False,14233.1,0.0
ACC0002682,False,False,0.0,0.0
ACC0002693,False,False,0.0,0.0
ACC0002706,False,False,0.0,0.0
ACC0002707,False,False,0.0,0.0
ACC0002716,False,False,0.0,0.0
ACC0002722,False,False,0.0,0.0
ACC0002723,False,False,0.0,0.0
ACC0002724,False,False,0.0,0.0
ACC0002726,False,False,0.0,0.0
ACC0002727,False,False,0.0,0.0
ACC0002730,False,False,0.0,0.0
ACC0002732,False,False,0.0,0.0
ACC0002734,False,False,0.0,0.0
ACC0002752,False,False,0.0,0.0
ACC0002754,False,False,0.0,0.0
ACC0002762,False,False,0.0,0.0
ACC0002783,False,False,0.0,0.0
ACC0002784,False,False,0.0,0.0
ACC0002787,False,False,0.0,0.0
ACC0002788,False,False,0.0,0.0
ACC0002792,False,False,0.0,0.0
ACC0002794,False,False,0.0,0.0
ACC0002796,False,False,0.0,0.0
ACC0002810,False,False,0.0,0.0
ACC0002815,False,False,0.0,0.0
ACC0002818,False,False,0.0,0.0
ACC0002819,False,False,0.0,0.0
ACC0002825,False,False,0.0,0.0
ACC0002827,False,False,0.0,0.0
ACC0002829,False,False,0.0,0.0
ACC0002834,False,False,0.0,0.0
ACC0002838,False,False,0.0,0.0
ACC0002845,False,False,0.0,0.0
ACC0002850,False,False,0.0,0.0
ACC0002853,False,False,0.0,0.0
ACC0002864,False,False,0.0,0.0
ACC0002865,False,False,0.0,0.0
ACC0002870,False,False,0.0,0.0
ACC0002876,False,False,0.0,0.0
ACC0002879,False,False,0.0,0.0
ACC0002881,False,False,0.0,0.0
ACC0002886,False,False,0.0,0.0
ACC0002898,False,False,0.0,0.0
ACC0002900,False,False,0.0,0.0
ACC0002903,False,False,0.0,0.0
ACC0002907,False,False,0.0,0.0
ACC0002909,False,False,0.0,0.0
ACC0002913,False,False,0.0,0.0
ACC0002915,False,False,0.0,0.0
ACC0002917,False,False,0.0,0.0
ACC0002920,False,False,0.0,0.0
ACC0002926,False,False,0.0,0.0
ACC0002932,False,False,0.0,0.0
ACC0002950,False,False,0.0,0.0
ACC0002953,False,False,0.0,0.0
ACC0002955,False,False,0.0,0.0
ACC0002957,False,False,0.0,0.0
ACC0002958,False,False,0.0,0.0
ACC0002959,False,False,0.0,0.0
ACC0002963,False,False,0.0,0.0
ACC0002968,False,False,0.0,0.0
ACC0002971,False,False,0.0,0.0
ACC0002975,False,False,0.0,0.0
ACC0002979,False,False,0.0,0.0
ACC0002996,False,False,0.0,0.0
ACC0002997,False,False,0.0,0.0
ACC0002998,False,False,0.0,0.0
ACC0003006,False,False,0.0,0.0
ACC0003007,False,False,0.0,0.0
ACC0003008,False,False,0.0,0.0
ACC0003009,False,False,0.0,0.0
ACC0003011,False,False,0.0,0.0
ACC0003014,False,False,0.0,0.0
ACC0003025,False,False,0.0,0.0
ACC0003032,False,False,0.0,0.0
ACC0003037,False,False,0.0,0.0
ACC0003039,False,False,0.0,0.0
ACC0003045,False,False,0.0,0.0
ACC0003049,False,False,0.0,0.0
ACC0003051,False,False,0.0,0.0
ACC0003055,False,False,0.0,0.0
ACC0003056,False,False,0.0,0.0
ACC0003067,False,False,0.0,0.0
ACC0003069,False,False,0.0,0.0
ACC0003074,False,False,0.0,0.0
ACC0003077,False,False,0.0,0.0
ACC0003084,False,False,0.0,0.0
ACC0003103,False,False,0.0,0.0
ACC0003109,False,False,0.0,0.0
ACC0003122,False,False,0.0,0.0
ACC0003128,False,False,0.0,0.0
ACC0003129,False,False,0.0,0.0
ACC0003130,False,False,0.0,0.0
ACC0003138,False,False,0.0,0.0
ACC0003141,False,False,0.0,0.0
ACC0003142,False,False,0.0,0.0
ACC0003145,False,False,0.0,0.0
ACC0003150,True,False,89981.08,0.0
ACC0003152,False,False,0.0,0.0
ACC0003153,False,False,0.0,0.0
ACC0003155,False,False,0.0,0.0
ACC0003159,False,False,0.0,0.0
ACC0003163,False,False,0.0,0.0
ACC0003165,False,False,0.0,0.0
ACC0003181,False,False,0.0,0.0
ACC0003183,False,False,0.0,0.0
ACC0003194,False,False,0.0,0.0
ACC0003195,False,False,0.0,0.0
ACC0003198,False,False,0.0,0.0
ACC0003203,False,False,0.0,0.0
ACC0003215,False,False,0.0,0.0
ACC0003216,False,False,0.0,0.0
ACC0003220,False,False,0.0,0.0
ACC0003228,False,False,0.0,0.0
ACC0003254,False,False,0.0,0.0
ACC0003264,False,False,0.0,0.0
ACC0003270,False,False,0.0,0.0
ACC0003271,False,False,0.0,0.0
ACC0003272,False,False,0.0,0.0
ACC0003274,False,False,0.0,0.0
ACC0003275,False,False,0.0,0.0
ACC0003278,False,False,0.0,0.0
ACC0003279,False,False,0.0,0.0
ACC0003287,False,False,0.0,0.0
ACC0003293,False,False,0.0,0.0
ACC0003295,True,False,110049.78,0.0
ACC0003299,False,False,0.0,0.0
ACC0003301,False,False,0.0,0.0
ACC0003303,False,False,0.0,0.0
ACC0003307,False,False,0.0,0.0
ACC0003309,False,False,0.0,0.0
ACC0003319,False,False,0.0,0.0
ACC0003329,False,False,0.0,0.0
ACC0003338,False,False,0.0,0.0
ACC0003349,False,False,0.0,0.0
ACC0003354,False,False,0.0,0.0
ACC0003356,False,False,0.0,0.0
ACC0003359,False,False,0.0,0.0
ACC0003360,False,False,0.0,0.0
ACC0003361,False,False,0.0,0.0
ACC0003365,False,False,0.0,0.0
ACC0003384,False,False,0.0,0.0
ACC0003386,False,False,0.0,0.0
ACC0003389,False,False,0.0,0.0
ACC0003390,False,False,0.0,0.0
ACC0003394,False,False,0.0,0.0
ACC0003395,False,False,0.0,0.0
ACC0003399,False,False,0.0,0.0
ACC0003404,False,False,0.0,0.0
ACC0003405,False,False,0.0,0.0
ACC0003410,False,False,0.0,0.0
ACC0003412,False,False,0.0,0.0
ACC0003420,False,False,0.0,0.0
ACC0003425,False,False,0.0,0.0
ACC0003427,False,False,0.0,0.0
ACC0003428,False,False,0.0,0.0
ACC0003434,False,False,0.0,0.0
ACC0003437,False,False,0.0,0.0
ACC0003441,False,False,0.0,0.0
ACC0003443,False,False,0.0,0.0
ACC0003449,False,False,0.0,0.0
ACC0003452,False,False,0.0,0.0
ACC0003453,False,False,0.0,0.0
ACC0003462,False,False,0.0,0.0
ACC0003463,False,False,0.0,0.0
ACC0003464,False,False,0.0,0.0
ACC0003465,False,False,0.0,0.0
ACC0003468,False,False,0.0,0.0
ACC0003479,False,False,0.0,0.0
ACC0003482,False,False,0.0,0.0
ACC0003483,False,False,0.0,0.0
ACC0003486,False,False,0.0,0.0
ACC0003491,False,False,0.0,0.0
ACC0003492,False,False,0.0,0.0
ACC0003493,False,False,0.0,0.0
ACC0003494,False,False,0.0,0.0
ACC0003498,False,False,0.0,0.0
ACC0003501,False,False,0.0,0.0
ACC0003503,False,False,0.0,0.0
ACC0003505,False,False,0.0,0.0
ACC0003509,False,False,0.0,0.0
ACC0003510,False,False,0.0,0.0
ACC0003514,False,False,0.0,0.0
ACC0003517,False,False,0.0,0.0
ACC0003520,False,False,0.0,0.0
ACC0003522,False,False,0.0,0.0
ACC0003528,False,False,0.0,0.0
ACC0003537,False,False,0.0,0.0
ACC0003548,False,False,0.0,0.0
ACC0003555,False,False,0.0,0.0
ACC0003556,False,True,0.0,146212.54
ACC0003561,False,False,0.0,0.0
ACC0003562,False,False,0.0,0.0
ACC0003567,False,False,0.0,0.0
ACC0003568,False,False,0.0,0.0
ACC0003570,False,False,0.0,0.0
ACC0003579,False,False,0.0,0.0
ACC0003580,False,False,0.0,0.0
ACC0003585,False,False,0.0,0.0
ACC0003588,False,False,0.0,0.0
ACC0003589,False,False,0.0,0.0
ACC0003593,False,False,0.0,0.0
ACC0003595,False,False,0.0,0.0
ACC0003604,False,False,0.0,0.0
ACC0003611,False,False,0.0,0.0
ACC0003614,False,False,0.0,0.0
ACC0003618,False,False,0.0,0.0
ACC0003622,False,False,0.0,0.0
ACC0003626,False,False,0.0,0.0
ACC0003633,False,False,0.0,0.0
ACC0003649,False,False,0.0,0.0
ACC0003661,False,False,0.0,0.0
ACC0003667,False,False,0.0,0.0
ACC0003676,False,False,0.0,0.0
ACC0003679,False,False,0.0,0.0
ACC0003680,False,False,0.0,0.0
ACC0003682,False,False,0.0,0.0
ACC0003683,False,False,0.0,0.0
ACC0003684,False,False,0.0,0.0
ACC0003695,False,False,0.0,0.0
ACC0003696,True,False,108019.14,0.0
ACC0003697,False,False,0.0,0.0
ACC0003708,False,False,0.0,0.0
ACC0003710,False,False,0.0,0.0
ACC0003718,False,False,0.0,0.0
ACC0003720,False,False,0.0,0.0
ACC0003727,False,False,0.0,0.0
ACC0003733,False,False,0.0,0.0
ACC0003739,False,False,0.0,0.0
ACC0003748,False,False,0.0,0.0
ACC0003750,False,False,0.0,0.0
ACC0003754,False,False,0.0,0.0
ACC0003758,False,False,0.0,0.0
ACC0003760,False,False,0.0,0.0
ACC0003763,False,False,0.0,0.0
ACC0003765,False,False,0.0,0.0
ACC0003770,False,False,0.0,0.0
ACC0003781,False,False,0.0,0.0
ACC0003782,False,False,0.0,0.0
ACC0003784,False,False,0.0,0.0
ACC0003796,False,False,0.0,0.0
ACC0003805,False,False,0.0,0.0
ACC0003807,False,False,0.0,0.0
ACC0003810,False,False,0.0,0.0
ACC0003817,False,False,0.0,0.0
ACC0003818,False,False,0.0,0.0
ACC0003820,False,False,0.0,0.0
ACC0003825,False,False,0.0,0.0
ACC0003832,False,False,0.0,0.0
ACC0003837,False,False,0.0,0.0
ACC0003841,False,False,0.0,0.0
ACC0003849,False,False,0.0,0.0
ACC0003852,False,False,0.0,0.0
ACC0003864,False,False,0.0,0.0
ACC0003866,False,False,0.0,0.0
ACC0003884,False,False,0.0,0.0
ACC0003890,False,False,0.0,0.0
ACC0003891,False,False,0.0,0.0
ACC0003893,False,False,0.0,0.0
ACC0003894,False,False,0.0,0.0
ACC0003896,False,False,0.0,0.0
ACC0003898,False,False,0.0,0.0
ACC0003901,False,False,0.0,0.0
ACC0003903,False,False,0.0,0.0
ACC0003905,False,False,0.0,0.0
ACC0003914,False,False,0.0,0.0
ACC0003932,False,False,0.0,0.0
ACC0003942,False,False,0.0,0.0
ACC0003947,False,False,0.0,0.0
ACC0003948,False,False,0.0,0.0
ACC0003955,False,False,0.0,0.0
ACC0003958,False,False,0.0,0.0
ACC0003962,False,False,0.0,0.0
ACC0003963,False,False,0.0,0.0
ACC0003965,False,False,0.0,0.0
ACC0003970,False,False,0.0,0.0
ACC0003974,False,False,0.0,0.0
ACC0003975,False,False,0.0,0.0
ACC0003983,False,False,0.0,0.0
ACC0003990,False,False,0.0,0.0
ACC0004007,False,False,0.0,0.0
ACC0004008,False,False,0.0,0.0
ACC0004014,False,False,0.0,0.0
ACC0004015,False,False,0.0,0.0
ACC0004016,False,False,0.0,0.0
ACC0004019,False,False,0.0,0.0
ACC0004021,False,False,0.0,0.0
ACC0004022,False,False,0.0,0.0
ACC0004030,False,False,0.0,0.0
ACC0004034,False,False,0.0,0.0
ACC0004038,False,False,0.0,0.0
ACC0004039,False,False,0.0,0.0
ACC0004044,False,False,0.0,0.0
ACC0004060,False,False,0.0,0.0
ACC0004061,False,True,0.0,1753.73
ACC0004070,True,False,65303.41,0.0
ACC0004072,False,False,0.0,0.0
ACC0004077,False,False,0.0,0.0
ACC0004082,False,False,0.0,0.0
ACC0004093,False,False,0.0,0.0
ACC0004101,False,False,0.0,0.0
ACC0004105,False,False,0.0,0.0
ACC0004111,False,False,0.0,0.0
ACC0004118,False,False,0.0,0.0
ACC0004138,False,False,0.0,0.0
ACC0004146,False,False,0.0,0.0
ACC0004165,False,False,0.0,0.0
ACC0004175,False,False,0.0,0.0
ACC0004181,False,False,0.0,0.0
ACC0004197,False,False,0.0,0.0
ACC0004209,False,False,0.0,0.0
ACC0004210,False,False,0.0,0.0
ACC0004212,False,False,0.0,0.0
ACC0004222,False,False,0.0,0.0
ACC0004228,False,False,0.0,0.0
ACC0004233,False,False,0.0,0.0
ACC0004240,False,False,0.0,0.0
ACC0004245,False,False,0.0,0.0
ACC0004247,False,False,0.0,0.0
ACC0004251,False,False,0.0,0.0
ACC0004257,False,False,0.0,0.0
ACC0004274,False,False,0.0,0.0
ACC0004275,False,False,0.0,0.0
ACC0004276,False,False,0.0,0.0
ACC0004278,False,False,0.0,0.0
ACC0004279,False,False,0.0,0.0
ACC0004282,False,False,0.0,0.0
ACC0004283,False,False,0.0,0.0
ACC0004289,False,False,0.0,0.0
ACC0004290,False,False,0.0,0.0
ACC0004292,False,False,0.0,0.0
ACC0004297,False,False,0.0,0.0
ACC0004302,True,False,133716.8,0.0
ACC0004305,False,False,0.0,0.0
ACC0004317,False,False,0.0,0.0
ACC0004322,False,False,0.0,0.0
ACC0004340,False,False,0.0,0.0
ACC0004345,False,False,0.0,0.0
ACC0004363,False,False,0.0,0.0
ACC0004369,False,False,0.0,0.0
ACC0004380,False,False,0.0,0.0
ACC0004383,False,False,0.0,0.0
ACC0004388,False,False,0.0,0.0
ACC0004394,False,False,0.0,0.0
ACC0004395,False,False,0.0,0.0
ACC0004398,False,False,0.0,0.0
ACC0004419,False,False,0.0,0.0
ACC0004426,False,False,0.0,0.0
ACC0004443,False,False,0.0,0.0
ACC0004447,False,False,0.0,0.0
ACC0004459,False,False,0.0,0.0
ACC0004466,False,False,0.0,0.0
ACC0004471,False,False,0.0,0.0
ACC0004472,False,False,0.0,0.0
ACC0004482,False,False,0.0,0.0
ACC0004485,False,False,0.0,0.0
ACC0004492,False,False,0.0,0.0
ACC0004499,False,False,0.0,0.0
ACC0004500,False,False,0.0,0.0
ACC0004505,False,False,0.0,0.0
ACC0004514,False,False,0.0,0.0
ACC0004521,False,False,0.0,0.0
ACC0004522,False,False,0.0,0.0
ACC0004523,False,False,0.0,0.0
ACC0004524,False,False,0.0,0.0
ACC0004525,False,False,0.0,0.0
ACC0004526,False,False,0.0,0.0
ACC0004534,False,False,0.0,0.0
ACC0004535,False,False,0.0,0.0
ACC0004538,False,False,0.0,0.0
ACC0004550,False,False,0.0,0.0
ACC0004554,False,False,0.0,0.0
ACC0004561,False,False,0.0,0.0
ACC0004568,False,False,0.0,0.0
ACC0004576,False,False,0.0,0.0
ACC0004582,False,False,0.0,0.0
ACC0004587,False,False,0.0,0.0
ACC0004593,False,False,0.0,0.0
ACC0004595,False,False,0.0,0.0
ACC0004599,False,False,0.0,0.0
ACC0004602,False,False,0.0,0.0
ACC0004619,False,False,0.0,0.0
ACC0004620,False,False,0.0,0.0
ACC0004623,False,False,0.0,0.0
ACC0004627,False,False,0.0,0.0
ACC0004633,False,True,0.0,71012.23
ACC0004643,False,False,0.0,0.0
ACC0004645,False,False,0.0,0.0
ACC0004647,False,False,0.0,0.0
ACC0004650,False,False,0.0,0.0
ACC0004651,False,False,0.0,0.0
ACC0004664,False,False,0.0,0.0
ACC0004674,False,False,0.0,0.0
ACC0004679,False,False,0.0,0.0
ACC0004691,False,False,0.0,0.0
ACC0004697,False,False,0.0,0.0
ACC0004702,False,False,0.0,0.0
ACC0004703,False,False,0.0,0.0
ACC0004713,False,False,0.0,0.0
ACC0004714,False,False,0.0,0.0
ACC0004746,False,False,0.0,0.0
ACC0004753,False,False,0.0,0.0
ACC0004755,False,False,0.0,0.0
ACC0004758,False,False,0.0,0.0
ACC0004761,False,False,0.0,0.0
ACC0004767,False,False,0.0,0.0
ACC0004773,False,False,0.0,0.0
ACC0004779,False,False,0.0,0.0
ACC0004780,False,False,0.0,0.0
ACC0004785,False,False,0.0,0.0
ACC0004789,False,False,0.0,0.0
ACC0004796,False,False,0.0,0.0
ACC0004797,False,False,0.0,0.0
ACC0004807,False,False,0.0,0.0
ACC0004811,False,False,0.0,0.0
ACC0004813,False,False,0.0,0.0
ACC0004815,False,False,0.0,0.0
ACC0004818,False,False,0.0,0.0
ACC0004820,False,False,0.0,0.0
ACC0004831,False,False,0.0,0.0
ACC0004832,False,False,0.0,0.0
ACC0004833,False,False,0.0,0.0
ACC0004834,False,False,0.0,0.0
ACC0004836,False,True,0.0,73969.35
ACC0004839,False,False,0.0,0.0
ACC0004844,False,False,0.0,0.0
ACC0004852,False,False,0.0,0.0
ACC0004853,False,False,0.0,0.0
ACC0004859,False,False,0.0,0.0
ACC0004860,False,False,0.0,0.0
ACC0004863,False,False,0.0,0.0
ACC0004868,False,False,0.0,0.0
ACC0004869,False,False,0.0,0.0
ACC0004872,False,False,0.0,0.0
ACC0004874,False,False,0.0,0.0
ACC0004875,False,False,0.0,0.0
ACC0004878,False,False,0.0,0.0
ACC0004891,False,False,0.0,0.0
ACC0004898,False,False,0.0,0.0
ACC0004909,False,False,0.0,0.0
ACC0004914,False,False,0.0,0.0
ACC0004919,False,False,0.0,0.0
ACC0004921,False,False,0.0,0.0
ACC0004934,False,False,0.0,0.0
ACC0004943,False,False,0.0,0.0
ACC0004951,False,True,0.0,82458.74
ACC0004954,False,False,0.0,0.0
ACC0004964,False,False,0.0,0.0
ACC0004977,False,False,0.0,0.0
ACC0004996,False,False,0.0,0.0
ACC0004998,False,False,0.0,0.0
ACC0005000,False,False,0.0,0.0
ACC0005008,False,False,0.0,0.0
ACC0005019,False,False,0.0,0.0
ACC0005029,False,False,0.0,0.0
ACC0005035,False,False,0.0,0.0
ACC0005041,False,False,0.0,0.0
ACC0005043,False,False,0.0,0.0
ACC0005044,False,False,0.0,0.0
ACC0005048,False,False,0.0,0.0
ACC0005058,False,False,0.0,0.0
ACC0005059,False,False,0.0,0.0
ACC0005060,False,False,0.0,0.0
ACC0005069,False,False,0.0,0.0
ACC0005072,False,False,0.0,0.0
ACC0005073,False,False,0.0,0.0
ACC0005100,False,False,0.0,0.0
ACC0005103,False,False,0.0,0.0
ACC0005105,False,False,0.0,0.0
ACC0005109,False,False,0.0,0.0
ACC0005113,False,False,0.0,0.0
ACC0005121,True,False,129138.66,0.0
ACC0005129,False,False,0.0,0.0
ACC0005133,False,False,0.0,0.0
ACC0005134,False,False,0.0,0.0
ACC0005143,False,False,0.0,0.0
ACC0005149,False,False,0.0,0.0
ACC0005154,False,False,0.0,0.0
ACC0005160,False,False,0.0,0.0
ACC0005162,False,False,0.0,0.0
ACC0005169,False,False,0.0,0.0
ACC0005171,False,False,0.0,0.0
ACC0005183,False,False,0.0,0.0
ACC0005188,False,False,0.0,0.0
ACC0005190,True,False,82429.75,0.0
ACC0005192,False,False,0.0,0.0
ACC0005194,False,False,0.0,0.0
ACC0005196,False,False,0.0,0.0
ACC0005198,False,False,0.0,0.0
ACC0005203,False,False,0.0,0.0
ACC0005204,False,False,0.0,0.0
ACC0005205,False,True,0.0,8747.86
ACC0005206,False,False,0.0,0.0
ACC0005210,False,False,0.0,0.0
ACC0005216,False,False,0.0,0.0
ACC0005239,False,False,0.0,0.0
ACC0005244,False,False,0.0,0.0
ACC0005245,False,False,0.0,0.0
ACC0005248,False,False,0.0,0.0
ACC0005255,False,False,0.0,0.0
ACC0005257,False,False,0.0,0.0
ACC0005267,False,False,0.0,0.0
ACC0005276,False,False,0.0,0.0
ACC0005278,False,False,0.0,0.0
ACC0005280,False,False,0.0,0.0
ACC0005281,False,False,0.0,0.0
ACC0005292,False,False,0.0,0.0
ACC0005296,False,False,0.0,0.0
ACC0005301,False,False,0.0,0.0
ACC0005302,False,False,0.0,0.0
ACC0005307,False,False,0.0,0.0
ACC0005317,False,False,0.0,0.0
ACC0005323,False,False,0.0,0.0
ACC0005326,False,False,0.0,0.0
ACC0005329,False,False,0.0,0.0
ACC0005333,False,False,0.0,0.0
ACC0005348,False,False,0.0,0.0
ACC0005355,False,False,0.0,0.0
ACC0005356,False,False,0.0,0.0
ACC0005357,False,False,0.0,0.0
ACC0005359,False,False,0.0,0.0
ACC0005365,False,False,0.0,0.0
ACC0005383,False,False,0.0,0.0
ACC0005404,False,False,0.0,0.0
ACC0005407,False,False,0.0,0.0
ACC0005420,False,False,0.0,0.0
ACC0005427,False,False,0.0,0.0
ACC0005430,False,False,0.0,0.0
ACC0005437,False,False,0.0,0.0
ACC0005441,False,False,0.0,0.0
ACC0005445,False,False,0.0,0.0
ACC0005447,False,False,0.0,0.0
ACC0005450,False,False,0.0,0.0
ACC0005451,False,False,0.0,0.0
ACC0005452,False,False,0.0,0.0
ACC0005464,False,False,0.0,0.0
ACC0005465,False,False,0.0,0.0
ACC0005472,False,False,0.0,0.0
ACC0005474,False,False,0.0,0.0
ACC0005486,False,False,0.0,0.0
ACC0005490,False,False,0.0,0.0
ACC0005495,False,False,0.0,0.0
ACC0005497,False,False,0.0,0.0
ACC0005499,False,False,0.0,0.0
ACC0005513,False,False,0.0,0.0
ACC0005516,False,False,0.0,0.0
ACC0005531,False,False,0.0,0.0
ACC0005532,False,False,0.0,0.0
ACC0005534,False,False,0.0,0.0
ACC0005555,False,False,0.0,0.0
ACC0005569,False,False,0.0,0.0
ACC0005574,False,False,0.0,0.0
ACC0005579,False,False,0.0,0.0
ACC0005583,False,False,0.0,0.0
ACC0005599,False,False,0.0,0.0
ACC0005602,False,False,0.0,0.0
ACC0005608,False,False,0.0,0.0
ACC0005609,False,False,0.0,0.0
ACC0005611,False,False,0.0,0.0
ACC0005613,False,False,0.0,0.0
ACC0005622,False,False,0.0,0.0
ACC0005625,False,False,0.0,0.0
ACC0005627,False,False,0.0,0.0
ACC0005630,False,False,0.0,0.0
ACC0005633,False,False,0.0,0.0
ACC0005642,False,False,0.0,0.0
ACC0005651,False,False,0.0,0.0
ACC0005652,False,False,0.0,0.0
ACC0005654,False,False,0.0,0.0
ACC0005656,False,False,0.0,0.0
ACC0005660,False,False,0.0,0.0
ACC0005666,False,False,0.0,0.0
ACC0005673,False,False,0.0,0.0
ACC0005675,False,False,0.0,0.0
ACC0005681,False,False,0.0,0.0
ACC0005686,False,False,0.0,0.0
ACC0005688,False,False,0.0,0.0
ACC0005690,False,False,0.0,0.0
ACC0005691,False,False,0.0,0.0
ACC0005694,False,False,0.0,0.0
ACC0005699,False,False,0.0,0.0
ACC0005701,False,False,0.0,0.0
ACC0005708,False,False,0.0,0.0
ACC0005709,True,False,62875.21,0.0
ACC0005719,False,False,0.0,0.0
ACC0005720,False,False,0.0,0.0
ACC0005724,True,False,130976.66,0.0
ACC0005726,False,False,0.0,0.0
ACC0005729,False,False,0.0,0.0
ACC0005735,False,False,0.0,0.0
ACC0005738,False,False,0.0,0.0
ACC0005742,False,False,0.0,0.0
ACC0005743,False,False,0.0,0.0
ACC0005763,False,False,0.0,0.0
ACC0005764,False,False,0.0,0.0
ACC0005765,False,False,0.0,0.0
ACC0005767,False,False,0.0,0.0
ACC0005778,False,False,0.0,0.0
ACC0005779,False,False,0.0,0.0
ACC0005781,False,False,0.0,0.0
ACC0005783,False,False,0.0,0.0
ACC0005786,False,False,0.0,0.0
ACC0005790,False,False,0.0,0.0
ACC0005792,False,False,0.0,0.0
ACC0005793,False,False,0.0,0.0
ACC0005804,False,False,0.0,0.0
ACC0005810,False,False,0.0,0.0
ACC0005815,False,False,0.0,0.0
ACC0005816,False,False,0.0,0.0
ACC0005818,False,False,0.0,0.0
ACC0005820,False,False,0.0,0.0
ACC0005828,False,False,0.0,0.0
ACC0005832,False,False,0.0,0.0
ACC0005836,False,False,0.0,0.0
ACC0005856,False,False,0.0,0.0
ACC0005859,False,False,0.0,0.0
ACC0005865,False,False,0.0,0.0
ACC0005866,False,False,0.0,0.0
ACC0005867,False,False,0.0,0.0
ACC0005877,False,False,0.0,0.0
ACC0005882,False,False,0.0,0.0
ACC0005885,False,False,0.0,0.0
ACC0005887,False,False,0.0,0.0
ACC0005890,False,False,0.0,0.0
ACC0005894,False,False,0.0,0.0
ACC0005901,False,False,0.0,0.0
ACC0005903,False,False,0.0,0.0
ACC0005909,False,False,0.0,0.0
ACC0005915,False,False,0.0,0.0
ACC0005924,False,False,0.0,0.0
ACC0005927,False,False,0.0,0.0
ACC0005933,False,False,0.0,0.0
ACC0005934,False,False,0.0,0.0
ACC0005936,False,False,0.0,0.0
ACC0005941,False,False,0.0,0.0
ACC0005945,False,False,0.0,0.0
ACC0005946,False,False,0.0,0.0
ACC0005949,False,False,0.0,0.0
ACC0005953,False,False,0.0,0.0
ACC0005959,False,False,0.0,0.0
ACC0005969,False,False,0.0,0.0
ACC0005990,False,False,0.0,0.0
ACC0005994,False,False,0.0,0.0
ACC0006001,False,False,0.0,0.0
ACC0006004,False,False,0.0,0.0
ACC0006019,False,False,0.0,0.0
ACC0006034,False,False,0.0,0.0
ACC0006035,False,False,0.0,0.0
ACC0006038,False,False,0.0,0.0
ACC0006041,False,False,0.0,0.0
ACC0006044,False,False,0.0,0.0
ACC0006051,False,False,0.0,0.0
ACC0006052,False,False,0.0,0.0
ACC0006057,False,False,0.0,0.0
ACC0006059,False,False,0.0,0.0
ACC0006062,False,False,0.0,0.0
ACC0006065,False,False,0.0,0.0
ACC0006069,False,False,0.0,0.0
ACC0006071,False,False,0.0,0.0
ACC0006073,False,False,0.0,0.0
ACC0006076,False,False,0.0,0.0
ACC0006078,False,False,0.0,0.0
ACC0006084,False,False,0.0,0.0
ACC0006101,False,False,0.0,0.0
ACC0006103,False,False,0.0,0.0
ACC0006106,True,False,40912.59,0.0
ACC0006107,False,False,0.0,0.0
ACC0006108,False,False,0.0,0.0
ACC0006109,False,False,0.0,0.0
ACC0006111,False,False,0.0,0.0
ACC0006118,False,False,0.0,0.0
ACC0006119,False,False,0.0,0.0
ACC0006126,False,False,0.0,0.0
ACC0006153,False,False,0.0,0.0
ACC0006167,False,False,0.0,0.0
ACC0006177,False,False,0.0,0.0
ACC0006179,False,False,0.0,0.0
ACC0006191,False,False,0.0,0.0
ACC0006196,False,False,0.0,0.0
ACC0006209,False,False,0.0,0.0
ACC0006210,False,False,0.0,0.0
ACC0006216,False,False,0.0,0.0
ACC0006223,False,False,0.0,0.0
ACC0006224,False,False,0.0,0.0
ACC0006230,False,False,0.0,0.0
ACC0006258,False,False,0.0,0.0
ACC0006262,False,False,0.0,0.0
ACC0006276,False,False,0.0,0.0
ACC0006298,False,False,0.0,0.0
ACC0006299,False,False,0.0,0.0
ACC0006307,False,False,0.0,0.0
ACC0006312,False,False,0.0,0.0
ACC0006332,False,False,0.0,0.0
ACC0006333,False,False,0.0,0.0
ACC0006341,False,False,0.0,0.0
ACC0006347,False,False,0.0,0.0
ACC0006357,False,False,0.0,0.0
ACC0006362,False,False,0.0,0.0
ACC0006381,False,False,0.0,0.0
ACC0006387,False,False,0.0,0.0
ACC0006391,False,False,0.0,0.0
ACC0006392,False,False,0.0,0.0
ACC0006408,False,False,0.0,0.0
ACC0006409,False,False,0.0,0.0
ACC0006418,False,False,0.0,0.0
ACC0006420,False,False,0.0,0.0
ACC0006427,False,False,0.0,0.0
ACC0006439,False,False,0.0,0.0
ACC0006440,False,False,0.0,0.0
ACC0006446,False,False,0.0,0.0
ACC0006464,False,False,0.0,0.0
ACC0006467,False,False,0.0,0.0
ACC0006473,False,False,0.0,0.0
ACC0006477,False,False,0.0,0.0
ACC0006479,False,False,0.0,0.0
ACC0006484,False,False,0.0,0.0
ACC0006487,False,False,0.0,0.0
ACC0006491,False,False,0.0,0.0
ACC0006493,False,False,0.0,0.0
ACC0006495,False,False,0.0,0.0
ACC0006497,False,False,0.0,0.0
ACC0006499,False,False,0.0,0.0
ACC0006501,False,False,0.0,0.0
ACC0006507,False,False,0.0,0.0
ACC0006515,False,False,0.0,0.0
ACC0006516,False,False,0.0,0.0
ACC0006524,False,False,0.0,0.0
ACC0006529,False,False,0.0,0.0
ACC0006532,False,False,0.0,0.0
ACC0006551,False,False,0.0,0.0
ACC0006552,False,False,0.0,0.0
ACC0006555,False,False,0.0,0.0
ACC0006574,False,False,0.0,0.0
ACC0006587,False,False,0.0,0.0
ACC0006592,False,False,0.0,0.0
ACC0006595,False,False,0.0,0.0
ACC0006596,False,False,0.0,0.0
ACC0006602,False,False,0.0,0.0
ACC0006603,False,False,0.0,0.0
ACC0006605,False,False,0.0,0.0
ACC0006606,False,False,0.0,0.0
ACC0006609,False,False,0.0,0.0
ACC0006612,False,False,0.0,0.0
ACC0006627,False,False,0.0,0.0
ACC0006632,False,False,0.0,0.0
ACC0006633,False,False,0.0,0.0
ACC0006634,False,False,0.0,0.0
ACC0006651,False,False,0.0,0.0
ACC0006653,False,False,0.0,0.0
ACC0006658,False,False,0.0,0.0
ACC0006674,False,False,0.0,0.0
ACC0006675,False,False,0.0,0.0
ACC0006694,False,False,0.0,0.0
ACC0006708,False,False,0.0,0.0
ACC0006718,False,False,0.0,0.0
ACC0006719,False,False,0.0,0.0
ACC0006722,False,False,0.0,0.0
ACC0006726,False,False,0.0,0.0
ACC0006727,True,False,109272.67,0.0
ACC0006730,False,False,0.0,0.0
ACC0006733,False,False,0.0,0.0
ACC0006749,False,False,0.0,0.0
ACC0006750,False,False,0.0,0.0
ACC0006751,False,False,0.0,0.0
ACC0006758,False,False,0.0,0.0
ACC0006764,False,False,0.0,0.0
ACC0006767,False,False,0.0,0.0
ACC0006772,False,False,0.0,0.0
ACC0006779,False,True,0.0,11230.58
ACC0006790,False,False,0.0,0.0
ACC0006794,False,False,0.0,0.0
ACC0006797,False,False,0.0,0.0
ACC0006803,False,False,0.0,0.0
ACC0006805,False,False,0.0,0.0
ACC0006806,False,False,0.0,0.0
ACC0006807,True,False,88842.36,0.0
ACC0006810,False,False,0.0,0.0
ACC0006813,False,False,0.0,0.0
ACC0006822,False,False,0.0,0.0
ACC0006823,False,False,0.0,0.0
ACC0006833,False,False,0.0,0.0
ACC0006835,False,False,0.0,0.0
ACC0006836,False,False,0.0,0.0
ACC0006839,False,False,0.0,0.0
ACC0006861,False,False,0.0,0.0
ACC0006863,False,False,0.0,0.0
ACC0006866,False,False,0.0,0.0
ACC0006879,False,False,0.0,0.0
ACC0006885,False,True,0.0,110776.66
ACC0006889,False,False,0.0,0.0
ACC0006890,False,False,0.0,0.0
ACC0006894,False,False,0.0,0.0
ACC0006902,False,False,0.0,0.0
ACC0006904,False,False,0.0,0.0
ACC0006916,False,False,0.0,0.0
ACC0006917,False,False,0.0,0.0
ACC0006925,False,False,0.0,0.0
ACC0006926,False,False,0.0,0.0
ACC0006928,False,False,0.0,0.0
ACC0006929,False,False,0.0,0.0
ACC0006932,False,False,0.0,0.0
ACC0006941,False,False,0.0,0.0
ACC0006942,False,False,0.0,0.0
ACC0006959,False,False,0.0,0.0
ACC0006960,False,False,0.0,0.0
ACC0006965,False,False,0.0,0.0
ACC0006966,False,False,0.0,0.0
ACC0006970,False,False,0.0,0.0
ACC0006986,False,False,0.0,0.0
ACC0006987,False,False,0.0,0.0
ACC0006993,False,False,0.0,0.0
ACC0007003,False,False,0.0,0.0
ACC0007011,False,False,0.0,0.0
ACC0007012,False,False,0.0,0.0
ACC0007014,False,False,0.0,0.0
ACC0007019,False,False,0.0,0.0
ACC0007022,True,False,17408.31,0.0
ACC0007035,False,False,0.0,0.0
ACC0007036,False,False,0.0,0.0
ACC0007040,False,False,0.0,0.0
ACC0007050,False,False,0.0,0.0
ACC0007051,False,False,0.0,0.0
ACC0007053,False,False,0.0,0.0
ACC0007056,False,False,0.0,0.0
ACC0007060,False,False,0.0,0.0
ACC0007061,False,False,0.0,0.0
ACC0007062,False,False,0.0,0.0
ACC0007064,False,False,0.0,0.0
ACC0007069,False,False,0.0,0.0
ACC0007071,False,False,0.0,0.0
ACC0007072,False,False,0.0,0.0
ACC0007080,False,False,0.0,0.0
ACC0007081,False,False,0.0,0.0
ACC0007083,False,False,0.0,0.0
ACC0007094,False,False,0.0,0.0
ACC0007096,False,False,0.0,0.0
ACC0007097,False,False,0.0,0.0
ACC0007099,False,False,0.0,0.0
ACC0007100,False,False,0.0,0.0
ACC0007106,False,False,0.0,0.0
ACC0007124,False,False,0.0,0.0
ACC0007129,False,False,0.0,0.0
ACC0007138,False,False,0.0,0.0
ACC0007139,False,False,0.0,0.0
ACC0007140,False,False,0.0,0.0
ACC0007143,False,False,0.0,0.0
ACC0007146,False,False,0.0,0.0
ACC0007148,False,False,0.0,0.0
ACC0007161,False,False,0.0,0.0
ACC0007163,False,False,0.0,0.0
ACC0007166,False,False,0.0,0.0
ACC0007175,False,False,0.0,0.0
ACC0007179,False,False,0.0,0.0
ACC0007182,False,False,0.0,0.0
ACC0007184,False,False,0.0,0.0
ACC0007191,False,False,0.0,0.0
ACC0007194,False,False,0.0,0.0
ACC0007196,False,False,0.0,0.0
ACC0007199,False,False,0.0,0.0
ACC0007207,False,False,0.0,0.0
ACC0007211,False,False,0.0,0.0
ACC0007222,False,False,0.0,0.0
ACC0007223,False,False,0.0,0.0
ACC0007224,False,False,0.0,0.0
ACC0007225,False,False,0.0,0.0
ACC0007242,False,False,0.0,0.0
ACC0007244,False,False,0.0,0.0
ACC0007264,False,False,0.0,0.0
ACC0007283,False,False,0.0,0.0
ACC0007288,False,False,0.0,0.0
ACC0007289,False,False,0.0,0.0
ACC0007295,False,False,0.0,0.0
ACC0007298,False,False,0.0,0.0
ACC0007307,False,False,0.0,0.0
ACC0007317,False,False,0.0,0.0
ACC0007325,False,False,0.0,0.0
ACC0007331,False,False,0.0,0.0
ACC0007339,False,False,0.0,0.0
ACC0007344,False,False,0.0,0.0
ACC0007348,False,False,0.0,0.0
ACC0007359,False,False,0.0,0.0
ACC0007361,False,False,0.0,0.0
ACC0007363,False,False,0.0,0.0
ACC0007366,False,False,0.0,0.0
ACC0007370,False,False,0.0,0.0
ACC0007377,False,False,0.0,0.0
ACC0007379,False,False,0.0,0.0
ACC0007385,False,False,0.0,0.0
ACC0007387,False,False,0.0,0.0
ACC0007389,False,False,0.0,0.0
ACC0007390,False,False,0.0,0.0
ACC0007391,False,False,0.0,0.0
ACC0007396,True,False,109081.86,0.0
ACC0007401,False,False,0.0,0.0
ACC0007405,False,False,0.0,0.0
ACC0007416,False,False,0.0,0.0
ACC0007418,False,False,0.0,0.0
ACC0007425,False,False,0.0,0.0
ACC0007436,False,False,0.0,0.0
ACC0007438,False,False,0.0,0.0
ACC0007441,False,False,0.0,0.0
ACC0007449,False,False,0.0,0.0
ACC0007450,False,False,0.0,0.0
ACC0007453,False,False,0.0,0.0
ACC0007458,False,False,0.0,0.0
ACC0007464,False,False,0.0,0.0
ACC0007465,False,False,0.0,0.0
ACC0007469,False,False,0.0,0.0
ACC0007471,False,False,0.0,0.0
ACC0007473,False,False,0.0,0.0
ACC0007477,False,False,0.0,0.0
ACC0007485,False,False,0.0,0.0
ACC0007497,False,False,0.0,0.0
ACC0007499,False,False,0.0,0.0
ACC0007512,False,False,0.0,0.0
ACC0007514,False,False,0.0,0.0
ACC0007522,False,False,0.0,0.0
ACC0007526,False,False,0.0,0.0
ACC0007536,False,False,0.0,0.0
ACC0007542,False,False,0.0,0.0
ACC0007546,False,False,0.0,0.0
ACC0007549,False,False,0.0,0.0
ACC0007554,False,True,0.0,82881.38
ACC0007560,False,False,0.0,0.0
ACC0007563,False,False,0.0,0.0
ACC0007566,False,False,0.0,0.0
ACC0007569,False,False,0.0,0.0
ACC0007572,False,False,0.0,0.0
ACC0007573,False,False,0.0,0.0
ACC0007576,False,False,0.0,0.0
ACC0007578,False,False,0.0,0.0
ACC0007580,False,False,0.0,0.0
ACC0007583,False,False,0.0,0.0
ACC0007587,False,False,0.0,0.0
ACC0007593,False,False,0.0,0.0
ACC0007594,False,False,0.0,0.0
ACC0007597,False,False,0.0,0.0
ACC0007603,False,False,0.0,0.0
ACC0007604,False,False,0.0,0.0
ACC0007607,False,False,0.0,0.0
ACC0007614,False,False,0.0,0.0
ACC0007616,False,False,0.0,0.0
ACC0007620,False,False,0.0,0.0
ACC0007622,False,False,0.0,0.0
ACC0007632,False,False,0.0,0.0
ACC0007635,False,False,0.0,0.0
ACC0007645,False,False,0.0,0.0
ACC0007655,False,False,0.0,0.0
ACC0007657,False,False,0.0,0.0
ACC0007668,False,False,0.0,0.0
ACC0007678,False,False,0.0,0.0
ACC0007686,False,False,0.0,0.0
ACC0007694,False,False,0.0,0.0
ACC0007695,False,False,0.0,0.0
ACC0007704,False,False,0.0,0.0
ACC0007711,False,False,0.0,0.0
ACC0007720,False,False,0.0,0.0
ACC0007723,False,False,0.0,0.0
ACC0007732,False,False,0.0,0.0
ACC0007736,False,False,0.0,0.0
ACC0007740,False,False,0.0,0.0
ACC0007749,False,False,0.0,0.0
ACC0007753,False,False,0.0,0.0
ACC0007757,False,False,0.0,0.0
ACC0007764,False,False,0.0,0.0
ACC0007767,False,False,0.0,0.0
ACC0007778,False,False,0.0,0.0
ACC0007780,False,False,0.0,0.0
ACC0007781,False,False,0.0,0.0
ACC0007789,False,False,0.0,0.0
ACC0007795,False,False,0.0,0.0
ACC0007805,False,False,0.0,0.0
ACC0007811,False,False,0.0,0.0
ACC0007820,False,False,0.0,0.0
ACC0007826,False,False,0.0,0.0
ACC0007827,False,False,0.0,0.0
ACC0007838,False,False,0.0,0.0
ACC0007839,False,False,0.0,0.0
ACC0007843,False,False,0.0,0.0
ACC0007847,False,False,0.0,0.0
ACC0007849,False,False,0.0,0.0
ACC0007856,False,False,0.0,0.0
ACC0007862,False,False,0.0,0.0
ACC0007882,False,False,0.0,0.0
ACC0007891,False,False,0.0,0.0
ACC0007901,False,False,0.0,0.0
ACC0007906,False,False,0.0,0.0
ACC0007907,False,False,0.0,0.0
ACC0007917,False,False,0.0,0.0
ACC0007918,False,False,0.0,0.0
ACC0007924,False,False,0.0,0.0
ACC0007925,False,False,0.0,0.0
ACC0007928,False,False,0.0,0.0
ACC0007948,False,False,0.0,0.0
ACC0007949,False,False,0.0,0.0
ACC0007960,False,False,0.0,0.0
ACC0007963,False,False,0.0,0.0
ACC0007965,False,False,0.0,0.0
ACC0007967,False,False,0.0,0.0
ACC0007968,False,False,0.0,0.0
ACC0007981,False,False,0.0,0.0
ACC0007982,False,False,0.0,0.0
ACC0007986,False,False,0.0,0.0
ACC0007991,False,False,0.0,0.0
ACC0007993,False,False,0.0,0.0
ACC0007998,False,False,0.0,0.0
ACC0007999,False,False,0.0,0.0
ACC0008007,False,False,0.0,0.0
ACC0008012,False,False,0.0,0.0
ACC0008014,False,False,0.0,0.0
ACC0008016,True,False,110518.39,0.0
ACC0008018,False,False,0.0,0.0
ACC0008021,False,False,0.0,0.0
ACC0008036,False,False,0.0,0.0
ACC0008045,False,False,0.0,0.0
ACC0008049,False,False,0.0,0.0
ACC0008050,False,False,0.0,0.0
ACC0008062,False,False,0.0,0.0
ACC0008065,False,False,0.0,0.0
ACC0008066,False,False,0.0,0.0
ACC0008067,False,False,0.0,0.0
ACC0008071,False,False,0.0,0.0
ACC0008076,False,False,0.0,0.0
ACC0008077,False,False,0.0,0.0
ACC0008078,False,False,0.0,0.0
ACC0008079,False,False,0.0,0.0
ACC0008083,False,False,0.0,0.0
ACC0008087,False,False,0.0,0.0
ACC0008088,False,False,0.0,0.0
ACC0008092,False,False,0.0,0.0
ACC0008099,False,False,0.0,0.0
ACC0008101,False,False,0.0,0.0
ACC0008106,False,False,0.0,0.0
ACC0008117,False,False,0.0,0.0
ACC0008118,False,False,0.0,0.0
ACC0008120,False,False,0.0,0.0
ACC0008121,False,False,0.0,0.0
ACC0008138,False,False,0.0,0.0
ACC0008143,False,False,0.0,0.0
ACC0008145,False,False,0.0,0.0
ACC0008153,False,False,0.0,0.0
ACC0008154,False,False,0.0,0.0
ACC0008158,False,False,0.0,0.0
ACC0008167,False,False,0.0,0.0
ACC0008177,False,False,0.0,0.0
ACC0008178,False,False,0.0,0.0
ACC0008190,False,False,0.0,0.0
ACC0008192,False,False,0.0,0.0
ACC0008194,False,False,0.0,0.0
ACC0008204,False,False,0.0,0.0
ACC0008207,False,False,0.0,0.0
ACC0008208,False,False,0.0,0.0
ACC0008216,False,False,0.0,0.0
ACC0008218,False,False,0.0,0.0
ACC0008220,False,False,0.0,0.0
ACC0008221,False,False,0.0,0.0
ACC0008223,False,False,0.0,0.0
ACC0008227,False,False,0.0,0.0
ACC0008240,False,False,0.0,0.0
ACC0008242,False,False,0.0,0.0
ACC0008258,False,False,0.0,0.0
ACC0008266,False,False,0.0,0.0
ACC0008276,False,False,0.0,0.0
ACC0008290,False,False,0.0,0.0
ACC0008292,False,False,0.0,0.0
ACC0008293,False,False,0.0,0.0
ACC0008299,False,False,0.0,0.0
ACC0008312,False,False,0.0,0.0
ACC0008314,False,False,0.0,0.0
ACC0008317,False,False,0.0,0.0
ACC0008325,False,False,0.0,0.0
ACC0008333,False,False,0.0,0.0
ACC0008353,False,False,0.0,0.0
ACC0008355,False,False,0.0,0.0
ACC0008361,False,False,0.0,0.0
ACC0008371,False,False,0.0,0.0
ACC0008372,False,False,0.0,0.0
ACC0008385,False,False,0.0,0.0
ACC0008389,False,False,0.0,0.0
ACC0008394,False,False,0.0,0.0
ACC0008395,False,False,0.0,0.0
ACC0008400,False,False,0.0,0.0
ACC0008404,False,False,0.0,0.0
ACC0008406,False,False,0.0,0.0
ACC0008416,False,False,0.0,0.0
ACC0008422,False,False,0.0,0.0
ACC0008431,False,False,0.0,0.0
ACC0008439,False,False,0.0,0.0
ACC0008449,False,False,0.0,0.0
ACC0008454,False,False,0.0,0.0
ACC0008457,False,False,0.0,0.0
ACC0008460,False,False,0.0,0.0
ACC0008461,False,False,0.0,0.0
ACC0008475,False,False,0.0,0.0
ACC0008479,False,False,0.0,0.0
ACC0008484,False,False,0.0,0.0
ACC0008491,False,False,0.0,0.0
ACC0008492,False,False,0.0,0.0
ACC0008495,False,False,0.0,0.0
ACC0008505,False,False,0.0,0.0
ACC0008508,False,False,0.0,0.0
ACC0008511,False,False,0.0,0.0
ACC0008513,False,False,0.0,0.0
ACC0008516,False,False,0.0,0.0
ACC0008524,False,False,0.0,0.0
ACC0008532,False,False,0.0,0.0
ACC0008533,False,False,0.0,0.0
ACC0008539,False,False,0.0,0.0
ACC0008541,False,True,0.0,117641.49
ACC0008546,False,False,0.0,0.0
ACC0008548,False,False,0.0,0.0
ACC0008550,False,False,0.0,0.0
ACC0008555,False,False,0.0,0.0
ACC0008562,False,False,0.0,0.0
ACC0008575,False,False,0.0,0.0
ACC0008576,False,False,0.0,0.0
ACC0008577,False,False,0.0,0.0
ACC0008579,False,False,0.0,0.0
ACC0008582,False,False,0.0,0.0
ACC0008583,False,False,0.0,0.0
ACC0008584,False,False,0.0,0.0
ACC0008589,False,False,0.0,0.0
ACC0008598,False,False,0.0,0.0
ACC0008600,False,False,0.0,0.0
ACC0008602,False,False,0.0,0.0
ACC0008603,False,False,0.0,0.0
ACC0008616,False,False,0.0,0.0
ACC0008617,False,False,0.0,0.0
ACC0008636,False,False,0.0,0.0
ACC0008637,False,False,0.0,0.0
ACC0008639,False,False,0.0,0.0
ACC0008643,False,False,0.0,0.0
ACC0008647,False,False,0.0,0.0
ACC0008650,False,False,0.0,0.0
ACC0008657,False,False,0.0,0.0
ACC0008666,False,False,0.0,0.0
ACC0008674,False,False,0.0,0.0
ACC0008677,False,False,0.0,0.0
ACC0008683,False,False,0.0,0.0
ACC0008693,False,False,0.0,0.0
ACC0008699,False,False,0.0,0.0
ACC0008702,False,False,0.0,0.0
ACC0008704,False,False,0.0,0.0
ACC0008714,False,False,0.0,0.0
ACC0008715,False,False,0.0,0.0
ACC0008718,False,False,0.0,0.0
ACC0008719,False,False,0.0,0.0
ACC0008722,False,False,0.0,0.0
ACC0008724,False,False,0.0,0.0
ACC0008726,False,False,0.0,0.0
ACC0008730,False,False,0.0,0.0
ACC0008747,False,False,0.0,0.0
ACC0008748,False,False,0.0,0.0
ACC0008752,False,False,0.0,0.0
ACC0008763,False,False,0.0,0.0
ACC0008773,False,False,0.0,0.0
ACC0008781,False,False,0.0,0.0
ACC0008783,False,False,0.0,0.0
ACC0008785,False,False,0.0,0.0
ACC0008788,False,False,0.0,0.0
ACC0008811,False,False,0.0,0.0
ACC0008816,False,False,0.0,0.0
ACC0008819,False,False,0.0,0.0
ACC0008828,False,False,0.0,0.0
ACC0008829,False,False,0.0,0.0
ACC0008834,False,False,0.0,0.0
ACC0008835,False,False,0.0,0.0
ACC0008837,False,False,0.0,0.0
ACC0008838,False,False,0.0,0.0
ACC0008844,False,False,0.0,0.0
ACC0008845,False,False,0.0,0.0
ACC0008846,False,False,0.0,0.0
ACC0008855,False,False,0.0,0.0
ACC0008856,False,False,0.0,0.0
ACC0008858,False,False,0.0,0.0
ACC0008868,False,False,0.0,0.0
ACC0008871,False,False,0.0,0.0
ACC0008879,False,False,0.0,0.0
ACC0008883,False,False,0.0,0.0
ACC0008891,False,False,0.0,0.0
ACC0008898,False,False,0.0,0.0
ACC0008925,False,False,0.0,0.0
ACC0008940,False,False,0.0,0.0
ACC0008942,False,False,0.0,0.0
ACC0008948,False,False,0.0,0.0
ACC0008950,False,False,0.0,0.0
ACC0008954,False,False,0.0,0.0
ACC0008955,False,False,0.0,0.0
ACC0008958,False,False,0.0,0.0
ACC0008963,False,False,0.0,0.0
ACC0008964,False,False,0.0,0.0
ACC0008970,False,False,0.0,0.0
ACC0008972,False,False,0.0,0.0
ACC0008985,False,False,0.0,0.0
ACC0008987,False,False,0.0,0.0
ACC0008989,False,False,0.0,0.0
ACC0008999,False,False,0.0,0.0
ACC0009000,False,False,0.0,0.0
ACC0009009,False,False,0.0,0.0
ACC0009014,False,False,0.0,0.0
ACC0009015,False,False,0.0,0.0
ACC0009024,False,False,0.0,0.0
ACC0009033,False,False,0.0,0.0
ACC0009043,False,False,0.0,0.0
ACC0009055,False,False,0.0,0.0
ACC0009058,False,False,0.0,0.0
ACC0009064,False,False,0.0,0.0
ACC0009068,False,False,0.0,0.0
ACC0009070,True,False,132997.35,0.0
ACC0009071,False,True,0.0,68226.7
ACC0009077,False,False,0.0,0.0
ACC0009084,False,False,0.0,0.0
ACC0009090,False,False,0.0,0.0
ACC0009096,False,False,0.0,0.0
ACC0009102,False,False,0.0,0.0
ACC0009107,False,False,0.0,0.0
ACC0009109,False,False,0.0,0.0
ACC0009111,False,False,0.0,0.0
ACC0009117,False,False,0.0,0.0
ACC0009124,False,False,0.0,0.0
ACC0009130,False,False,0.0,0.0
ACC0009132,False,False,0.0,0.0
ACC0009134,False,False,0.0,0.0
ACC0009139,False,False,0.0,0.0
ACC0009143,False,False,0.0,0.0
ACC0009150,False,False,0.0,0.0
ACC0009158,False,False,0.0,0.0
ACC0009162,False,False,0.0,0.0
ACC0009164,False,False,0.0,0.0
ACC0009174,False,False,0.0,0.0
ACC0009188,False,False,0.0,0.0
ACC0009191,False,False,0.0,0.0
ACC0009193,False,False,0.0,0.0
ACC0009202,False,False,0.0,0.0
ACC0009212,False,False,0.0,0.0
ACC0009218,False,False,0.0,0.0
ACC0009220,False,False,0.0,0.0
ACC0009222,False,False,0.0,0.0
ACC0009225,False,False,0.0,0.0
ACC0009232,False,False,0.0,0.0
ACC0009233,False,False,0.0,0.0
ACC0009240,False,False,0.0,0.0
ACC0009241,False,False,0.0,0.0
ACC0009254,False,False,0.0,0.0
ACC0009259,False,False,0.0,0.0
ACC0009277,False,False,0.0,0.0
ACC0009282,False,False,0.0,0.0
ACC0009290,False,False,0.0,0.0
ACC0009303,False,False,0.0,0.0
ACC0009306,False,False,0.0,0.0
ACC0009314,False,False,0.0,0.0
ACC0009322,False,False,0.0,0.0
ACC0009338,False,False,0.0,0.0
ACC0009344,False,False,0.0,0.0
ACC0009355,False,False,0.0,0.0
ACC0009358,False,False,0.0,0.0
ACC0009361,False,False,0.0,0.0
ACC0009362,False,False,0.0,0.0
ACC0009377,False,False,0.0,0.0
ACC0009386,False,False,0.0,0.0
ACC0009395,False,False,0.0,0.0
ACC0009401,False,False,0.0,0.0
ACC0009402,False,False,0.0,0.0
ACC0009404,False,False,0.0,0.0
ACC0009408,False,False,0.0,0.0
ACC0009411,False,False,0.0,0.0
ACC0009415,False,False,0.0,0.0
ACC0009417,False,False,0.0,0.0
ACC0009425,False,False,0.0,0.0
ACC0009438,False,False,0.0,0.0
ACC0009458,False,False,0.0,0.0
ACC0009462,False,False,0.0,0.0
ACC0009465,False,False,0.0,0.0
ACC0009469,False,False,0.0,0.0
ACC0009472,False,False,0.0,0.0
ACC0009474,False,False,0.0,0.0
ACC0009475,False,False,0.0,0.0
ACC0009478,False,False,0.0,0.0
ACC0009484,False,False,0.0,0.0
ACC0009486,False,False,0.0,0.0
ACC0009494,True,False,77982.42,0.0
ACC0009495,False,False,0.0,0.0
ACC0009497,False,False,0.0,0.0
ACC0009501,False,False,0.0,0.0
ACC0009504,False,False,0.0,0.0
ACC0009505,False,False,0.0,0.0
ACC0009509,False,False,0.0,0.0
ACC0009514,False,False,0.0,0.0
ACC0009517,False,False,0.0,0.0
ACC0009533,False,False,0.0,0.0
ACC0009553,False,False,0.0,0.0
ACC0009555,False,False,0.0,0.0
ACC0009564,False,False,0.0,0.0
ACC0009579,False,False,0.0,0.0
ACC0009584,False,False,0.0,0.0
ACC0009596,False,False,0.0,0.0
ACC0009602,False,False,0.0,0.0
ACC0009603,False,False,0.0,0.0
ACC0009609,False,False,0.0,0.0
ACC0009616,False,False,0.0,0.0
ACC0009618,False,False,0.0,0.0
ACC0009644,False,False,0.0,0.0
ACC0009651,False,False,0.0,0.0
ACC0009658,False,False,0.0,0.0
ACC0009680,False,False,0.0,0.0
ACC0009691,False,False,0.0,0.0
ACC0009694,False,False,0.0,0.0
ACC0009696,False,True,0.0,61481.79
ACC0009697,False,False,0.0,0.0
ACC0009698,False,False,0.0,0.0
ACC0009709,False,False,0.0,0.0
ACC0009718,False,False,0.0,0.0
ACC0009719,False,False,0.0,0.0
ACC0009725,False,False,0.0,0.0
ACC0009726,False,False,0.0,0.0
ACC0009727,False,False,0.0,0.0
ACC0009736,False,False,0.0,0.0
ACC0009738,False,False,0.0,0.0
ACC0009739,False,False,0.0,0.0
ACC0009742,False,False,0.0,0.0
ACC0009744,False,False,0.0,0.0
ACC0009756,False,False,0.0,0.0
ACC0009762,False,False,0.0,0.0
ACC0009764,False,False,0.0,0.0
ACC0009772,False,False,0.0,0.0
ACC0009791,False,False,0.0,0.0
ACC0009793,False,False,0.0,0.0
ACC0009804,False,False,0.0,0.0
ACC0009808,False,False,0.0,0.0
ACC0009813,False,False,0.0,0.0
ACC0009825,False,False,0.0,0.0
ACC0009827,False,False,0.0,0.0
ACC0009833,False,False,0.0,0.0
ACC0009836,False,False,0.0,0.0
ACC0009843,False,False,0.0,0.0
ACC0009849,False,False,0.0,0.0
ACC0009854,False,False,0.0,0.0
ACC0009855,False,False,0.0,0.0
ACC0009857,False,False,0.0,0.0
ACC0009861,False,False,0.0,0.0
ACC0009863,False,False,0.0,0.0
ACC0009864,False,False,0.0,0.0
ACC0009867,False,False,0.0,0.0
ACC0009869,False,False,0.0,0.0
ACC0009872,False,False,0.0,0.0
ACC0009873,False,False,0.0,0.0
ACC0009881,False,True,0.0,27481.68
ACC0009886,False,False,0.0,0.0
ACC0009888,False,False,0.0,0.0
ACC0009902,False,False,0.0,0.0
ACC0009912,False,False,0.0,0.0
ACC0009917,False,False,0.0,0.0
ACC0009919,False,False,0.0,0.0
ACC0009920,False,False,0.0,0.0
ACC0009922,False,False,0.0,0.0
ACC0009924,False,False,0.0,0.0
ACC0009926,False,False,0.0,0.0
ACC0009928,False,False,0.0,0.0
ACC0009929,False,False,0.0,0.0
ACC0009938,False,False,0.0,0.0
ACC0009944,False,False,0.0,0.0
ACC0009948,True,False,9433.47,0.0
ACC0009949,False,False,0.0,0.0
ACC0009950,False,False,0.0,0.0
ACC0009951,False,False,0.0,0.0
ACC0009953,False,False,0.0,0.0
ACC0009954,False,False,0.0,0.0
ACC0009956,False,False,0.0,0.0
ACC0009963,False,False,0.0,0.0
ACC0009969,False,False,0.0,0.0
ACC0009975,False,False,0.0,0.0
ACC0009983,False,False,0.0,0.0
ACC0009985,False,False,0.0,0.0
ACC0009989,False,False,0.0,0.0
ACC0009991,False,False,0.0,0.0
ACC0009992,False,False,0.0,0.0
ACC0009995,False,False,0.0,0.0
ACC0009996,False,False,0.0,0.0
ACC0009998,False,False,0.0,0.0
ACC0009999,False,False,0.0,0.0
ACC0010000,False,False,0.0,0.0
ACC0010002,False,False,0.0,0.0
ACC0010011,False,False,0.0,0.0
ACC0010016,False,False,0.0,0.0
ACC0010017,False,False,0.0,0.0
ACC0010023,False,False,0.0,0.0
ACC0010024,False,False,0.0,0.0
ACC0010025,False,False,0.0,0.0
ACC0010028,False,False,0.0,0.0
ACC0010041,False,False,0.0,0.0
ACC0010049,False,False,0.0,0.0
ACC0010066,False,False,0.0,0.0
ACC0010067,False,False,0.0,0.0
ACC0010069,False,False,0.0,0.0
ACC0010071,False,False,0.0,0.0
ACC0010077,False,False,0.0,0.0
ACC0010095,False,False,0.0,0.0
ACC0010099,False,False,0.0,0.0
ACC0010100,False,False,0.0,0.0
ACC0010104,False,False,0.0,0.0
ACC0010115,False,False,0.0,0.0
ACC0010126,False,False,0.0,0.0
ACC0010134,False,False,0.0,0.0
ACC0010142,False,False,0.0,0.0
ACC0010149,False,False,0.0,0.0
ACC0010160,False,False,0.0,0.0
ACC0010172,False,False,0.0,0.0
ACC0010179,False,False,0.0,0.0
ACC0010180,False,False,0.0,0.0
ACC0010181,False,False,0.0,0.0
ACC0010183,False,False,0.0,0.0
ACC0010189,False,False,0.0,0.0
ACC0010198,False,False,0.0,0.0
ACC0010199,False,False,0.0,0.0
ACC0010205,False,False,0.0,0.0
ACC0010208,False,False,0.0,0.0
ACC0010213,False,False,0.0,0.0
ACC0010214,False,False,0.0,0.0
ACC0010215,False,False,0.0,0.0
ACC0010217,False,False,0.0,0.0
ACC0010218,False,False,0.0,0.0
ACC0010232,False,False,0.0,0.0
ACC0010233,False,False,0.0,0.0
ACC0010236,False,False,0.0,0.0
ACC0010237,True,False,115827.15,0.0
ACC0010241,False,False,0.0,0.0
ACC0010242,False,False,0.0,0.0
ACC0010245,False,False,0.0,0.0
ACC0010246,False,False,0.0,0.0
ACC0010253,False,False,0.0,0.0
ACC0010256,False,False,0.0,0.0
ACC0010260,False,False,0.0,0.0
ACC0010263,False,False,0.0,0.0
ACC0010277,False,False,0.0,0.0
ACC0010285,False,False,0.0,0.0
ACC0010287,False,False,0.0,0.0
ACC0010288,False,False,0.0,0.0
ACC0010290,False,False,0.0,0.0
ACC0010294,False,False,0.0,0.0
ACC0010296,False,False,0.0,0.0
ACC0010303,False,False,0.0,0.0
ACC0010316,False,False,0.0,0.0
ACC0010324,False,False,0.0,0.0
ACC0010332,False,True,0.0,49232.55
ACC0010342,False,False,0.0,0.0
ACC0010346,False,False,0.0,0.0
ACC0010350,False,False,0.0,0.0
ACC0010352,False,False,0.0,0.0
ACC0010354,False,False,0.0,0.0
ACC0010355,False,False,0.0,0.0
ACC0010367,False,False,0.0,0.0
ACC0010379,False,False,0.0,0.0
ACC0010381,False,False,0.0,0.0
ACC0010384,False,False,0.0,0.0
ACC0010387,False,False,0.0,0.0
ACC0010388,False,False,0.0,0.0
ACC0010389,False,False,0.0,0.0
ACC0010392,False,False,0.0,0.0
ACC0010394,False,False,0.0,0.0
ACC0010400,False,False,0.0,0.0
ACC0010407,False,False,0.0,0.0
ACC0010409,False,False,0.0,0.0
ACC0010410,False,False,0.0,0.0
ACC0010412,False,False,0.0,0.0
ACC0010417,False,False,0.0,0.0
ACC0010419,False,False,0.0,0.0
ACC0010422,False,False,0.0,0.0
ACC0010423,False,False,0.0,0.0
ACC0010433,False,True,0.0,136112.1
ACC0010437,False,False,0.0,0.0
ACC0010441,False,False,0.0,0.0
ACC0010444,False,False,0.0,0.0
ACC0010452,False,False,0.0,0.0
ACC0010461,False,False,0.0,0.0
ACC0010462,False,False,0.0,0.0
ACC0010463,False,False,0.0,0.0
ACC0010465,False,False,0.0,0.0
ACC0010466,False,False,0.0,0.0
ACC0010472,False,False,0.0,0.0
ACC0010473,False,False,0.0,0.0
ACC0010475,False,False,0.0,0.0
ACC0010476,False,False,0.0,0.0
ACC0010479,False,False,0.0,0.0
ACC0010480,False,False,0.0,0.0
ACC0010481,False,False,0.0,0.0
ACC0010488,False,False,0.0,0.0
ACC0010493,False,False,0.0,0.0
ACC0010496,False,False,0.0,0.0
ACC0010502,False,False,0.0,0.0
ACC0010504,False,False,0.0,0.0
ACC0010507,False,False,0.0,0.0
ACC0010510,False,False,0.0,0.0
ACC0010518,False,False,0.0,0.0
ACC0010528,False,False,0.0,0.0
ACC0010534,False,False,0.0,0.0
ACC0010535,False,False,0.0,0.0
ACC0010536,False,False,0.0,0.0
ACC0010539,False,False,0.0,0.0
ACC0010550,False,False,0.0,0.0
ACC0010555,False,False,0.0,0.0
ACC0010560,False,False,0.0,0.0
ACC0010561,False,False,0.0,0.0
ACC0010566,False,False,0.0,0.0
ACC0010567,False,False,0.0,0.0
ACC0010573,False,False,0.0,0.0
ACC0010581,False,False,0.0,0.0
ACC0010584,False,False,0.0,0.0
ACC0010585,False,False,0.0,0.0
ACC0010591,False,False,0.0,0.0
ACC0010614,False,False,0.0,0.0
ACC0010629,False,False,0.0,0.0
ACC0010636,False,False,0.0,0.0
ACC0010643,False,False,0.0,0.0
ACC0010645,False,False,0.0,0.0
ACC0010649,False,False,0.0,0.0
ACC0010650,False,False,0.0,0.0
ACC0010658,False,False,0.0,0.0
ACC0010666,False,False,0.0,0.0
ACC0010678,False,False,0.0,0.0
ACC0010690,True,False,31270.83,0.0
ACC0010694,False,False,0.0,0.0
ACC0010698,False,False,0.0,0.0
ACC0010701,False,False,0.0,0.0
ACC0010702,False,False,0.0,0.0
ACC0010709,False,False,0.0,0.0
ACC0010711,False,False,0.0,0.0
ACC0010725,False,False,0.0,0.0
ACC0010740,False,False,0.0,0.0
ACC0010750,False,False,0.0,0.0
ACC0010764,False,False,0.0,0.0
ACC0010767,False,False,0.0,0.0
ACC0010769,False,False,0.0,0.0
ACC0010774,False,False,0.0,0.0
ACC0010777,False,False,0.0,0.0
ACC0010783,False,False,0.0,0.0
ACC0010784,False,False,0.0,0.0
ACC0010808,False,False,0.0,0.0
ACC0010815,False,False,0.0,0.0
ACC0010818,False,False,0.0,0.0
ACC0010819,False,False,0.0,0.0
ACC0010838,False,False,0.0,0.0
ACC0010842,False,False,0.0,0.0
ACC0010845,False,False,0.0,0.0
ACC0010846,False,False,0.0,0.0
ACC0010848,False,False,0.0,0.0
ACC0010850,False,False,0.0,0.0
ACC0010865,False,False,0.0,0.0
ACC0010867,False,False,0.0,0.0
ACC0010886,False,False,0.0,0.0
ACC0010892,False,False,0.0,0.0
ACC0010897,False,False,0.0,0.0
ACC0010903,False,False,0.0,0.0
ACC0010905,False,False,0.0,0.0
ACC0010906,True,False,65615.97,0.0
ACC0010911,False,False,0.0,0.0
ACC0010923,False,False,0.0,0.0
ACC0010925,False,False,0.0,0.0
ACC0010926,False,False,0.0,0.0
ACC0010927,False,False,0.0,0.0
ACC0010929,False,False,0.0,0.0
ACC0010930,False,False,0.0,0.0
ACC0010933,False,False,0.0,0.0
ACC0010935,False,False,0.0,0.0
ACC0010945,False,False,0.0,0.0
ACC0010946,False,False,0.0,0.0
ACC0010954,False,False,0.0,0.0
ACC0010955,False,False,0.0,0.0
ACC0010961,False,False,0.0,0.0
ACC0010966,False,False,0.0,0.0
ACC0010974,False,False,0.0,0.0
ACC0010977,False,False,0.0,0.0
ACC0010980,False,False,0.0,0.0
ACC0010986,False,False,0.0,0.0
ACC0010988,False,False,0.0,0.0
ACC0010989,False,False,0.0,0.0
ACC0011001,False,False,0.0,0.0
ACC0011004,False,False,0.0,0.0
ACC0011009,False,False,0.0,0.0
ACC0011015,False,False,0.0,0.0
ACC0011016,False,False,0.0,0.0
ACC0011020,False,False,0.0,0.0
ACC0011022,False,False,0.0,0.0
ACC0011046,False,False,0.0,0.0
ACC0011047,False,False,0.0,0.0
ACC0011054,False,False,0.0,0.0
ACC0011058,False,False,0.0,0.0
ACC0011065,False,False,0.0,0.0
ACC0011067,False,False,0.0,0.0
ACC0011068,False,False,0.0,0.0
ACC0011073,False,False,0.0,0.0
ACC0011090,False,False,0.0,0.0
ACC0011093,False,False,0.0,0.0
ACC0011099,False,False,0.0,0.0
ACC0011100,False,False,0.0,0.0
ACC0011101,False,False,0.0,0.0
ACC0011102,False,False,0.0,0.0
ACC0011104,False,False,0.0,0.0
ACC0011114,False,False,0.0,0.0
ACC0011123,False,False,0.0,0.0
ACC0011130,False,False,0.0,0.0
ACC0011136,False,False,0.0,0.0
ACC0011139,False,False,0.0,0.0
ACC0011143,False,False,0.0,0.0
ACC0011147,False,False,0.0,0.0
ACC0011148,False,False,0.0,0.0
ACC0011153,False,False,0.0,0.0
ACC0011155,False,False,0.0,0.0
ACC0011160,False,False,0.0,0.0
ACC0011164,False,False,0.0,0.0
ACC0011172,False,False,0.0,0.0
ACC0011173,False,False,0.0,0.0
ACC0011181,False,False,0.0,0.0
ACC0011186,False,False,0.0,0.0
ACC0011187,False,False,0.0,0.0
ACC0011192,False,False,0.0,0.0
ACC0011198,False,False,0.0,0.0
ACC0011202,False,False,0.0,0.0
ACC0011204,False,False,0.0,0.0
ACC0011205,False,False,0.0,0.0
ACC0011214,False,False,0.0,0.0
ACC0011219,False,False,0.0,0.0
ACC0011221,False,False,0.0,0.0
ACC0011225,False,False,0.0,0.0
ACC0011233,False,False,0.0,0.0
ACC0011250,False,False,0.0,0.0
ACC0011252,False,False,0.0,0.0
ACC0011258,False,False,0.0,0.0
ACC0011279,False,False,0.0,0.0
ACC0011289,False,False,0.0,0.0
ACC0011293,False,False,0.0,0.0
ACC0011300,False,False,0.0,0.0
ACC0011301,False,False,0.0,0.0
ACC0011309,False,False,0.0,0.0
ACC0011310,False,False,0.0,0.0
ACC0011326,False,False,0.0,0.0
ACC0011327,False,False,0.0,0.0
ACC0011335,False,False,0.0,0.0
ACC0011340,False,False,0.0,0.0
ACC0011343,False,True,0.0,80004.84
ACC0011348,False,False,0.0,0.0
ACC0011356,False,False,0.0,0.0
ACC0011364,False,False,0.0,0.0
ACC0011365,False,False,0.0,0.0
ACC0011368,False,False,0.0,0.0
ACC0011373,False,False,0.0,0.0
ACC0011379,False,False,0.0,0.0
ACC0011383,False,False,0.0,0.0
ACC0011398,False,False,0.0,0.0
ACC0011405,False,False,0.0,0.0
ACC0011409,False,False,0.0,0.0
ACC0011414,False,False,0.0,0.0
ACC0011426,False,False,0.0,0.0
ACC0011431,False,False,0.0,0.0
ACC0011433,False,False,0.0,0.0
ACC0011435,False,False,0.0,0.0
ACC0011438,False,False,0.0,0.0
ACC0011443,False,False,0.0,0.0
ACC0011444,False,False,0.0,0.0
ACC0011447,False,False,0.0,0.0
ACC0011449,False,False,0.0,0.0
ACC0011453,False,False,0.0,0.0
ACC0011456,False,False,0.0,0.0
ACC0011465,False,False,0.0,0.0
ACC0011466,False,False,0.0,0.0
ACC0011470,False,False,0.0,0.0
ACC0011474,False,False,0.0,0.0
ACC0011476,False,False,0.0,0.0
ACC0011478,False,False,0.0,0.0
ACC0011480,False,False,0.0,0.0
ACC0011484,False,False,0.0,0.0
ACC0011488,False,False,0.0,0.0
ACC0011495,False,False,0.0,0.0
ACC0011496,False,False,0.0,0.0
ACC0011506,False,False,0.0,0.0
ACC0011509,False,False,0.0,0.0
ACC0011514,False,False,0.0,0.0
ACC0011516,False,False,0.0,0.0
ACC0011521,False,False,0.0,0.0
ACC0011528,True,False,137440.62,0.0
ACC0011530,False,False,0.0,0.0
ACC0011546,False,False,0.0,0.0
ACC0011549,False,False,0.0,0.0
ACC0011554,False,False,0.0,0.0
ACC0011556,False,False,0.0,0.0
ACC0011557,False,False,0.0,0.0
ACC0011568,False,False,0.0,0.0
ACC0011571,False,False,0.0,0.0
ACC0011572,False,False,0.0,0.0
ACC0011573,False,False,0.0,0.0
ACC0011579,False,False,0.0,0.0
ACC0011583,False,False,0.0,0.0
ACC0011587,False,False,0.0,0.0
ACC0011593,False,False,0.0,0.0
ACC0011597,False,False,0.0,0.0
ACC0011601,False,False,0.0,0.0
ACC0011609,False,False,0.0,0.0
ACC0011610,False,False,0.0,0.0
ACC0011614,False,False,0.0,0.0
ACC0011618,False,False,0.0,0.0
ACC0011620,False,False,0.0,0.0
ACC0011621,False,False,0.0,0.0
ACC0011627,False,True,0.0,68410.01
ACC0011631,False,False,0.0,0.0
ACC0011635,False,True,0.0,132090.13
ACC0011637,False,False,0.0,0.0
ACC0011639,False,False,0.0,0.0
ACC0011642,False,False,0.0,0.0
ACC0011649,False,False,0.0,0.0
ACC0011651,False,False,0.0,0.0
ACC0011652,False,False,0.0,0.0
ACC0011670,False,False,0.0,0.0
ACC0011673,False,False,0.0,0.0
ACC0011684,False,False,0.0,0.0
ACC0011705,False,False,0.0,0.0
ACC0011707,False,False,0.0,0.0
ACC0011713,False,False,0.0,0.0
ACC0011715,False,False,0.0,0.0
ACC0011723,False,False,0.0,0.0
ACC0011730,False,False,0.0,0.0
ACC0011732,False,False,0.0,0.0
ACC0011733,False,False,0.0,0.0
ACC0011736,False,False,0.0,0.0
ACC0011747,False,False,0.0,0.0
ACC0011754,False,False,0.0,0.0
ACC0011755,False,False,0.0,0.0
ACC0011756,False,False,0.0,0.0
ACC0011761,False,False,0.0,0.0
ACC0011765,False,False,0.0,0.0
ACC0011766,False,False,0.0,0.0
ACC0011773,False,False,0.0,0.0
ACC0011784,False,False,0.0,0.0
ACC0011792,False,False,0.0,0.0
ACC0011794,False,False,0.0,0.0
ACC0011796,False,False,0.0,0.0
ACC0011798,False,False,0.0,0.0
ACC0011800,False,False,0.0,0.0
ACC0011814,False,False,0.0,0.0
ACC0011817,False,False,0.0,0.0
ACC0011825,False,False,0.0,0.0
ACC0011826,False,False,0.0,0.0
ACC0011829,False,False,0.0,0.0
ACC0011834,False,False,0.0,0.0
ACC0011836,False,False,0.0,0.0
ACC0011837,False,False,0.0,0.0
ACC0011840,False,False,0.0,0.0
ACC0011842,False,False,0.0,0.0
ACC0011843,False,False,0.0,0.0
ACC0011849,False,False,0.0,0.0
ACC0011858,False,False,0.0,0.0
ACC0011859,False,False,0.0,0.0
ACC0011867,False,False,0.0,0.0
ACC0011869,False,False,0.0,0.0
ACC0011877,False,False,0.0,0.0
ACC0011878,False,False,0.0,0.0
ACC0011879,False,False,0.0,0.0
ACC0011882,False,False,0.0,0.0
ACC0011883,False,False,0.0,0.0
ACC0011887,False,False,0.0,0.0
ACC0011919,False,False,0.0,0.0
ACC0011928,False,False,0.0,0.0
ACC0011937,False,False,0.0,0.0
ACC0011950,False,False,0.0,0.0
ACC0011952,False,False,0.0,0.0
ACC0011955,False,False,0.0,0.0
ACC0011956,False,False,0.0,0.0
ACC0011957,False,False,0.0,0.0
ACC0011961,False,False,0.0,0.0
ACC0011962,False,False,0.0,0.0
ACC0011967,False,False,0.0,0.0
ACC0011968,False,False,0.0,0.0
ACC0011969,False,False,0.0,0.0
ACC0011970,False,False,0.0,0.0
ACC0011972,False,False,0.0,0.0
ACC0011983,False,False,0.0,0.0
ACC0011986,False,False,0.0,0.0
ACC0011987,False,False,0.0,0.0
ACC0011995,False,False,0.0,0.0
ACC0012001,False,False,0.0,0.0
ACC0012004,False,False,0.0,0.0
ACC0012010,False,False,0.0,0.0
ACC0012026,False,False,0.0,0.0
ACC0012034,False,False,0.0,0.0
ACC0012035,False,False,0.0,0.0
ACC0012038,False,False,0.0,0.0
ACC0012043,False,False,0.0,0.0
ACC0012049,False,False,0.0,0.0
ACC0012053,False,False,0.0,0.0
ACC0012054,False,False,0.0,0.0
ACC0012057,False,False,0.0,0.0
ACC0012059,False,False,0.0,0.0
ACC0012060,True,False,125560.69,0.0
ACC0012070,False,False,0.0,0.0
ACC0012071,False,False,0.0,0.0
ACC0012072,False,False,0.0,0.0
ACC0012074,False,False,0.0,0.0
ACC0012077,False,False,0.0,0.0
ACC0012099,False,False,0.0,0.0
ACC0012104,False,False,0.0,0.0
ACC0012105,False,False,0.0,0.0
ACC0012111,False,False,0.0,0.0
ACC0012123,False,False,0.0,0.0
ACC0012128,False,False,0.0,0.0
ACC0012135,False,False,0.0,0.0
ACC0012138,False,False,0.0,0.0
ACC0012142,False,False,0.0,0.0
ACC0012144,False,False,0.0,0.0
ACC0012158,False,False,0.0,0.0
ACC0012161,False,False,0.0,0.0
ACC0012162,False,False,0.0,0.0
ACC0012170,False,False,0.0,0.0
ACC0012181,False,False,0.0,0.0
ACC0012184,False,False,0.0,0.0
ACC0012187,False,False,0.0,0.0
ACC0012188,False,False,0.0,0.0
ACC0012196,False,False,0.0,0.0
ACC0012199,False,False,0.0,0.0
ACC0012200,False,False,0.0,0.0
ACC0012203,False,False,0.0,0.0
ACC0012209,False,False,0.0,0.0
ACC0012215,False,False,0.0,0.0
ACC0012217,False,False,0.0,0.0
ACC0012220,False,False,0.0,0.0
ACC0012221,False,False,0.0,0.0
ACC0012224,False,False,0.0,0.0
ACC0012225,False,False,0.0,0.0
ACC0012230,False,False,0.0,0.0
ACC0012235,False,False,0.0,0.0
ACC0012237,False,False,0.0,0.0
ACC0012242,False,False,0.0,0.0
ACC0012251,False,False,0.0,0.0
ACC0012255,False,False,0.0,0.0
ACC0012258,False,False,0.0,0.0
ACC0012259,False,False,0.0,0.0
ACC0012260,False,False,0.0,0.0
ACC0012265,False,False,0.0,0.0
ACC0012271,False,False,0.0,0.0
ACC0012283,False,False,0.0,0.0
ACC0012287,False,False,0.0,0.0
ACC0012290,False,False,0.0,0.0
ACC0012295,False,False,0.0,0.0
ACC0012303,False,False,0.0,0.0
ACC0012309,False,False,0.0,0.0
ACC0012313,False,False,0.0,0.0
ACC0012317,False,False,0.0,0.0
ACC0012318,False,False,0.0,0.0
ACC0012323,False,False,0.0,0.0
ACC0012329,False,False,0.0,0.0
ACC0012332,False,False,0.0,0.0
ACC0012341,False,False,0.0,0.0
ACC0012348,False,False,0.0,0.0
ACC0012352,False,False,0.0,0.0
ACC0012361,False,False,0.0,0.0
ACC0012364,False,False,0.0,0.0
ACC0012369,False,False,0.0,0.0
ACC0012370,False,False,0.0,0.0
ACC0012372,False,False,0.0,0.0
ACC0012388,False,False,0.0,0.0
ACC0012389,False,False,0.0,0.0
ACC0012396,False,False,0.0,0.0
ACC0012398,False,False,0.0,0.0
ACC0012400,False,False,0.0,0.0
ACC0012403,False,False,0.0,0.0
ACC0012406,False,False,0.0,0.0
ACC0012408,False,False,0.0,0.0
ACC0012418,False,False,0.0,0.0
ACC0012428,False,False,0.0,0.0
ACC0012438,False,False,0.0,0.0
ACC0012446,True,False,139445.82,0.0
ACC0012455,False,False,0.0,0.0
ACC0012458,False,False,0.0,0.0
ACC0012461,False,False,0.0,0.0
ACC0012465,False,False,0.0,0.0
ACC0012473,False,False,0.0,0.0
ACC0012493,False,False,0.0,0.0
ACC0012511,False,False,0.0,0.0
ACC0012522,False,False,0.0,0.0
ACC0012526,False,False,0.0,0.0
ACC0012527,False,False,0.0,0.0
ACC0012534,False,False,0.0,0.0
ACC0012537,False,False,0.0,0.0
ACC0012549,False,False,0.0,0.0
ACC0012550,False,False,0.0,0.0
ACC0012551,False,False,0.0,0.0
ACC0012555,False,False,0.0,0.0
ACC0012559,False,False,0.0,0.0
ACC0012578,False,False,0.0,0.0
ACC0012581,False,False,0.0,0.0
ACC0012583,False,False,0.0,0.0
ACC0012588,False,False,0.0,0.0
ACC0012598,False,False,0.0,0.0
ACC0012602,False,False,0.0,0.0
ACC0012637,False,False,0.0,0.0
ACC0012639,False,False,0.0,0.0
ACC0012641,False,False,0.0,0.0
ACC0012642,False,False,0.0,0.0
ACC0012649,False,False,0.0,0.0
ACC0012650,False,False,0.0,0.0
ACC0012651,False,False,0.0,0.0
ACC0012663,False,False,0.0,0.0
ACC0012667,False,False,0.0,0.0
ACC0012672,False,False,0.0,0.0
ACC0012673,False,False,0.0,0.0
ACC0012678,False,False,0.0,0.0
ACC0012684,False,False,0.0,0.0
ACC0012686,False,False,0.0,0.0
ACC0012692,False,False,0.0,0.0
ACC0012693,False,False,0.0,0.0
ACC0012700,False,False,0.0,0.0
ACC0012704,False,False,0.0,0.0
ACC0012710,False,False,0.0,0.0
ACC0012715,False,False,0.0,0.0
ACC0012726,False,False,0.0,0.0
ACC0012728,False,False,0.0,0.0
ACC0012740,False,False,0.0,0.0
ACC0012744,False,False,0.0,0.0
ACC0012746,False,False,0.0,0.0
ACC0012747,False,False,0.0,0.0
ACC0012749,False,False,0.0,0.0
ACC0012750,False,False,0.0,0.0
ACC0012755,False,False,0.0,0.0
ACC0012757,False,False,0.0,0.0
ACC0012761,False,False,0.0,0.0
ACC0012776,False,False,0.0,0.0
ACC0012777,False,False,0.0,0.0
ACC0012778,False,False,0.0,0.0
ACC0012783,False,False,0.0,0.0
ACC0012791,False,False,0.0,0.0
ACC0012792,False,False,0.0,0.0
ACC0012798,False,False,0.0,0.0
ACC0012805,False,False,0.0,0.0
ACC0012807,False,False,0.0,0.0
ACC0012811,False,False,0.0,0.0
ACC0012824,False,False,0.0,0.0
ACC0012829,False,False,0.0,0.0
ACC0012830,False,False,0.0,0.0
ACC0012833,False,False,0.0,0.0
ACC0012839,False,False,0.0,0.0
ACC0012842,False,False,0.0,0.0
ACC0012846,False,False,0.0,0.0
ACC0012848,False,False,0.0,0.0
ACC0012850,False,False,0.0,0.0
ACC0012852,False,False,0.0,0.0
ACC0012854,False,False,0.0,0.0
ACC0012856,False,False,0.0,0.0
ACC0012872,False,False,0.0,0.0
ACC0012880,False,False,0.0,0.0
ACC0012882,False,False,0.0,0.0
ACC0012894,False,False,0.0,0.0
ACC0012896,False,False,0.0,0.0
ACC0012897,True,False,16653.3,0.0
ACC0012900,False,False,0.0,0.0
ACC0012901,False,False,0.0,0.0
ACC0012915,False,False,0.0,0.0
ACC0012923,False,False,0.0,0.0
ACC0012930,False,False,0.0,0.0
ACC0012933,False,False,0.0,0.0
ACC0012934,False,False,0.0,0.0
ACC0012948,False,True,0.0,71656.75
ACC0012951,False,False,0.0,0.0
ACC0012960,False,False,0.0,0.0
ACC0012972,False,False,0.0,0.0
ACC0012973,False,False,0.0,0.0
ACC0012987,False,False,0.0,0.0
ACC0012988,False,False,0.0,0.0
ACC0012991,False,False,0.0,0.0
ACC0012997,False,False,0.0,0.0
ACC0012999,False,False,0.0,0.0
ACC0013006,False,False,0.0,0.0
ACC0013008,False,False,0.0,0.0
ACC0013015,False,False,0.0,0.0
ACC0013017,False,False,0.0,0.0
ACC0013029,False,False,0.0,0.0
ACC0013030,False,False,0.0,0.0
ACC0013035,False,False,0.0,0.0
ACC0013037,False,False,0.0,0.0
ACC0013038,False,False,0.0,0.0
ACC0013039,False,False,0.0,0.0
ACC0013044,False,False,0.0,0.0
ACC0013049,False,False,0.0,0.0
ACC0013052,False,False,0.0,0.0
ACC0013056,False,False,0.0,0.0
ACC0013062,False,False,0.0,0.0
ACC0013068,False,False,0.0,0.0
ACC0013074,False,False,0.0,0.0
ACC0013076,False,False,0.0,0.0
ACC0013083,False,False,0.0,0.0
ACC0013093,False,False,0.0,0.0
ACC0013109,False,False,0.0,0.0
ACC0013124,False,False,0.0,0.0
ACC0013131,False,False,0.0,0.0
ACC0013137,False,False,0.0,0.0
ACC0013140,False,False,0.0,0.0
ACC0013146,False,False,0.0,0.0
ACC0013154,False,False,0.0,0.0
ACC0013157,False,False,0.0,0.0
ACC0013160,False,False,0.0,0.0
ACC0013162,False,False,0.0,0.0
ACC0013163,False,False,0.0,0.0
ACC0013169,False,False,0.0,0.0
ACC0013172,False,False,0.0,0.0
ACC0013186,False,False,0.0,0.0
ACC0013196,False,False,0.0,0.0
ACC0013197,False,False,0.0,0.0
ACC0013199,False,False,0.0,0.0
ACC0013210,False,False,0.0,0.0
ACC0013224,False,False,0.0,0.0
ACC0013229,False,False,0.0,0.0
ACC0013263,False,False,0.0,0.0
ACC0013275,False,False,0.0,0.0
ACC0013276,False,False,0.0,0.0
ACC0013285,False,False,0.0,0.0
ACC0013287,False,False,0.0,0.0
ACC0013291,False,False,0.0,0.0
ACC0013293,False,False,0.0,0.0
ACC0013301,False,True,0.0,60498.25
ACC0013302,False,False,0.0,0.0
ACC0013320,False,False,0.0,0.0
ACC0013321,False,False,0.0,0.0
ACC0013333,False,False,0.0,0.0
ACC0013344,False,False,0.0,0.0
ACC0013346,False,False,0.0,0.0
ACC0013358,False,False,0.0,0.0
ACC0013360,False,False,0.0,0.0
ACC0013364,False,False,0.0,0.0
ACC0013369,False,False,0.0,0.0
ACC0013376,False,False,0.0,0.0
ACC0013379,False,True,0.0,133350.2
ACC0013382,False,False,0.0,0.0
ACC0013383,False,False,0.0,0.0
ACC0013384,False,False,0.0,0.0
ACC0013389,False,False,0.0,0.0
ACC0013390,False,False,0.0,0.0
ACC0013404,False,False,0.0,0.0
ACC0013409,False,False,0.0,0.0
ACC0013414,False,False,0.0,0.0
ACC0013415,False,False,0.0,0.0
ACC0013419,False,False,0.0,0.0
ACC0013423,False,False,0.0,0.0
ACC0013427,False,False,0.0,0.0
ACC0013429,False,False,0.0,0.0
ACC0013430,False,False,0.0,0.0
ACC0013444,False,False,0.0,0.0
ACC0013449,False,False,0.0,0.0
ACC0013452,False,False,0.0,0.0
ACC0013461,False,False,0.0,0.0
ACC0013467,False,False,0.0,0.0
ACC0013471,False,False,0.0,0.0
ACC0013475,False,False,0.0,0.0
ACC0013484,False,False,0.0,0.0
ACC0013499,False,False,0.0,0.0
ACC0013501,False,False,0.0,0.0
ACC0013503,False,False,0.0,0.0
ACC0013514,False,False,0.0,0.0
ACC0013521,False,True,0.0,120959.69
ACC0013531,False,False,0.0,0.0
ACC0013538,False,False,0.0,0.0
ACC0013540,False,False,0.0,0.0
ACC0013542,False,False,0.0,0.0
ACC0013555,False,False,0.0,0.0
ACC0013561,False,False,0.0,0.0
ACC0013566,False,False,0.0,0.0
ACC0013569,False,False,0.0,0.0
ACC0013588,False,False,0.0,0.0
ACC0013599,False,False,0.0,0.0
ACC0013616,False,False,0.0,0.0
ACC0013628,False,False,0.0,0.0
ACC0013630,False,False,0.0,0.0
ACC0013637,False,False,0.0,0.0
ACC0013641,False,False,0.0,0.0
ACC0013651,False,False,0.0,0.0
ACC0013653,False,False,0.0,0.0
ACC0013675,False,False,0.0,0.0
ACC0013676,False,False,0.0,0.0
ACC0013679,False,False,0.0,0.0
ACC0013682,False,False,0.0,0.0
ACC0013687,False,False,0.0,0.0
ACC0013702,False,False,0.0,0.0
ACC0013706,False,False,0.0,0.0
ACC0013716,False,False,0.0,0.0
ACC0013719,False,False,0.0,0.0
ACC0013722,False,False,0.0,0.0
ACC0013726,False,False,0.0,0.0
ACC0013728,False,False,0.0,0.0
ACC0013736,False,False,0.0,0.0
ACC0013738,False,False,0.0,0.0
ACC0013739,False,False,0.0,0.0
ACC0013744,False,False,0.0,0.0
ACC0013756,False,True,0.0,496.24
ACC0013762,False,False,0.0,0.0
ACC0013770,False,False,0.0,0.0
ACC0013771,False,False,0.0,0.0
ACC0013777,False,False,0.0,0.0
ACC0013778,False,False,0.0,0.0
ACC0013779,False,False,0.0,0.0
ACC0013784,False,False,0.0,0.0
ACC0013787,False,False,0.0,0.0
ACC0013793,False,False,0.0,0.0
ACC0013799,False,False,0.0,0.0
ACC0013800,False,False,0.0,0.0
ACC0013801,False,False,0.0,0.0
ACC0013809,False,False,0.0,0.0
ACC0013811,False,False,0.0,0.0
ACC0013815,False,False,0.0,0.0
ACC0013820,False,False,0.0,0.0
ACC0013824,False,False,0.0,0.0
ACC0013835,False,False,0.0,0.0
ACC0013836,False,False,0.0,0.0
ACC0013844,False,False,0.0,0.0
ACC0013845,False,False,0.0,0.0
ACC0013851,False,False,0.0,0.0
ACC0013856,False,False,0.0,0.0
ACC0013864,False,False,0.0,0.0
ACC0013871,False,False,0.0,0.0
ACC0013876,False,False,0.0,0.0
ACC0013877,False,False,0.0,0.0
ACC0013893,False,False,0.0,0.0
ACC0013901,False,False,0.0,0.0
ACC0013902,False,False,0.0,0.0
ACC0013905,False,False,0.0,0.0
ACC0013909,False,False,0.0,0.0
ACC0013911,False,False,0.0,0.0
ACC0013912,False,False,0.0,0.0
ACC0013917,False,False,0.0,0.0
ACC0013918,False,False,0.0,0.0
ACC0013919,False,False,0.0,0.0
ACC0013927,False,False,0.0,0.0
ACC0013936,False,False,0.0,0.0
ACC0013938,False,False,0.0,0.0
ACC0013952,False,False,0.0,0.0
ACC0013953,False,False,0.0,0.0
ACC0013957,False,False,0.0,0.0
ACC0013959,False,False,0.0,0.0
ACC0013966,False,False,0.0,0.0
ACC0013971,False,False,0.0,0.0
ACC0013972,False,False,0.0,0.0
ACC0013976,False,False,0.0,0.0
ACC0013983,False,False,0.0,0.0
ACC0013985,False,False,0.0,0.0
ACC0013988,False,False,0.0,0.0
ACC0013990,False,False,0.0,0.0
ACC0013995,False,False,0.0,0.0
ACC0013996,False,False,0.0,0.0
ACC0013998,False,False,0.0,0.0
ACC0013999,False,False,0.0,0.0
ACC0014000,False,False,0.0,0.0
ACC0014011,False,False,0.0,0.0
ACC0014021,False,False,0.0,0.0
ACC0014022,False,False,0.0,0.0
ACC0014023,False,False,0.0,0.0
ACC0014024,False,False,0.0,0.0
ACC0014030,False,False,0.0,0.0
ACC0014035,False,False,0.0,0.0
ACC0014036,False,False,0.0,0.0
ACC0014037,False,False,0.0,0.0
ACC0014039,False,False,0.0,0.0
ACC0014040,False,False,0.0,0.0
ACC0014045,False,False,0.0,0.0
ACC0014051,False,False,0.0,0.0
ACC0014055,False,False,0.0,0.0
ACC0014067,False,False,0.0,0.0
ACC0014092,False,False,0.0,0.0
ACC0014111,False,False,0.0,0.0
ACC0014118,False,True,0.0,118690.85
ACC0014119,False,False,0.0,0.0
ACC0014134,False,False,0.0,0.0
ACC0014150,False,False,0.0,0.0
ACC0014154,False,False,0.0,0.0
ACC0014155,False,False,0.0,0.0
ACC0014156,False,False,0.0,0.0
ACC0014158,False,False,0.0,0.0
ACC0014173,False,False,0.0,0.0
ACC0014176,False,False,0.0,0.0
ACC0014177,False,False,0.0,0.0
ACC0014185,False,False,0.0,0.0
ACC0014192,False,False,0.0,0.0
ACC0014204,False,False,0.0,0.0
ACC0014205,False,False,0.0,0.0
ACC0014219,False,False,0.0,0.0
ACC0014232,False,False,0.0,0.0
ACC0014236,False,False,0.0,0.0
ACC0014249,False,False,0.0,0.0
ACC0014251,False,False,0.0,0.0
ACC0014260,False,False,0.0,0.0
ACC0014268,False,False,0.0,0.0
ACC0014270,False,False,0.0,0.0
ACC0014272,False,False,0.0,0.0
ACC0014286,False,False,0.0,0.0
ACC0014287,False,False,0.0,0.0
ACC0014292,False,False,0.0,0.0
ACC0014293,False,False,0.0,0.0
ACC0014295,False,False,0.0,0.0
ACC0014307,False,False,0.0,0.0
ACC0014308,False,False,0.0,0.0
ACC0014312,True,False,81188.52,0.0
ACC0014319,False,False,0.0,0.0
ACC0014326,False,False,0.0,0.0
ACC0014341,False,False,0.0,0.0
ACC0014342,False,False,0.0,0.0
ACC0014343,False,False,0.0,0.0
ACC0014344,False,False,0.0,0.0
ACC0014346,False,False,0.0,0.0
ACC0014355,False,False,0.0,0.0
ACC0014365,False,False,0.0,0.0
ACC0014368,False,False,0.0,0.0
ACC0014369,False,False,0.0,0.0
ACC0014371,False,False,0.0,0.0
ACC0014375,False,False,0.0,0.0
ACC0014383,False,False,0.0,0.0
ACC0014399,False,False,0.0,0.0
ACC0014401,False,False,0.0,0.0
ACC0014405,False,False,0.0,0.0
ACC0014407,False,False,0.0,0.0
ACC0014418,False,False,0.0,0.0
ACC0014420,False,False,0.0,0.0
ACC0014422,False,False,0.0,0.0
ACC0014427,False,False,0.0,0.0
ACC0014428,False,False,0.0,0.0
ACC0014430,False,False,0.0,0.0
ACC0014432,False,False,0.0,0.0
ACC0014435,False,False,0.0,0.0
ACC0014442,False,False,0.0,0.0
ACC0014445,False,False,0.0,0.0
ACC0014447,False,False,0.0,0.0
ACC0014449,False,False,0.0,0.0
ACC0014455,False,False,0.0,0.0
ACC0014468,False,False,0.0,0.0
ACC0014470,False,False,0.0,0.0
ACC0014474,False,False,0.0,0.0
ACC0014482,False,False,0.0,0.0
ACC0014486,False,False,0.0,0.0
ACC0014490,False,False,0.0,0.0
ACC0014492,False,False,0.0,0.0
ACC0014512,False,False,0.0,0.0
ACC0014516,False,False,0.0,0.0
ACC0014517,False,False,0.0,0.0
ACC0014519,False,False,0.0,0.0
ACC0014523,False,False,0.0,0.0
ACC0014524,False,False,0.0,0.0
ACC0014525,False,False,0.0,0.0
ACC0014526,False,False,0.0,0.0
ACC0014537,False,False,0.0,0.0
ACC0014540,False,False,0.0,0.0
ACC0014545,False,False,0.0,0.0
ACC0014553,False,False,0.0,0.0
ACC0014559,False,False,0.0,0.0
ACC0014560,False,False,0.0,0.0
ACC0014564,False,False,0.0,0.0
ACC0014576,False,False,0.0,0.0
ACC0014580,False,False,0.0,0.0
ACC0014585,False,False,0.0,0.0
ACC0014586,False,False,0.0,0.0
ACC0014590,False,False,0.0,0.0
ACC0014591,False,False,0.0,0.0
ACC0014596,False,False,0.0,0.0
ACC0014599,False,False,0.0,0.0
ACC0014610,False,False,0.0,0.0
ACC0014612,False,False,0.0,0.0
ACC0014631,False,True,0.0,30054.37
ACC0014633,False,False,0.0,0.0
ACC0014635,False,False,0.0,0.0
ACC0014642,False,False,0.0,0.0
ACC0014648,False,False,0.0,0.0
ACC0014655,False,False,0.0,0.0
ACC0014659,False,False,0.0,0.0
ACC0014667,False,False,0.0,0.0
ACC0014668,False,False,0.0,0.0
ACC0014676,False,False,0.0,0.0
ACC0014680,False,False,0.0,0.0
ACC0014682,False,False,0.0,0.0
ACC0014687,False,False,0.0,0.0
ACC0014690,False,False,0.0,0.0
ACC0014691,False,False,0.0,0.0
ACC0014698,False,False,0.0,0.0
ACC0014703,False,False,0.0,0.0
ACC0014711,False,False,0.0,0.0
ACC0014712,False,False,0.0,0.0
ACC0014724,False,False,0.0,0.0
ACC0014726,False,False,0.0,0.0
ACC0014729,False,False,0.0,0.0
ACC0014739,False,False,0.0,0.0
ACC0014742,False,False,0.0,0.0
ACC0014745,False,False,0.0,0.0
ACC0014746,False,False,0.0,0.0
ACC0014747,False,False,0.0,0.0
ACC0014757,False,False,0.0,0.0
ACC0014771,True,False,14858.47,0.0
ACC0014773,False,False,0.0,0.0
ACC0014788,False,False,0.0,0.0
ACC0014790,False,False,0.0,0.0
ACC0014793,False,False,0.0,0.0
ACC0014794,False,False,0.0,0.0
ACC0014795,False,False,0.0,0.0
ACC0014799,False,False,0.0,0.0
ACC0014811,False,False,0.0,0.0
ACC0014817,False,True,0.0,142964.95
ACC0014820,False,False,0.0,0.0
ACC0014827,False,False,0.0,0.0
ACC0014832,False,False,0.0,0.0
ACC0014834,False,False,0.0,0.0
ACC0014835,False,False,0.0,0.0
ACC0014837,False,False,0.0,0.0
ACC0014839,False,False,0.0,0.0
ACC0014849,False,False,0.0,0.0
ACC0014852,False,False,0.0,0.0
ACC0014858,False,False,0.0,0.0
ACC0014860,False,False,0.0,0.0
ACC0014870,False,False,0.0,0.0
ACC0014873,False,False,0.0,0.0
ACC0014874,False,False,0.0,0.0
ACC0014887,False,False,0.0,0.0
ACC0014892,False,False,0.0,0.0
ACC0014893,False,False,0.0,0.0
ACC0014900,False,False,0.0,0.0
ACC0014902,False,False,0.0,0.0
ACC0014908,False,False,0.0,0.0
ACC0014910,False,False,0.0,0.0
ACC0014911,False,False,0.0,0.0
ACC0014916,False,False,0.0,0.0
ACC0014917,False,False,0.0,0.0
ACC0014930,False,False,0.0,0.0
ACC0014936,False,False,0.0,0.0
ACC0014938,False,False,0.0,0.0
ACC0014939,True,False,131450.58,0.0
ACC0014942,False,False,0.0,0.0
ACC0014949,False,False,0.0,0.0
ACC0014957,False,False,0.0,0.0
ACC0014961,False,False,0.0,0.0
ACC0014964,False,False,0.0,0.0
ACC0014965,False,False,0.0,0.0
ACC0014970,False,False,0.0,0.0
ACC0014971,False,False,0.0,0.0
ACC0014977,False,False,0.0,0.0
ACC0015003,False,False,0.0,0.0
ACC0015005,False,False,0.0,0.0
ACC0015006,False,False,0.0,0.0
ACC0015011,False,False,0.0,0.0
ACC0015015,False,False,0.0,0.0
ACC0015028,False,False,0.0,0.0
ACC0015032,False,False,0.0,0.0
ACC0015043,False,False,0.0,0.0
ACC0015045,False,False,0.0,0.0
ACC0015049,False,False,0.0,0.0
ACC0015050,False,False,0.0,0.0
ACC0015055,False,False,0.0,0.0
ACC0015067,False,False,0.0,0.0
ACC0015071,False,False,0.0,0.0
ACC0015075,False,False,0.0,0.0
ACC0015083,False,False,0.0,0.0
ACC0015087,False,False,0.0,0.0
ACC0015094,False,False,0.0,0.0
ACC0015109,False,False,0.0,0.0
ACC0015111,False,False,0.0,0.0
ACC0015133,False,False,0.0,0.0
ACC0015134,False,False,0.0,0.0
ACC0015142,False,False,0.0,0.0
ACC0015152,False,False,0.0,0.0
ACC0015164,False,False,0.0,0.0
ACC0015169,False,True,0.0,117125.78
ACC0015170,False,False,0.0,0.0
ACC0015178,False,False,0.0,0.0
ACC0015180,False,False,0.0,0.0
ACC0015182,False,False,0.0,0.0
ACC0015183,False,False,0.0,0.0
ACC0015191,False,False,0.0,0.0
ACC0015193,False,False,0.0,0.0
ACC0015194,False,False,0.0,0.0
ACC0015199,False,False,0.0,0.0
ACC0015204,False,False,0.0,0.0
ACC0015211,False,False,0.0,0.0
ACC0015222,False,False,0.0,0.0
ACC0015223,False,False,0.0,0.0
ACC0015239,False,False,0.0,0.0
ACC0015243,False,False,0.0,0.0
ACC0015246,False,False,0.0,0.0
ACC0015248,False,False,0.0,0.0
ACC0015249,False,False,0.0,0.0
ACC0015251,False,False,0.0,0.0
ACC0015258,False,False,0.0,0.0
ACC0015268,False,False,0.0,0.0
ACC0015289,False,False,0.0,0.0
ACC0015297,False,False,0.0,0.0
ACC0015298,False,False,0.0,0.0
ACC0015299,False,False,0.0,0.0
ACC0015300,False,False,0.0,0.0
ACC0015301,False,False,0.0,0.0
ACC0015303,False,False,0.0,0.0
ACC0015307,False,False,0.0,0.0
ACC0015309,False,False,0.0,0.0
ACC0015320,False,False,0.0,0.0
ACC0015324,False,False,0.0,0.0
ACC0015326,False,False,0.0,0.0
ACC0015327,True,False,69277.69,0.0
ACC0015343,False,False,0.0,0.0
ACC0015351,False,False,0.0,0.0
ACC0015353,False,False,0.0,0.0
ACC0015356,False,False,0.0,0.0
ACC0015361,False,False,0.0,0.0
ACC0015365,False,False,0.0,0.0
ACC0015366,False,False,0.0,0.0
ACC0015370,False,False,0.0,0.0
ACC0015376,False,False,0.0,0.0
ACC0015382,False,False,0.0,0.0
ACC0015400,False,False,0.0,0.0
ACC0015401,False,False,0.0,0.0
ACC0015402,False,False,0.0,0.0
ACC0015409,False,False,0.0,0.0
ACC0015420,False,False,0.0,0.0
ACC0015432,False,False,0.0,0.0
ACC0015434,False,False,0.0,0.0
ACC0015442,False,False,0.0,0.0
ACC0015447,False,False,0.0,0.0
ACC0015448,False,False,0.0,0.0
ACC0015452,False,False,0.0,0.0
ACC0015461,False,False,0.0,0.0
ACC0015463,False,False,0.0,0.0
ACC0015468,False,False,0.0,0.0
ACC0015469,False,False,0.0,0.0
ACC0015478,False,False,0.0,0.0
ACC0015479,False,False,0.0,0.0
ACC0015480,False,False,0.0,0.0
ACC0015483,False,False,0.0,0.0
ACC0015486,False,False,0.0,0.0
ACC0015488,False,False,0.0,0.0
ACC0015494,False,False,0.0,0.0
ACC0015507,False,False,0.0,0.0
ACC0015511,False,False,0.0,0.0
ACC0015514,False,False,0.0,0.0
ACC0015517,False,False,0.0,0.0
ACC0015522,False,False,0.0,0.0
ACC0015525,False,False,0.0,0.0
ACC0015533,False,False,0.0,0.0
ACC0015536,False,False,0.0,0.0
ACC0015539,False,False,0.0,0.0
ACC0015548,False,False,0.0,0.0
ACC0015553,False,False,0.0,0.0
ACC0015554,False,False,0.0,0.0
ACC0015556,False,False,0.0,0.0
ACC0015557,False,False,0.0,0.0
ACC0015568,False,False,0.0,0.0
ACC0015576,False,False,0.0,0.0
ACC0015583,False,False,0.0,0.0
ACC0015586,False,False,0.0,0.0
ACC0015592,False,False,0.0,0.0
ACC0015595,False,False,0.0,0.0
ACC0015596,False,False,0.0,0.0
ACC0015600,False,False,0.0,0.0
ACC0015603,False,False,0.0,0.0
ACC0015607,False,False,0.0,0.0
ACC0015609,False,False,0.0,0.0
ACC0015611,False,False,0.0,0.0
ACC0015612,False,False,0.0,0.0
ACC0015613,False,False,0.0,0.0
ACC0015615,False,False,0.0,0.0
ACC0015626,False,False,0.0,0.0
ACC0015630,False,False,0.0,0.0
ACC0015643,False,False,0.0,0.0
ACC0015662,False,False,0.0,0.0
ACC0015679,False,False,0.0,0.0
ACC0015680,False,False,0.0,0.0
ACC0015684,False,False,0.0,0.0
ACC0015686,False,False,0.0,0.0
ACC0015687,False,False,0.0,0.0
ACC0015689,True,False,69708.39,0.0
ACC0015691,False,False,0.0,0.0
ACC0015697,False,False,0.0,0.0
ACC0015706,False,False,0.0,0.0
ACC0015728,False,False,0.0,0.0
ACC0015737,False,False,0.0,0.0
ACC0015738,False,False,0.0,0.0
ACC0015743,False,False,0.0,0.0
ACC0015748,False,False,0.0,0.0
ACC0015751,False,False,0.0,0.0
ACC0015761,False,False,0.0,0.0
ACC0015771,False,False,0.0,0.0
ACC0015773,False,False,0.0,0.0
ACC0015778,False,False,0.0,0.0
ACC0015782,False,False,0.0,0.0
ACC0015783,False,False,0.0,0.0
ACC0015787,False,False,0.0,0.0
ACC0015792,False,False,0.0,0.0
ACC0015798,False,False,0.0,0.0
ACC0015801,False,False,0.0,0.0
ACC0015802,False,False,0.0,0.0
ACC0015806,False,False,0.0,0.0
ACC0015809,True,False,24198.34,0.0
ACC0015814,False,False,0.0,0.0
ACC0015818,False,False,0.0,0.0
ACC0015819,False,False,0.0,0.0
ACC0015827,False,False,0.0,0.0
ACC0015832,False,False,0.0,0.0
ACC0015834,False,False,0.0,0.0
ACC0015835,False,False,0.0,0.0
ACC0015844,False,False,0.0,0.0
ACC0015849,False,False,0.0,0.0
ACC0015856,False,False,0.0,0.0
ACC0015859,False,False,0.0,0.0
ACC0015867,False,False,0.0,0.0
ACC0015877,False,False,0.0,0.0
ACC0015884,False,False,0.0,0.0
ACC0015886,False,False,0.0,0.0
ACC0015891,False,False,0.0,0.0
ACC0015896,False,False,0.0,0.0
ACC0015902,False,False,0.0,0.0
ACC0015905,False,False,0.0,0.0
ACC0015916,False,False,0.0,0.0
ACC0015917,False,False,0.0,0.0
ACC0015927,False,False,0.0,0.0
ACC0015928,False,False,0.0,0.0
ACC0015929,False,False,0.0,0.0
ACC0015931,False,False,0.0,0.0
ACC0015932,False,False,0.0,0.0
ACC0015933,False,False,0.0,0.0
ACC0015945,True,False,104631.62,0.0
ACC0015946,False,False,0.0,0.0
ACC0015959,False,False,0.0,0.0
ACC0015962,False,False,0.0,0.0
ACC0015963,False,False,0.0,0.0
ACC0015968,False,False,0.0,0.0
ACC0015974,False,False,0.0,0.0
ACC0015976,False,False,0.0,0.0
ACC0015985,False,False,0.0,0.0
ACC0015988,False,False,0.0,0.0
ACC0015993,False,False,0.0,0.0
ACC0015999,False,False,0.0,0.0
ACC0016000,False,False,0.0,0.0
ACC0016001,False,False,0.0,0.0
ACC0016008,False,False,0.0,0.0
ACC0016015,False,False,0.0,0.0
ACC0016021,False,False,0.0,0.0
ACC0016030,False,False,0.0,0.0
ACC0016037,False,False,0.0,0.0
ACC0016045,False,False,0.0,0.0
ACC0016046,False,False,0.0,0.0
ACC0016048,False,False,0.0,0.0
ACC0016054,False,False,0.0,0.0
ACC0016057,False,False,0.0,0.0
ACC0016061,False,False,0.0,0.0
ACC0016064,False,False,0.0,0.0
ACC0016066,False,False,0.0,0.0
ACC0016072,False,False,0.0,0.0
ACC0016073,False,False,0.0,0.0
ACC0016084,False,False,0.0,0.0
ACC0016096,False,False,0.0,0.0
ACC0016105,False,False,0.0,0.0
ACC0016111,False,False,0.0,0.0
ACC0016117,False,False,0.0,0.0
ACC0016136,False,False,0.0,0.0
ACC0016137,False,False,0.0,0.0
ACC0016142,False,True,0.0,49336.52
ACC0016143,False,False,0.0,0.0
ACC0016146,False,False,0.0,0.0
ACC0016148,False,False,0.0,0.0
ACC0016151,False,False,0.0,0.0
ACC0016159,False,False,0.0,0.0
ACC0016161,False,False,0.0,0.0
ACC0016165,False,False,0.0,0.0
ACC0016167,False,False,0.0,0.0
ACC0016181,False,False,0.0,0.0
ACC0016182,False,False,0.0,0.0
ACC0016184,False,False,0.0,0.0
ACC0016190,False,False,0.0,0.0
ACC0016195,False,False,0.0,0.0
ACC0016200,False,False,0.0,0.0
ACC0016221,False,False,0.0,0.0
ACC0016234,False,False,0.0,0.0
ACC0016235,False,False,0.0,0.0
ACC0016243,False,False,0.0,0.0
ACC0016259,False,False,0.0,0.0
ACC0016273,False,False,0.0,0.0
ACC0016276,False,False,0.0,0.0
ACC0016288,False,False,0.0,0.0
ACC0016312,False,False,0.0,0.0
ACC0016316,False,False,0.0,0.0
ACC0016319,False,False,0.0,0.0
ACC0016322,False,False,0.0,0.0
ACC0016336,False,False,0.0,0.0
ACC0016340,False,False,0.0,0.0
ACC0016341,False,False,0.0,0.0
ACC0016345,False,False,0.0,0.0
ACC0016352,False,False,0.0,0.0
ACC0016353,False,False,0.0,0.0
ACC0016358,False,False,0.0,0.0
ACC0016362,False,False,0.0,0.0
ACC0016365,False,False,0.0,0.0
ACC0016370,False,False,0.0,0.0
ACC0016372,False,False,0.0,0.0
ACC0016374,False,False,0.0,0.0
ACC0016375,False,False,0.0,0.0
ACC0016376,False,False,0.0,0.0
ACC0016384,False,False,0.0,0.0
ACC0016385,False,False,0.0,0.0
ACC0016390,False,False,0.0,0.0
ACC0016393,False,False,0.0,0.0
ACC0016397,False,False,0.0,0.0
ACC0016398,False,False,0.0,0.0
ACC0016405,False,False,0.0,0.0
ACC0016408,False,False,0.0,0.0
ACC0016414,False,False,0.0,0.0
ACC0016415,False,False,0.0,0.0
ACC0016420,True,False,64508.95,0.0
ACC0016426,False,False,0.0,0.0
ACC0016427,False,False,0.0,0.0
ACC0016445,False,False,0.0,0.0
ACC0016451,False,False,0.0,0.0
ACC0016455,False,False,0.0,0.0
ACC0016460,False,False,0.0,0.0
ACC0016468,False,False,0.0,0.0
ACC0016469,False,False,0.0,0.0
ACC0016471,False,False,0.0,0.0
ACC0016472,False,False,0.0,0.0
ACC0016475,False,False,0.0,0.0
ACC0016476,False,False,0.0,0.0
ACC0016477,False,False,0.0,0.0
ACC0016480,False,False,0.0,0.0
ACC0016483,False,True,0.0,122250.49
ACC0016484,False,False,0.0,0.0
ACC0016486,False,False,0.0,0.0
ACC0016487,False,False,0.0,0.0
ACC0016490,False,False,0.0,0.0
ACC0016496,False,False,0.0,0.0
ACC0016499,False,False,0.0,0.0
ACC0016507,False,False,0.0,0.0
ACC0016512,False,False,0.0,0.0
ACC0016517,False,False,0.0,0.0
ACC0016520,False,False,0.0,0.0
ACC0016523,False,False,0.0,0.0
ACC0016525,False,False,0.0,0.0
ACC0016529,False,False,0.0,0.0
ACC0016531,False,False,0.0,0.0
ACC0016533,False,False,0.0,0.0
ACC0016534,False,False,0.0,0.0
ACC0016539,False,False,0.0,0.0
ACC0016542,False,False,0.0,0.0
ACC0016545,False,False,0.0,0.0
ACC0016570,False,True,0.0,52100.86
ACC0016578,False,False,0.0,0.0
ACC0016581,False,False,0.0,0.0
ACC0016585,False,False,0.0,0.0
ACC0016586,False,True,0.0,59239.37
ACC0016592,False,False,0.0,0.0
ACC0016594,False,False,0.0,0.0
ACC0016600,False,False,0.0,0.0
ACC0016601,False,False,0.0,0.0
ACC0016618,False,False,0.0,0.0
ACC0016620,False,False,0.0,0.0
ACC0016622,False,False,0.0,0.0
ACC0016631,False,False,0.0,0.0
ACC0016632,False,False,0.0,0.0
ACC0016642,False,False,0.0,0.0
ACC0016643,False,False,0.0,0.0
ACC0016646,False,False,0.0,0.0
ACC0016651,False,False,0.0,0.0
ACC0016652,False,False,0.0,0.0
ACC0016658,False,False,0.0,0.0
ACC0016666,False,False,0.0,0.0
ACC0016677,False,False,0.0,0.0
ACC0016683,False,False,0.0,0.0
ACC0016686,False,False,0.0,0.0
ACC0016687,False,False,0.0,0.0
ACC0016689,False,False,0.0,0.0
ACC0016700,False,False,0.0,0.0
ACC0016713,False,False,0.0,0.0
ACC0016720,False,False,0.0,0.0
ACC0016732,False,False,0.0,0.0
ACC0016735,False,False,0.0,0.0
ACC0016737,False,False,0.0,0.0
ACC0016745,False,False,0.0,0.0
ACC0016752,False,False,0.0,0.0
ACC0016765,False,False,0.0,0.0
ACC0016766,False,False,0.0,0.0
ACC0016771,False,False,0.0,0.0
ACC0016774,False,False,0.0,0.0
ACC0016782,False,False,0.0,0.0
ACC0016795,False,False,0.0,0.0
ACC0016808,False,False,0.0,0.0
ACC0016815,False,False,0.0,0.0
ACC0016818,False,False,0.0,0.0
ACC0016819,False,False,0.0,0.0
ACC0016826,False,False,0.0,0.0
ACC0016828,False,False,0.0,0.0
ACC0016835,False,False,0.0,0.0
ACC0016852,False,False,0.0,0.0
ACC0016857,False,False,0.0,0.0
ACC0016860,False,False,0.0,0.0
ACC0016861,False,False,0.0,0.0
ACC0016862,False,False,0.0,0.0
ACC0016867,False,False,0.0,0.0
ACC0016874,False,False,0.0,0.0
ACC0016879,False,False,0.0,0.0
ACC0016882,False,False,0.0,0.0
ACC0016885,False,False,0.0,0.0
ACC0016888,False,False,0.0,0.0
ACC0016891,False,False,0.0,0.0
ACC0016895,False,False,0.0,0.0
ACC0016904,False,False,0.0,0.0
ACC0016905,False,False,0.0,0.0
ACC0016909,False,False,0.0,0.0
ACC0016913,False,False,0.0,0.0
ACC0016915,False,False,0.0,0.0
ACC0016919,False,False,0.0,0.0
ACC0016922,False,False,0.0,0.0
ACC0016925,False,False,0.0,0.0
ACC0016942,False,False,0.0,0.0
ACC0016943,False,False,0.0,0.0
ACC0016950,False,False,0.0,0.0
ACC0016955,False,False,0.0,0.0
ACC0016964,False,False,0.0,0.0
ACC0016968,False,False,0.0,0.0
ACC0016972,False,False,0.0,0.0
ACC0016974,False,False,0.0,0.0
ACC0016979,False,False,0.0,0.0
ACC0016988,False,False,0.0,0.0
ACC0016999,False,False,0.0,0.0
ACC0017002,False,False,0.0,0.0
ACC0017003,False,False,0.0,0.0
ACC0017014,False,False,0.0,0.0
ACC0017021,False,False,0.0,0.0
ACC0017026,False,False,0.0,0.0
ACC0017032,False,False,0.0,0.0
ACC0017037,False,False,0.0,0.0
ACC0017042,False,False,0.0,0.0
ACC0017045,False,False,0.0,0.0
ACC0017055,False,False,0.0,0.0
ACC0017058,False,False,0.0,0.0
ACC0017062,False,False,0.0,0.0
ACC0017072,False,False,0.0,0.0
ACC0017075,False,False,0.0,0.0
ACC0017077,False,False,0.0,0.0
ACC0017080,False,False,0.0,0.0
ACC0017082,False,False,0.0,0.0
ACC0017084,False,False,0.0,0.0
ACC0017100,False,False,0.0,0.0
ACC0017101,False,False,0.0,0.0
ACC0017104,False,False,0.0,0.0
ACC0017107,False,False,0.0,0.0
ACC0017110,False,False,0.0,0.0
ACC0017111,True,False,63232.97,0.0
ACC0017112,False,False,0.0,0.0
ACC0017118,False,False,0.0,0.0
ACC0017123,False,False,0.0,0.0
ACC0017126,False,False,0.0,0.0
ACC0017127,False,False,0.0,0.0
ACC0017132,False,False,0.0,0.0
ACC0017134,False,False,0.0,0.0
ACC0017138,False,False,0.0,0.0
ACC0017140,False,False,0.0,0.0
ACC0017146,False,False,0.0,0.0
ACC0017156,False,False,0.0,0.0
ACC0017157,False,False,0.0,0.0
ACC0017169,False,False,0.0,0.0
ACC0017172,False,False,0.0,0.0
ACC0017175,False,False,0.0,0.0
ACC0017190,False,False,0.0,0.0
ACC0017194,False,False,0.0,0.0
ACC0017207,False,False,0.0,0.0
ACC0017210,False,False,0.0,0.0
ACC0017219,False,False,0.0,0.0
ACC0017223,False,False,0.0,0.0
ACC0017231,False,False,0.0,0.0
ACC0017248,False,False,0.0,0.0
ACC0017253,False,False,0.0,0.0
ACC0017267,False,False,0.0,0.0
ACC0017269,False,False,0.0,0.0
ACC0017271,False,False,0.0,0.0
ACC0017275,False,False,0.0,0.0
ACC0017279,False,False,0.0,0.0
ACC0017281,False,False,0.0,0.0
ACC0017297,False,False,0.0,0.0
ACC0017303,False,False,0.0,0.0
ACC0017306,False,False,0.0,0.0
ACC0017319,False,False,0.0,0.0
ACC0017326,False,False,0.0,0.0
ACC0017338,False,False,0.0,0.0
ACC0017345,False,False,0.0,0.0
ACC0017347,False,False,0.0,0.0
ACC0017351,False,False,0.0,0.0
ACC0017360,False,False,0.0,0.0
ACC0017361,False,False,0.0,0.0
ACC0017366,False,False,0.0,0.0
ACC0017376,False,False,0.0,0.0
ACC0017395,False,False,0.0,0.0
ACC0017400,False,False,0.0,0.0
ACC0017402,False,False,0.0,0.0
ACC0017404,False,False,0.0,0.0
ACC0017408,False,False,0.0,0.0
ACC0017427,False,False,0.0,0.0
ACC0017434,False,False,0.0,0.0
ACC0017436,False,False,0.0,0.0
ACC0017459,False,False,0.0,0.0
ACC0017463,False,False,0.0,0.0
ACC0017464,False,False,0.0,0.0
ACC0017469,False,False,0.0,0.0
ACC0017475,False,False,0.0,0.0
ACC0017476,False,False,0.0,0.0
ACC0017477,False,False,0.0,0.0
ACC0017480,False,True,0.0,16952.65
ACC0017485,False,False,0.0,0.0
ACC0017487,False,False,0.0,0.0
ACC0017490,False,False,0.0,0.0
ACC0017495,False,False,0.0,0.0
ACC0017502,False,False,0.0,0.0
ACC0017520,False,False,0.0,0.0
ACC0017524,False,False,0.0,0.0
ACC0017527,False,False,0.0,0.0
ACC0017531,False,False,0.0,0.0
ACC0017535,False,False,0.0,0.0
ACC0017540,False,False,0.0,0.0
ACC0017545,False,False,0.0,0.0
ACC0017546,False,False,0.0,0.0
ACC0017547,False,False,0.0,0.0
ACC0017553,False,False,0.0,0.0
ACC0017556,False,False,0.0,0.0
ACC0017561,False,False,0.0,0.0
ACC0017566,False,False,0.0,0.0
ACC0017574,False,False,0.0,0.0
ACC0017576,False,False,0.0,0.0
ACC0017578,False,False,0.0,0.0
ACC0017579,False,False,0.0,0.0
ACC0017583,False,False,0.0,0.0
ACC0017587,False,False,0.0,0.0
ACC0017595,False,False,0.0,0.0
ACC0017607,False,False,0.0,0.0
ACC0017608,False,False,0.0,0.0
ACC0017614,False,False,0.0,0.0
ACC0017619,False,False,0.0,0.0
ACC0017620,False,False,0.0,0.0
ACC0017622,False,False,0.0,0.0
ACC0017627,False,False,0.0,0.0
ACC0017631,False,False,0.0,0.0
ACC0017634,False,False,0.0,0.0
ACC0017641,False,False,0.0,0.0
ACC0017645,False,False,0.0,0.0
ACC0017660,False,False,0.0,0.0
ACC0017664,False,False,0.0,0.0
ACC0017667,False,False,0.0,0.0
ACC0017672,False,False,0.0,0.0
ACC0017678,False,False,0.0,0.0
ACC0017693,False,False,0.0,0.0
ACC0017694,False,False,0.0,0.0
ACC0017702,False,False,0.0,0.0
ACC0017706,False,False,0.0,0.0
ACC0017709,False,False,0.0,0.0
ACC0017713,False,False,0.0,0.0
ACC0017718,False,False,0.0,0.0
ACC0017722,False,False,0.0,0.0
ACC0017724,False,False,0.0,0.0
ACC0017727,False,False,0.0,0.0
ACC0017730,False,False,0.0,0.0
ACC0017742,False,False,0.0,0.0
ACC0017747,False,False,0.0,0.0
ACC0017755,False,False,0.0,0.0
ACC0017757,False,False,0.0,0.0
ACC0017759,False,False,0.0,0.0
ACC0017775,False,False,0.0,0.0
ACC0017794,False,False,0.0,0.0
ACC0017797,False,False,0.0,0.0
ACC0017820,False,False,0.0,0.0
ACC0017827,False,False,0.0,0.0
ACC0017830,False,False,0.0,0.0
ACC0017837,False,False,0.0,0.0
ACC0017841,False,False,0.0,0.0
ACC0017844,False,False,0.0,0.0
ACC0017850,False,False,0.0,0.0
ACC0017853,False,False,0.0,0.0
ACC0017865,False,False,0.0,0.0
ACC0017868,False,False,0.0,0.0
ACC0017869,False,False,0.0,0.0
ACC0017874,False,False,0.0,0.0
ACC0017876,False,False,0.0,0.0
ACC0017880,False,False,0.0,0.0
ACC0017884,False,False,0.0,0.0
ACC0017885,False,False,0.0,0.0
ACC0017890,False,False,0.0,0.0
ACC0017896,False,False,0.0,0.0
ACC0017897,False,True,0.0,120274.78
ACC0017898,False,False,0.0,0.0
ACC0017899,False,False,0.0,0.0
ACC0017901,False,False,0.0,0.0
ACC0017902,False,False,0.0,0.0
ACC0017903,False,False,0.0,0.0
ACC0017911,False,False,0.0,0.0
ACC0017919,False,False,0.0,0.0
ACC0017925,False,False,0.0,0.0
ACC0017927,True,False,74119.11,0.0
ACC0017947,False,False,0.0,0.0
ACC0017951,False,False,0.0,0.0
ACC0017960,False,False,0.0,0.0
ACC0017973,False,False,0.0,0.0
ACC0017974,False,False,0.0,0.0
ACC0017975,False,False,0.0,0.0
ACC0017982,False,False,0.0,0.0
ACC0017984,False,False,0.0,0.0
ACC0017989,False,False,0.0,0.0
ACC0017993,False,False,0.0,0.0
ACC0017994,False,False,0.0,0.0
ACC0018000,False,False,0.0,0.0
ACC0018002,False,False,0.0,0.0
ACC0018005,False,False,0.0,0.0
ACC0018008,False,False,0.0,0.0
ACC0018014,False,False,0.0,0.0
ACC0018020,False,False,0.0,0.0
ACC0018024,False,False,0.0,0.0
ACC0018028,False,False,0.0,0.0
ACC0018035,False,False,0.0,0.0
ACC0018036,False,False,0.0,0.0
ACC0018047,False,False,0.0,0.0
ACC0018048,False,False,0.0,0.0
ACC0018049,False,False,0.0,0.0
ACC0018052,False,False,0.0,0.0
ACC0018057,False,False,0.0,0.0
ACC0018068,False,False,0.0,0.0
ACC0018072,False,False,0.0,0.0
ACC0018073,False,False,0.0,0.0
ACC0018083,False,False,0.0,0.0
ACC0018084,False,False,0.0,0.0
ACC0018086,False,False,0.0,0.0
ACC0018100,False,False,0.0,0.0
ACC0018102,False,False,0.0,0.0
ACC0018105,False,False,0.0,0.0
ACC0018107,False,False,0.0,0.0
ACC0018123,False,False,0.0,0.0
ACC0018133,False,False,0.0,0.0
ACC0018134,False,False,0.0,0.0
ACC0018136,False,False,0.0,0.0
ACC0018147,False,False,0.0,0.0
ACC0018158,False,False,0.0,0.0
ACC0018165,False,False,0.0,0.0
ACC0018168,False,False,0.0,0.0
ACC0018169,False,False,0.0,0.0
ACC0018171,False,False,0.0,0.0
ACC0018175,False,False,0.0,0.0
ACC0018176,False,False,0.0,0.0
ACC0018178,False,False,0.0,0.0
ACC0018183,False,False,0.0,0.0
ACC0018184,False,False,0.0,0.0
ACC0018185,False,False,0.0,0.0
ACC0018187,False,False,0.0,0.0
ACC0018190,False,False,0.0,0.0
ACC0018191,False,False,0.0,0.0
ACC0018194,False,False,0.0,0.0
ACC0018195,False,False,0.0,0.0
ACC0018197,False,False,0.0,0.0
ACC0018209,False,False,0.0,0.0
ACC0018215,False,False,0.0,0.0
ACC0018216,False,False,0.0,0.0
ACC0018228,False,False,0.0,0.0
ACC0018237,False,False,0.0,0.0
ACC0018238,False,False,0.0,0.0
ACC0018248,False,False,0.0,0.0
ACC0018260,False,False,0.0,0.0
ACC0018266,False,False,0.0,0.0
ACC0018277,False,False,0.0,0.0
ACC0018280,False,False,0.0,0.0
ACC0018294,False,False,0.0,0.0
ACC0018300,False,False,0.0,0.0
ACC0018307,False,False,0.0,0.0
ACC0018319,False,False,0.0,0.0
ACC0018321,False,False,0.0,0.0
ACC0018327,False,False,0.0,0.0
ACC0018345,False,False,0.0,0.0
ACC0018353,False,False,0.0,0.0
ACC0018354,False,False,0.0,0.0
ACC0018357,False,False,0.0,0.0
ACC0018369,False,False,0.0,0.0
ACC0018373,False,False,0.0,0.0
ACC0018384,False,False,0.0,0.0
ACC0018387,False,False,0.0,0.0
ACC0018388,False,False,0.0,0.0
ACC0018391,False,False,0.0,0.0
ACC0018394,False,False,0.0,0.0
ACC0018395,False,False,0.0,0.0
ACC0018396,False,False,0.0,0.0
ACC0018401,False,False,0.0,0.0
ACC0018402,False,False,0.0,0.0
ACC0018406,False,False,0.0,0.0
ACC0018407,False,False,0.0,0.0
ACC0018430,False,False,0.0,0.0
ACC0018431,False,False,0.0,0.0
ACC0018437,False,False,0.0,0.0
ACC0018438,False,False,0.0,0.0
ACC0018441,False,False,0.0,0.0
ACC0018451,False,False,0.0,0.0
ACC0018453,False,False,0.0,0.0
ACC0018456,False,False,0.0,0.0
ACC0018460,False,False,0.0,0.0
ACC0018467,False,False,0.0,0.0
ACC0018470,False,False,0.0,0.0
ACC0018478,False,False,0.0,0.0
ACC0018479,False,False,0.0,0.0
ACC0018491,False,False,0.0,0.0
ACC0018502,False,False,0.0,0.0
ACC0018508,False,False,0.0,0.0
ACC0018510,False,False,0.0,0.0
ACC0018513,False,False,0.0,0.0
ACC0018516,False,False,0.0,0.0
ACC0018522,False,False,0.0,0.0
ACC0018525,False,False,0.0,0.0
ACC0018529,False,False,0.0,0.0
ACC0018533,False,False,0.0,0.0
ACC0018538,False,False,0.0,0.0
ACC0018547,False,False,0.0,0.0
ACC0018549,False,False,0.0,0.0
ACC0018551,False,False,0.0,0.0
ACC0018568,False,False,0.0,0.0
ACC0018573,False,False,0.0,0.0
ACC0018579,False,False,0.0,0.0
ACC0018582,False,False,0.0,0.0
ACC0018588,False,False,0.0,0.0
ACC0018591,False,False,0.0,0.0
ACC0018594,False,False,0.0,0.0
ACC0018595,False,False,0.0,0.0
ACC0018598,False,False,0.0,0.0
ACC0018607,False,False,0.0,0.0
ACC0018609,False,False,0.0,0.0
ACC0018610,False,False,0.0,0.0
ACC0018615,False,False,0.0,0.0
ACC0018622,False,False,0.0,0.0
ACC0018645,False,False,0.0,0.0
ACC0018656,False,False,0.0,0.0
ACC0018662,False,False,0.0,0.0
ACC0018667,False,False,0.0,0.0
ACC0018684,False,False,0.0,0.0
ACC0018694,False,False,0.0,0.0
ACC0018695,False,False,0.0,0.0
ACC0018700,False,False,0.0,0.0
ACC0018713,False,False,0.0,0.0
ACC0018721,False,False,0.0,0.0
ACC0018734,False,False,0.0,0.0
ACC0018739,False,False,0.0,0.0
ACC0018740,False,False,0.0,0.0
ACC0018743,False,False,0.0,0.0
ACC0018759,False,False,0.0,0.0
ACC0018771,False,False,0.0,0.0
ACC0018774,False,False,0.0,0.0
ACC0018776,False,False,0.0,0.0
ACC0018788,False,False,0.0,0.0
ACC0018792,False,False,0.0,0.0
ACC0018807,False,False,0.0,0.0
ACC0018812,False,False,0.0,0.0
ACC0018815,False,False,0.0,0.0
ACC0018817,False,False,0.0,0.0
ACC0018818,False,False,0.0,0.0
ACC0018826,False,False,0.0,0.0
ACC0018833,False,False,0.0,0.0
ACC0018837,False,False,0.0,0.0
ACC0018848,False,False,0.0,0.0
ACC0018849,False,False,0.0,0.0
ACC0018855,False,False,0.0,0.0
ACC0018858,False,False,0.0,0.0
ACC0018859,False,False,0.0,0.0
ACC0018864,False,False,0.0,0.0
ACC0018871,False,False,0.0,0.0
ACC0018877,False,False,0.0,0.0
ACC0018879,False,False,0.0,0.0
ACC0018894,False,False,0.0,0.0
ACC0018896,False,False,0.0,0.0
ACC0018904,False,False,0.0,0.0
ACC0018913,False,False,0.0,0.0
ACC0018927,False,False,0.0,0.0
ACC0018936,False,False,0.0,0.0
ACC0018939,True,False,130286.47,0.0
ACC0018940,False,False,0.0,0.0
ACC0018952,False,False,0.0,0.0
ACC0018956,False,False,0.0,0.0
ACC0018959,False,False,0.0,0.0
ACC0018962,False,False,0.0,0.0
ACC0018971,False,False,0.0,0.0
ACC0018976,False,False,0.0,0.0
ACC0018986,False,False,0.0,0.0
ACC0018992,False,False,0.0,0.0
ACC0018999,False,False,0.0,0.0
ACC0019007,False,False,0.0,0.0
ACC0019018,False,False,0.0,0.0
ACC0019029,False,False,0.0,0.0
ACC0019032,False,False,0.0,0.0
ACC0019033,False,False,0.0,0.0
ACC0019036,False,False,0.0,0.0
ACC0019038,False,False,0.0,0.0
ACC0019049,False,False,0.0,0.0
ACC0019058,False,False,0.0,0.0
ACC0019069,False,False,0.0,0.0
ACC0019071,False,False,0.0,0.0
ACC0019079,False,False,0.0,0.0
ACC0019093,False,False,0.0,0.0
ACC0019094,False,False,0.0,0.0
ACC0019095,False,False,0.0,0.0
ACC0019102,False,False,0.0,0.0
ACC0019103,False,False,0.0,0.0
ACC0019108,False,False,0.0,0.0
ACC0019112,False,False,0.0,0.0
ACC0019114,False,False,0.0,0.0
ACC0019115,False,False,0.0,0.0
ACC0019120,False,False,0.0,0.0
ACC0019147,False,False,0.0,0.0
ACC0019148,False,False,0.0,0.0
ACC0019151,False,False,0.0,0.0
ACC0019157,False,False,0.0,0.0
ACC0019162,False,False,0.0,0.0
ACC0019166,False,False,0.0,0.0
ACC0019181,False,False,0.0,0.0
ACC0019199,False,False,0.0,0.0
ACC0019204,False,False,0.0,0.0
ACC0019207,False,False,0.0,0.0
ACC0019211,False,False,0.0,0.0
ACC0019223,False,False,0.0,0.0
ACC0019224,False,False,0.0,0.0
ACC0019228,False,False,0.0,0.0
ACC0019229,False,False,0.0,0.0
ACC0019231,False,False,0.0,0.0
ACC0019235,False,False,0.0,0.0
ACC0019238,False,False,0.0,0.0
ACC0019243,False,False,0.0,0.0
ACC0019244,False,False,0.0,0.0
ACC0019245,False,False,0.0,0.0
ACC0019261,False,False,0.0,0.0
ACC0019267,False,False,0.0,0.0
ACC0019280,False,False,0.0,0.0
ACC0019281,False,False,0.0,0.0
ACC0019283,False,False,0.0,0.0
ACC0019288,False,False,0.0,0.0
ACC0019291,False,False,0.0,0.0
ACC0019302,False,False,0.0,0.0
ACC0019303,False,False,0.0,0.0
ACC0019306,False,False,0.0,0.0
ACC0019308,False,False,0.0,0.0
ACC0019311,False,False,0.0,0.0
ACC0019314,False,False,0.0,0.0
ACC0019318,True,False,61657.1,0.0
ACC0019332,False,False,0.0,0.0
ACC0019335,False,False,0.0,0.0
ACC0019338,False,False,0.0,0.0
ACC0019339,False,False,0.0,0.0
ACC0019342,False,False,0.0,0.0
ACC0019345,False,False,0.0,0.0
ACC0019348,False,False,0.0,0.0
ACC0019363,False,False,0.0,0.0
ACC0019364,False,False,0.0,0.0
ACC0019366,False,False,0.0,0.0
ACC0019368,False,False,0.0,0.0
ACC0019373,False,False,0.0,0.0
ACC0019374,False,False,0.0,0.0
ACC0019377,False,False,0.0,0.0
ACC0019382,False,False,0.0,0.0
ACC0019383,False,False,0.0,0.0
ACC0019386,False,False,0.0,0.0
ACC0019391,False,False,0.0,0.0
ACC0019393,False,False,0.0,0.0
ACC0019394,False,False,0.0,0.0
ACC0019395,False,False,0.0,0.0
ACC0019408,False,False,0.0,0.0
ACC0019418,False,False,0.0,0.0
ACC0019422,False,False,0.0,0.0
ACC0019429,False,False,0.0,0.0
ACC0019439,False,False,0.0,0.0
ACC0019441,False,False,0.0,0.0
ACC0019443,False,False,0.0,0.0
ACC0019452,False,False,0.0,0.0
ACC0019455,False,False,0.0,0.0
ACC0019464,False,False,0.0,0.0
ACC0019473,False,False,0.0,0.0
ACC0019487,False,False,0.0,0.0
ACC0019504,False,False,0.0,0.0
ACC0019506,False,False,0.0,0.0
ACC0019508,False,True,0.0,10780.3
ACC0019515,False,False,0.0,0.0
ACC0019518,False,False,0.0,0.0
ACC0019519,False,False,0.0,0.0
ACC0019522,False,False,0.0,0.0
ACC0019523,False,False,0.0,0.0
ACC0019538,False,False,0.0,0.0
ACC0019539,False,False,0.0,0.0
ACC0019540,False,False,0.0,0.0
ACC0019543,False,False,0.0,0.0
ACC0019546,False,False,0.0,0.0
ACC0019557,False,False,0.0,0.0
ACC0019559,False,False,0.0,0.0
ACC0019564,False,False,0.0,0.0
ACC0019568,False,False,0.0,0.0
ACC0019576,False,False,0.0,0.0
ACC0019581,False,False,0.0,0.0
ACC0019588,False,False,0.0,0.0
ACC0019594,False,False,0.0,0.0
ACC0019604,False,False,0.0,0.0
ACC0019605,False,False,0.0,0.0
ACC0019606,False,False,0.0,0.0
ACC0019609,True,False,110285.5,0.0
ACC0019613,False,False,0.0,0.0
ACC0019614,False,False,0.0,0.0
ACC0019617,False,False,0.0,0.0
ACC0019623,False,False,0.0,0.0
ACC0019635,False,False,0.0,0.0
ACC0019636,False,False,0.0,0.0
ACC0019637,False,False,0.0,0.0
ACC0019642,False,False,0.0,0.0
ACC0019647,False,False,0.0,0.0
ACC0019650,False,False,0.0,0.0
ACC0019653,False,False,0.0,0.0
ACC0019678,False,False,0.0,0.0
ACC0019679,False,False,0.0,0.0
ACC0019680,False,False,0.0,0.0
ACC0019685,False,False,0.0,0.0
ACC0019689,False,False,0.0,0.0
ACC0019691,False,False,0.0,0.0
ACC0019696,False,False,0.0,0.0
ACC0019698,False,False,0.0,0.0
ACC0019700,False,False,0.0,0.0
ACC0019707,False,False,0.0,0.0
ACC0019708,False,False,0.0,0.0
ACC0019713,False,False,0.0,0.0
ACC0019727,False,False,0.0,0.0
ACC0019728,False,False,0.0,0.0
ACC0019730,False,False,0.0,0.0
ACC0019732,False,False,0.0,0.0
ACC0019735,False,False,0.0,0.0
ACC0019736,False,False,0.0,0.0
ACC0019741,False,False,0.0,0.0
ACC0019749,False,False,0.0,0.0
ACC0019752,False,False,0.0,0.0
ACC0019760,False,False,0.0,0.0
ACC0019761,False,False,0.0,0.0
ACC0019771,False,False,0.0,0.0
ACC0019775,False,False,0.0,0.0
ACC0019780,False,False,0.0,0.0
ACC0019782,False,False,0.0,0.0
ACC0019790,False,False,0.0,0.0
ACC0019791,False,False,0.0,0.0
ACC0019794,False,False,0.0,0.0
ACC0019824,False,False,0.0,0.0
ACC0019828,False,False,0.0,0.0
ACC0019832,False,False,0.0,0.0
ACC0019852,False,False,0.0,0.0
ACC0019856,False,False,0.0,0.0
ACC0019858,False,False,0.0,0.0
ACC0019866,False,False,0.0,0.0
ACC0019867,False,False,0.0,0.0
ACC0019870,False,False,0.0,0.0
ACC0019871,False,False,0.0,0.0
ACC0019874,False,False,0.0,0.0
ACC0019875,False,False,0.0,0.0
ACC0019880,False,False,0.0,0.0
ACC0019883,False,False,0.0,0.0
ACC0019884,False,False,0.0,0.0
ACC0019891,False,False,0.0,0.0
ACC0019892,False,False,0.0,0.0
ACC0019894,False,False,0.0,0.0
ACC0019897,False,False,0.0,0.0
ACC0019900,False,False,0.0,0.0
ACC0019901,False,False,0.0,0.0
ACC0019902,False,False,0.0,0.0
ACC0019904,False,False,0.0,0.0
ACC0019909,False,False,0.0,0.0
ACC0019910,False,False,0.0,0.0
ACC0019916,False,False,0.0,0.0
ACC0019927,False,False,0.0,0.0
ACC0019939,False,False,0.0,0.0
ACC0019943,False,False,0.0,0.0
ACC0019946,False,False,0.0,0.0
ACC0019955,False,False,0.0,0.0
ACC0019970,False,False,0.0,0.0
ACC0019981,False,False,0.0,0.0
ACC0019985,False,False,0.0,0.0
ACC0019986,False,False,0.0,0.0
ACC0019988,False,False,0.0,0.0
ACC0019989,False,False,0.0,0.0
ACC0019994,False,False,0.0,0.0
ACC0020000,False,False,0.0,0.0
ACC0020011,False,False,0.0,0.0
ACC0020019,False,False,0.0,0.0
ACC0020023,False,False,0.0,0.0
ACC0020032,False,False,0.0,0.0
ACC0020034,False,False,0.0,0.0
ACC0020035,False,False,0.0,0.0
ACC0020047,False,False,0.0,0.0
ACC0020048,False,False,0.0,0.0
ACC0020050,False,False,0.0,0.0
ACC0020052,False,False,0.0,0.0
ACC0020053,False,False,0.0,0.0
ACC0020055,False,False,0.0,0.0
ACC0020060,False,False,0.0,0.0
ACC0020062,False,False,0.0,0.0
ACC0020069,False,False,0.0,0.0
ACC0020078,False,False,0.0,0.0
ACC0020087,False,False,0.0,0.0
ACC0020104,False,False,0.0,0.0
ACC0020110,False,False,0.0,0.0
ACC0020115,False,False,0.0,0.0
ACC0020120,False,False,0.0,0.0
ACC0020122,False,False,0.0,0.0
ACC0020128,False,False,0.0,0.0
ACC0020132,False,False,0.0,0.0
ACC0020144,False,False,0.0,0.0
ACC0020149,False,False,0.0,0.0
ACC0020154,False,False,0.0,0.0
ACC0020156,False,False,0.0,0.0
ACC0020157,False,False,0.0,0.0
ACC0020160,False,False,0.0,0.0
ACC0020175,False,False,0.0,0.0
ACC0020177,False,False,0.0,0.0
ACC0020187,False,False,0.0,0.0
ACC0020188,False,False,0.0,0.0
ACC0020192,False,False,0.0,0.0
ACC0020205,False,False,0.0,0.0
ACC0020207,False,False,0.0,0.0
ACC0020210,False,False,0.0,0.0
ACC0020217,False,False,0.0,0.0
ACC0020220,False,False,0.0,0.0
ACC0020224,False,False,0.0,0.0
ACC0020225,False,False,0.0,0.0
ACC0020230,False,False,0.0,0.0
ACC0020234,False,False,0.0,0.0
ACC0020251,False,False,0.0,0.0
ACC0020256,False,False,0.0,0.0
ACC0020260,False,False,0.0,0.0
ACC0020264,False,False,0.0,0.0
ACC0020265,False,False,0.0,0.0
ACC0020268,False,False,0.0,0.0
ACC0020270,False,False,0.0,0.0
ACC0020272,False,False,0.0,0.0
ACC0020273,False,False,0.0,0.0
ACC0020278,False,False,0.0,0.0
ACC0020279,False,False,0.0,0.0
ACC0020281,False,False,0.0,0.0
ACC0020283,False,False,0.0,0.0
ACC0020300,False,False,0.0,0.0
ACC0020307,False,False,0.0,0.0
ACC0020311,False,False,0.0,0.0
ACC0020322,False,False,0.0,0.0
ACC0020325,False,False,0.0,0.0
ACC0020333,False,False,0.0,0.0
ACC0020341,False,False,0.0,0.0
ACC0020343,False,False,0.0,0.0
ACC0020349,False,False,0.0,0.0
ACC0020354,False,False,0.0,0.0
ACC0020357,False,False,0.0,0.0
ACC0020358,False,False,0.0,0.0
ACC0020370,False,False,0.0,0.0
ACC0020371,False,False,0.0,0.0
ACC0020379,False,False,0.0,0.0
ACC0020392,False,False,0.0,0.0
ACC0020393,False,False,0.0,0.0
ACC0020410,False,False,0.0,0.0
ACC0020418,False,False,0.0,0.0
ACC0020431,False,False,0.0,0.0
ACC0020439,False,False,0.0,0.0
ACC0020445,False,False,0.0,0.0
ACC0020449,False,False,0.0,0.0
ACC0020456,False,False,0.0,0.0
ACC0020461,False,False,0.0,0.0
ACC0020466,False,False,0.0,0.0
ACC0020474,False,False,0.0,0.0
ACC0020476,False,False,0.0,0.0
ACC0020482,False,False,0.0,0.0
ACC0020488,False,False,0.0,0.0
ACC0020493,False,False,0.0,0.0
ACC0020496,False,False,0.0,0.0
ACC0020508,False,False,0.0,0.0
ACC0020518,False,False,0.0,0.0
ACC0020521,False,False,0.0,0.0
ACC0020526,False,False,0.0,0.0
ACC0020527,False,False,0.0,0.0
ACC0020528,False,False,0.0,0.0
ACC0020548,False,False,0.0,0.0
ACC0020549,False,False,0.0,0.0
ACC0020552,False,False,0.0,0.0
ACC0020557,False,False,0.0,0.0
ACC0020560,False,False,0.0,0.0
ACC0020569,False,False,0.0,0.0
ACC0020572,False,False,0.0,0.0
ACC0020573,False,False,0.0,0.0
ACC0020579,False,False,0.0,0.0
ACC0020582,False,False,0.0,0.0
ACC0020589,False,False,0.0,0.0
ACC0020592,False,False,0.0,0.0
ACC0020594,False,False,0.0,0.0
ACC0020605,False,False,0.0,0.0
ACC0020606,False,False,0.0,0.0
ACC0020608,False,False,0.0,0.0
ACC0020609,False,False,0.0,0.0
ACC0020622,False,False,0.0,0.0
ACC0020625,False,False,0.0,0.0
ACC0020634,False,False,0.0,0.0
ACC0020636,False,False,0.0,0.0
ACC0020640,False,False,0.0,0.0
ACC0020641,False,False,0.0,0.0
ACC0020649,False,False,0.0,0.0
ACC0020657,False,False,0.0,0.0
ACC0020664,False,False,0.0,0.0
ACC0020668,False,False,0.0,0.0
ACC0020670,False,False,0.0,0.0
ACC0020674,False,False,0.0,0.0
ACC0020678,False,False,0.0,0.0
ACC0020681,False,False,0.0,0.0
ACC0020686,False,False,0.0,0.0
ACC0020696,False,False,0.0,0.0
ACC0020708,False,False,0.0,0.0
ACC0020712,False,False,0.0,0.0
ACC0020718,False,False,0.0,0.0
ACC0020723,False,False,0.0,0.0
ACC0020724,False,False,0.0,0.0
ACC0020745,False,False,0.0,0.0
ACC0020748,False,False,0.0,0.0
ACC0020751,False,False,0.0,0.0
ACC0020777,False,False,0.0,0.0
ACC0020781,False,False,0.0,0.0
ACC0020790,False,False,0.0,0.0
ACC0020798,False,False,0.0,0.0
ACC0020807,False,False,0.0,0.0
ACC0020809,False,False,0.0,0.0
ACC0020838,False,False,0.0,0.0
ACC0020839,False,False,0.0,0.0
ACC0020840,False,False,0.0,0.0
ACC0020841,False,False,0.0,0.0
ACC0020842,False,False,0.0,0.0
ACC0020846,False,False,0.0,0.0
ACC0020848,False,False,0.0,0.0
ACC0020854,False,False,0.0,0.0
ACC0020856,False,False,0.0,0.0
ACC0020861,False,True,0.0,33181.53
ACC0020872,False,False,0.0,0.0
ACC0020876,False,False,0.0,0.0
ACC0020882,False,False,0.0,0.0
ACC0020884,False,False,0.0,0.0
ACC0020894,False,False,0.0,0.0
ACC0020896,False,False,0.0,0.0
ACC0020899,False,False,0.0,0.0
ACC0020908,False,False,0.0,0.0
ACC0020909,False,False,0.0,0.0
ACC0020911,False,False,0.0,0.0
ACC0020912,False,False,0.0,0.0
ACC0020920,False,False,0.0,0.0
ACC0020921,False,False,0.0,0.0
ACC0020922,False,False,0.0,0.0
ACC0020942,False,False,0.0,0.0
ACC0020951,False,False,0.0,0.0
ACC0020955,False,False,0.0,0.0
ACC0020957,False,False,0.0,0.0
ACC0020958,False,False,0.0,0.0
ACC0020961,False,False,0.0,0.0
ACC0020962,False,False,0.0,0.0
ACC0020973,False,False,0.0,0.0
ACC0020976,False,False,0.0,0.0
ACC0020977,False,False,0.0,0.0
ACC0020978,False,False,0.0,0.0
ACC0020982,False,False,0.0,0.0
ACC0020986,False,False,0.0,0.0
ACC0020995,False,False,0.0,0.0
ACC0020996,False,False,0.0,0.0
ACC0020999,False,False,0.0,0.0
ACC0021006,False,False,0.0,0.0
ACC0021016,False,False,0.0,0.0
ACC0021018,False,False,0.0,0.0
ACC0021024,False,False,0.0,0.0
ACC0021040,False,False,0.0,0.0
ACC0021049,False,False,0.0,0.0
ACC0021052,False,False,0.0,0.0
ACC0021058,False,False,0.0,0.0
ACC0021061,False,False,0.0,0.0
ACC0021064,False,False,0.0,0.0
ACC0021066,False,False,0.0,0.0
ACC0021067,False,False,0.0,0.0
ACC0021072,False,False,0.0,0.0
ACC0021093,False,False,0.0,0.0
ACC0021097,False,False,0.0,0.0
ACC0021110,False,False,0.0,0.0
ACC0021114,False,False,0.0,0.0
ACC0021115,False,False,0.0,0.0
ACC0021119,False,False,0.0,0.0
ACC0021128,False,False,0.0,0.0
ACC0021133,False,False,0.0,0.0
ACC0021137,False,False,0.0,0.0
ACC0021140,False,False,0.0,0.0
ACC0021144,False,False,0.0,0.0
ACC0021145,False,False,0.0,0.0
ACC0021151,False,False,0.0,0.0
ACC0021154,True,False,26802.21,0.0
ACC0021161,False,False,0.0,0.0
ACC0021165,False,False,0.0,0.0
ACC0021169,False,False,0.0,0.0
ACC0021183,False,False,0.0,0.0
ACC0021190,False,False,0.0,0.0
ACC0021192,False,False,0.0,0.0
ACC0021194,False,False,0.0,0.0
ACC0021196,False,False,0.0,0.0
ACC0021197,False,False,0.0,0.0
ACC0021207,False,False,0.0,0.0
ACC0021213,False,False,0.0,0.0
ACC0021214,False,False,0.0,0.0
ACC0021220,False,False,0.0,0.0
ACC0021225,False,False,0.0,0.0
ACC0021236,False,False,0.0,0.0
ACC0021244,False,False,0.0,0.0
ACC0021245,False,False,0.0,0.0
ACC0021249,False,False,0.0,0.0
ACC0021251,False,False,0.0,0.0
ACC0021255,False,True,0.0,110783.35
ACC0021260,False,False,0.0,0.0
ACC0021262,False,True,0.0,129342.34
ACC0021268,False,False,0.0,0.0
ACC0021270,False,False,0.0,0.0
ACC0021275,False,True,0.0,135384.42
ACC0021277,False,False,0.0,0.0
ACC0021281,False,False,0.0,0.0
ACC0021287,False,False,0.0,0.0
ACC0021289,False,False,0.0,0.0
ACC0021292,False,False,0.0,0.0
ACC0021296,False,False,0.0,0.0
ACC0021297,False,False,0.0,0.0
ACC0021306,False,False,0.0,0.0
ACC0021312,False,False,0.0,0.0
ACC0021314,False,False,0.0,0.0
ACC0021320,False,False,0.0,0.0
ACC0021322,False,False,0.0,0.0
ACC0021328,False,False,0.0,0.0
ACC0021329,False,False,0.0,0.0
ACC0021334,False,False,0.0,0.0
ACC0021335,False,False,0.0,0.0
ACC0021342,False,False,0.0,0.0
ACC0021343,False,False,0.0,0.0
ACC0021346,False,False,0.0,0.0
ACC0021348,False,False,0.0,0.0
ACC0021359,False,False,0.0,0.0
ACC0021361,False,True,0.0,112160.77
ACC0021367,False,False,0.0,0.0
ACC0021372,False,False,0.0,0.0
ACC0021396,False,False,0.0,0.0
ACC0021399,False,False,0.0,0.0
ACC0021401,False,False,0.0,0.0
ACC0021403,False,False,0.0,0.0
ACC0021410,False,False,0.0,0.0
ACC0021412,False,False,0.0,0.0
ACC0021413,False,False,0.0,0.0
ACC0021414,False,False,0.0,0.0
ACC0021417,False,False,0.0,0.0
ACC0021418,False,False,0.0,0.0
ACC0021428,False,False,0.0,0.0
ACC0021471,False,False,0.0,0.0
ACC0021479,False,False,0.0,0.0
ACC0021481,False,False,0.0,0.0
ACC0021494,False,False,0.0,0.0
ACC0021496,False,False,0.0,0.0
ACC0021510,False,False,0.0,0.0
ACC0021511,False,False,0.0,0.0
ACC0021517,False,False,0.0,0.0
ACC0021522,False,False,0.0,0.0
ACC0021523,False,False,0.0,0.0
ACC0021533,False,False,0.0,0.0
ACC0021537,False,False,0.0,0.0
ACC0021538,False,False,0.0,0.0
ACC0021540,False,False,0.0,0.0
ACC0021541,False,False,0.0,0.0
ACC0021546,False,False,0.0,0.0
ACC0021548,False,False,0.0,0.0
ACC0021553,False,False,0.0,0.0
ACC0021565,False,False,0.0,0.0
ACC0021567,False,False,0.0,0.0
ACC0021568,False,False,0.0,0.0
ACC0021586,False,False,0.0,0.0
ACC0021587,False,False,0.0,0.0
ACC0021601,False,False,0.0,0.0
ACC0021606,False,False,0.0,0.0
ACC0021607,False,False,0.0,0.0
ACC0021608,False,False,0.0,0.0
ACC0021610,False,False,0.0,0.0
ACC0021629,False,False,0.0,0.0
ACC0021639,False,True,0.0,67777.54
ACC0021642,False,False,0.0,0.0
ACC0021649,False,False,0.0,0.0
ACC0021651,False,False,0.0,0.0
ACC0021667,False,False,0.0,0.0
ACC0021671,False,False,0.0,0.0
ACC0021677,False,False,0.0,0.0
ACC0021680,False,False,0.0,0.0
ACC0021682,False,False,0.0,0.0
ACC0021683,False,False,0.0,0.0
ACC0021688,False,False,0.0,0.0
ACC0021691,False,False,0.0,0.0
ACC0021695,False,False,0.0,0.0
ACC0021705,False,False,0.0,0.0
ACC0021717,False,False,0.0,0.0
ACC0021719,False,False,0.0,0.0
ACC0021728,False,False,0.0,0.0
ACC0021733,False,False,0.0,0.0
ACC0021734,False,False,0.0,0.0
ACC0021739,False,False,0.0,0.0
ACC0021741,False,False,0.0,0.0
ACC0021742,False,False,0.0,0.0
ACC0021743,False,False,0.0,0.0
ACC0021749,False,False,0.0,0.0
ACC0021767,False,False,0.0,0.0
ACC0021770,False,False,0.0,0.0
ACC0021793,False,False,0.0,0.0
ACC0021802,False,False,0.0,0.0
ACC0021803,False,False,0.0,0.0
ACC0021814,False,False,0.0,0.0
ACC0021817,False,False,0.0,0.0
ACC0021821,False,False,0.0,0.0
ACC0021822,False,False,0.0,0.0
ACC0021826,False,False,0.0,0.0
ACC0021834,False,False,0.0,0.0
ACC0021835,False,False,0.0,0.0
ACC0021841,False,True,0.0,78493.3
ACC0021844,False,False,0.0,0.0
ACC0021849,False,False,0.0,0.0
ACC0021853,False,False,0.0,0.0
ACC0021855,False,False,0.0,0.0
ACC0021859,False,False,0.0,0.0
ACC0021863,False,False,0.0,0.0
ACC0021873,False,False,0.0,0.0
ACC0021879,False,False,0.0,0.0
ACC0021891,False,False,0.0,0.0
ACC0021894,False,False,0.0,0.0
ACC0021895,False,False,0.0,0.0
ACC0021903,False,False,0.0,0.0
ACC0021912,False,False,0.0,0.0
ACC0021913,False,False,0.0,0.0
ACC0021920,False,False,0.0,0.0
ACC0021921,False,False,0.0,0.0
ACC0021933,False,False,0.0,0.0
ACC0021936,False,False,0.0,0.0
ACC0021937,False,False,0.0,0.0
ACC0021942,False,False,0.0,0.0
ACC0021964,False,False,0.0,0.0
ACC0021970,False,False,0.0,0.0
ACC0021972,False,False,0.0,0.0
ACC0021978,False,False,0.0,0.0
ACC0021981,False,False,0.0,0.0
ACC0021983,False,False,0.0,0.0
ACC0021988,False,False,0.0,0.0
ACC0021991,False,False,0.0,0.0
ACC0022005,False,False,0.0,0.0
ACC0022006,False,False,0.0,0.0
ACC0022007,False,False,0.0,0.0
ACC0022008,False,False,0.0,0.0
ACC0022010,False,False,0.0,0.0
ACC0022011,False,True,0.0,10451.18
ACC0022020,False,False,0.0,0.0
ACC0022029,False,False,0.0,0.0
ACC0022034,False,False,0.0,0.0
ACC0022051,False,False,0.0,0.0
ACC0022052,False,False,0.0,0.0
ACC0022057,False,False,0.0,0.0
ACC0022064,False,False,0.0,0.0
ACC0022068,False,False,0.0,0.0
ACC0022073,False,False,0.0,0.0
ACC0022080,False,False,0.0,0.0
ACC0022082,False,False,0.0,0.0
ACC0022086,False,False,0.0,0.0
ACC0022090,False,False,0.0,0.0
ACC0022098,False,False,0.0,0.0
ACC0022110,False,False,0.0,0.0
ACC0022116,False,False,0.0,0.0
ACC0022122,False,False,0.0,0.0
ACC0022128,False,False,0.0,0.0
ACC0022135,False,False,0.0,0.0
ACC0022161,False,False,0.0,0.0
ACC0022163,False,False,0.0,0.0
ACC0022166,False,False,0.0,0.0
ACC0022169,False,False,0.0,0.0
ACC0022176,False,False,0.0,0.0
ACC0022178,False,False,0.0,0.0
ACC0022187,False,False,0.0,0.0
ACC0022189,False,False,0.0,0.0
ACC0022194,False,False,0.0,0.0
ACC0022201,False,False,0.0,0.0
ACC0022209,False,False,0.0,0.0
ACC0022223,False,False,0.0,0.0
ACC0022226,False,False,0.0,0.0
ACC0022228,False,False,0.0,0.0
ACC0022233,False,False,0.0,0.0
ACC0022235,False,False,0.0,0.0
ACC0022236,False,False,0.0,0.0
ACC0022238,False,True,0.0,111604.73
ACC0022250,False,False,0.0,0.0
ACC0022254,False,False,0.0,0.0
ACC0022257,False,False,0.0,0.0
ACC0022268,False,False,0.0,0.0
ACC0022278,False,False,0.0,0.0
ACC0022279,False,False,0.0,0.0
ACC0022286,False,False,0.0,0.0
ACC0022288,False,False,0.0,0.0
ACC0022295,False,False,0.0,0.0
ACC0022299,False,False,0.0,0.0
ACC0022301,False,False,0.0,0.0
ACC0022307,False,False,0.0,0.0
ACC0022310,False,False,0.0,0.0
ACC0022317,False,False,0.0,0.0
ACC0022330,False,False,0.0,0.0
ACC0022333,True,False,111343.23,0.0
ACC0022334,False,False,0.0,0.0
ACC0022336,False,False,0.0,0.0
ACC0022337,False,False,0.0,0.0
ACC0022340,False,False,0.0,0.0
ACC0022347,False,False,0.0,0.0
ACC0022349,False,False,0.0,0.0
ACC0022356,False,False,0.0,0.0
ACC0022359,False,False,0.0,0.0
ACC0022365,False,False,0.0,0.0
ACC0022366,False,False,0.0,0.0
ACC0022370,False,False,0.0,0.0
ACC0022374,False,False,0.0,0.0
ACC0022384,False,False,0.0,0.0
ACC0022391,False,False,0.0,0.0
ACC0022393,False,False,0.0,0.0
ACC0022396,False,False,0.0,0.0
ACC0022402,False,False,0.0,0.0
ACC0022403,False,False,0.0,0.0
ACC0022407,False,False,0.0,0.0
ACC0022411,False,False,0.0,0.0
ACC0022419,False,False,0.0,0.0
ACC0022445,False,False,0.0,0.0
ACC0022452,False,False,0.0,0.0
ACC0022456,False,False,0.0,0.0
ACC0022458,False,False,0.0,0.0
ACC0022460,False,False,0.0,0.0
ACC0022461,False,False,0.0,0.0
ACC0022462,False,False,0.0,0.0
ACC0022463,False,False,0.0,0.0
ACC0022467,False,False,0.0,0.0
ACC0022470,False,False,0.0,0.0
ACC0022484,False,False,0.0,0.0
ACC0022488,False,False,0.0,0.0
ACC0022490,False,False,0.0,0.0
ACC0022496,False,False,0.0,0.0
ACC0022498,False,False,0.0,0.0
ACC0022502,False,False,0.0,0.0
ACC0022506,False,False,0.0,0.0
ACC0022507,False,False,0.0,0.0
ACC0022516,False,False,0.0,0.0
ACC0022524,False,False,0.0,0.0
ACC0022526,False,False,0.0,0.0
ACC0022529,False,False,0.0,0.0
ACC0022543,False,False,0.0,0.0
ACC0022557,False,False,0.0,0.0
ACC0022558,False,False,0.0,0.0
ACC0022559,False,False,0.0,0.0
ACC0022564,False,False,0.0,0.0
ACC0022565,False,False,0.0,0.0
ACC0022573,False,False,0.0,0.0
ACC0022576,False,False,0.0,0.0
ACC0022577,False,False,0.0,0.0
ACC0022578,False,False,0.0,0.0
ACC0022584,False,False,0.0,0.0
ACC0022586,False,False,0.0,0.0
ACC0022625,False,False,0.0,0.0
ACC0022626,False,False,0.0,0.0
ACC0022628,False,False,0.0,0.0
ACC0022640,False,False,0.0,0.0
ACC0022649,False,False,0.0,0.0
ACC0022660,False,False,0.0,0.0
ACC0022664,False,False,0.0,0.0
ACC0022665,False,False,0.0,0.0
ACC0022668,False,False,0.0,0.0
ACC0022672,False,False,0.0,0.0
ACC0022680,False,False,0.0,0.0
ACC0022682,False,False,0.0,0.0
ACC0022688,False,False,0.0,0.0
ACC0022692,False,False,0.0,0.0
ACC0022698,False,False,0.0,0.0
ACC0022701,False,False,0.0,0.0
ACC0022708,False,False,0.0,0.0
ACC0022711,False,False,0.0,0.0
ACC0022714,False,False,0.0,0.0
ACC0022718,False,False,0.0,0.0
ACC0022722,False,False,0.0,0.0
ACC0022723,False,False,0.0,0.0
ACC0022724,False,False,0.0,0.0
ACC0022731,False,False,0.0,0.0
ACC0022732,False,False,0.0,0.0
ACC0022735,False,False,0.0,0.0
ACC0022748,False,False,0.0,0.0
ACC0022759,False,False,0.0,0.0
ACC0022760,False,False,0.0,0.0
ACC0022762,False,False,0.0,0.0
ACC0022763,False,False,0.0,0.0
ACC0022772,False,False,0.0,0.0
ACC0022774,False,False,0.0,0.0
ACC0022779,False,False,0.0,0.0
ACC0022780,False,False,0.0,0.0
ACC0022793,False,True,0.0,51907.95
ACC0022796,False,False,0.0,0.0
ACC0022800,False,False,0.0,0.0
ACC0022821,False,False,0.0,0.0
ACC0022843,True,False,85724.53,0.0
ACC0022847,False,False,0.0,0.0
ACC0022851,False,False,0.0,0.0
ACC0022853,False,False,0.0,0.0
ACC0022860,False,False,0.0,0.0
ACC0022866,False,False,0.0,0.0
ACC0022885,False,False,0.0,0.0
ACC0022890,False,False,0.0,0.0
ACC0022892,False,False,0.0,0.0
ACC0022900,False,False,0.0,0.0
ACC0022903,False,False,0.0,0.0
ACC0022908,False,False,0.0,0.0
ACC0022917,False,False,0.0,0.0
ACC0022918,False,False,0.0,0.0
ACC0022919,False,False,0.0,0.0
ACC0022928,False,False,0.0,0.0
ACC0022936,False,False,0.0,0.0
ACC0022940,False,False,0.0,0.0
ACC0022943,False,False,0.0,0.0
ACC0022944,False,False,0.0,0.0
ACC0022946,False,False,0.0,0.0
ACC0022949,False,False,0.0,0.0
ACC0022959,False,False,0.0,0.0
ACC0022974,False,False,0.0,0.0
ACC0022975,False,False,0.0,0.0
ACC0022976,False,False,0.0,0.0
ACC0022980,False,False,0.0,0.0
ACC0022989,False,True,0.0,22131.94
ACC0023001,False,False,0.0,0.0
ACC0023002,False,False,0.0,0.0
ACC0023007,False,False,0.0,0.0
ACC0023011,False,False,0.0,0.0
ACC0023013,False,False,0.0,0.0
ACC0023023,False,False,0.0,0.0
ACC0023028,False,False,0.0,0.0
ACC0023037,True,False,81622.82,0.0
ACC0023040,False,False,0.0,0.0
ACC0023054,False,False,0.0,0.0
ACC0023057,False,False,0.0,0.0
ACC0023060,False,False,0.0,0.0
ACC0023061,False,False,0.0,0.0
ACC0023066,False,False,0.0,0.0
ACC0023079,False,False,0.0,0.0
ACC0023096,False,False,0.0,0.0
ACC0023102,False,False,0.0,0.0
ACC0023116,False,False,0.0,0.0
ACC0023121,False,False,0.0,0.0
ACC0023124,False,False,0.0,0.0
ACC0023125,False,False,0.0,0.0
ACC0023126,False,False,0.0,0.0
ACC0023129,False,False,0.0,0.0
ACC0023139,False,False,0.0,0.0
ACC0023141,False,False,0.0,0.0
ACC0023147,False,False,0.0,0.0
ACC0023148,False,False,0.0,0.0
ACC0023151,False,False,0.0,0.0
ACC0023156,False,False,0.0,0.0
ACC0023157,False,False,0.0,0.0
ACC0023158,False,False,0.0,0.0
ACC0023159,False,False,0.0,0.0
ACC0023163,False,False,0.0,0.0
ACC0023164,False,False,0.0,0.0
ACC0023165,False,False,0.0,0.0
ACC0023166,False,False,0.0,0.0
ACC0023169,False,False,0.0,0.0
ACC0023178,False,False,0.0,0.0
ACC0023181,False,False,0.0,0.0
ACC0023185,True,False,81019.07,0.0
ACC0023187,False,False,0.0,0.0
ACC0023194,False,False,0.0,0.0
ACC0023207,False,False,0.0,0.0
ACC0023211,False,False,0.0,0.0
ACC0023213,False,False,0.0,0.0
ACC0023215,False,True,0.0,105005.76
ACC0023220,False,False,0.0,0.0
ACC0023221,False,False,0.0,0.0
ACC0023227,False,False,0.0,0.0
ACC0023232,False,False,0.0,0.0
ACC0023233,False,False,0.0,0.0
ACC0023234,False,False,0.0,0.0
ACC0023242,False,False,0.0,0.0
ACC0023247,False,False,0.0,0.0
ACC0023249,False,False,0.0,0.0
ACC0023258,False,False,0.0,0.0
ACC0023273,False,False,0.0,0.0
ACC0023278,False,False,0.0,0.0
ACC0023289,False,False,0.0,0.0
ACC0023293,False,False,0.0,0.0
ACC0023295,False,True,0.0,132557.15
ACC0023296,False,False,0.0,0.0
ACC0023304,False,False,0.0,0.0
ACC0023307,False,False,0.0,0.0
ACC0023308,False,False,0.0,0.0
ACC0023318,False,False,0.0,0.0
ACC0023322,False,False,0.0,0.0
ACC0023326,False,False,0.0,0.0
ACC0023345,False,False,0.0,0.0
ACC0023347,False,True,0.0,95023.75
ACC0023352,False,False,0.0,0.0
ACC0023372,False,False,0.0,0.0
ACC0023378,False,False,0.0,0.0
ACC0023385,False,False,0.0,0.0
ACC0023390,False,False,0.0,0.0
ACC0023393,False,False,0.0,0.0
ACC0023396,False,False,0.0,0.0
ACC0023401,False,False,0.0,0.0
ACC0023408,False,False,0.0,0.0
ACC0023412,False,False,0.0,0.0
ACC0023414,False,False,0.0,0.0
ACC0023415,False,False,0.0,0.0
ACC0023416,False,False,0.0,0.0
ACC0023422,False,False,0.0,0.0
ACC0023439,False,False,0.0,0.0
ACC0023445,False,False,0.0,0.0
ACC0023448,False,False,0.0,0.0
ACC0023454,False,False,0.0,0.0
ACC0023461,False,False,0.0,0.0
ACC0023462,False,False,0.0,0.0
ACC0023464,False,False,0.0,0.0
ACC0023466,False,False,0.0,0.0
ACC0023467,False,False,0.0,0.0
ACC0023468,False,False,0.0,0.0
ACC0023474,False,False,0.0,0.0
ACC0023478,False,False,0.0,0.0
ACC0023485,False,False,0.0,0.0
ACC0023488,False,False,0.0,0.0
ACC0023492,False,False,0.0,0.0
ACC0023495,False,False,0.0,0.0
ACC0023496,False,False,0.0,0.0
ACC0023505,True,False,117172.94,0.0
ACC0023506,False,False,0.0,0.0
ACC0023513,False,False,0.0,0.0
ACC0023516,False,False,0.0,0.0
ACC0023518,False,False,0.0,0.0
ACC0023520,False,False,0.0,0.0
ACC0023524,False,True,0.0,69848.74
ACC0023526,False,False,0.0,0.0
ACC0023527,False,False,0.0,0.0
ACC0023537,False,False,0.0,0.0
ACC0023538,False,False,0.0,0.0
ACC0023540,False,False,0.0,0.0
ACC0023542,False,False,0.0,0.0
ACC0023546,False,False,0.0,0.0
ACC0023569,False,False,0.0,0.0
ACC0023570,False,False,0.0,0.0
ACC0023580,False,False,0.0,0.0
ACC0023590,False,False,0.0,0.0
ACC0023593,False,False,0.0,0.0
ACC0023600,False,False,0.0,0.0
ACC0023604,False,False,0.0,0.0
ACC0023605,False,False,0.0,0.0
ACC0023608,False,False,0.0,0.0
ACC0023612,False,False,0.0,0.0
ACC0023619,False,False,0.0,0.0
ACC0023622,False,False,0.0,0.0
ACC0023625,False,False,0.0,0.0
ACC0023628,False,False,0.0,0.0
ACC0023629,False,False,0.0,0.0
ACC0023630,False,False,0.0,0.0
ACC0023632,False,False,0.0,0.0
ACC0023651,False,False,0.0,0.0
ACC0023655,False,False,0.0,0.0
ACC0023660,False,False,0.0,0.0
ACC0023664,False,False,0.0,0.0
ACC0023676,False,False,0.0,0.0
ACC0023677,False,False,0.0,0.0
ACC0023681,False,False,0.0,0.0
ACC0023684,False,False,0.0,0.0
ACC0023690,False,False,0.0,0.0
ACC0023691,False,False,0.0,0.0
ACC0023693,False,False,0.0,0.0
ACC0023698,False,False,0.0,0.0
ACC0023701,False,False,0.0,0.0
ACC0023702,False,False,0.0,0.0
ACC0023705,False,False,0.0,0.0
ACC0023707,False,True,0.0,35778.72
ACC0023732,False,False,0.0,0.0
ACC0023734,False,False,0.0,0.0
ACC0023735,False,False,0.0,0.0
ACC0023744,False,False,0.0,0.0
ACC0023746,False,False,0.0,0.0
ACC0023749,False,False,0.0,0.0
ACC0023750,False,False,0.0,0.0
ACC0023760,False,False,0.0,0.0
ACC0023763,False,False,0.0,0.0
ACC0023764,False,False,0.0,0.0
ACC0023765,False,False,0.0,0.0
ACC0023767,False,False,0.0,0.0
ACC0023769,False,False,0.0,0.0
ACC0023771,False,False,0.0,0.0
ACC0023779,False,False,0.0,0.0
ACC0023791,False,False,0.0,0.0
ACC0023794,False,False,0.0,0.0
ACC0023795,False,False,0.0,0.0
ACC0023799,False,False,0.0,0.0
ACC0023806,False,False,0.0,0.0
ACC0023812,False,False,0.0,0.0
ACC0023821,False,False,0.0,0.0
ACC0023822,False,False,0.0,0.0
ACC0023829,False,False,0.0,0.0
ACC0023831,False,False,0.0,0.0
ACC0023838,False,False,0.0,0.0
ACC0023843,False,False,0.0,0.0
ACC0023850,False,False,0.0,0.0
ACC0023851,False,False,0.0,0.0
ACC0023854,False,False,0.0,0.0
ACC0023859,False,False,0.0,0.0
ACC0023869,False,False,0.0,0.0
ACC0023881,False,False,0.0,0.0
ACC0023884,False,False,0.0,0.0
ACC0023901,False,False,0.0,0.0
ACC0023902,False,False,0.0,0.0
ACC0023906,False,False,0.0,0.0
ACC0023907,False,False,0.0,0.0
ACC0023929,False,False,0.0,0.0
ACC0023930,False,False,0.0,0.0
ACC0023965,False,False,0.0,0.0
ACC0023969,False,False,0.0,0.0
ACC0023985,False,False,0.0,0.0
ACC0023991,False,False,0.0,0.0
ACC0024000,False,False,0.0,0.0
ACC0024002,True,False,144015.56,0.0
ACC0024003,False,False,0.0,0.0
ACC0024007,False,False,0.0,0.0
ACC0024032,False,False,0.0,0.0
ACC0024038,False,False,0.0,0.0
ACC0024039,False,False,0.0,0.0
ACC0024042,False,False,0.0,0.0
ACC0024043,False,False,0.0,0.0
ACC0024053,False,False,0.0,0.0
ACC0024055,False,False,0.0,0.0
ACC0024061,False,False,0.0,0.0
ACC0024068,False,False,0.0,0.0
ACC0024080,False,False,0.0,0.0
ACC0024086,False,False,0.0,0.0
ACC0024111,False,False,0.0,0.0
ACC0024112,False,False,0.0,0.0
ACC0024121,False,False,0.0,0.0
ACC0024130,False,False,0.0,0.0
ACC0024137,False,False,0.0,0.0
ACC0024140,False,False,0.0,0.0
ACC0024141,False,False,0.0,0.0
ACC0024142,False,False,0.0,0.0
ACC0024145,False,False,0.0,0.0
ACC0024147,False,False,0.0,0.0
ACC0024148,False,False,0.0,0.0
ACC0024152,False,False,0.0,0.0
ACC0024168,False,False,0.0,0.0
ACC0024173,False,False,0.0,0.0
ACC0024175,False,False,0.0,0.0
ACC0024180,False,False,0.0,0.0
ACC0024184,False,False,0.0,0.0
ACC0024186,False,False,0.0,0.0
ACC0024201,False,False,0.0,0.0
ACC0024205,False,False,0.0,0.0
ACC0024208,False,False,0.0,0.0
ACC0024214,False,False,0.0,0.0
ACC0024218,False,False,0.0,0.0
ACC0024219,False,False,0.0,0.0
ACC0024223,False,False,0.0,0.0
ACC0024230,False,False,0.0,0.0
ACC0024236,False,False,0.0,0.0
ACC0024239,False,False,0.0,0.0
ACC0024255,False,False,0.0,0.0
ACC0024261,False,False,0.0,0.0
ACC0024273,False,False,0.0,0.0
ACC0024280,False,False,0.0,0.0
ACC0024283,False,False,0.0,0.0
ACC0024293,False,False,0.0,0.0
ACC0024300,False,False,0.0,0.0
ACC0024302,False,False,0.0,0.0
ACC0024303,False,False,0.0,0.0
ACC0024306,False,False,0.0,0.0
ACC0024314,False,False,0.0,0.0
ACC0024315,False,False,0.0,0.0
ACC0024322,False,False,0.0,0.0
ACC0024324,False,False,0.0,0.0
ACC0024331,False,False,0.0,0.0
ACC0024335,False,False,0.0,0.0
ACC0024344,False,False,0.0,0.0
ACC0024345,False,False,0.0,0.0
ACC0024348,False,False,0.0,0.0
ACC0024357,False,False,0.0,0.0
ACC0024364,False,False,0.0,0.0
ACC0024375,False,False,0.0,0.0
ACC0024385,False,False,0.0,0.0
ACC0024389,False,False,0.0,0.0
ACC0024392,False,False,0.0,0.0
ACC0024393,True,False,6354.7,0.0
ACC0024409,False,False,0.0,0.0
ACC0024416,False,False,0.0,0.0
ACC0024421,True,False,12898.23,0.0
ACC0024424,False,False,0.0,0.0
ACC0024425,False,False,0.0,0.0
ACC0024431,False,False,0.0,0.0
ACC0024436,False,False,0.0,0.0
ACC0024458,False,False,0.0,0.0
ACC0024463,False,False,0.0,0.0
ACC0024464,False,False,0.0,0.0
ACC0024471,False,False,0.0,0.0
ACC0024473,False,False,0.0,0.0
ACC0024501,False,False,0.0,0.0
ACC0024506,False,False,0.0,0.0
ACC0024514,False,False,0.0,0.0
ACC0024518,False,False,0.0,0.0
ACC0024526,False,False,0.0,0.0
ACC0024531,False,False,0.0,0.0
ACC0024538,False,False,0.0,0.0
ACC0024539,False,False,0.0,0.0
ACC0024540,False,False,0.0,0.0
ACC0024548,False,False,0.0,0.0
ACC0024550,False,False,0.0,0.0
ACC0024563,False,False,0.0,0.0
ACC0024569,False,False,0.0,0.0
ACC0024579,False,False,0.0,0.0
ACC0024583,False,False,0.0,0.0
ACC0024592,False,False,0.0,0.0
ACC0024604,False,False,0.0,0.0
ACC0024608,False,False,0.0,0.0
ACC0024623,False,False,0.0,0.0
ACC0024625,False,False,0.0,0.0
ACC0024627,False,False,0.0,0.0
ACC0024628,False,False,0.0,0.0
ACC0024634,False,False,0.0,0.0
ACC0024641,False,False,0.0,0.0
ACC0024659,False,False,0.0,0.0
ACC0024666,False,False,0.0,0.0
ACC0024668,False,False,0.0,0.0
ACC0024674,False,False,0.0,0.0
ACC0024690,False,False,0.0,0.0
ACC0024696,False,False,0.0,0.0
ACC0024703,False,False,0.0,0.0
ACC0024706,False,False,0.0,0.0
ACC0024730,False,False,0.0,0.0
ACC0024733,False,False,0.0,0.0
ACC0024740,False,False,0.0,0.0
ACC0024743,False,False,0.0,0.0
ACC0024744,False,False,0.0,0.0
ACC0024757,False,False,0.0,0.0
ACC0024759,False,False,0.0,0.0
ACC0024760,False,False,0.0,0.0
ACC0024771,False,False,0.0,0.0
ACC0024773,False,False,0.0,0.0
ACC0024776,False,False,0.0,0.0
ACC0024778,False,False,0.0,0.0
ACC0024783,False,False,0.0,0.0
ACC0024789,False,False,0.0,0.0
ACC0024792,False,False,0.0,0.0
ACC0024793,False,False,0.0,0.0
ACC0024796,False,False,0.0,0.0
ACC0024800,False,False,0.0,0.0
ACC0024804,False,False,0.0,0.0
ACC0024808,False,False,0.0,0.0
ACC0024829,False,False,0.0,0.0
ACC0024837,False,False,0.0,0.0
ACC0024838,False,False,0.0,0.0
ACC0024839,False,True,0.0,88531.41
ACC0024848,False,False,0.0,0.0
ACC0024854,False,False,0.0,0.0
ACC0024867,False,False,0.0,0.0
ACC0024870,False,False,0.0,0.0
ACC0024874,False,False,0.0,0.0
ACC0024882,False,False,0.0,0.0
ACC0024885,False,False,0.0,0.0
ACC0024888,False,False,0.0,0.0
ACC0024901,False,False,0.0,0.0
ACC0024905,False,False,0.0,0.0
ACC0024908,False,False,0.0,0.0
ACC0024909,False,False,0.0,0.0
ACC0024910,False,False,0.0,0.0
ACC0024924,False,False,0.0,0.0
ACC0024925,False,False,0.0,0.0
ACC0024926,False,False,0.0,0.0
ACC0024929,False,False,0.0,0.0
ACC0024934,False,False,0.0,0.0
ACC0024945,False,False,0.0,0.0
ACC0024952,False,False,0.0,0.0
ACC0024965,False,False,0.0,0.0
ACC0024973,False,False,0.0,0.0
ACC0024978,False,False,0.0,0.0
ACC0024987,False,False,0.0,0.0
ACC0024988,False,False,0.0,0.0
ACC0024993,False,False,0.0,0.0
ACC0024994,False,False,0.0,0.0
ACC0024995,False,False,0.0,0.0
ACC0025001,False,False,0.0,0.0
ACC0025007,False,False,0.0,0.0
ACC0025010,False,False,0.0,0.0
ACC0025015,False,False,0.0,0.0
ACC0025016,False,False,0.0,0.0
ACC0025025,False,False,0.0,0.0
ACC0025026,False,False,0.0,0.0
ACC0025041,False,False,0.0,0.0
ACC0025042,False,False,0.0,0.0
ACC0025043,False,False,0.0,0.0
ACC0025047,False,False,0.0,0.0
ACC0025049,False,False,0.0,0.0
ACC0025056,False,False,0.0,0.0
ACC0025069,False,False,0.0,0.0
ACC0025081,False,False,0.0,0.0
ACC0025085,False,False,0.0,0.0
ACC0025086,False,False,0.0,0.0
ACC0025089,False,False,0.0,0.0
ACC0025093,False,False,0.0,0.0
ACC0025094,False,False,0.0,0.0
ACC0025096,False,False,0.0,0.0
ACC0025101,False,False,0.0,0.0
ACC0025107,False,False,0.0,0.0
ACC0025116,False,False,0.0,0.0
ACC0025122,False,False,0.0,0.0
ACC0025123,False,False,0.0,0.0
ACC0025126,False,False,0.0,0.0
ACC0025129,False,False,0.0,0.0
ACC0025136,False,False,0.0,0.0
ACC0025144,False,False,0.0,0.0
ACC0025148,False,False,0.0,0.0
ACC0025150,True,False,147479.28,0.0
ACC0025167,False,False,0.0,0.0
ACC0025174,False,False,0.0,0.0
ACC0025182,False,False,0.0,0.0
ACC0025191,False,False,0.0,0.0
ACC0025195,False,False,0.0,0.0
ACC0025196,False,False,0.0,0.0
ACC0025198,False,False,0.0,0.0
ACC0025209,False,False,0.0,0.0
ACC0025210,True,False,139085.65,0.0
ACC0025212,False,False,0.0,0.0
ACC0025217,False,False,0.0,0.0
ACC0025218,False,False,0.0,0.0
ACC0025226,False,False,0.0,0.0
ACC0025227,False,False,0.0,0.0
ACC0025231,False,False,0.0,0.0
ACC0025236,False,False,0.0,0.0
ACC0025237,False,False,0.0,0.0
ACC0025246,False,False,0.0,0.0
ACC0025248,False,False,0.0,0.0
ACC0025253,False,False,0.0,0.0
ACC0025274,False,False,0.0,0.0
ACC0025276,False,False,0.0,0.0
ACC0025278,False,False,0.0,0.0
ACC0025281,False,False,0.0,0.0
ACC0025285,False,False,0.0,0.0
ACC0025287,False,False,0.0,0.0
ACC0025295,False,False,0.0,0.0
ACC0025299,False,False,0.0,0.0
ACC0025301,False,False,0.0,0.0
ACC0025303,False,False,0.0,0.0
ACC0025304,False,True,0.0,131723.73
ACC0025308,False,False,0.0,0.0
ACC0025314,False,False,0.0,0.0
ACC0025316,False,False,0.0,0.0
ACC0025322,False,False,0.0,0.0
ACC0025324,False,False,0.0,0.0
ACC0025331,False,False,0.0,0.0
ACC0025344,False,False,0.0,0.0
ACC0025351,False,False,0.0,0.0
ACC0025355,False,False,0.0,0.0
ACC0025359,False,False,0.0,0.0
ACC0025368,False,False,0.0,0.0
ACC0025377,False,False,0.0,0.0
ACC0025378,False,False,0.0,0.0
ACC0025379,False,False,0.0,0.0
ACC0025381,False,False,0.0,0.0
ACC0025383,False,False,0.0,0.0
ACC0025393,False,False,0.0,0.0
ACC0025395,False,False,0.0,0.0
ACC0025400,False,False,0.0,0.0
ACC0025411,False,False,0.0,0.0
ACC0025424,False,False,0.0,0.0
ACC0025426,False,False,0.0,0.0
ACC0025428,False,False,0.0,0.0
ACC0025429,False,False,0.0,0.0
ACC0025432,False,False,0.0,0.0
ACC0025433,False,False,0.0,0.0
ACC0025436,False,False,0.0,0.0
ACC0025437,False,False,0.0,0.0
ACC0025442,False,False,0.0,0.0
ACC0025444,False,False,0.0,0.0
ACC0025452,False,False,0.0,0.0
ACC0025457,False,False,0.0,0.0
ACC0025467,False,False,0.0,0.0
ACC0025471,False,False,0.0,0.0
ACC0025474,False,False,0.0,0.0
ACC0025475,False,False,0.0,0.0
ACC0025478,False,False,0.0,0.0
ACC0025479,False,False,0.0,0.0
ACC0025491,False,False,0.0,0.0
ACC0025506,False,False,0.0,0.0
ACC0025508,False,False,0.0,0.0
ACC0025514,False,False,0.0,0.0
ACC0025515,False,False,0.0,0.0
ACC0025524,False,False,0.0,0.0
ACC0025525,False,False,0.0,0.0
ACC0025527,False,False,0.0,0.0
ACC0025528,False,False,0.0,0.0
ACC0025531,False,False,0.0,0.0
ACC0025533,False,False,0.0,0.0
ACC0025537,False,False,0.0,0.0
ACC0025543,False,False,0.0,0.0
ACC0025545,False,False,0.0,0.0
ACC0025552,False,False,0.0,0.0
ACC0025553,False,False,0.0,0.0
ACC0025554,False,False,0.0,0.0
ACC0025559,False,False,0.0,0.0
ACC0025570,False,False,0.0,0.0
ACC0025571,False,False,0.0,0.0
ACC0025575,False,False,0.0,0.0
ACC0025576,False,False,0.0,0.0
ACC0025578,False,False,0.0,0.0
ACC0025586,False,False,0.0,0.0
ACC0025597,False,False,0.0,0.0
ACC0025599,False,False,0.0,0.0
ACC0025602,False,False,0.0,0.0
ACC0025603,False,False,0.0,0.0
ACC0025613,False,False,0.0,0.0
ACC0025618,False,False,0.0,0.0
ACC0025621,False,False,0.0,0.0
ACC0025633,False,False,0.0,0.0
ACC0025638,False,False,0.0,0.0
ACC0025644,False,False,0.0,0.0
ACC0025648,False,False,0.0,0.0
ACC0025649,False,False,0.0,0.0
ACC0025653,False,False,0.0,0.0
ACC0025661,False,False,0.0,0.0
ACC0025664,False,False,0.0,0.0
ACC0025668,False,True,0.0,121862.38
ACC0025671,False,False,0.0,0.0
ACC0025675,False,False,0.0,0.0
ACC0025684,False,False,0.0,0.0
ACC0025690,False,True,0.0,59377.02
ACC0025698,False,False,0.0,0.0
ACC0025701,False,False,0.0,0.0
ACC0025703,False,False,0.0,0.0
ACC0025704,False,False,0.0,0.0
ACC0025709,False,False,0.0,0.0
ACC0025712,False,False,0.0,0.0
ACC0025714,False,False,0.0,0.0
ACC0025715,False,False,0.0,0.0
ACC0025721,False,False,0.0,0.0
ACC0025722,False,False,0.0,0.0
ACC0025732,False,False,0.0,0.0
ACC0025739,False,False,0.0,0.0
ACC0025740,False,False,0.0,0.0
ACC0025741,False,False,0.0,0.0
ACC0025744,False,False,0.0,0.0
ACC0025756,False,False,0.0,0.0
ACC0025762,False,False,0.0,0.0
ACC0025769,False,False,0.0,0.0
ACC0025770,False,False,0.0,0.0
ACC0025771,False,False,0.0,0.0
ACC0025775,False,False,0.0,0.0
ACC0025782,False,False,0.0,0.0
ACC0025784,False,False,0.0,0.0
ACC0025791,False,False,0.0,0.0
ACC0025802,False,False,0.0,0.0
ACC0025805,False,False,0.0,0.0
ACC0025815,False,False,0.0,0.0
ACC0025816,False,False,0.0,0.0
ACC0025819,False,False,0.0,0.0
ACC0025829,False,False,0.0,0.0
ACC0025831,False,False,0.0,0.0
ACC0025832,False,False,0.0,0.0
ACC0025833,False,False,0.0,0.0
ACC0025835,False,False,0.0,0.0
ACC0025837,False,False,0.0,0.0
ACC0025839,False,False,0.0,0.0
ACC0025840,False,False,0.0,0.0
ACC0025845,False,False,0.0,0.0
ACC0025846,False,False,0.0,0.0
ACC0025847,False,False,0.0,0.0
ACC0025879,False,False,0.0,0.0
ACC0025883,False,False,0.0,0.0
ACC0025891,False,False,0.0,0.0
ACC0025895,False,False,0.0,0.0
ACC0025905,False,False,0.0,0.0
ACC0025910,False,False,0.0,0.0
ACC0025913,False,False,0.0,0.0
ACC0025914,False,False,0.0,0.0
ACC0025919,True,False,149529.23,0.0
ACC0025921,False,False,0.0,0.0
ACC0025925,False,False,0.0,0.0
ACC0025926,False,False,0.0,0.0
ACC0025929,False,False,0.0,0.0
ACC0025930,False,False,0.0,0.0
ACC0025935,False,False,0.0,0.0
ACC0025941,False,False,0.0,0.0
ACC0025949,False,False,0.0,0.0
ACC0025955,False,False,0.0,0.0
ACC0025956,False,False,0.0,0.0
ACC0025958,False,False,0.0,0.0
ACC0025960,False,False,0.0,0.0
ACC0025970,False,False,0.0,0.0
ACC0025975,False,False,0.0,0.0
ACC0025990,False,False,0.0,0.0
ACC0025991,False,False,0.0,0.0
ACC0025996,False,False,0.0,0.0
ACC0026002,False,False,0.0,0.0
ACC0026004,False,False,0.0,0.0
ACC0026012,False,False,0.0,0.0
ACC0026016,False,False,0.0,0.0
ACC0026023,False,False,0.0,0.0
ACC0026028,False,False,0.0,0.0
ACC0026035,False,False,0.0,0.0
ACC0026037,False,False,0.0,0.0
ACC0026038,False,False,0.0,0.0
ACC0026046,False,False,0.0,0.0
ACC0026047,False,False,0.0,0.0
ACC0026050,False,False,0.0,0.0
ACC0026057,False,False,0.0,0.0
ACC0026060,False,False,0.0,0.0
ACC0026063,False,False,0.0,0.0
ACC0026081,False,False,0.0,0.0
ACC0026084,False,False,0.0,0.0
ACC0026095,False,False,0.0,0.0
ACC0026103,False,False,0.0,0.0
ACC0026105,False,False,0.0,0.0
ACC0026111,False,False,0.0,0.0
ACC0026121,False,False,0.0,0.0
ACC0026125,False,False,0.0,0.0
ACC0026127,False,False,0.0,0.0
ACC0026137,False,False,0.0,0.0
ACC0026145,False,False,0.0,0.0
ACC0026153,False,False,0.0,0.0
ACC0026156,False,False,0.0,0.0
ACC0026165,False,False,0.0,0.0
ACC0026169,False,False,0.0,0.0
ACC0026179,False,False,0.0,0.0
ACC0026189,False,False,0.0,0.0
ACC0026197,False,False,0.0,0.0
ACC0026198,False,False,0.0,0.0
ACC0026199,False,False,0.0,0.0
ACC0026200,False,False,0.0,0.0
ACC0026209,False,False,0.0,0.0
ACC0026218,False,False,0.0,0.0
ACC0026219,False,False,0.0,0.0
ACC0026222,False,False,0.0,0.0
ACC0026226,False,False,0.0,0.0
ACC0026238,False,False,0.0,0.0
ACC0026243,False,False,0.0,0.0
ACC0026246,False,False,0.0,0.0
ACC0026249,False,False,0.0,0.0
ACC0026258,False,False,0.0,0.0
ACC0026262,False,False,0.0,0.0
ACC0026275,False,False,0.0,0.0
ACC0026284,False,False,0.0,0.0
ACC0026287,False,False,0.0,0.0
ACC0026288,False,False,0.0,0.0
ACC0026289,False,False,0.0,0.0
ACC0026290,False,False,0.0,0.0
ACC0026310,False,False,0.0,0.0
ACC0026314,False,False,0.0,0.0
ACC0026317,False,False,0.0,0.0
ACC0026321,False,False,0.0,0.0
ACC0026323,False,False,0.0,0.0
ACC0026325,False,False,0.0,0.0
ACC0026327,False,False,0.0,0.0
ACC0026328,False,False,0.0,0.0
ACC0026329,False,False,0.0,0.0
ACC0026331,False,False,0.0,0.0
ACC0026333,False,False,0.0,0.0
ACC0026338,False,False,0.0,0.0
ACC0026341,False,False,0.0,0.0
ACC0026349,False,False,0.0,0.0
ACC0026355,False,False,0.0,0.0
ACC0026360,False,False,0.0,0.0
ACC0026363,False,False,0.0,0.0
ACC0026367,False,False,0.0,0.0
ACC0026380,False,False,0.0,0.0
ACC0026385,False,False,0.0,0.0
ACC0026392,False,False,0.0,0.0
ACC0026394,False,False,0.0,0.0
ACC0026396,False,False,0.0,0.0
ACC0026398,False,False,0.0,0.0
ACC0026399,False,False,0.0,0.0
ACC0026401,False,False,0.0,0.0
ACC0026402,False,False,0.0,0.0
ACC0026403,False,False,0.0,0.0
ACC0026406,False,False,0.0,0.0
ACC0026416,False,False,0.0,0.0
ACC0026420,False,False,0.0,0.0
ACC0026423,False,False,0.0,0.0
ACC0026428,False,False,0.0,0.0
ACC0026430,False,False,0.0,0.0
ACC0026437,False,False,0.0,0.0
ACC0026441,False,False,0.0,0.0
ACC0026443,False,False,0.0,0.0
ACC0026444,False,True,0.0,5170.15
ACC0026447,False,False,0.0,0.0
ACC0026459,False,False,0.0,0.0
ACC0026469,False,False,0.0,0.0
ACC0026470,False,False,0.0,0.0
ACC0026480,False,False,0.0,0.0
ACC0026484,False,False,0.0,0.0
ACC0026486,False,False,0.0,0.0
ACC0026488,False,False,0.0,0.0
ACC0026503,False,False,0.0,0.0
ACC0026506,False,False,0.0,0.0
ACC0026509,False,False,0.0,0.0
ACC0026510,False,False,0.0,0.0
ACC0026514,False,False,0.0,0.0
ACC0026523,False,False,0.0,0.0
ACC0026528,False,False,0.0,0.0
ACC0026531,False,False,0.0,0.0
ACC0026535,False,False,0.0,0.0
ACC0026539,False,False,0.0,0.0
ACC0026540,False,False,0.0,0.0
ACC0026544,False,False,0.0,0.0
ACC0026545,False,False,0.0,0.0
ACC0026553,False,False,0.0,0.0
ACC0026556,False,False,0.0,0.0
ACC0026558,False,False,0.0,0.0
ACC0026559,False,False,0.0,0.0
ACC0026562,False,False,0.0,0.0
ACC0026564,False,False,0.0,0.0
ACC0026567,False,False,0.0,0.0
ACC0026572,False,False,0.0,0.0
ACC0026574,False,False,0.0,0.0
ACC0026575,False,False,0.0,0.0
ACC0026589,False,False,0.0,0.0
ACC0026596,False,False,0.0,0.0
ACC0026600,False,False,0.0,0.0
ACC0026603,False,False,0.0,0.0
ACC0026616,False,False,0.0,0.0
ACC0026619,False,False,0.0,0.0
ACC0026620,False,False,0.0,0.0
ACC0026632,False,False,0.0,0.0
ACC0026636,False,False,0.0,0.0
ACC0026640,False,False,0.0,0.0
ACC0026642,False,False,0.0,0.0
ACC0026650,False,False,0.0,0.0
ACC0026651,False,False,0.0,0.0
ACC0026655,False,False,0.0,0.0
ACC0026656,False,False,0.0,0.0
ACC0026663,False,False,0.0,0.0
ACC0026664,False,False,0.0,0.0
ACC0026666,False,False,0.0,0.0
ACC0026668,False,False,0.0,0.0
ACC0026669,False,False,0.0,0.0
ACC0026673,False,False,0.0,0.0
ACC0026693,False,False,0.0,0.0
ACC0026694,False,False,0.0,0.0
ACC0026702,False,False,0.0,0.0
ACC0026703,False,False,0.0,0.0
ACC0026704,False,False,0.0,0.0
ACC0026708,False,False,0.0,0.0
ACC0026713,False,False,0.0,0.0
ACC0026714,False,False,0.0,0.0
ACC0026718,False,False,0.0,0.0
ACC0026729,False,False,0.0,0.0
ACC0026730,False,False,0.0,0.0
ACC0026732,False,False,0.0,0.0
ACC0026740,False,False,0.0,0.0
ACC0026760,False,False,0.0,0.0
ACC0026767,False,False,0.0,0.0
ACC0026771,False,False,0.0,0.0
ACC0026774,False,False,0.0,0.0
ACC0026783,True,False,136986.98,0.0
ACC0026797,False,False,0.0,0.0
ACC0026801,False,False,0.0,0.0
ACC0026808,False,False,0.0,0.0
ACC0026821,False,False,0.0,0.0
ACC0026823,False,False,0.0,0.0
ACC0026827,False,False,0.0,0.0
ACC0026829,False,False,0.0,0.0
ACC0026831,False,False,0.0,0.0
ACC0026834,False,False,0.0,0.0
ACC0026838,False,True,0.0,42457.08
ACC0026843,False,False,0.0,0.0
ACC0026849,False,False,0.0,0.0
ACC0026852,False,False,0.0,0.0
ACC0026855,False,False,0.0,0.0
ACC0026860,False,False,0.0,0.0
ACC0026870,False,False,0.0,0.0
ACC0026871,False,False,0.0,0.0
ACC0026879,False,False,0.0,0.0
ACC0026886,False,False,0.0,0.0
ACC0026888,False,False,0.0,0.0
ACC0026889,False,False,0.0,0.0
ACC0026893,False,False,0.0,0.0
ACC0026901,False,False,0.0,0.0
ACC0026902,False,False,0.0,0.0
ACC0026904,False,False,0.0,0.0
ACC0026909,False,False,0.0,0.0
ACC0026921,False,False,0.0,0.0
ACC0026926,False,False,0.0,0.0
ACC0026933,False,False,0.0,0.0
ACC0026936,False,False,0.0,0.0
ACC0026939,False,False,0.0,0.0
ACC0026944,False,False,0.0,0.0
ACC0026952,False,False,0.0,0.0
ACC0026954,False,False,0.0,0.0
ACC0026957,True,False,148944.03,0.0
ACC0026960,False,False,0.0,0.0
ACC0026965,False,False,0.0,0.0
ACC0026967,False,False,0.0,0.0
ACC0026971,False,False,0.0,0.0
ACC0026989,False,False,0.0,0.0
ACC0026997,False,False,0.0,0.0
ACC0027002,False,False,0.0,0.0
ACC0027008,False,False,0.0,0.0
ACC0027011,False,False,0.0,0.0
ACC0027013,False,False,0.0,0.0
ACC0027014,False,False,0.0,0.0
ACC0027016,False,False,0.0,0.0
ACC0027024,False,False,0.0,0.0
ACC0027025,False,True,0.0,115522.16
ACC0027026,False,False,0.0,0.0
ACC0027030,False,False,0.0,0.0
ACC0027036,False,False,0.0,0.0
ACC0027038,False,False,0.0,0.0
ACC0027039,False,False,0.0,0.0
ACC0027041,False,False,0.0,0.0
ACC0027044,False,False,0.0,0.0
ACC0027045,False,False,0.0,0.0
ACC0027047,False,False,0.0,0.0
ACC0027049,False,False,0.0,0.0
ACC0027050,False,False,0.0,0.0
ACC0027051,False,False,0.0,0.0
ACC0027055,False,False,0.0,0.0
ACC0027062,False,True,0.0,69816.29
ACC0027064,False,False,0.0,0.0
ACC0027071,False,False,0.0,0.0
ACC0027075,False,False,0.0,0.0
ACC0027079,False,False,0.0,0.0
ACC0027082,False,False,0.0,0.0
ACC0027089,False,False,0.0,0.0
ACC0027094,False,False,0.0,0.0
ACC0027097,False,False,0.0,0.0
ACC0027105,False,False,0.0,0.0
ACC0027109,False,False,0.0,0.0
ACC0027110,False,False,0.0,0.0
ACC0027121,False,False,0.0,0.0
ACC0027122,False,False,0.0,0.0
ACC0027125,False,False,0.0,0.0
ACC0027126,False,False,0.0,0.0
ACC0027132,False,False,0.0,0.0
ACC0027134,False,False,0.0,0.0
ACC0027147,False,False,0.0,0.0
ACC0027150,False,False,0.0,0.0
ACC0027152,False,False,0.0,0.0
ACC0027155,False,False,0.0,0.0
ACC0027156,False,False,0.0,0.0
ACC0027166,False,True,0.0,38542.8
ACC0027167,False,False,0.0,0.0
ACC0027172,False,False,0.0,0.0
ACC0027181,False,False,0.0,0.0
ACC0027183,False,False,0.0,0.0
ACC0027185,False,False,0.0,0.0
ACC0027198,False,False,0.0,0.0
ACC0027202,False,False,0.0,0.0
ACC0027212,False,False,0.0,0.0
ACC0027217,False,False,0.0,0.0
ACC0027225,False,False,0.0,0.0
ACC0027229,False,False,0.0,0.0
ACC0027232,False,False,0.0,0.0
ACC0027234,False,False,0.0,0.0
ACC0027236,False,False,0.0,0.0
ACC0027240,False,False,0.0,0.0
ACC0027255,False,False,0.0,0.0
ACC0027268,False,False,0.0,0.0
ACC0027274,False,False,0.0,0.0
ACC0027283,False,False,0.0,0.0
ACC0027301,False,False,0.0,0.0
ACC0027306,False,False,0.0,0.0
ACC0027311,False,False,0.0,0.0
ACC0027312,False,False,0.0,0.0
ACC0027313,False,False,0.0,0.0
ACC0027321,False,False,0.0,0.0
ACC0027329,False,False,0.0,0.0
ACC0027334,False,False,0.0,0.0
ACC0027343,False,False,0.0,0.0
ACC0027352,False,False,0.0,0.0
ACC0027353,False,False,0.0,0.0
ACC0027355,False,False,0.0,0.0
ACC0027359,False,False,0.0,0.0
ACC0027367,False,False,0.0,0.0
ACC0027369,False,False,0.0,0.0
ACC0027383,False,False,0.0,0.0
ACC0027388,False,False,0.0,0.0
ACC0027401,False,False,0.0,0.0
ACC0027402,False,False,0.0,0.0
ACC0027404,False,False,0.0,0.0
ACC0027407,False,False,0.0,0.0
ACC0027408,False,False,0.0,0.0
ACC0027416,False,False,0.0,0.0
ACC0027421,False,False,0.0,0.0
ACC0027422,False,False,0.0,0.0
ACC0027428,False,False,0.0,0.0
ACC0027434,False,True,0.0,45267.22
ACC0027440,False,False,0.0,0.0
ACC0027459,False,False,0.0,0.0
ACC0027469,False,False,0.0,0.0
ACC0027479,False,False,0.0,0.0
ACC0027482,False,False,0.0,0.0
ACC0027484,False,False,0.0,0.0
ACC0027489,False,False,0.0,0.0
ACC0027490,False,False,0.0,0.0
ACC0027493,False,False,0.0,0.0
ACC0027496,True,False,112236.27,0.0
ACC0027498,False,False,0.0,0.0
ACC0027500,False,False,0.0,0.0
ACC0027505,False,False,0.0,0.0
ACC0027506,False,False,0.0,0.0
ACC0027510,False,False,0.0,0.0
ACC0027521,False,False,0.0,0.0
ACC0027528,False,False,0.0,0.0
ACC0027531,False,False,0.0,0.0
ACC0027535,False,False,0.0,0.0
ACC0027543,False,False,0.0,0.0
ACC0027544,False,False,0.0,0.0
ACC0027566,False,False,0.0,0.0
ACC0027568,False,False,0.0,0.0
ACC0027571,False,False,0.0,0.0
ACC0027578,False,False,0.0,0.0
ACC0027580,False,False,0.0,0.0
ACC0027582,False,False,0.0,0.0
ACC0027586,False,False,0.0,0.0
ACC0027592,False,False,0.0,0.0
ACC0027594,False,False,0.0,0.0
ACC0027603,False,False,0.0,0.0
ACC0027606,False,False,0.0,0.0
ACC0027615,False,False,0.0,0.0
ACC0027617,False,False,0.0,0.0
ACC0027618,False,False,0.0,0.0
ACC0027626,False,False,0.0,0.0
ACC0027629,False,False,0.0,0.0
ACC0027630,False,False,0.0,0.0
ACC0027632,False,False,0.0,0.0
ACC0027635,False,False,0.0,0.0
ACC0027637,False,False,0.0,0.0
ACC0027642,False,False,0.0,0.0
ACC0027656,False,False,0.0,0.0
ACC0027660,False,False,0.0,0.0
ACC0027661,False,False,0.0,0.0
ACC0027662,False,False,0.0,0.0
ACC0027668,False,False,0.0,0.0
ACC0027670,False,False,0.0,0.0
ACC0027680,False,False,0.0,0.0
ACC0027685,False,False,0.0,0.0
ACC0027698,True,False,97634.16,0.0
ACC0027699,False,False,0.0,0.0
ACC0027702,False,False,0.0,0.0
ACC0027703,False,False,0.0,0.0
ACC0027704,False,False,0.0,0.0
ACC0027705,False,False,0.0,0.0
ACC0027715,False,False,0.0,0.0
ACC0027721,False,False,0.0,0.0
ACC0027722,False,False,0.0,0.0
ACC0027723,False,False,0.0,0.0
ACC0027727,False,False,0.0,0.0
ACC0027738,False,False,0.0,0.0
ACC0027742,False,False,0.0,0.0
ACC0027744,False,False,0.0,0.0
ACC0027746,False,False,0.0,0.0
ACC0027747,False,False,0.0,0.0
ACC0027748,False,False,0.0,0.0
ACC0027766,False,False,0.0,0.0
ACC0027770,False,False,0.0,0.0
ACC0027771,False,False,0.0,0.0
ACC0027775,False,False,0.0,0.0
ACC0027777,False,False,0.0,0.0
ACC0027788,False,False,0.0,0.0
ACC0027810,False,False,0.0,0.0
ACC0027813,False,False,0.0,0.0
ACC0027816,False,False,0.0,0.0
ACC0027832,False,False,0.0,0.0
ACC0027837,False,False,0.0,0.0
ACC0027838,False,False,0.0,0.0
ACC0027842,False,False,0.0,0.0
ACC0027850,False,False,0.0,0.0
ACC0027855,False,False,0.0,0.0
ACC0027858,False,False,0.0,0.0
ACC0027862,False,False,0.0,0.0
ACC0027868,False,False,0.0,0.0
ACC0027869,False,False,0.0,0.0
ACC0027872,False,False,0.0,0.0
ACC0027884,False,False,0.0,0.0
ACC0027885,False,False,0.0,0.0
ACC0027893,False,False,0.0,0.0
ACC0027896,False,False,0.0,0.0
ACC0027901,False,False,0.0,0.0
ACC0027904,False,False,0.0,0.0
ACC0027907,False,True,0.0,101618.5
ACC0027918,False,False,0.0,0.0
ACC0027926,False,False,0.0,0.0
ACC0027927,False,False,0.0,0.0
ACC0027928,False,False,0.0,0.0
ACC0027929,False,False,0.0,0.0
ACC0027937,False,False,0.0,0.0
ACC0027946,False,False,0.0,0.0
ACC0027971,False,False,0.0,0.0
ACC0027972,False,False,0.0,0.0
ACC0027973,False,False,0.0,0.0
ACC0027981,False,False,0.0,0.0
ACC0027983,False,False,0.0,0.0
ACC0027985,False,False,0.0,0.0
ACC0027987,False,False,0.0,0.0
ACC0027989,False,False,0.0,0.0
ACC0027999,False,False,0.0,0.0
ACC0028000,False,False,0.0,0.0
ACC0028002,False,False,0.0,0.0
ACC0028014,False,False,0.0,0.0
ACC0028015,False,False,0.0,0.0
ACC0028022,False,False,0.0,0.0
ACC0028025,False,False,0.0,0.0
ACC0028036,False,False,0.0,0.0
ACC0028042,False,False,0.0,0.0
ACC0028060,False,False,0.0,0.0
ACC0028064,False,False,0.0,0.0
ACC0028066,False,False,0.0,0.0
ACC0028067,True,False,43796.58,0.0
ACC0028071,False,False,0.0,0.0
ACC0028073,False,False,0.0,0.0
ACC0028075,True,False,87307.09,0.0
ACC0028081,False,False,0.0,0.0
ACC0028085,False,False,0.0,0.0
ACC0028090,False,False,0.0,0.0
ACC0028092,False,False,0.0,0.0
ACC0028099,False,False,0.0,0.0
ACC0028100,False,False,0.0,0.0
ACC0028103,False,False,0.0,0.0
ACC0028109,False,False,0.0,0.0
ACC0028130,True,False,66784.56,0.0
ACC0028131,False,False,0.0,0.0
ACC0028135,False,False,0.0,0.0
ACC0028153,False,False,0.0,0.0
ACC0028154,False,False,0.0,0.0
ACC0028155,False,False,0.0,0.0
ACC0028159,False,False,0.0,0.0
ACC0028160,False,False,0.0,0.0
ACC0028163,False,False,0.0,0.0
ACC0028170,False,False,0.0,0.0
ACC0028174,False,False,0.0,0.0
ACC0028200,False,False,0.0,0.0
ACC0028207,False,False,0.0,0.0
ACC0028216,False,False,0.0,0.0
ACC0028219,False,False,0.0,0.0
ACC0028220,False,False,0.0,0.0
ACC0028222,False,False,0.0,0.0
ACC0028231,False,False,0.0,0.0
ACC0028241,False,False,0.0,0.0
ACC0028246,False,False,0.0,0.0
ACC0028259,False,False,0.0,0.0
ACC0028265,False,False,0.0,0.0
ACC0028275,False,False,0.0,0.0
ACC0028277,False,False,0.0,0.0
ACC0028288,False,False,0.0,0.0
ACC0028290,False,False,0.0,0.0
ACC0028303,False,False,0.0,0.0
ACC0028307,False,False,0.0,0.0
ACC0028308,False,False,0.0,0.0
ACC0028325,False,False,0.0,0.0
ACC0028328,False,False,0.0,0.0
ACC0028333,False,False,0.0,0.0
ACC0028341,False,False,0.0,0.0
ACC0028352,False,False,0.0,0.0
ACC0028361,False,False,0.0,0.0
ACC0028367,False,False,0.0,0.0
ACC0028370,False,False,0.0,0.0
ACC0028378,False,False,0.0,0.0
ACC0028381,False,False,0.0,0.0
ACC0028382,False,False,0.0,0.0
ACC0028387,False,False,0.0,0.0
ACC0028410,False,False,0.0,0.0
ACC0028416,False,False,0.0,0.0
ACC0028417,False,False,0.0,0.0
ACC0028425,False,False,0.0,0.0
ACC0028428,False,False,0.0,0.0
ACC0028430,False,False,0.0,0.0
ACC0028434,False,False,0.0,0.0
ACC0028437,False,False,0.0,0.0
ACC0028442,False,False,0.0,0.0
ACC0028449,False,False,0.0,0.0
ACC0028458,False,False,0.0,0.0
ACC0028459,False,False,0.0,0.0
ACC0028484,False,False,0.0,0.0
ACC0028488,False,False,0.0,0.0
ACC0028495,False,False,0.0,0.0
ACC0028511,False,False,0.0,0.0
ACC0028535,False,False,0.0,0.0
ACC0028539,False,False,0.0,0.0
ACC0028540,False,False,0.0,0.0
ACC0028563,False,False,0.0,0.0
ACC0028571,False,False,0.0,0.0
ACC0028574,False,False,0.0,0.0
ACC0028580,False,False,0.0,0.0
ACC0028588,False,False,0.0,0.0
ACC0028604,False,False,0.0,0.0
ACC0028612,False,False,0.0,0.0
ACC0028613,False,False,0.0,0.0
ACC0028615,False,False,0.0,0.0
ACC0028620,False,False,0.0,0.0
ACC0028630,False,False,0.0,0.0
ACC0028636,False,False,0.0,0.0
ACC0028637,False,False,0.0,0.0
ACC0028658,False,False,0.0,0.0
ACC0028659,False,False,0.0,0.0
ACC0028662,False,False,0.0,0.0
ACC0028669,False,False,0.0,0.0
ACC0028678,False,False,0.0,0.0
ACC0028680,False,False,0.0,0.0
ACC0028695,False,False,0.0,0.0
ACC0028700,False,False,0.0,0.0
ACC0028702,False,False,0.0,0.0
ACC0028707,False,False,0.0,0.0
ACC0028710,False,False,0.0,0.0
ACC0028719,False,False,0.0,0.0
ACC0028720,False,False,0.0,0.0
ACC0028722,False,False,0.0,0.0
ACC0028727,False,False,0.0,0.0
ACC0028728,True,False,1742.35,0.0
ACC0028730,False,False,0.0,0.0
ACC0028738,False,False,0.0,0.0
ACC0028742,False,False,0.0,0.0
ACC0028760,False,False,0.0,0.0
ACC0028765,False,False,0.0,0.0
ACC0028774,False,False,0.0,0.0
ACC0028781,False,False,0.0,0.0
ACC0028784,False,False,0.0,0.0
ACC0028788,False,False,0.0,0.0
ACC0028797,False,False,0.0,0.0
ACC0028801,False,False,0.0,0.0
ACC0028803,False,False,0.0,0.0
ACC0028810,False,False,0.0,0.0
ACC0028816,False,False,0.0,0.0
ACC0028819,False,False,0.0,0.0
ACC0028828,False,False,0.0,0.0
ACC0028829,False,False,0.0,0.0
ACC0028831,False,False,0.0,0.0
ACC0028834,False,False,0.0,0.0
ACC0028838,False,False,0.0,0.0
ACC0028841,False,False,0.0,0.0
ACC0028846,False,False,0.0,0.0
ACC0028851,False,False,0.0,0.0
ACC0028854,False,False,0.0,0.0
ACC0028862,False,False,0.0,0.0
ACC0028863,False,False,0.0,0.0
ACC0028864,False,False,0.0,0.0
ACC0028870,False,False,0.0,0.0
ACC0028873,False,False,0.0,0.0
ACC0028889,False,False,0.0,0.0
ACC0028893,False,False,0.0,0.0
ACC0028896,False,False,0.0,0.0
ACC0028898,False,False,0.0,0.0
ACC0028902,False,False,0.0,0.0
ACC0028910,False,False,0.0,0.0
ACC0028919,False,False,0.0,0.0
ACC0028923,False,False,0.0,0.0
ACC0028924,False,True,0.0,100144.52
ACC0028935,False,False,0.0,0.0
ACC0028943,False,False,0.0,0.0
ACC0028954,False,False,0.0,0.0
ACC0028970,False,False,0.0,0.0
ACC0028971,False,False,0.0,0.0
ACC0028976,False,False,0.0,0.0
ACC0028977,False,False,0.0,0.0
ACC0028980,False,False,0.0,0.0
ACC0028985,False,False,0.0,0.0
ACC0028993,False,True,0.0,130932.24
ACC0028995,False,False,0.0,0.0
ACC0028996,False,False,0.0,0.0
ACC0028999,False,False,0.0,0.0
ACC0029002,False,False,0.0,0.0
ACC0029012,False,True,0.0,139645.28
ACC0029013,False,False,0.0,0.0
ACC0029017,False,False,0.0,0.0
ACC0029020,False,False,0.0,0.0
ACC0029023,False,False,0.0,0.0
ACC0029024,False,False,0.0,0.0
ACC0029027,False,False,0.0,0.0
ACC0029028,False,False,0.0,0.0
ACC0029031,False,False,0.0,0.0
ACC0029039,False,False,0.0,0.0
ACC0029044,False,False,0.0,0.0
ACC0029050,False,False,0.0,0.0
ACC0029051,False,False,0.0,0.0
ACC0029054,False,False,0.0,0.0
ACC0029055,False,True,0.0,15776.91
ACC0029066,False,False,0.0,0.0
ACC0029074,False,False,0.0,0.0
ACC0029083,False,False,0.0,0.0
ACC0029090,False,False,0.0,0.0
ACC0029092,False,False,0.0,0.0
ACC0029093,False,False,0.0,0.0
ACC0029094,False,False,0.0,0.0
ACC0029106,False,False,0.0,0.0
ACC0029120,False,False,0.0,0.0
ACC0029126,True,False,21150.68,0.0
ACC0029128,False,False,0.0,0.0
ACC0029130,False,False,0.0,0.0
ACC0029133,False,False,0.0,0.0
ACC0029140,False,False,0.0,0.0
ACC0029153,False,False,0.0,0.0
ACC0029156,False,False,0.0,0.0
ACC0029161,False,False,0.0,0.0
ACC0029162,False,False,0.0,0.0
ACC0029164,False,False,0.0,0.0
ACC0029171,False,False,0.0,0.0
ACC0029174,False,False,0.0,0.0
ACC0029181,False,False,0.0,0.0
ACC0029186,False,False,0.0,0.0
ACC0029188,False,False,0.0,0.0
ACC0029189,False,False,0.0,0.0
ACC0029194,False,False,0.0,0.0
ACC0029200,False,False,0.0,0.0
ACC0029201,False,False,0.0,0.0
ACC0029206,False,False,0.0,0.0
ACC0029209,False,False,0.0,0.0
ACC0029210,False,False,0.0,0.0
ACC0029215,False,False,0.0,0.0
ACC0029216,False,False,0.0,0.0
ACC0029225,False,False,0.0,0.0
ACC0029228,False,False,0.0,0.0
ACC0029230,False,False,0.0,0.0
ACC0029235,False,False,0.0,0.0
ACC0029244,False,False,0.0,0.0
ACC0029245,False,False,0.0,0.0
ACC0029246,False,False,0.0,0.0
ACC0029248,False,False,0.0,0.0
ACC0029253,False,False,0.0,0.0
ACC0029254,False,False,0.0,0.0
ACC0029262,False,False,0.0,0.0
ACC0029265,False,False,0.0,0.0
ACC0029272,False,False,0.0,0.0
ACC0029274,False,False,0.0,0.0
ACC0029280,False,False,0.0,0.0
ACC0029319,False,False,0.0,0.0
ACC0029341,False,False,0.0,0.0
ACC0029347,False,False,0.0,0.0
ACC0029356,True,False,12327.6,0.0
ACC0029366,False,False,0.0,0.0
ACC0029371,False,False,0.0,0.0
ACC0029390,False,False,0.0,0.0
ACC0029397,False,False,0.0,0.0
ACC0029398,False,False,0.0,0.0
ACC0029402,False,False,0.0,0.0
ACC0029406,False,False,0.0,0.0
ACC0029411,False,False,0.0,0.0
ACC0029421,False,False,0.0,0.0
ACC0029423,False,False,0.0,0.0
ACC0029428,False,False,0.0,0.0
ACC0029446,False,False,0.0,0.0
ACC0029450,False,True,0.0,142869.47
ACC0029454,False,False,0.0,0.0
ACC0029462,False,False,0.0,0.0
ACC0029471,False,False,0.0,0.0
ACC0029472,False,False,0.0,0.0
ACC0029476,False,False,0.0,0.0
ACC0029484,False,False,0.0,0.0
ACC0029492,False,False,0.0,0.0
ACC0029497,False,False,0.0,0.0
ACC0029498,False,False,0.0,0.0
ACC0029499,False,False,0.0,0.0
ACC0029501,False,False,0.0,0.0
ACC0029510,False,False,0.0,0.0
ACC0029512,False,False,0.0,0.0
ACC0029514,False,False,0.0,0.0
ACC0029515,False,False,0.0,0.0
ACC0029525,False,False,0.0,0.0
ACC0029526,False,False,0.0,0.0
ACC0029543,True,False,64985.75,0.0
ACC0029547,False,False,0.0,0.0
ACC0029554,False,False,0.0,0.0
ACC0029565,False,False,0.0,0.0
ACC0029572,False,False,0.0,0.0
ACC0029577,False,False,0.0,0.0
ACC0029579,False,False,0.0,0.0
ACC0029596,False,False,0.0,0.0
ACC0029599,False,False,0.0,0.0
ACC0029601,False,False,0.0,0.0
ACC0029602,True,False,143200.85,0.0
ACC0029606,False,False,0.0,0.0
ACC0029623,False,False,0.0,0.0
ACC0029630,False,False,0.0,0.0
ACC0029638,False,False,0.0,0.0
ACC0029641,False,False,0.0,0.0
ACC0029672,False,False,0.0,0.0
ACC0029676,False,False,0.0,0.0
ACC0029677,False,False,0.0,0.0
ACC0029682,False,False,0.0,0.0
ACC0029683,False,False,0.0,0.0
ACC0029697,False,False,0.0,0.0
ACC0029700,False,False,0.0,0.0
ACC0029702,False,False,0.0,0.0
ACC0029711,False,False,0.0,0.0
ACC0029719,False,False,0.0,0.0
ACC0029729,False,False,0.0,0.0
ACC0029731,False,False,0.0,0.0
ACC0029748,False,False,0.0,0.0
ACC0029754,False,False,0.0,0.0
ACC0029755,False,False,0.0,0.0
ACC0029756,False,False,0.0,0.0
ACC0029766,False,False,0.0,0.0
ACC0029767,False,False,0.0,0.0
ACC0029775,False,False,0.0,0.0
ACC0029777,False,False,0.0,0.0
ACC0029779,False,False,0.0,0.0
ACC0029787,False,False,0.0,0.0
ACC0029789,False,False,0.0,0.0
ACC0029796,False,False,0.0,0.0
ACC0029800,False,False,0.0,0.0
ACC0029801,False,False,0.0,0.0
ACC0029802,False,False,0.0,0.0
ACC0029803,False,False,0.0,0.0
ACC0029805,False,False,0.0,0.0
ACC0029808,False,False,0.0,0.0
ACC0029809,False,False,0.0,0.0
ACC0029811,False,False,0.0,0.0
ACC0029816,False,False,0.0,0.0
ACC0029824,False,False,0.0,0.0
ACC0029831,False,True,0.0,13615.56
ACC0029832,False,False,0.0,0.0
ACC0029834,False,False,0.0,0.0
ACC0029836,False,True,0.0,48766.05
ACC0029840,False,False,0.0,0.0
ACC0029843,False,False,0.0,0.0
ACC0029849,False,False,0.0,0.0
ACC0029855,False,False,0.0,0.0
ACC0029858,False,False,0.0,0.0
ACC0029870,False,False,0.0,0.0
ACC0029871,False,False,0.0,0.0
ACC0029877,False,False,0.0,0.0
ACC0029890,False,False,0.0,0.0
ACC0029901,False,False,0.0,0.0
ACC0029912,False,False,0.0,0.0
ACC0029919,False,False,0.0,0.0
ACC0029928,False,False,0.0,0.0
ACC0029929,False,False,0.0,0.0
ACC0029931,False,False,0.0,0.0
ACC0029933,False,False,0.0,0.0
ACC0029934,False,False,0.0,0.0
ACC0029941,False,False,0.0,0.0
ACC0029945,False,True,0.0,17497.2
ACC0029949,False,False,0.0,0.0
ACC0029967,False,False,0.0,0.0
ACC0029975,False,False,0.0,0.0
ACC0029978,False,False,0.0,0.0
ACC0029990,False,False,0.0,0.0
ACC0029994,False,False,0.0,0.0
ACC0029997,False,False,0.0,0.0
ACC0029998,False,False,0.0,0.0
